[
  {
    "'EC042_1039'": "'EC042_4440'",
    "'EC042_0238'": "'EC042_0744'",
    "'EC042_4201'": "'EC042_0746'"
  },
  {
    "'EC042_1039'": "'EC042_4440'",
    "'EC042_0238'": "'EC042_0744'",
    "'EC042_4201'": "'EC042_0745'"
  },
  {
    "'EC042_1039'": "'EC042_4440'",
    "'EC042_0238'": "'EC042_0743'",
    "'EC042_4201'": "'EC042_0746'"
  },
  {
    "'EC042_1039'": "'EC042_4440'",
    "'EC042_0238'": "'EC042_0743'",
    "'EC042_4201'": "'EC042_0745'"
  },
  {
    "'EC042_1039'": "'EC042_4440'",
    "'EC042_0238'": "'EC042_0115'",
    "'EC042_4201'": "'EC042_0746'"
  },
  {
    "'EC042_1039'": "'EC042_4440'",
    "'EC042_0238'": "'EC042_0115'",
    "'EC042_4201'": "'EC042_0745'"
  },
  {
    "'EC042_1039'": "'EC042_0512'",
    "'EC042_0238'": "'EC042_3641'",
    "'EC042_4201'": "'EC042_4880'"
  },
  {
    "'EC042_1039'": "'EC042_0744'",
    "'EC042_0238'": "'EC042_3129'",
    "'EC042_4201'": "'EC042_0746'"
  },
  {
    "'EC042_1039'": "'EC042_0744'",
    "'EC042_0238'": "'EC042_3129'",
    "'EC042_4201'": "'EC042_0745'"
  },
  {
    "'EC042_1039'": "'EC042_0743'",
    "'EC042_0238'": "'EC042_3129'",
    "'EC042_4201'": "'EC042_0746'"
  },
  {
    "'EC042_1039'": "'EC042_0743'",
    "'EC042_0238'": "'EC042_3129'",
    "'EC042_4201'": "'EC042_0745'"
  },
  {
    "'EC042_1039'": "'EC042_0115'",
    "'EC042_0238'": "'EC042_2755'",
    "'EC042_4201'": "'EC042_0572'"
  },
  {
    "'EC042_1039'": "'EC042_0115'",
    "'EC042_0238'": "'EC042_0572'",
    "'EC042_4201'": "'EC042_3123'"
  },
  {
    "'EC042_1039'": "'EC042_0115'",
    "'EC042_0238'": "'EC042_0572'",
    "'EC042_4201'": "'EC042_4885'"
  },
  {
    "'EC042_1039'": "'EC042_0115'",
    "'EC042_0238'": "'EC042_3129'",
    "'EC042_4201'": "'EC042_0746'"
  },
  {
    "'EC042_1039'": "'EC042_0115'",
    "'EC042_0238'": "'EC042_3129'",
    "'EC042_4201'": "'EC042_0745'"
  },
  {
    "'EC042_1039'": "'EC042_2755'",
    "'EC042_0238'": "'EC042_0962'",
    "'EC042_4201'": "'EC042_3927'"
  },
  {
    "'EC042_1039'": "'EC042_2755'",
    "'EC042_0238'": "'EC042_0962'",
    "'EC042_4201'": "'EC042_3926'"
  },
  {
    "'EC042_1039'": "'EC042_2755'",
    "'EC042_0238'": "'EC042_3115'",
    "'EC042_4201'": "'EC042_0572'"
  },
  {
    "'EC042_1039'": "'EC042_2755'",
    "'EC042_0238'": "'EC042_3116'",
    "'EC042_4201'": "'EC042_0572'"
  },
  {
    "'EC042_1039'": "'EC042_2755'",
    "'EC042_0238'": "'EC042_3114'",
    "'EC042_4201'": "'EC042_0572'"
  },
  {
    "'EC042_1039'": "'EC042_2755'",
    "'EC042_0238'": "'EC042_4377'",
    "'EC042_4201'": "'EC042_4331'"
  },
  {
    "'EC042_1039'": "'EC042_2755'",
    "'EC042_0238'": "'EC042_4331'",
    "'EC042_4201'": "'EC042_0739'"
  },
  {
    "'EC042_1039'": "'EC042_2755'",
    "'EC042_0238'": "'EC042_4331'",
    "'EC042_4201'": "'EC042_0740'"
  },
  {
    "'EC042_1039'": "'EC042_2755'",
    "'EC042_0238'": "'EC042_4331'",
    "'EC042_4201'": "'EC042_0742'"
  },
  {
    "'EC042_1039'": "'EC042_2755'",
    "'EC042_0238'": "'EC042_4331'",
    "'EC042_4201'": "'EC042_0741'"
  },
  {
    "'EC042_1039'": "'EC042_2598'",
    "'EC042_0238'": "'EC042_2531'",
    "'EC042_4201'": "'EC042_3878'"
  },
  {
    "'EC042_1039'": "'EC042_0559'",
    "'EC042_0238'": "'EC042_4377'",
    "'EC042_4201'": "'EC042_4331'"
  },
  {
    "'EC042_1039'": "'EC042_0559'",
    "'EC042_0238'": "'EC042_4331'",
    "'EC042_4201'": "'EC042_0739'"
  },
  {
    "'EC042_1039'": "'EC042_0559'",
    "'EC042_0238'": "'EC042_4331'",
    "'EC042_4201'": "'EC042_0740'"
  },
  {
    "'EC042_1039'": "'EC042_0559'",
    "'EC042_0238'": "'EC042_4331'",
    "'EC042_4201'": "'EC042_0742'"
  },
  {
    "'EC042_1039'": "'EC042_0559'",
    "'EC042_0238'": "'EC042_4331'",
    "'EC042_4201'": "'EC042_0741'"
  },
  {
    "'EC042_1039'": "'EC042_0555'",
    "'EC042_0238'": "'EC042_4377'",
    "'EC042_4201'": "'EC042_4331'"
  },
  {
    "'EC042_1039'": "'EC042_0555'",
    "'EC042_0238'": "'EC042_4331'",
    "'EC042_4201'": "'EC042_0739'"
  },
  {
    "'EC042_1039'": "'EC042_0555'",
    "'EC042_0238'": "'EC042_4331'",
    "'EC042_4201'": "'EC042_0740'"
  },
  {
    "'EC042_1039'": "'EC042_0555'",
    "'EC042_0238'": "'EC042_4331'",
    "'EC042_4201'": "'EC042_0742'"
  },
  {
    "'EC042_1039'": "'EC042_0555'",
    "'EC042_0238'": "'EC042_4331'",
    "'EC042_4201'": "'EC042_0741'"
  },
  {
    "'EC042_1039'": "'EC042_4119'",
    "'EC042_0238'": "'EC042_1945'",
    "'EC042_4201'": "'EC042_2017'"
  },
  {
    "'EC042_1039'": "'EC042_4119'",
    "'EC042_0238'": "'EC042_1945'",
    "'EC042_4201'": "'EC042_2018'"
  },
  {
    "'EC042_1039'": "'EC042_4119'",
    "'EC042_0238'": "'EC042_1945'",
    "'EC042_4201'": "'EC042_4293'"
  },
  {
    "'EC042_1039'": "'EC042_4119'",
    "'EC042_0238'": "'EC042_2017'",
    "'EC042_4201'": "'EC042_3135'"
  },
  {
    "'EC042_1039'": "'EC042_4119'",
    "'EC042_0238'": "'EC042_2018'",
    "'EC042_4201'": "'EC042_3135'"
  },
  {
    "'EC042_1039'": "'EC042_4119'",
    "'EC042_0238'": "'EC042_3135'",
    "'EC042_4201'": "'EC042_4293'"
  },
  {
    "'EC042_1039'": "'EC042_4120'",
    "'EC042_0238'": "'EC042_1945'",
    "'EC042_4201'": "'EC042_2017'"
  },
  {
    "'EC042_1039'": "'EC042_4120'",
    "'EC042_0238'": "'EC042_1945'",
    "'EC042_4201'": "'EC042_2018'"
  },
  {
    "'EC042_1039'": "'EC042_4120'",
    "'EC042_0238'": "'EC042_1945'",
    "'EC042_4201'": "'EC042_4293'"
  },
  {
    "'EC042_1039'": "'EC042_4120'",
    "'EC042_0238'": "'EC042_2017'",
    "'EC042_4201'": "'EC042_3135'"
  },
  {
    "'EC042_1039'": "'EC042_4120'",
    "'EC042_0238'": "'EC042_2018'",
    "'EC042_4201'": "'EC042_3135'"
  },
  {
    "'EC042_1039'": "'EC042_4120'",
    "'EC042_0238'": "'EC042_3135'",
    "'EC042_4201'": "'EC042_4293'"
  },
  {
    "'EC042_1039'": "'EC042_4118'",
    "'EC042_0238'": "'EC042_1945'",
    "'EC042_4201'": "'EC042_2017'"
  },
  {
    "'EC042_1039'": "'EC042_4118'",
    "'EC042_0238'": "'EC042_1945'",
    "'EC042_4201'": "'EC042_2018'"
  },
  {
    "'EC042_1039'": "'EC042_4118'",
    "'EC042_0238'": "'EC042_1945'",
    "'EC042_4201'": "'EC042_4293'"
  },
  {
    "'EC042_1039'": "'EC042_4118'",
    "'EC042_0238'": "'EC042_2017'",
    "'EC042_4201'": "'EC042_3135'"
  },
  {
    "'EC042_1039'": "'EC042_4118'",
    "'EC042_0238'": "'EC042_2018'",
    "'EC042_4201'": "'EC042_3135'"
  },
  {
    "'EC042_1039'": "'EC042_4118'",
    "'EC042_0238'": "'EC042_3135'",
    "'EC042_4201'": "'EC042_4293'"
  },
  {
    "'EC042_1039'": "'EC042_4122'",
    "'EC042_0238'": "'EC042_1945'",
    "'EC042_4201'": "'EC042_2017'"
  },
  {
    "'EC042_1039'": "'EC042_4122'",
    "'EC042_0238'": "'EC042_1945'",
    "'EC042_4201'": "'EC042_2018'"
  },
  {
    "'EC042_1039'": "'EC042_4122'",
    "'EC042_0238'": "'EC042_1945'",
    "'EC042_4201'": "'EC042_4293'"
  },
  {
    "'EC042_1039'": "'EC042_4122'",
    "'EC042_0238'": "'EC042_2017'",
    "'EC042_4201'": "'EC042_3135'"
  },
  {
    "'EC042_1039'": "'EC042_4122'",
    "'EC042_0238'": "'EC042_2018'",
    "'EC042_4201'": "'EC042_3135'"
  },
  {
    "'EC042_1039'": "'EC042_4122'",
    "'EC042_0238'": "'EC042_3135'",
    "'EC042_4201'": "'EC042_4293'"
  },
  {
    "'EC042_1039'": "'EC042_4125'",
    "'EC042_0238'": "'EC042_1945'",
    "'EC042_4201'": "'EC042_2017'"
  },
  {
    "'EC042_1039'": "'EC042_4125'",
    "'EC042_0238'": "'EC042_1945'",
    "'EC042_4201'": "'EC042_2018'"
  },
  {
    "'EC042_1039'": "'EC042_4125'",
    "'EC042_0238'": "'EC042_1945'",
    "'EC042_4201'": "'EC042_4293'"
  },
  {
    "'EC042_1039'": "'EC042_4125'",
    "'EC042_0238'": "'EC042_2017'",
    "'EC042_4201'": "'EC042_3135'"
  },
  {
    "'EC042_1039'": "'EC042_4125'",
    "'EC042_0238'": "'EC042_2018'",
    "'EC042_4201'": "'EC042_3135'"
  },
  {
    "'EC042_1039'": "'EC042_4125'",
    "'EC042_0238'": "'EC042_3135'",
    "'EC042_4201'": "'EC042_4293'"
  },
  {
    "'EC042_1039'": "'EC042_4124'",
    "'EC042_0238'": "'EC042_1945'",
    "'EC042_4201'": "'EC042_2017'"
  },
  {
    "'EC042_1039'": "'EC042_4124'",
    "'EC042_0238'": "'EC042_1945'",
    "'EC042_4201'": "'EC042_2018'"
  },
  {
    "'EC042_1039'": "'EC042_4124'",
    "'EC042_0238'": "'EC042_1945'",
    "'EC042_4201'": "'EC042_4293'"
  },
  {
    "'EC042_1039'": "'EC042_4124'",
    "'EC042_0238'": "'EC042_2017'",
    "'EC042_4201'": "'EC042_3135'"
  },
  {
    "'EC042_1039'": "'EC042_4124'",
    "'EC042_0238'": "'EC042_2018'",
    "'EC042_4201'": "'EC042_3135'"
  },
  {
    "'EC042_1039'": "'EC042_4124'",
    "'EC042_0238'": "'EC042_3135'",
    "'EC042_4201'": "'EC042_4293'"
  },
  {
    "'EC042_1039'": "'EC042_4121'",
    "'EC042_0238'": "'EC042_1945'",
    "'EC042_4201'": "'EC042_2017'"
  },
  {
    "'EC042_1039'": "'EC042_4121'",
    "'EC042_0238'": "'EC042_1945'",
    "'EC042_4201'": "'EC042_2018'"
  },
  {
    "'EC042_1039'": "'EC042_4121'",
    "'EC042_0238'": "'EC042_1945'",
    "'EC042_4201'": "'EC042_4293'"
  },
  {
    "'EC042_1039'": "'EC042_4121'",
    "'EC042_0238'": "'EC042_2017'",
    "'EC042_4201'": "'EC042_3135'"
  },
  {
    "'EC042_1039'": "'EC042_4121'",
    "'EC042_0238'": "'EC042_2018'",
    "'EC042_4201'": "'EC042_3135'"
  },
  {
    "'EC042_1039'": "'EC042_4121'",
    "'EC042_0238'": "'EC042_3135'",
    "'EC042_4201'": "'EC042_4293'"
  },
  {
    "'EC042_1039'": "'EC042_4123'",
    "'EC042_0238'": "'EC042_1945'",
    "'EC042_4201'": "'EC042_2017'"
  },
  {
    "'EC042_1039'": "'EC042_4123'",
    "'EC042_0238'": "'EC042_1945'",
    "'EC042_4201'": "'EC042_2018'"
  },
  {
    "'EC042_1039'": "'EC042_4123'",
    "'EC042_0238'": "'EC042_1945'",
    "'EC042_4201'": "'EC042_4293'"
  },
  {
    "'EC042_1039'": "'EC042_4123'",
    "'EC042_0238'": "'EC042_2017'",
    "'EC042_4201'": "'EC042_3135'"
  },
  {
    "'EC042_1039'": "'EC042_4123'",
    "'EC042_0238'": "'EC042_2018'",
    "'EC042_4201'": "'EC042_3135'"
  },
  {
    "'EC042_1039'": "'EC042_4123'",
    "'EC042_0238'": "'EC042_3135'",
    "'EC042_4201'": "'EC042_4293'"
  },
  {
    "'EC042_1039'": "'EC042_4196'",
    "'EC042_0238'": "'EC042_4720'",
    "'EC042_4201'": "'EC042_3760'"
  },
  {
    "'EC042_1039'": "'EC042_4196'",
    "'EC042_0238'": "'EC042_4720'",
    "'EC042_4201'": "'EC042_3758'"
  },
  {
    "'EC042_1039'": "'EC042_4196'",
    "'EC042_0238'": "'EC042_4720'",
    "'EC042_4201'": "'EC042_3757'"
  },
  {
    "'EC042_1039'": "'EC042_4196'",
    "'EC042_0238'": "'EC042_4720'",
    "'EC042_4201'": "'EC042_3756'"
  },
  {
    "'EC042_1039'": "'EC042_4196'",
    "'EC042_0238'": "'EC042_4720'",
    "'EC042_4201'": "'EC042_3759'"
  },
  {
    "'EC042_1039'": "'EC042_0374'",
    "'EC042_0238'": "'EC042_1000'",
    "'EC042_4201'": "'EC042_2938'"
  },
  {
    "'EC042_1039'": "'EC042_1871'",
    "'EC042_0238'": "'EC042_2801'",
    "'EC042_4201'": "'EC042_0774'"
  },
  {
    "'EC042_1039'": "'EC042_4158'",
    "'EC042_0238'": "'EC042_2788'",
    "'EC042_4201'": "'EC042_3783'"
  },
  {
    "'EC042_1039'": "'EC042_1780'",
    "'EC042_0238'": "'EC042_1779'",
    "'EC042_4201'": "'EC042_4331'"
  },
  {
    "'EC042_1039'": "'EC042_1945'",
    "'EC042_0238'": "'EC042_4377'",
    "'EC042_4201'": "'EC042_1869'"
  },
  {
    "'EC042_1039'": "'EC042_1945'",
    "'EC042_0238'": "'EC042_1869'",
    "'EC042_4201'": "'EC042_0739'"
  },
  {
    "'EC042_1039'": "'EC042_1945'",
    "'EC042_0238'": "'EC042_1869'",
    "'EC042_4201'": "'EC042_0740'"
  },
  {
    "'EC042_1039'": "'EC042_1945'",
    "'EC042_0238'": "'EC042_1869'",
    "'EC042_4201'": "'EC042_0742'"
  },
  {
    "'EC042_1039'": "'EC042_1945'",
    "'EC042_0238'": "'EC042_1869'",
    "'EC042_4201'": "'EC042_0741'"
  },
  {
    "'EC042_1039'": "'EC042_1945'",
    "'EC042_0238'": "'EC042_3124'",
    "'EC042_4201'": "'EC042_4293'"
  },
  {
    "'EC042_1039'": "'EC042_2978'",
    "'EC042_0238'": "'EC042_3664'",
    "'EC042_4201'": "'EC042_1869'"
  },
  {
    "'EC042_1039'": "'EC042_2019'",
    "'EC042_0238'": "'EC042_3703'",
    "'EC042_4201'": "'EC042_3647'"
  },
  {
    "'EC042_1039'": "'EC042_3115'",
    "'EC042_0238'": "'EC042_0572'",
    "'EC042_4201'": "'EC042_3123'"
  },
  {
    "'EC042_1039'": "'EC042_3115'",
    "'EC042_0238'": "'EC042_0572'",
    "'EC042_4201'": "'EC042_4885'"
  },
  {
    "'EC042_1039'": "'EC042_3116'",
    "'EC042_0238'": "'EC042_0572'",
    "'EC042_4201'": "'EC042_3123'"
  },
  {
    "'EC042_1039'": "'EC042_3116'",
    "'EC042_0238'": "'EC042_0572'",
    "'EC042_4201'": "'EC042_4885'"
  },
  {
    "'EC042_1039'": "'EC042_3114'",
    "'EC042_0238'": "'EC042_0572'",
    "'EC042_4201'": "'EC042_3123'"
  },
  {
    "'EC042_1039'": "'EC042_3114'",
    "'EC042_0238'": "'EC042_0572'",
    "'EC042_4201'": "'EC042_4885'"
  },
  {
    "'EC042_1039'": "'EC042_3703'",
    "'EC042_0238'": "'EC042_0786'",
    "'EC042_4201'": "'EC042_3647'"
  },
  {
    "'EC042_1039'": "'EC042_3783'",
    "'EC042_0238'": "'EC042_2475'",
    "'EC042_4201'": "'EC042_4716'"
  },
  {
    "'EC042_1039'": "'EC042_3783'",
    "'EC042_0238'": "'EC042_2474'",
    "'EC042_4201'": "'EC042_4716'"
  },
  {
    "'EC042_1039'": "'EC042_3078'",
    "'EC042_0238'": "'EC042_4377'",
    "'EC042_4201'": "'EC042_4331'"
  },
  {
    "'EC042_1039'": "'EC042_3078'",
    "'EC042_0238'": "'EC042_4331'",
    "'EC042_4201'": "'EC042_0739'"
  },
  {
    "'EC042_1039'": "'EC042_3078'",
    "'EC042_0238'": "'EC042_4331'",
    "'EC042_4201'": "'EC042_0740'"
  },
  {
    "'EC042_1039'": "'EC042_3078'",
    "'EC042_0238'": "'EC042_4331'",
    "'EC042_4201'": "'EC042_0742'"
  },
  {
    "'EC042_1039'": "'EC042_3078'",
    "'EC042_0238'": "'EC042_4331'",
    "'EC042_4201'": "'EC042_0741'"
  },
  {
    "'EC042_1039'": "'EC042_3079'",
    "'EC042_0238'": "'EC042_4377'",
    "'EC042_4201'": "'EC042_4331'"
  },
  {
    "'EC042_1039'": "'EC042_3079'",
    "'EC042_0238'": "'EC042_4331'",
    "'EC042_4201'": "'EC042_0739'"
  },
  {
    "'EC042_1039'": "'EC042_3079'",
    "'EC042_0238'": "'EC042_4331'",
    "'EC042_4201'": "'EC042_0740'"
  },
  {
    "'EC042_1039'": "'EC042_3079'",
    "'EC042_0238'": "'EC042_4331'",
    "'EC042_4201'": "'EC042_0742'"
  },
  {
    "'EC042_1039'": "'EC042_3079'",
    "'EC042_0238'": "'EC042_4331'",
    "'EC042_4201'": "'EC042_0741'"
  },
  {
    "'EC042_1039'": "'EC042_3077'",
    "'EC042_0238'": "'EC042_4377'",
    "'EC042_4201'": "'EC042_4331'"
  },
  {
    "'EC042_1039'": "'EC042_3077'",
    "'EC042_0238'": "'EC042_4331'",
    "'EC042_4201'": "'EC042_0739'"
  },
  {
    "'EC042_1039'": "'EC042_3077'",
    "'EC042_0238'": "'EC042_4331'",
    "'EC042_4201'": "'EC042_0740'"
  },
  {
    "'EC042_1039'": "'EC042_3077'",
    "'EC042_0238'": "'EC042_4331'",
    "'EC042_4201'": "'EC042_0742'"
  },
  {
    "'EC042_1039'": "'EC042_3077'",
    "'EC042_0238'": "'EC042_4331'",
    "'EC042_4201'": "'EC042_0741'"
  },
  {
    "'EC042_1039'": "'EC042_4377'",
    "'EC042_0238'": "'EC042_0572'",
    "'EC042_4201'": "'EC042_4331'"
  },
  {
    "'EC042_1039'": "'EC042_4377'",
    "'EC042_0238'": "'EC042_3123'",
    "'EC042_4201'": "'EC042_4331'"
  },
  {
    "'EC042_1039'": "'EC042_4377'",
    "'EC042_0238'": "'EC042_3135'",
    "'EC042_4201'": "'EC042_1869'"
  },
  {
    "'EC042_1039'": "'EC042_4377'",
    "'EC042_0238'": "'EC042_4331'",
    "'EC042_4201'": "'EC042_4885'"
  },
  {
    "'EC042_1039'": "'EC042_4377'",
    "'EC042_0238'": "'EC042_4331'",
    "'EC042_4201'": "'EC042_0549'"
  },
  {
    "'EC042_1039'": "'EC042_3258'",
    "'EC042_0238'": "'EC042_4376'",
    "'EC042_4201'": "'EC042_4331'"
  },
  {
    "'EC042_1039'": "'EC042_3657'",
    "'EC042_0238'": "'EC042_0149'",
    "'EC042_4201'": "'EC042_2723'"
  },
  {
    "'EC042_1039'": "'EC042_0783'",
    "'EC042_0238'": "'EC042_2634'",
    "'EC042_4201'": "'EC042_4291'"
  },
  {
    "'EC042_1039'": "'EC042_2634'",
    "'EC042_0238'": "'EC042_0784'",
    "'EC042_4201'": "'EC042_4291'"
  },
  {
    "'EC042_1039'": "'EC042_2634'",
    "'EC042_0238'": "'EC042_0782'",
    "'EC042_4201'": "'EC042_4291'"
  },
  {
    "'EC042_1039'": "'EC042_0572'",
    "'EC042_0238'": "'EC042_0992'",
    "'EC042_4201'": "'EC042_4327'"
  },
  {
    "'EC042_1039'": "'EC042_0572'",
    "'EC042_0238'": "'EC042_0992'",
    "'EC042_4201'": "'EC042_4326'"
  },
  {
    "'EC042_1039'": "'EC042_0572'",
    "'EC042_0238'": "'EC042_4331'",
    "'EC042_4201'": "'EC042_0739'"
  },
  {
    "'EC042_1039'": "'EC042_0572'",
    "'EC042_0238'": "'EC042_4331'",
    "'EC042_4201'": "'EC042_0740'"
  },
  {
    "'EC042_1039'": "'EC042_0572'",
    "'EC042_0238'": "'EC042_4331'",
    "'EC042_4201'": "'EC042_0742'"
  },
  {
    "'EC042_1039'": "'EC042_0572'",
    "'EC042_0238'": "'EC042_4331'",
    "'EC042_4201'": "'EC042_0741'"
  },
  {
    "'EC042_1039'": "'EC042_1403'",
    "'EC042_0238'": "'EC042_0932'",
    "'EC042_4201'": "'EC042_3351'"
  },
  {
    "'EC042_1039'": "'EC042_3123'",
    "'EC042_0238'": "'EC042_4331'",
    "'EC042_4201'": "'EC042_0739'"
  },
  {
    "'EC042_1039'": "'EC042_3123'",
    "'EC042_0238'": "'EC042_4331'",
    "'EC042_4201'": "'EC042_0740'"
  },
  {
    "'EC042_1039'": "'EC042_3123'",
    "'EC042_0238'": "'EC042_4331'",
    "'EC042_4201'": "'EC042_0742'"
  },
  {
    "'EC042_1039'": "'EC042_3123'",
    "'EC042_0238'": "'EC042_4331'",
    "'EC042_4201'": "'EC042_0741'"
  },
  {
    "'EC042_1039'": "'EC042_3135'",
    "'EC042_0238'": "'EC042_1869'",
    "'EC042_4201'": "'EC042_0739'"
  },
  {
    "'EC042_1039'": "'EC042_3135'",
    "'EC042_0238'": "'EC042_1869'",
    "'EC042_4201'": "'EC042_0740'"
  },
  {
    "'EC042_1039'": "'EC042_3135'",
    "'EC042_0238'": "'EC042_1869'",
    "'EC042_4201'": "'EC042_0742'"
  },
  {
    "'EC042_1039'": "'EC042_3135'",
    "'EC042_0238'": "'EC042_1869'",
    "'EC042_4201'": "'EC042_0741'"
  },
  {
    "'EC042_1039'": "'EC042_3135'",
    "'EC042_0238'": "'EC042_3124'",
    "'EC042_4201'": "'EC042_4293'"
  },
  {
    "'EC042_1039'": "'EC042_4331'",
    "'EC042_0238'": "'EC042_4885'",
    "'EC042_4201'": "'EC042_0739'"
  },
  {
    "'EC042_1039'": "'EC042_4331'",
    "'EC042_0238'": "'EC042_4885'",
    "'EC042_4201'": "'EC042_0740'"
  },
  {
    "'EC042_1039'": "'EC042_4331'",
    "'EC042_0238'": "'EC042_4885'",
    "'EC042_4201'": "'EC042_0742'"
  },
  {
    "'EC042_1039'": "'EC042_4331'",
    "'EC042_0238'": "'EC042_4885'",
    "'EC042_4201'": "'EC042_0741'"
  },
  {
    "'EC042_1039'": "'EC042_4331'",
    "'EC042_0238'": "'EC042_0739'",
    "'EC042_4201'": "'EC042_0549'"
  },
  {
    "'EC042_1039'": "'EC042_4331'",
    "'EC042_0238'": "'EC042_0740'",
    "'EC042_4201'": "'EC042_0549'"
  },
  {
    "'EC042_1039'": "'EC042_4331'",
    "'EC042_0238'": "'EC042_0742'",
    "'EC042_4201'": "'EC042_0549'"
  },
  {
    "'EC042_1039'": "'EC042_4331'",
    "'EC042_0238'": "'EC042_0741'",
    "'EC042_4201'": "'EC042_0549'"
  },
  {
    "'EC042_1039'": "'EC042_3641'",
    "'EC042_0238'": "'EC042_4880'",
    "'EC042_4201'": "'EC042_1264'"
  },
  {
    "'EC042_1039'": "'EC042_2475'",
    "'EC042_0238'": "'EC042_2874'",
    "'EC042_4201'": "'EC042_4716'"
  },
  {
    "'EC042_1039'": "'EC042_2475'",
    "'EC042_0238'": "'EC042_2873'",
    "'EC042_4201'": "'EC042_4716'"
  },
  {
    "'EC042_1039'": "'EC042_2474'",
    "'EC042_0238'": "'EC042_2874'",
    "'EC042_4201'": "'EC042_4716'"
  },
  {
    "'EC042_1039'": "'EC042_2474'",
    "'EC042_0238'": "'EC042_2873'",
    "'EC042_4201'": "'EC042_4716'"
  },
  {
    "'EC042_1039'": "'EC042_2874'",
    "'EC042_0238'": "'EC042_4716'",
    "'EC042_4201'": "'EC042_0980'"
  },
  {
    "'EC042_1039'": "'EC042_2873'",
    "'EC042_0238'": "'EC042_4716'",
    "'EC042_4201'": "'EC042_0980'"
  },
  {
    "'EC042_1039'": "'EC042_3124'",
    "'EC042_0238'": "'EC042_0009'",
    "'EC042_4201'": "'EC042_2663'"
  }
]