[
  {
    "'23DHMPO'": "'26DAPLLAT'",
    "'KARA2'": "'SDPDS'"
  },
  {
    "'23DHMPO'": "'26DAPLLAT'",
    "'KARA2'": "'SDPTA'"
  },
  {
    "'23DHMPO'": "'26DAPLLAT'",
    "'KARA2'": "'THDPS'"
  },
  {
    "'23DHMPO'": "'2AHBUTI'",
    "'KARA2'": "'KARA2'"
  },
  {
    "'23DHMPO'": "'3HAD100'",
    "'KARA2'": "'AACPS7'"
  },
  {
    "'23DHMPO'": "'3HAD100'",
    "'KARA2'": "'DDCAt'"
  },
  {
    "'23DHMPO'": "'3HAD100'",
    "'KARA2'": "'EX_ddca(e)'"
  },
  {
    "'23DHMPO'": "'3HAD120'",
    "'KARA2'": "'AACPS7'"
  },
  {
    "'23DHMPO'": "'3HAD120'",
    "'KARA2'": "'DDCAt'"
  },
  {
    "'23DHMPO'": "'3HAD120'",
    "'KARA2'": "'EX_ddca(e)'"
  },
  {
    "'23DHMPO'": "'3HAD140'",
    "'KARA2'": "'EX_ttdca(e)'"
  },
  {
    "'23DHMPO'": "'3HAD140'",
    "'KARA2'": "'FACOAL140'"
  },
  {
    "'23DHMPO'": "'3HAD140'",
    "'KARA2'": "'TDCOATA'"
  },
  {
    "'23DHMPO'": "'3HAD180'",
    "'KARA2'": "'EX_ocdca(e)'"
  },
  {
    "'23DHMPO'": "'3HAD180'",
    "'KARA2'": "'FACOAL180'"
  },
  {
    "'23DHMPO'": "'3HAD40'",
    "'KARA2'": "'AACPS7'"
  },
  {
    "'23DHMPO'": "'3HAD40'",
    "'KARA2'": "'DDCAt'"
  },
  {
    "'23DHMPO'": "'3HAD40'",
    "'KARA2'": "'EX_ddca(e)'"
  },
  {
    "'23DHMPO'": "'3HAD60'",
    "'KARA2'": "'AACPS7'"
  },
  {
    "'23DHMPO'": "'3HAD60'",
    "'KARA2'": "'DDCAt'"
  },
  {
    "'23DHMPO'": "'3HAD60'",
    "'KARA2'": "'EX_ddca(e)'"
  },
  {
    "'23DHMPO'": "'3HAD80'",
    "'KARA2'": "'AACPS7'"
  },
  {
    "'23DHMPO'": "'3HAD80'",
    "'KARA2'": "'DDCAt'"
  },
  {
    "'23DHMPO'": "'3HAD80'",
    "'KARA2'": "'EX_ddca(e)'"
  },
  {
    "'23DHMPO'": "'3OAR100'",
    "'KARA2'": "'AACPS7'"
  },
  {
    "'23DHMPO'": "'3OAR100'",
    "'KARA2'": "'DDCAt'"
  },
  {
    "'23DHMPO'": "'3OAR100'",
    "'KARA2'": "'EX_ddca(e)'"
  },
  {
    "'23DHMPO'": "'3OAR120'",
    "'KARA2'": "'AACPS7'"
  },
  {
    "'23DHMPO'": "'3OAR120'",
    "'KARA2'": "'DDCAt'"
  },
  {
    "'23DHMPO'": "'3OAR120'",
    "'KARA2'": "'EX_ddca(e)'"
  },
  {
    "'23DHMPO'": "'3OAR180'",
    "'KARA2'": "'EX_ocdca(e)'"
  },
  {
    "'23DHMPO'": "'3OAR180'",
    "'KARA2'": "'FACOAL180'"
  },
  {
    "'23DHMPO'": "'3OAR40'",
    "'KARA2'": "'AACPS7'"
  },
  {
    "'23DHMPO'": "'3OAR40'",
    "'KARA2'": "'DDCAt'"
  },
  {
    "'23DHMPO'": "'3OAR40'",
    "'KARA2'": "'EX_ddca(e)'"
  },
  {
    "'23DHMPO'": "'3OAR60'",
    "'KARA2'": "'AACPS7'"
  },
  {
    "'23DHMPO'": "'3OAR60'",
    "'KARA2'": "'DDCAt'"
  },
  {
    "'23DHMPO'": "'3OAR60'",
    "'KARA2'": "'EX_ddca(e)'"
  },
  {
    "'23DHMPO'": "'3OAR80'",
    "'KARA2'": "'AACPS7'"
  },
  {
    "'23DHMPO'": "'3OAR80'",
    "'KARA2'": "'DDCAt'"
  },
  {
    "'23DHMPO'": "'3OAR80'",
    "'KARA2'": "'EX_ddca(e)'"
  },
  {
    "'23DHMPO'": "'3OAS100'",
    "'KARA2'": "'AACPS7'"
  },
  {
    "'23DHMPO'": "'3OAS100'",
    "'KARA2'": "'DDCAt'"
  },
  {
    "'23DHMPO'": "'3OAS100'",
    "'KARA2'": "'EX_ddca(e)'"
  },
  {
    "'23DHMPO'": "'3OAS120'",
    "'KARA2'": "'AACPS7'"
  },
  {
    "'23DHMPO'": "'3OAS120'",
    "'KARA2'": "'DDCAt'"
  },
  {
    "'23DHMPO'": "'3OAS120'",
    "'KARA2'": "'EX_ddca(e)'"
  },
  {
    "'23DHMPO'": "'3OAS180'",
    "'KARA2'": "'EX_ocdca(e)'"
  },
  {
    "'23DHMPO'": "'3OAS180'",
    "'KARA2'": "'FACOAL180'"
  },
  {
    "'23DHMPO'": "'3OAS60'",
    "'KARA2'": "'AACPS7'"
  },
  {
    "'23DHMPO'": "'3OAS60'",
    "'KARA2'": "'DDCAt'"
  },
  {
    "'23DHMPO'": "'3OAS60'",
    "'KARA2'": "'EX_ddca(e)'"
  },
  {
    "'23DHMPO'": "'3OAS80'",
    "'KARA2'": "'AACPS7'"
  },
  {
    "'23DHMPO'": "'3OAS80'",
    "'KARA2'": "'DDCAt'"
  },
  {
    "'23DHMPO'": "'3OAS80'",
    "'KARA2'": "'EX_ddca(e)'"
  },
  {
    "'23DHMPO'": "'AACPS7'",
    "'KARA2'": "'ACOATA'"
  },
  {
    "'23DHMPO'": "'AACPS7'",
    "'KARA2'": "'EAR100x'"
  },
  {
    "'23DHMPO'": "'AACPS7'",
    "'KARA2'": "'EAR120x'"
  },
  {
    "'23DHMPO'": "'AACPS7'",
    "'KARA2'": "'EAR40x'"
  },
  {
    "'23DHMPO'": "'AACPS7'",
    "'KARA2'": "'EAR60x'"
  },
  {
    "'23DHMPO'": "'AACPS7'",
    "'KARA2'": "'EAR80x'"
  },
  {
    "'23DHMPO'": "'AACPS7'",
    "'KARA2'": "'KAS14'"
  },
  {
    "'23DHMPO'": "'ACGK'",
    "'KARA2'": "'EX_orn(e)'"
  },
  {
    "'23DHMPO'": "'ACGK'",
    "'KARA2'": "'ORNabc'"
  },
  {
    "'23DHMPO'": "'ACKr'",
    "'KARA2'": "'ACtr'"
  },
  {
    "'23DHMPO'": "'ACKr'",
    "'KARA2'": "'EX_ac(e)'"
  },
  {
    "'23DHMPO'": "'ACKr'",
    "'KARA2'": "'OOR2r'"
  },
  {
    "'23DHMPO'": "'ACKr'",
    "'KARA2'": "'POR4'"
  },
  {
    "'23DHMPO'": "'ACKr'",
    "'KARA2'": "'SUCOAS'"
  },
  {
    "'23DHMPO'": "'ACOAAGPAT180'",
    "'KARA2'": "'AGPAT180'"
  },
  {
    "'23DHMPO'": "'ACOATA'",
    "'KARA2'": "'DDCAt'"
  },
  {
    "'23DHMPO'": "'ACOATA'",
    "'KARA2'": "'EX_ddca(e)'"
  },
  {
    "'23DHMPO'": "'ACOTA'",
    "'KARA2'": "'EX_orn(e)'"
  },
  {
    "'23DHMPO'": "'ACOTA'",
    "'KARA2'": "'ORNabc'"
  },
  {
    "'23DHMPO'": "'ACtr'",
    "'KARA2'": "'OOR2r'"
  },
  {
    "'23DHMPO'": "'ACtr'",
    "'KARA2'": "'POR4'"
  },
  {
    "'23DHMPO'": "'ACtr'",
    "'KARA2'": "'PTAr'"
  },
  {
    "'23DHMPO'": "'ACtr'",
    "'KARA2'": "'SUCOAS'"
  },
  {
    "'23DHMPO'": "'ADK10'",
    "'KARA2'": "'NDPK4'"
  },
  {
    "'23DHMPO'": "'ADK3'",
    "'KARA2'": "'NDPK1'"
  },
  {
    "'23DHMPO'": "'AGPR'",
    "'KARA2'": "'EX_orn(e)'"
  },
  {
    "'23DHMPO'": "'AGPR'",
    "'KARA2'": "'ORNabc'"
  },
  {
    "'23DHMPO'": "'ALACI'",
    "'KARA2'": "'KARA1'"
  },
  {
    "'23DHMPO'": "'ALAR'",
    "'KARA2'": "'ALATA_D'"
  },
  {
    "'23DHMPO'": "'ALAR'",
    "'KARA2'": "'GLUR'"
  },
  {
    "'23DHMPO'": "'ALATA_D'",
    "'KARA2'": "'GLUR'"
  },
  {
    "'23DHMPO'": "'ANS'",
    "'KARA2'": "'ANS2'"
  },
  {
    "'23DHMPO'": "'ASNt2r'",
    "'KARA2'": "'EX_glyasn(e)'"
  },
  {
    "'23DHMPO'": "'ASNt2r'",
    "'KARA2'": "'GLYASN1c'"
  },
  {
    "'23DHMPO'": "'ASNt2r'",
    "'KARA2'": "'GLYASNabc'"
  },
  {
    "'23DHMPO'": "'ASP1DC'",
    "'KARA2'": "'EX_pnto_R(e)'"
  },
  {
    "'23DHMPO'": "'ASP1DC'",
    "'KARA2'": "'PNTOt4'"
  },
  {
    "'23DHMPO'": "'ASPCT'",
    "'KARA2'": "'EX_ura(e)'"
  },
  {
    "'23DHMPO'": "'ASPCT'",
    "'KARA2'": "'UPPRT'"
  },
  {
    "'23DHMPO'": "'ASPCT'",
    "'KARA2'": "'URAt2r'"
  },
  {
    "'23DHMPO'": "'CHORM'",
    "'KARA2'": "'TALA'"
  },
  {
    "'23DHMPO'": "'CHORM'",
    "'KARA2'": "'TKT1'"
  },
  {
    "'23DHMPO'": "'CO2t'",
    "'KARA2'": "'PC'"
  },
  {
    "'23DHMPO'": "'CTPS1'",
    "'KARA2'": "'CTPS2'"
  },
  {
    "'23DHMPO'": "'DAPDC'",
    "'KARA2'": "'EX_lys_L(e)'"
  },
  {
    "'23DHMPO'": "'DDCAt'",
    "'KARA2'": "'EAR100x'"
  },
  {
    "'23DHMPO'": "'DDCAt'",
    "'KARA2'": "'EAR120x'"
  },
  {
    "'23DHMPO'": "'DDCAt'",
    "'KARA2'": "'EAR40x'"
  },
  {
    "'23DHMPO'": "'DDCAt'",
    "'KARA2'": "'EAR60x'"
  },
  {
    "'23DHMPO'": "'DDCAt'",
    "'KARA2'": "'EAR80x'"
  },
  {
    "'23DHMPO'": "'DDCAt'",
    "'KARA2'": "'KAS14'"
  },
  {
    "'23DHMPO'": "'DHNPA'",
    "'KARA2'": "'DHNPA2'"
  },
  {
    "'23DHMPO'": "'DHNPA'",
    "'KARA2'": "'DHPS2'"
  },
  {
    "'23DHMPO'": "'DHNPA'",
    "'KARA2'": "'HPPK2'"
  },
  {
    "'23DHMPO'": "'DHORTS'",
    "'KARA2'": "'EX_ura(e)'"
  },
  {
    "'23DHMPO'": "'DHORTS'",
    "'KARA2'": "'UPPRT'"
  },
  {
    "'23DHMPO'": "'DHORTS'",
    "'KARA2'": "'URAt2r'"
  },
  {
    "'23DHMPO'": "'DMPPS'",
    "'KARA2'": "'DMPPS2r'"
  },
  {
    "'23DHMPO'": "'DPRr'",
    "'KARA2'": "'EX_pnto_R(e)'"
  },
  {
    "'23DHMPO'": "'DPRr'",
    "'KARA2'": "'PNTOt4'"
  },
  {
    "'23DHMPO'": "'EAR100x'",
    "'KARA2'": "'EX_ddca(e)'"
  },
  {
    "'23DHMPO'": "'EAR120x'",
    "'KARA2'": "'EX_ddca(e)'"
  },
  {
    "'23DHMPO'": "'EAR140x'",
    "'KARA2'": "'EX_ttdca(e)'"
  },
  {
    "'23DHMPO'": "'EAR140x'",
    "'KARA2'": "'FACOAL140'"
  },
  {
    "'23DHMPO'": "'EAR140x'",
    "'KARA2'": "'TDCOATA'"
  },
  {
    "'23DHMPO'": "'EAR180x'",
    "'KARA2'": "'EX_ocdca(e)'"
  },
  {
    "'23DHMPO'": "'EAR180x'",
    "'KARA2'": "'FACOAL180'"
  },
  {
    "'23DHMPO'": "'EAR40x'",
    "'KARA2'": "'EX_ddca(e)'"
  },
  {
    "'23DHMPO'": "'EAR60x'",
    "'KARA2'": "'EX_ddca(e)'"
  },
  {
    "'23DHMPO'": "'EAR80x'",
    "'KARA2'": "'EX_ddca(e)'"
  },
  {
    "'23DHMPO'": "'ENO'",
    "'KARA2'": "'EX_gcald(e)'"
  },
  {
    "'23DHMPO'": "'ENO'",
    "'KARA2'": "'GCALDD'"
  },
  {
    "'23DHMPO'": "'ENO'",
    "'KARA2'": "'GCALDt'"
  },
  {
    "'23DHMPO'": "'ENO'",
    "'KARA2'": "'GLXCL'"
  },
  {
    "'23DHMPO'": "'ENO'",
    "'KARA2'": "'GLYCLTDxr'"
  },
  {
    "'23DHMPO'": "'ENO'",
    "'KARA2'": "'PPCKr'"
  },
  {
    "'23DHMPO'": "'ENO'",
    "'KARA2'": "'TRSARr'"
  },
  {
    "'23DHMPO'": "'ENO'",
    "'KARA2'": "'r0339'"
  },
  {
    "'23DHMPO'": "'EX_ac(e)'",
    "'KARA2'": "'OOR2r'"
  },
  {
    "'23DHMPO'": "'EX_ac(e)'",
    "'KARA2'": "'POR4'"
  },
  {
    "'23DHMPO'": "'EX_ac(e)'",
    "'KARA2'": "'PTAr'"
  },
  {
    "'23DHMPO'": "'EX_ac(e)'",
    "'KARA2'": "'SUCOAS'"
  },
  {
    "'23DHMPO'": "'EX_asn_L(e)'",
    "'KARA2'": "'EX_glyasn(e)'"
  },
  {
    "'23DHMPO'": "'EX_asn_L(e)'",
    "'KARA2'": "'GLYASN1c'"
  },
  {
    "'23DHMPO'": "'EX_asn_L(e)'",
    "'KARA2'": "'GLYASNabc'"
  },
  {
    "'23DHMPO'": "'EX_cit(e)'",
    "'KARA2'": "'FE3abc'"
  },
  {
    "'23DHMPO'": "'EX_co2(e)'",
    "'KARA2'": "'PC'"
  },
  {
    "'23DHMPO'": "'EX_ddca(e)'",
    "'KARA2'": "'KAS14'"
  },
  {
    "'23DHMPO'": "'EX_for(e)'",
    "'KARA2'": "'FTHFL'"
  },
  {
    "'23DHMPO'": "'EX_for(e)'",
    "'KARA2'": "'GHMT2r'"
  },
  {
    "'23DHMPO'": "'EX_for(e)'",
    "'KARA2'": "'MTHFC'"
  },
  {
    "'23DHMPO'": "'EX_for(e)'",
    "'KARA2'": "'MTHFD'"
  },
  {
    "'23DHMPO'": "'EX_for(e)'",
    "'KARA2'": "'PGCDr'"
  },
  {
    "'23DHMPO'": "'EX_for(e)'",
    "'KARA2'": "'PSERT'"
  },
  {
    "'23DHMPO'": "'EX_for(e)'",
    "'KARA2'": "'PSP_L'"
  },
  {
    "'23DHMPO'": "'EX_gcald(e)'",
    "'KARA2'": "'GCALDD'"
  },
  {
    "'23DHMPO'": "'EX_gcald(e)'",
    "'KARA2'": "'GLXCL'"
  },
  {
    "'23DHMPO'": "'EX_gcald(e)'",
    "'KARA2'": "'GLYCLTDxr'"
  },
  {
    "'23DHMPO'": "'EX_gcald(e)'",
    "'KARA2'": "'PGM'"
  },
  {
    "'23DHMPO'": "'EX_gcald(e)'",
    "'KARA2'": "'PPCKr'"
  },
  {
    "'23DHMPO'": "'EX_gcald(e)'",
    "'KARA2'": "'TRSARr'"
  },
  {
    "'23DHMPO'": "'EX_gcald(e)'",
    "'KARA2'": "'r0339'"
  },
  {
    "'23DHMPO'": "'EX_orn(e)'",
    "'KARA2'": "'ORNTAC'"
  },
  {
    "'23DHMPO'": "'EX_pnto_R(e)'",
    "'KARA2'": "'MOHMT'"
  },
  {
    "'23DHMPO'": "'EX_pnto_R(e)'",
    "'KARA2'": "'PANTS'"
  },
  {
    "'23DHMPO'": "'EX_ura(e)'",
    "'KARA2'": "'OMPDC'"
  },
  {
    "'23DHMPO'": "'EX_ura(e)'",
    "'KARA2'": "'OROTPT'"
  },
  {
    "'23DHMPO'": "'FE3abc'",
    "'KARA2'": "'FEDCabc'"
  },
  {
    "'23DHMPO'": "'FORt2r'",
    "'KARA2'": "'FTHFL'"
  },
  {
    "'23DHMPO'": "'FORt2r'",
    "'KARA2'": "'GHMT2r'"
  },
  {
    "'23DHMPO'": "'FORt2r'",
    "'KARA2'": "'MTHFC'"
  },
  {
    "'23DHMPO'": "'FORt2r'",
    "'KARA2'": "'MTHFD'"
  },
  {
    "'23DHMPO'": "'FORt2r'",
    "'KARA2'": "'PGCDr'"
  },
  {
    "'23DHMPO'": "'FORt2r'",
    "'KARA2'": "'PSERT'"
  },
  {
    "'23DHMPO'": "'FORt2r'",
    "'KARA2'": "'PSP_L'"
  },
  {
    "'23DHMPO'": "'FTHFL'",
    "'KARA2'": "'GHMT2r'"
  },
  {
    "'23DHMPO'": "'FTHFL'",
    "'KARA2'": "'MTHFC'"
  },
  {
    "'23DHMPO'": "'FTHFL'",
    "'KARA2'": "'MTHFD'"
  },
  {
    "'23DHMPO'": "'FTHFL'",
    "'KARA2'": "'PGCDr'"
  },
  {
    "'23DHMPO'": "'FTHFL'",
    "'KARA2'": "'PSERT'"
  },
  {
    "'23DHMPO'": "'FTHFL'",
    "'KARA2'": "'PSP_L'"
  },
  {
    "'23DHMPO'": "'G3PAT180'",
    "'KARA2'": "'SGAT'"
  },
  {
    "'23DHMPO'": "'G3PD1'",
    "'KARA2'": "'G3PD2'"
  },
  {
    "'23DHMPO'": "'G6PI'",
    "'KARA2'": "'PGI'"
  },
  {
    "'23DHMPO'": "'G6PI3'",
    "'KARA2'": "'PGI'"
  },
  {
    "'23DHMPO'": "'GCALDD'",
    "'KARA2'": "'GCALDt'"
  },
  {
    "'23DHMPO'": "'GCALDD'",
    "'KARA2'": "'PGM'"
  },
  {
    "'23DHMPO'": "'GCALDD'",
    "'KARA2'": "'PPCKr'"
  },
  {
    "'23DHMPO'": "'GCALDt'",
    "'KARA2'": "'GLXCL'"
  },
  {
    "'23DHMPO'": "'GCALDt'",
    "'KARA2'": "'GLYCLTDxr'"
  },
  {
    "'23DHMPO'": "'GCALDt'",
    "'KARA2'": "'PGM'"
  },
  {
    "'23DHMPO'": "'GCALDt'",
    "'KARA2'": "'PPCKr'"
  },
  {
    "'23DHMPO'": "'GCALDt'",
    "'KARA2'": "'TRSARr'"
  },
  {
    "'23DHMPO'": "'GCALDt'",
    "'KARA2'": "'r0339'"
  },
  {
    "'23DHMPO'": "'GHMT2r'",
    "'KARA2'": "'MTHFC'"
  },
  {
    "'23DHMPO'": "'GHMT2r'",
    "'KARA2'": "'MTHFD'"
  },
  {
    "'23DHMPO'": "'GHMT2r'",
    "'KARA2'": "'PGCDr'"
  },
  {
    "'23DHMPO'": "'GHMT2r'",
    "'KARA2'": "'PSERT'"
  },
  {
    "'23DHMPO'": "'GHMT2r'",
    "'KARA2'": "'PSP_L'"
  },
  {
    "'23DHMPO'": "'GK1'",
    "'KARA2'": "'GK2'"
  },
  {
    "'23DHMPO'": "'GLXCL'",
    "'KARA2'": "'PGM'"
  },
  {
    "'23DHMPO'": "'GLXCL'",
    "'KARA2'": "'PPCKr'"
  },
  {
    "'23DHMPO'": "'GLYCLTDxr'",
    "'KARA2'": "'PGM'"
  },
  {
    "'23DHMPO'": "'GLYCLTDxr'",
    "'KARA2'": "'PPCKr'"
  },
  {
    "'23DHMPO'": "'IPDPS'",
    "'KARA2'": "'IPDPS2'"
  },
  {
    "'23DHMPO'": "'KARA1'",
    "'KARA2'": "'KARA3'"
  },
  {
    "'23DHMPO'": "'METFR'",
    "'KARA2'": "'r0792'"
  },
  {
    "'23DHMPO'": "'MG2abc'",
    "'KARA2'": "'MGt5'"
  },
  {
    "'23DHMPO'": "'MOHMT'",
    "'KARA2'": "'PNTOt4'"
  },
  {
    "'23DHMPO'": "'MTHFC'",
    "'KARA2'": "'PGCDr'"
  },
  {
    "'23DHMPO'": "'MTHFC'",
    "'KARA2'": "'PSERT'"
  },
  {
    "'23DHMPO'": "'MTHFC'",
    "'KARA2'": "'PSP_L'"
  },
  {
    "'23DHMPO'": "'MTHFD'",
    "'KARA2'": "'PGCDr'"
  },
  {
    "'23DHMPO'": "'MTHFD'",
    "'KARA2'": "'PSERT'"
  },
  {
    "'23DHMPO'": "'MTHFD'",
    "'KARA2'": "'PSP_L'"
  },
  {
    "'23DHMPO'": "'NADK'",
    "'KARA2'": "'NADK2'"
  },
  {
    "'23DHMPO'": "'NADS1'",
    "'KARA2'": "'NADS2'"
  },
  {
    "'23DHMPO'": "'NDPK2'",
    "'KARA2'": "'UTPATPT'"
  },
  {
    "'23DHMPO'": "'OMPDC'",
    "'KARA2'": "'UPPRT'"
  },
  {
    "'23DHMPO'": "'OMPDC'",
    "'KARA2'": "'URAt2r'"
  },
  {
    "'23DHMPO'": "'OOR2r'",
    "'KARA2'": "'PTAr'"
  },
  {
    "'23DHMPO'": "'ORNTAC'",
    "'KARA2'": "'ORNabc'"
  },
  {
    "'23DHMPO'": "'OROTPT'",
    "'KARA2'": "'UPPRT'"
  },
  {
    "'23DHMPO'": "'OROTPT'",
    "'KARA2'": "'URAt2r'"
  },
  {
    "'23DHMPO'": "'PANTS'",
    "'KARA2'": "'PNTOt4'"
  },
  {
    "'23DHMPO'": "'PGM'",
    "'KARA2'": "'PPCKr'"
  },
  {
    "'23DHMPO'": "'PGM'",
    "'KARA2'": "'TRSARr'"
  },
  {
    "'23DHMPO'": "'PGM'",
    "'KARA2'": "'r0339'"
  },
  {
    "'23DHMPO'": "'POR4'",
    "'KARA2'": "'PTAr'"
  },
  {
    "'23DHMPO'": "'PPCKr'",
    "'KARA2'": "'TRSARr'"
  },
  {
    "'23DHMPO'": "'PPCKr'",
    "'KARA2'": "'r0339'"
  },
  {
    "'23DHMPO'": "'PPNCL3'",
    "'KARA2'": "'r0671'"
  },
  {
    "'23DHMPO'": "'PTAr'",
    "'KARA2'": "'SUCOAS'"
  },
  {
    "'23DHMPO'": "'RNDR1'",
    "'KARA2'": "'RNTR1'"
  },
  {
    "'23DHMPO'": "'RNDR2'",
    "'KARA2'": "'RNTR2'"
  },
  {
    "'23DHMPO'": "'RNDR3'",
    "'KARA2'": "'RNTR3'"
  },
  {
    "'23DHMPO'": "'TALA'",
    "'KARA2'": "'TKT1'"
  },
  {
    "'23DHMPO'": "'TRPS1'",
    "'KARA2'": "'TRPS2'"
  },
  {
    "'23DHMPO'": "'TRPS1'",
    "'KARA2'": "'TRPS3'"
  }
]