[
  {
    "'G2583_0183'": "'G2583_1353'"
  },
  {
    "'G2583_0183'": "'G2583_2860'"
  },
  {
    "'G2583_0183'": "'G2583_0004'"
  },
  {
    "'G2583_0183'": "'G2583_0163'"
  },
  {
    "'G2583_0183'": "'G2583_1354'"
  },
  {
    "'G2583_0183'": "'s0001'"
  },
  {
    "'G2583_0183'": "'G2583_3974'"
  },
  {
    "'G2583_0183'": "'G2583_0188'"
  },
  {
    "'G2583_0183'": "'G2583_2853'"
  },
  {
    "'G2583_0183'": "'G2583_3975'"
  },
  {
    "'G2583_0183'": "'G2583_4771'"
  },
  {
    "'G2583_0183'": "'G2583_3472'"
  },
  {
    "'G2583_0183'": "'G2583_1351'"
  },
  {
    "'G2583_0183'": "'G2583_4769'"
  },
  {
    "'G2583_0183'": "'G2583_3926'"
  },
  {
    "'G2583_0183'": "'G2583_3924'"
  },
  {
    "'G2583_0183'": "'G2583_3925'"
  },
  {
    "'G2583_0183'": "'G2583_5092'"
  },
  {
    "'G2583_0183'": "'G2583_5091'"
  },
  {
    "'G2583_0183'": "'G2583_4065'"
  },
  {
    "'G2583_0183'": "'G2583_1356'"
  },
  {
    "'G2583_0183'": "'G2583_2260'"
  },
  {
    "'G2583_0183'": "'G2583_4066'"
  },
  {
    "'G2583_0183'": "'G2583_3398'"
  },
  {
    "'G2583_0183'": "'G2583_1407'"
  },
  {
    "'G2583_0183'": "'G2583_5004'"
  },
  {
    "'G2583_0183'": "'G2583_3741'"
  },
  {
    "'G2583_0183'": "'G2583_4770'"
  },
  {
    "'G2583_0183'": "'G2583_4824'"
  },
  {
    "'G2583_0183'": "'G2583_0642'"
  },
  {
    "'G2583_0183'": "'G2583_0643'"
  },
  {
    "'G2583_0183'": "'G2583_1002'"
  },
  {
    "'G2583_0183'": "'G2583_4812'"
  },
  {
    "'G2583_0183'": "'G2583_1602'"
  },
  {
    "'G2583_0183'": "'G2583_1603'"
  },
  {
    "'G2583_0183'": "'G2583_1004'"
  },
  {
    "'G2583_0183'": "'G2583_0525'"
  },
  {
    "'G2583_0183'": "'G2583_4772'"
  },
  {
    "'G2583_0183'": "'G2583_3897'"
  },
  {
    "'G2583_0183'": "'G2583_4134'"
  },
  {
    "'G2583_0183'": "'G2583_0135'"
  },
  {
    "'G2583_0183'": "'G2583_5075'"
  },
  {
    "'G2583_0183'": "'G2583_3156'"
  },
  {
    "'G2583_0183'": "'G2583_1163'"
  },
  {
    "'G2583_0183'": "'G2583_2540'"
  },
  {
    "'G2583_0183'": "'G2583_1055'"
  },
  {
    "'G2583_0183'": "'G2583_4655'"
  },
  {
    "'G2583_0183'": "'G2583_5044'"
  },
  {
    "'G2583_0183'": "'G2583_1003'"
  },
  {
    "'G2583_0183'": "'G2583_3921'"
  },
  {
    "'G2583_0183'": "'G2583_3766'"
  },
  {
    "'G2583_0183'": "'G2583_1479'"
  },
  {
    "'G2583_0183'": "'G2583_3181'"
  },
  {
    "'G2583_0183'": "'G2583_3182'"
  },
  {
    "'G2583_0183'": "'G2583_2866'"
  },
  {
    "'G2583_0183'": "'G2583_4864'"
  },
  {
    "'G2583_0183'": "'G2583_1149'"
  },
  {
    "'G2583_0183'": "'G2583_1011'"
  },
  {
    "'G2583_0183'": "'G2583_1009'"
  },
  {
    "'G2583_0183'": "'G2583_0875'"
  },
  {
    "'G2583_0183'": "'G2583_3432'"
  },
  {
    "'G2583_0183'": "'G2583_3495'"
  },
  {
    "'G2583_0183'": "'G2583_4606'"
  },
  {
    "'G2583_0183'": "'G2583_0178'"
  },
  {
    "'G2583_0183'": "'G2583_3768'"
  },
  {
    "'G2583_0183'": "'G2583_1006'"
  },
  {
    "'G2583_0183'": "'G2583_4384'"
  },
  {
    "'G2583_0183'": "'G2583_4565'"
  },
  {
    "'G2583_0183'": "'G2583_0032'"
  },
  {
    "'G2583_0183'": "'G2583_3001'"
  },
  {
    "'G2583_0183'": "'G2583_2852'"
  },
  {
    "'G2583_0183'": "'G2583_3782'"
  },
  {
    "'G2583_0183'": "'G2583_1321'"
  },
  {
    "'G2583_0183'": "'G2583_3902'"
  },
  {
    "'G2583_0183'": "'G2583_4086'"
  },
  {
    "'G2583_0183'": "'G2583_2090'"
  },
  {
    "'G2583_0183'": "'G2583_0533'"
  },
  {
    "'G2583_0183'": "'G2583_0030'"
  },
  {
    "'G2583_0183'": "'G2583_0107'"
  },
  {
    "'G2583_0183'": "'G2583_4568'"
  },
  {
    "'G2583_0183'": "'G2583_1358'"
  },
  {
    "'G2583_0183'": "'G2583_0176'"
  },
  {
    "'G2583_0183'": "'G2583_0532'"
  },
  {
    "'G2583_0183'": "'G2583_1630'"
  },
  {
    "'G2583_0183'": "'G2583_3413'"
  },
  {
    "'G2583_0183'": "'G2583_3414'"
  },
  {
    "'G2583_0183'": "'G2583_0587'"
  },
  {
    "'G2583_0183'": "'G2583_0026'"
  },
  {
    "'G2583_0183'": "'G2583_4526'"
  },
  {
    "'G2583_0183'": "'G2583_0158'"
  },
  {
    "'G2583_0183'": "'G2583_4347'"
  },
  {
    "'G2583_0183'": "'G2583_1777'"
  },
  {
    "'G2583_0183'": "'G2583_4525'"
  },
  {
    "'G2583_0183'": "'G2583_2849'"
  },
  {
    "'G2583_0183'": "'G2583_4782'"
  },
  {
    "'G2583_0183'": "'G2583_1481'"
  },
  {
    "'G2583_0183'": "'G2583_2934'"
  },
  {
    "'G2583_0183'": "'G2583_3031'"
  },
  {
    "'G2583_0183'": "'G2583_2696'"
  },
  {
    "'G2583_0183'": "'G2583_1618'"
  },
  {
    "'G2583_0183'": "'G2583_4865'"
  },
  {
    "'G2583_0183'": "'G2583_2541'"
  },
  {
    "'G2583_0183'": "'G2583_2543'"
  },
  {
    "'G2583_0183'": "'G2583_4601'"
  },
  {
    "'G2583_0183'": "'G2583_2635'"
  },
  {
    "'G2583_0183'": "'G2583_0146'"
  },
  {
    "'G2583_0183'": "'G2583_0003'"
  },
  {
    "'G2583_0183'": "'G2583_4830'"
  },
  {
    "'G2583_0183'": "'G2583_2542'"
  },
  {
    "'G2583_0183'": "'G2583_3060'"
  },
  {
    "'G2583_0183'": "'G2583_4603'"
  },
  {
    "'G2583_0183'": "'G2583_1412'"
  },
  {
    "'G2583_0183'": "'G2583_2546'"
  },
  {
    "'G2583_0183'": "'G2583_2544'"
  },
  {
    "'G2583_0183'": "'G2583_1601'"
  },
  {
    "'G2583_0183'": "'G2583_4564'"
  },
  {
    "'G2583_0183'": "'G2583_0077'"
  },
  {
    "'G2583_0183'": "'G2583_0075'"
  },
  {
    "'G2583_0183'": "'G2583_0076'"
  },
  {
    "'G2583_0183'": "'G2583_0078'"
  },
  {
    "'G2583_0183'": "'G2583_1153'"
  },
  {
    "'G2583_0183'": "'G2583_3923'"
  },
  {
    "'G2583_0183'": "'G2583_1486'"
  },
  {
    "'G2583_0183'": "'G2583_0185'"
  },
  {
    "'G2583_0183'": "'G2583_1005'"
  },
  {
    "'G2583_0183'": "'G2583_1352'"
  },
  {
    "'G2583_0183'": "'G2583_3040'"
  },
  {
    "'G2583_0183'": "'G2583_3394'"
  },
  {
    "'G2583_0183'": "'G2583_3395'"
  },
  {
    "'G2583_0183'": "'G2583_3601'"
  },
  {
    "'G2583_0183'": "'G2583_1012'"
  },
  {
    "'G2583_0183'": "'G2583_4369'"
  },
  {
    "'G2583_0183'": "'G2583_0138'"
  },
  {
    "'G2583_0183'": "'G2583_0009'"
  },
  {
    "'G2583_0183'": "'G2583_1328'"
  },
  {
    "'G2583_0183'": "'G2583_1013'"
  },
  {
    "'G2583_0183'": "'G2583_1054'"
  },
  {
    "'G2583_0183'": "'G2583_4753'"
  },
  {
    "'G2583_0183'": "'G2583_3196'"
  },
  {
    "'G2583_0183'": "'G2583_2186'"
  },
  {
    "'G2583_0183'": "'G2583_0802'"
  },
  {
    "'G2583_0183'": "'G2583_0113'"
  },
  {
    "'G2583_0183'": "'G2583_5084'"
  },
  {
    "'G2583_0183'": "'G2583_3912'"
  },
  {
    "'G2583_0183'": "'G2583_1142'"
  },
  {
    "'G2583_0183'": "'G2583_1622'"
  },
  {
    "'G2583_0183'": "'G2583_2848'"
  },
  {
    "'G2583_0183'": "'G2583_4641'"
  },
  {
    "'G2583_0183'": "'G2583_4378'"
  },
  {
    "'G2583_0183'": "'G2583_0494'"
  },
  {
    "'G2583_0183'": "'G2583_0137'"
  },
  {
    "'G2583_0183'": "'G2583_0091'"
  },
  {
    "'G2583_0183'": "'G2583_3412'"
  },
  {
    "'G2583_0183'": "'G2583_0056'"
  },
  {
    "'G2583_0183'": "'G2583_3145'"
  },
  {
    "'G2583_0183'": "'G2583_2857'"
  },
  {
    "'G2583_0183'": "'G2583_3901'"
  },
  {
    "'G2583_0183'": "'G2583_4109'"
  },
  {
    "'G2583_0183'": "'G2583_4789'"
  },
  {
    "'G2583_0183'": "'G2583_0481'"
  },
  {
    "'G2583_0183'": "'G2583_4375'"
  },
  {
    "'G2583_0183'": "'G2583_4648'"
  },
  {
    "'G2583_0183'": "'G2583_4823'"
  },
  {
    "'G2583_0183'": "'G2583_3022'"
  },
  {
    "'G2583_0183'": "'G2583_2547'"
  },
  {
    "'G2583_0183'": "'G2583_2999'"
  },
  {
    "'G2583_0183'": "'G2583_3088'"
  },
  {
    "'G2583_0183'": "'G2583_2545'"
  },
  {
    "'G2583_0183'": "'G2583_1143'"
  },
  {
    "'G2583_0183'": "'G2583_4987'"
  },
  {
    "'G2583_0183'": "'G2583_3168'"
  },
  {
    "'G2583_0183'": "'G2583_4370'"
  },
  {
    "'G2583_0183'": "'G2583_0916'"
  },
  {
    "'G2583_0183'": "'G2583_2057'"
  },
  {
    "'G2583_0183'": "'G2583_0526'"
  },
  {
    "'G2583_0183'": "'G2583_3334'"
  },
  {
    "'G2583_0183'": "'G2583_3399'"
  },
  {
    "'G2583_0183'": "'G2583_3400'"
  },
  {
    "'G2583_0183'": "'G2583_2994'"
  },
  {
    "'G2583_0183'": "'G2583_4346'"
  },
  {
    "'G2583_0183'": "'G2583_4074'"
  },
  {
    "'G2583_0183'": "'G2583_4751'"
  },
  {
    "'G2583_0183'": "'G2583_1150'"
  },
  {
    "'G2583_0183'": "'G2583_0168'"
  },
  {
    "'G2583_0183'": "'G2583_4809'"
  },
  {
    "'G2583_0183'": "'G2583_0535'"
  },
  {
    "'G2583_0183'": "'G2583_4810'"
  },
  {
    "'G2583_0183'": "'G2583_4807'"
  },
  {
    "'G2583_0183'": "'G2583_2987'"
  },
  {
    "'G2583_0183'": "'G2583_3481'"
  },
  {
    "'G2583_0183'": "'G2583_0528'"
  },
  {
    "'G2583_0183'": "'G2583_4811'"
  },
  {
    "'G2583_0183'": "'G2583_1600'"
  },
  {
    "'G2583_0183'": "'G2583_1599'"
  },
  {
    "'G2583_0183'": "'G2583_4808'"
  },
  {
    "'G2583_0183'": "'G2583_0182'"
  },
  {
    "'G2583_0183'": "'G2583_0089'"
  },
  {
    "'G2583_0183'": "'G2583_0184'"
  },
  {
    "'G2583_0183'": "'G2583_3914'"
  },
  {
    "'G2583_0183'": "'G2583_0094'"
  },
  {
    "'G2583_0183'": "'G2583_0092'"
  },
  {
    "'G2583_0183'": "'G2583_0095'"
  },
  {
    "'G2583_0183'": "'G2583_4787'"
  },
  {
    "'G2583_0183'": "'G2583_0177'"
  },
  {
    "'G2583_0183'": "'G2583_0090'"
  },
  {
    "'G2583_0183'": "'G2583_0100'"
  },
  {
    "'G2583_0183'": "'G2583_4600'"
  },
  {
    "'G2583_0183'": "'G2583_4815'"
  },
  {
    "'G2583_0183'": "'G2583_0644'"
  }
]