[
  {
    "'ACPS1'": "'ADSL1r'"
  },
  {
    "'ACPS1'": "'ADSL2r'"
  },
  {
    "'ACPS1'": "'ADSS'"
  },
  {
    "'ACPS1'": "'AICART'"
  },
  {
    "'ACPS1'": "'AIRC4'"
  },
  {
    "'ACPS1'": "'ALAALA'"
  },
  {
    "'ACPS1'": "'ALAR'"
  },
  {
    "'ACPS1'": "'ANPRT'"
  },
  {
    "'ACPS1'": "'APRAUR'"
  },
  {
    "'ACPS1'": "'ASP1DC'"
  },
  {
    "'ACPS1'": "'ASPCT'"
  },
  {
    "'ACPS1'": "'BPNT'"
  },
  {
    "'ACPS1'": "'CA2abc'"
  },
  {
    "'ACPS1'": "'CBPS'"
  },
  {
    "'ACPS1'": "'CDPMEK'"
  },
  {
    "'ACPS1'": "'CHORS'"
  },
  {
    "'ACPS1'": "'COBALTt5'"
  },
  {
    "'ACPS1'": "'CYTK1'"
  },
  {
    "'ACPS1'": "'Cuabc'"
  },
  {
    "'ACPS1'": "'DAPE'"
  },
  {
    "'ACPS1'": "'DB4PS'"
  },
  {
    "'ACPS1'": "'DDPA'"
  },
  {
    "'ACPS1'": "'DHDPRy'"
  },
  {
    "'ACPS1'": "'DHDPS'"
  },
  {
    "'ACPS1'": "'DHORTS'"
  },
  {
    "'ACPS1'": "'DHPPDA'"
  },
  {
    "'ACPS1'": "'DHQS'"
  },
  {
    "'ACPS1'": "'DHQTi'"
  },
  {
    "'ACPS1'": "'DMATT'"
  },
  {
    "'ACPS1'": "'DPCOAK'"
  },
  {
    "'ACPS1'": "'DPRr'"
  },
  {
    "'ACPS1'": "'DTMPK'"
  },
  {
    "'ACPS1'": "'DXPRIr'"
  },
  {
    "'ACPS1'": "'DXPS'"
  },
  {
    "'ACPS1'": "'EX_biomass(e)'"
  },
  {
    "'ACPS1'": "'EX_ca2(e)'"
  },
  {
    "'ACPS1'": "'EX_cl(e)'"
  },
  {
    "'ACPS1'": "'EX_cobalt2(e)'"
  },
  {
    "'ACPS1'": "'EX_cu2(e)'"
  },
  {
    "'ACPS1'": "'EX_fe2(e)'"
  },
  {
    "'ACPS1'": "'EX_fe3(e)'"
  },
  {
    "'ACPS1'": "'EX_k(e)'"
  },
  {
    "'ACPS1'": "'EX_mg2(e)'"
  },
  {
    "'ACPS1'": "'EX_mn2(e)'"
  },
  {
    "'ACPS1'": "'EX_pi(e)'"
  },
  {
    "'ACPS1'": "'EX_pydx(e)'"
  },
  {
    "'ACPS1'": "'EX_so4(e)'"
  },
  {
    "'ACPS1'": "'EX_zn2(e)'"
  },
  {
    "'ACPS1'": "'FBA'"
  },
  {
    "'ACPS1'": "'FBP'"
  },
  {
    "'ACPS1'": "'FE2abc'"
  },
  {
    "'ACPS1'": "'FE3abc'"
  },
  {
    "'ACPS1'": "'FMNAT'"
  },
  {
    "'ACPS1'": "'G1PACT'"
  },
  {
    "'ACPS1'": "'GARFTi'"
  },
  {
    "'ACPS1'": "'GF6PTA'"
  },
  {
    "'ACPS1'": "'GHMT2r'"
  },
  {
    "'ACPS1'": "'GLUPRT'"
  },
  {
    "'ACPS1'": "'GLUR'"
  },
  {
    "'ACPS1'": "'GMPS2'"
  },
  {
    "'ACPS1'": "'GRTT'"
  },
  {
    "'ACPS1'": "'GTPCII'"
  },
  {
    "'ACPS1'": "'H2CO3D'"
  },
  {
    "'ACPS1'": "'IGPS'"
  },
  {
    "'ACPS1'": "'IMPC'"
  },
  {
    "'ACPS1'": "'IMPD'"
  },
  {
    "'ACPS1'": "'MECDPDH2'"
  },
  {
    "'ACPS1'": "'MECDPS'"
  },
  {
    "'ACPS1'": "'MEPCT'"
  },
  {
    "'ACPS1'": "'METAT'"
  },
  {
    "'ACPS1'": "'MNabc'"
  },
  {
    "'ACPS1'": "'MOHMT'"
  },
  {
    "'ACPS1'": "'MTHFC'"
  },
  {
    "'ACPS1'": "'MTHFD'"
  },
  {
    "'ACPS1'": "'NAPRT'"
  },
  {
    "'ACPS1'": "'NNATr'"
  },
  {
    "'ACPS1'": "'OMPDC'"
  },
  {
    "'ACPS1'": "'OROTPT'"
  },
  {
    "'ACPS1'": "'PANTS'"
  },
  {
    "'ACPS1'": "'PAPPT3'"
  },
  {
    "'ACPS1'": "'PEPGLY'"
  },
  {
    "'ACPS1'": "'PGAMT'"
  },
  {
    "'ACPS1'": "'PMDPHT'"
  },
  {
    "'ACPS1'": "'PNTK'"
  },
  {
    "'ACPS1'": "'PPCDC'"
  },
  {
    "'ACPS1'": "'PRAGS'"
  },
  {
    "'ACPS1'": "'PRAI'"
  },
  {
    "'ACPS1'": "'PRAIS'"
  },
  {
    "'ACPS1'": "'PRASCSi'"
  },
  {
    "'ACPS1'": "'PRFGS'"
  },
  {
    "'ACPS1'": "'PRPPS'"
  },
  {
    "'ACPS1'": "'PSCVT'"
  },
  {
    "'ACPS1'": "'PTPAT'"
  },
  {
    "'ACPS1'": "'PYDXK'"
  },
  {
    "'ACPS1'": "'PYDXtr'"
  },
  {
    "'ACPS1'": "'RBFK'"
  },
  {
    "'ACPS1'": "'RBFSa'"
  },
  {
    "'ACPS1'": "'RBFSb'"
  },
  {
    "'ACPS1'": "'RNDR1'"
  },
  {
    "'ACPS1'": "'RNDR2'"
  },
  {
    "'ACPS1'": "'RNDR3'"
  },
  {
    "'ACPS1'": "'RPE'"
  },
  {
    "'ACPS1'": "'RPI'"
  },
  {
    "'ACPS1'": "'SDPDS'"
  },
  {
    "'ACPS1'": "'SDPTA'"
  },
  {
    "'ACPS1'": "'SHK3Dr'"
  },
  {
    "'ACPS1'": "'SHKK'"
  },
  {
    "'ACPS1'": "'SO4t2'"
  },
  {
    "'ACPS1'": "'THDPS'"
  },
  {
    "'ACPS1'": "'TKT2'"
  },
  {
    "'ACPS1'": "'TMDSf2'"
  },
  {
    "'ACPS1'": "'TRDRr'"
  },
  {
    "'ACPS1'": "'UAAGDS'"
  },
  {
    "'ACPS1'": "'UAGCVT_r'"
  },
  {
    "'ACPS1'": "'UAGDP'"
  },
  {
    "'ACPS1'": "'UAGPT3'"
  },
  {
    "'ACPS1'": "'UAMAGS'"
  },
  {
    "'ACPS1'": "'UAMAS'"
  },
  {
    "'ACPS1'": "'UAPGR'"
  },
  {
    "'ACPS1'": "'UDCPDP'"
  },
  {
    "'ACPS1'": "'UDCPDPS'"
  },
  {
    "'ACPS1'": "'UGMDDS'"
  },
  {
    "'ACPS1'": "'UMPK'"
  },
  {
    "'ACPS1'": "'URIDK3'"
  },
  {
    "'ACPS1'": "'dreplication'"
  },
  {
    "'ACPS1'": "'pbiosynthesis'"
  },
  {
    "'ACPS1'": "'r2137'"
  },
  {
    "'ACPS1'": "'rtranscription'"
  },
  {
    "'ACPS1'": "'biomass525'"
  }
]