ECSP_3789,ECSP_1060
ECSP_1060,ECSP_4899
ECSP_1060,ECSP_0520
ECSP_3656,ECSP_4172
ECSP_0082,ECSP_4721
ECSP_0082,ECSP_4722
ECSP_0081,ECSP_4721
ECSP_0081,ECSP_4722
ECSP_2423,ECSP_3439
ECSP_1796,ECSP_0119
ECSP_1391,ECSP_5119
ECSP_0541,ECSP_3458
ECSP_0541,ECSP_5466
ECSP_0541,ECSP_1597
ECSP_0541,ECSP_5194
ECSP_0441,ECSP_0095
ECSP_5149,ECSP_1587
ECSP_3495,ECSP_3880
ECSP_3495,ECSP_5470
ECSP_4032,ECSP_5119
ECSP_0721,ECSP_4794
ECSP_5010,ECSP_0002
ECSP_0156,ECSP_2156
ECSP_3383,ECSP_4920
ECSP_3984,ECSP_2186
ECSP_3362,ECSP_3368
ECSP_1014,ECSP_0170
ECSP_2170,ECSP_0051
ECSP_2439,ECSP_0102
ECSP_2351,ECSP_3893
ECSP_1822,ECSP_4925
ECSP_2329,ECSP_4187
ECSP_2329,ECSP_4188
ECSP_2780,ECSP_4335
ECSP_4480,ECSP_0993
ECSP_0272,ECSP_3448
ECSP_0127,ECSP_0401
ECSP_3838,ECSP_3448
ECSP_3837,ECSP_3448
ECSP_3836,ECSP_3448
ECSP_3473,ECSP_2250
ECSP_3473,ECSP_2246
ECSP_3473,ECSP_2249
ECSP_3473,ECSP_2248
ECSP_3473,ECSP_2247
ECSP_3473,ECSP_2251
ECSP_3472,ECSP_2250
ECSP_3472,ECSP_2246
ECSP_3472,ECSP_2249
ECSP_3472,ECSP_2248
ECSP_3472,ECSP_2247
ECSP_3472,ECSP_2251
ECSP_5083,ECSP_5025
ECSP_4884,ECSP_5088
ECSP_0818,ECSP_3370
ECSP_0818,ECSP_3369
ECSP_0818,ECSP_3371
ECSP_3370,ECSP_0816
ECSP_3370,ECSP_0817
ECSP_3369,ECSP_0816
ECSP_3369,ECSP_0817
ECSP_3371,ECSP_0816
ECSP_3371,ECSP_0817
ECSP_5466,ECSP_1597
ECSP_1597,ECSP_5194
ECSP_2259,ECSP_4252
ECSP_4335,ECSP_3881
ECSP_0450,ECSP_4339
ECSP_4089,ECSP_4821
