[
  {
    "'NRG857_14010'": "'NRG857_04335'",
    "'NRG857_04335'": "'NRG857_19200'"
  },
  {
    "'NRG857_14010'": "'NRG857_04335'",
    "'NRG857_04335'": "'NRG857_02140'"
  },
  {
    "'NRG857_14010'": "'NRG857_15855'",
    "'NRG857_04335'": "'NRG857_13250'"
  },
  {
    "'NRG857_14010'": "'NRG857_00405'",
    "'NRG857_04335'": "'NRG857_18305'"
  },
  {
    "'NRG857_14010'": "'NRG857_00405'",
    "'NRG857_04335'": "'NRG857_18310'"
  },
  {
    "'NRG857_14010'": "'NRG857_18305'",
    "'NRG857_04335'": "'NRG857_00400'"
  },
  {
    "'NRG857_14010'": "'NRG857_00400'",
    "'NRG857_04335'": "'NRG857_18310'"
  },
  {
    "'NRG857_14010'": "'NRG857_09265'",
    "'NRG857_04335'": "'NRG857_12420'"
  },
  {
    "'NRG857_14010'": "'NRG857_00615'",
    "'NRG857_04335'": "'NRG857_06560'"
  },
  {
    "'NRG857_14010'": "'NRG857_05255'",
    "'NRG857_04335'": "'NRG857_20195'"
  },
  {
    "'NRG857_14010'": "'NRG857_02245'",
    "'NRG857_04335'": "'NRG857_12530'"
  },
  {
    "'NRG857_14010'": "'NRG857_02245'",
    "'NRG857_04335'": "'NRG857_06180'"
  },
  {
    "'NRG857_14010'": "'NRG857_02245'",
    "'NRG857_04335'": "'NRG857_20540'"
  },
  {
    "'NRG857_14010'": "'NRG857_00470'",
    "'NRG857_04335'": "'NRG857_01775'"
  },
  {
    "'NRG857_14010'": "'NRG857_06075'",
    "'NRG857_04335'": "'NRG857_20245'"
  },
  {
    "'NRG857_14010'": "'NRG857_12665'",
    "'NRG857_04335'": "'NRG857_14295'"
  },
  {
    "'NRG857_14010'": "'NRG857_12665'",
    "'NRG857_04335'": "'NRG857_22190'"
  },
  {
    "'NRG857_14010'": "'NRG857_15235'",
    "'NRG857_04335'": "'NRG857_20195'"
  },
  {
    "'NRG857_14010'": "'NRG857_02995'",
    "'NRG857_04335'": "'NRG857_18645'"
  },
  {
    "'NRG857_14010'": "'NRG857_00015'",
    "'NRG857_04335'": "'NRG857_19670'"
  },
  {
    "'NRG857_14010'": "'NRG857_07975'",
    "'NRG857_04335'": "'NRG857_00805'"
  },
  {
    "'NRG857_14010'": "'NRG857_12200'",
    "'NRG857_04335'": "'NRG857_19280'"
  },
  {
    "'NRG857_14010'": "'NRG857_14915'",
    "'NRG857_04335'": "'NRG857_08125'"
  },
  {
    "'NRG857_14010'": "'NRG857_12135'",
    "'NRG857_04335'": "'NRG857_12105'"
  },
  {
    "'NRG857_14010'": "'NRG857_04145'",
    "'NRG857_04335'": "'NRG857_00875'"
  },
  {
    "'NRG857_14010'": "'NRG857_14725'",
    "'NRG857_04335'": "'NRG857_14750'"
  },
  {
    "'NRG857_14010'": "'NRG857_14725'",
    "'NRG857_04335'": "'NRG857_14740'"
  },
  {
    "'NRG857_14010'": "'NRG857_14725'",
    "'NRG857_04335'": "'NRG857_14745'"
  },
  {
    "'NRG857_14010'": "'NRG857_00250'",
    "'NRG857_04335'": "'NRG857_08045'"
  },
  {
    "'NRG857_14010'": "'NRG857_00505'",
    "'NRG857_04335'": "'NRG857_09350'"
  },
  {
    "'NRG857_14010'": "'NRG857_08910'",
    "'NRG857_04335'": "'NRG857_14350'"
  },
  {
    "'NRG857_14010'": "'NRG857_08825'",
    "'NRG857_04335'": "'NRG857_15930'"
  },
  {
    "'NRG857_14010'": "'NRG857_08825'",
    "'NRG857_04335'": "'NRG857_15935'"
  },
  {
    "'NRG857_14010'": "'NRG857_10345'",
    "'NRG857_04335'": "'NRG857_16760'"
  },
  {
    "'NRG857_14010'": "'NRG857_17365'",
    "'NRG857_04335'": "'NRG857_04050'"
  },
  {
    "'NRG857_14010'": "'NRG857_01295'",
    "'NRG857_04335'": "'NRG857_12465'"
  },
  {
    "'NRG857_14010'": "'NRG857_14065'",
    "'NRG857_04335'": "'NRG857_12465'"
  },
  {
    "'NRG857_14010'": "'NRG857_14075'",
    "'NRG857_04335'": "'NRG857_12465'"
  },
  {
    "'NRG857_14010'": "'NRG857_14070'",
    "'NRG857_04335'": "'NRG857_12465'"
  },
  {
    "'NRG857_14010'": "'NRG857_12585'",
    "'NRG857_04335'": "'NRG857_08430'"
  },
  {
    "'NRG857_14010'": "'NRG857_12585'",
    "'NRG857_04335'": "'NRG857_08415'"
  },
  {
    "'NRG857_14010'": "'NRG857_12585'",
    "'NRG857_04335'": "'NRG857_08420'"
  },
  {
    "'NRG857_14010'": "'NRG857_12585'",
    "'NRG857_04335'": "'NRG857_08410'"
  },
  {
    "'NRG857_14010'": "'NRG857_12585'",
    "'NRG857_04335'": "'NRG857_08425'"
  },
  {
    "'NRG857_14010'": "'NRG857_12585'",
    "'NRG857_04335'": "'NRG857_08435'"
  },
  {
    "'NRG857_14010'": "'NRG857_12580'",
    "'NRG857_04335'": "'NRG857_08430'"
  },
  {
    "'NRG857_14010'": "'NRG857_12580'",
    "'NRG857_04335'": "'NRG857_08415'"
  },
  {
    "'NRG857_14010'": "'NRG857_12580'",
    "'NRG857_04335'": "'NRG857_08420'"
  },
  {
    "'NRG857_14010'": "'NRG857_12580'",
    "'NRG857_04335'": "'NRG857_08410'"
  },
  {
    "'NRG857_14010'": "'NRG857_12580'",
    "'NRG857_04335'": "'NRG857_08425'"
  },
  {
    "'NRG857_14010'": "'NRG857_12580'",
    "'NRG857_04335'": "'NRG857_08435'"
  },
  {
    "'NRG857_14010'": "'NRG857_20035'",
    "'NRG857_04335'": "'NRG857_19005'"
  },
  {
    "'NRG857_14010'": "'NRG857_12150'",
    "'NRG857_04335'": "'NRG857_03390'"
  },
  {
    "'NRG857_14010'": "'NRG857_12150'",
    "'NRG857_04335'": "'NRG857_03385'"
  },
  {
    "'NRG857_14010'": "'NRG857_12150'",
    "'NRG857_04335'": "'NRG857_03380'"
  },
  {
    "'NRG857_14010'": "'NRG857_03390'",
    "'NRG857_04335'": "'NRG857_12140'"
  },
  {
    "'NRG857_14010'": "'NRG857_03390'",
    "'NRG857_04335'": "'NRG857_12145'"
  },
  {
    "'NRG857_14010'": "'NRG857_12140'",
    "'NRG857_04335'": "'NRG857_03385'"
  },
  {
    "'NRG857_14010'": "'NRG857_12140'",
    "'NRG857_04335'": "'NRG857_03380'"
  },
  {
    "'NRG857_14010'": "'NRG857_03385'",
    "'NRG857_04335'": "'NRG857_12145'"
  },
  {
    "'NRG857_14010'": "'NRG857_12145'",
    "'NRG857_04335'": "'NRG857_03380'"
  },
  {
    "'NRG857_14010'": "'NRG857_14825'",
    "'NRG857_04335'": "'NRG857_18550'"
  },
  {
    "'NRG857_14010'": "'NRG857_14825'",
    "'NRG857_04335'": "'NRG857_18560'"
  },
  {
    "'NRG857_14010'": "'NRG857_14825'",
    "'NRG857_04335'": "'NRG857_18565'"
  },
  {
    "'NRG857_14010'": "'NRG857_14825'",
    "'NRG857_04335'": "'NRG857_18555'"
  },
  {
    "'NRG857_14010'": "'NRG857_06180'",
    "'NRG857_04335'": "'NRG857_20540'"
  },
  {
    "'NRG857_14010'": "'NRG857_08475'",
    "'NRG857_04335'": "'NRG857_16255'"
  },
  {
    "'NRG857_14010'": "'NRG857_16780'",
    "'NRG857_04335'": "'NRG857_01810'"
  },
  {
    "'NRG857_14010'": "'NRG857_18740'",
    "'NRG857_04335'": "'NRG857_15500'"
  }
]