[
  {
    "'NRG857_00920'": "'NRG857_05270'"
  },
  {
    "'NRG857_00920'": "'NRG857_11765'"
  },
  {
    "'NRG857_00920'": "'NRG857_00025'"
  },
  {
    "'NRG857_00920'": "'NRG857_00825'"
  },
  {
    "'NRG857_00920'": "'NRG857_05275'"
  },
  {
    "'NRG857_00920'": "'s0001'"
  },
  {
    "'NRG857_00920'": "'NRG857_11730'"
  },
  {
    "'NRG857_00920'": "'NRG857_16115'"
  },
  {
    "'NRG857_00920'": "'NRG857_00945'"
  },
  {
    "'NRG857_00920'": "'NRG857_16110'"
  },
  {
    "'NRG857_00920'": "'NRG857_19780'"
  },
  {
    "'NRG857_00920'": "'NRG857_13920'"
  },
  {
    "'NRG857_00920'": "'NRG857_05260'"
  },
  {
    "'NRG857_00920'": "'NRG857_19770'"
  },
  {
    "'NRG857_00920'": "'NRG857_21675'"
  },
  {
    "'NRG857_00920'": "'NRG857_15875'"
  },
  {
    "'NRG857_00920'": "'NRG857_15870'"
  },
  {
    "'NRG857_00920'": "'NRG857_21670'"
  },
  {
    "'NRG857_00920'": "'NRG857_15865'"
  },
  {
    "'NRG857_00920'": "'NRG857_16655'"
  },
  {
    "'NRG857_00920'": "'NRG857_05285'"
  },
  {
    "'NRG857_00920'": "'NRG857_09060'"
  },
  {
    "'NRG857_00920'": "'NRG857_16660'"
  },
  {
    "'NRG857_00920'": "'NRG857_13480'"
  },
  {
    "'NRG857_00920'": "'NRG857_05460'"
  },
  {
    "'NRG857_00920'": "'NRG857_21230'"
  },
  {
    "'NRG857_00920'": "'NRG857_14995'"
  },
  {
    "'NRG857_00920'": "'NRG857_19775'"
  },
  {
    "'NRG857_00920'": "'NRG857_19990'"
  },
  {
    "'NRG857_00920'": "'NRG857_02470'"
  },
  {
    "'NRG857_00920'": "'NRG857_02475'"
  },
  {
    "'NRG857_00920'": "'NRG857_03445'"
  },
  {
    "'NRG857_00920'": "'NRG857_19930'"
  },
  {
    "'NRG857_00920'": "'NRG857_06485'"
  },
  {
    "'NRG857_00920'": "'NRG857_06490'"
  },
  {
    "'NRG857_00920'": "'NRG857_03455'"
  },
  {
    "'NRG857_00920'": "'NRG857_01945'"
  },
  {
    "'NRG857_00920'": "'NRG857_19785'"
  },
  {
    "'NRG857_00920'": "'NRG857_15735'"
  },
  {
    "'NRG857_00920'": "'NRG857_17035'"
  },
  {
    "'NRG857_00920'": "'NRG857_00680'"
  },
  {
    "'NRG857_00920'": "'NRG857_21595'"
  },
  {
    "'NRG857_00920'": "'NRG857_12785'"
  },
  {
    "'NRG857_00920'": "'NRG857_04235'"
  },
  {
    "'NRG857_00920'": "'NRG857_10295'"
  },
  {
    "'NRG857_00920'": "'NRG857_03710'"
  },
  {
    "'NRG857_00920'": "'NRG857_19230'"
  },
  {
    "'NRG857_00920'": "'NRG857_21455'"
  },
  {
    "'NRG857_00920'": "'NRG857_03450'"
  },
  {
    "'NRG857_00920'": "'NRG857_15850'"
  },
  {
    "'NRG857_00920'": "'NRG857_15145'"
  },
  {
    "'NRG857_00920'": "'NRG857_06185'"
  },
  {
    "'NRG857_00920'": "'NRG857_12915'"
  },
  {
    "'NRG857_00920'": "'NRG857_12910'"
  },
  {
    "'NRG857_00920'": "'NRG857_11795'"
  },
  {
    "'NRG857_00920'": "'NRG857_20185'"
  },
  {
    "'NRG857_00920'": "'NRG857_04165'"
  },
  {
    "'NRG857_00920'": "'NRG857_03480'"
  },
  {
    "'NRG857_00920'": "'NRG857_03490'"
  },
  {
    "'NRG857_00920'": "'NRG857_03205'"
  },
  {
    "'NRG857_00920'": "'NRG857_13610'"
  },
  {
    "'NRG857_00920'": "'NRG857_14020'"
  },
  {
    "'NRG857_00920'": "'NRG857_18905'"
  },
  {
    "'NRG857_00920'": "'NRG857_00895'"
  },
  {
    "'NRG857_00920'": "'NRG857_15175'"
  },
  {
    "'NRG857_00920'": "'NRG857_03465'"
  },
  {
    "'NRG857_00920'": "'NRG857_18135'"
  },
  {
    "'NRG857_00920'": "'NRG857_18735'"
  },
  {
    "'NRG857_00920'": "'NRG857_00155'"
  },
  {
    "'NRG857_00920'": "'NRG857_12370'"
  },
  {
    "'NRG857_00920'": "'NRG857_11725'"
  },
  {
    "'NRG857_00920'": "'NRG857_15230'"
  },
  {
    "'NRG857_00920'": "'NRG857_05120'"
  },
  {
    "'NRG857_00920'": "'NRG857_15755'"
  },
  {
    "'NRG857_00920'": "'NRG857_16775'"
  },
  {
    "'NRG857_00920'": "'NRG857_08480'"
  },
  {
    "'NRG857_00920'": "'NRG857_01980'"
  },
  {
    "'NRG857_00920'": "'NRG857_00140'"
  },
  {
    "'NRG857_00920'": "'NRG857_00520'"
  },
  {
    "'NRG857_00920'": "'NRG857_18750'"
  },
  {
    "'NRG857_00920'": "'NRG857_05295'"
  },
  {
    "'NRG857_00920'": "'NRG857_00885'"
  },
  {
    "'NRG857_00920'": "'NRG857_01975'"
  },
  {
    "'NRG857_00920'": "'NRG857_06625'"
  },
  {
    "'NRG857_00920'": "'NRG857_13515'"
  },
  {
    "'NRG857_00920'": "'NRG857_13510'"
  },
  {
    "'NRG857_00920'": "'NRG857_02250'"
  },
  {
    "'NRG857_00920'": "'NRG857_00120'"
  },
  {
    "'NRG857_00920'": "'NRG857_18575'"
  },
  {
    "'NRG857_00920'": "'NRG857_00800'"
  },
  {
    "'NRG857_00920'": "'NRG857_17950'"
  },
  {
    "'NRG857_00920'": "'NRG857_07005'"
  },
  {
    "'NRG857_00920'": "'NRG857_18570'"
  },
  {
    "'NRG857_00920'": "'NRG857_19300'"
  },
  {
    "'NRG857_00920'": "'NRG857_11710'"
  },
  {
    "'NRG857_00920'": "'NRG857_19840'"
  },
  {
    "'NRG857_00920'": "'NRG857_06195'"
  },
  {
    "'NRG857_00920'": "'NRG857_12045'"
  },
  {
    "'NRG857_00920'": "'NRG857_12460'"
  },
  {
    "'NRG857_00920'": "'NRG857_10935'"
  },
  {
    "'NRG857_00920'": "'NRG857_06565'"
  },
  {
    "'NRG857_00920'": "'NRG857_20190'"
  },
  {
    "'NRG857_00920'": "'NRG857_00655'"
  },
  {
    "'NRG857_00920'": "'NRG857_10300'"
  },
  {
    "'NRG857_00920'": "'NRG857_10310'"
  },
  {
    "'NRG857_00920'": "'NRG857_18885'"
  },
  {
    "'NRG857_00920'": "'NRG857_10675'"
  },
  {
    "'NRG857_00920'": "'NRG857_00735'"
  },
  {
    "'NRG857_00920'": "'NRG857_00020'"
  },
  {
    "'NRG857_00920'": "'NRG857_20005'"
  },
  {
    "'NRG857_00920'": "'NRG857_10305'"
  },
  {
    "'NRG857_00920'": "'NRG857_12590'"
  },
  {
    "'NRG857_00920'": "'NRG857_18895'"
  },
  {
    "'NRG857_00920'": "'NRG857_05485'"
  },
  {
    "'NRG857_00920'": "'NRG857_10315'"
  },
  {
    "'NRG857_00920'": "'NRG857_10325'"
  },
  {
    "'NRG857_00920'": "'NRG857_06480'"
  },
  {
    "'NRG857_00920'": "'NRG857_18730'"
  },
  {
    "'NRG857_00920'": "'NRG857_00385'"
  },
  {
    "'NRG857_00920'": "'NRG857_00380'"
  },
  {
    "'NRG857_00920'": "'NRG857_00375'"
  },
  {
    "'NRG857_00920'": "'NRG857_00390'"
  },
  {
    "'NRG857_00920'": "'NRG857_04185'"
  },
  {
    "'NRG857_00920'": "'NRG857_15860'"
  },
  {
    "'NRG857_00920'": "'NRG857_06220'"
  },
  {
    "'NRG857_00920'": "'NRG857_00930'"
  },
  {
    "'NRG857_00920'": "'NRG857_03460'"
  },
  {
    "'NRG857_00920'": "'NRG857_05265'"
  },
  {
    "'NRG857_00920'": "'NRG857_12515'"
  },
  {
    "'NRG857_00920'": "'NRG857_13460'"
  },
  {
    "'NRG857_00920'": "'NRG857_13465'"
  },
  {
    "'NRG857_00920'": "'NRG857_14450'"
  },
  {
    "'NRG857_00920'": "'NRG857_03495'"
  },
  {
    "'NRG857_00920'": "'NRG857_18060'"
  },
  {
    "'NRG857_00920'": "'NRG857_00695'"
  },
  {
    "'NRG857_00920'": "'NRG857_00050'"
  },
  {
    "'NRG857_00920'": "'NRG857_05155'"
  },
  {
    "'NRG857_00920'": "'NRG857_03500'"
  },
  {
    "'NRG857_00920'": "'NRG857_03705'"
  },
  {
    "'NRG857_00920'": "'NRG857_19695'"
  },
  {
    "'NRG857_00920'": "'NRG857_12985'"
  },
  {
    "'NRG857_00920'": "'NRG857_08715'"
  },
  {
    "'NRG857_00920'": "'NRG857_02910'"
  },
  {
    "'NRG857_00920'": "'NRG857_00545'"
  },
  {
    "'NRG857_00920'": "'NRG857_21635'"
  },
  {
    "'NRG857_00920'": "'NRG857_15805'"
  },
  {
    "'NRG857_00920'": "'NRG857_04130'"
  },
  {
    "'NRG857_00920'": "'NRG857_06585'"
  },
  {
    "'NRG857_00920'": "'NRG857_19185'"
  },
  {
    "'NRG857_00920'": "'NRG857_11705'"
  },
  {
    "'NRG857_00920'": "'NRG857_18105'"
  },
  {
    "'NRG857_00920'": "'NRG857_01800'"
  },
  {
    "'NRG857_00920'": "'NRG857_00690'"
  },
  {
    "'NRG857_00920'": "'NRG857_00445'"
  },
  {
    "'NRG857_00920'": "'NRG857_13505'"
  },
  {
    "'NRG857_00920'": "'NRG857_00280'"
  },
  {
    "'NRG857_00920'": "'NRG857_12730'"
  },
  {
    "'NRG857_00920'": "'NRG857_11750'"
  },
  {
    "'NRG857_00920'": "'NRG857_15750'"
  },
  {
    "'NRG857_00920'": "'NRG857_16890'"
  },
  {
    "'NRG857_00920'": "'NRG857_19855'"
  },
  {
    "'NRG857_00920'": "'NRG857_01735'"
  },
  {
    "'NRG857_00920'": "'NRG857_18090'"
  },
  {
    "'NRG857_00920'": "'NRG857_19220'"
  },
  {
    "'NRG857_00920'": "'NRG857_19985'"
  },
  {
    "'NRG857_00920'": "'NRG857_12415'"
  },
  {
    "'NRG857_00920'": "'NRG857_10330'"
  },
  {
    "'NRG857_00920'": "'NRG857_12360'"
  },
  {
    "'NRG857_00920'": "'NRG857_12695'"
  },
  {
    "'NRG857_00920'": "'NRG857_10320'"
  },
  {
    "'NRG857_00920'": "'NRG857_04135'"
  },
  {
    "'NRG857_00920'": "'NRG857_21160'"
  },
  {
    "'NRG857_00920'": "'NRG857_12840'"
  },
  {
    "'NRG857_00920'": "'NRG857_18065'"
  },
  {
    "'NRG857_00920'": "'NRG857_03315'"
  },
  {
    "'NRG857_00920'": "'NRG857_08335'"
  },
  {
    "'NRG857_00920'": "'NRG857_01950'"
  },
  {
    "'NRG857_00920'": "'NRG857_13160'"
  },
  {
    "'NRG857_00920'": "'NRG857_13490'"
  },
  {
    "'NRG857_00920'": "'NRG857_13485'"
  },
  {
    "'NRG857_00920'": "'NRG857_12335'"
  },
  {
    "'NRG857_00920'": "'NRG857_17945'"
  },
  {
    "'NRG857_00920'": "'NRG857_16700'"
  },
  {
    "'NRG857_00920'": "'NRG857_19665'"
  },
  {
    "'NRG857_00920'": "'NRG857_04170'"
  },
  {
    "'NRG857_00920'": "'NRG857_00850'"
  },
  {
    "'NRG857_00920'": "'NRG857_19905'"
  },
  {
    "'NRG857_00920'": "'NRG857_01990'"
  },
  {
    "'NRG857_00920'": "'NRG857_19915'"
  },
  {
    "'NRG857_00920'": "'NRG857_19920'"
  },
  {
    "'NRG857_00920'": "'NRG857_12300'"
  },
  {
    "'NRG857_00920'": "'NRG857_13965'"
  },
  {
    "'NRG857_00920'": "'NRG857_01960'"
  },
  {
    "'NRG857_00920'": "'NRG857_19925'"
  },
  {
    "'NRG857_00920'": "'NRG857_06470'"
  },
  {
    "'NRG857_00920'": "'NRG857_06475'"
  },
  {
    "'NRG857_00920'": "'NRG857_19910'"
  },
  {
    "'NRG857_00920'": "'NRG857_00915'"
  },
  {
    "'NRG857_00920'": "'NRG857_00435'"
  },
  {
    "'NRG857_00920'": "'NRG857_00925'"
  },
  {
    "'NRG857_00920'": "'NRG857_15815'"
  },
  {
    "'NRG857_00920'": "'NRG857_00460'"
  },
  {
    "'NRG857_00920'": "'NRG857_00450'"
  },
  {
    "'NRG857_00920'": "'NRG857_00465'"
  },
  {
    "'NRG857_00920'": "'NRG857_19845'"
  },
  {
    "'NRG857_00920'": "'NRG857_00890'"
  },
  {
    "'NRG857_00920'": "'NRG857_00440'"
  },
  {
    "'NRG857_00920'": "'NRG857_00490'"
  },
  {
    "'NRG857_00920'": "'NRG857_18880'"
  },
  {
    "'NRG857_00920'": "'NRG857_19945'"
  },
  {
    "'NRG857_00920'": "'NRG857_02485'"
  }
]