[
  {
    "'SSON_0192'": "'SSON_1113'"
  },
  {
    "'SSON_0192'": "'SSON_2381'"
  },
  {
    "'SSON_0192'": "'SSON_0004'"
  },
  {
    "'SSON_0192'": "'SSON_0171'"
  },
  {
    "'SSON_0192'": "'SSON_1114'"
  },
  {
    "'SSON_0192'": "'s0001'"
  },
  {
    "'SSON_0192'": "'SSON_2374'"
  },
  {
    "'SSON_0192'": "'SSON_3397'"
  },
  {
    "'SSON_0192'": "'SSON_3396'"
  },
  {
    "'SSON_0192'": "'SSON_0197'"
  },
  {
    "'SSON_0192'": "'SSON_4132'"
  },
  {
    "'SSON_0192'": "'SSON_2975'"
  },
  {
    "'SSON_0192'": "'SSON_1111'"
  },
  {
    "'SSON_0192'": "'SSON_4130'"
  },
  {
    "'SSON_0192'": "'SSON_3347'"
  },
  {
    "'SSON_0192'": "'SSON_3349'"
  },
  {
    "'SSON_0192'": "'SSON_4446'"
  },
  {
    "'SSON_0192'": "'SSON_4447'"
  },
  {
    "'SSON_0192'": "'SSON_3348'"
  },
  {
    "'SSON_0192'": "'SSON_3490'"
  },
  {
    "'SSON_0192'": "'SSON_2898'"
  },
  {
    "'SSON_0192'": "'SSON_1149'"
  },
  {
    "'SSON_0192'": "'SSON_4362'"
  },
  {
    "'SSON_0192'": "'SSON_3160'"
  },
  {
    "'SSON_0192'": "'SSON_4131'"
  },
  {
    "'SSON_0192'": "'SSON_4179'"
  },
  {
    "'SSON_0192'": "'SSON_0496'"
  },
  {
    "'SSON_0192'": "'SSON_0495'"
  },
  {
    "'SSON_0192'": "'SSON_0753'"
  },
  {
    "'SSON_0192'": "'SSON_4167'"
  },
  {
    "'SSON_0192'": "'SSON_1880'"
  },
  {
    "'SSON_0192'": "'SSON_1879'"
  },
  {
    "'SSON_0192'": "'SSON_0755'"
  },
  {
    "'SSON_0192'": "'SSON_0391'"
  },
  {
    "'SSON_0192'": "'SSON_4133'"
  },
  {
    "'SSON_0192'": "'SSON_3320'"
  },
  {
    "'SSON_0192'": "'SSON_3673'"
  },
  {
    "'SSON_0192'": "'SSON_0139'"
  },
  {
    "'SSON_0192'": "'SSON_4426'"
  },
  {
    "'SSON_0192'": "'SSON_0931'"
  },
  {
    "'SSON_0192'": "'SSON_2090'"
  },
  {
    "'SSON_0192'": "'SSON_0809'"
  },
  {
    "'SSON_0192'": "'SSON_4029'"
  },
  {
    "'SSON_0192'": "'SSON_4399'"
  },
  {
    "'SSON_0192'": "'SSON_0754'"
  },
  {
    "'SSON_0192'": "'SSON_3344'"
  },
  {
    "'SSON_0192'": "'SSON_3177'"
  },
  {
    "'SSON_0192'": "'SSON_1970'"
  },
  {
    "'SSON_0192'": "'SSON_2751'"
  },
  {
    "'SSON_0192'": "'SSON_2750'"
  },
  {
    "'SSON_0192'": "'SSON_2387'"
  },
  {
    "'SSON_0192'": "'SSON_4219'"
  },
  {
    "'SSON_0192'": "'SSON_0916'"
  },
  {
    "'SSON_0192'": "'SSON_0760'"
  },
  {
    "'SSON_0192'": "'SSON_0762'"
  },
  {
    "'SSON_0192'": "'SSON_0671'"
  },
  {
    "'SSON_0192'": "'SSON_2937'"
  },
  {
    "'SSON_0192'": "'SSON_2998'"
  },
  {
    "'SSON_0192'": "'SSON_3982'"
  },
  {
    "'SSON_0192'": "'SSON_0187'"
  },
  {
    "'SSON_0192'": "'SSON_3178'"
  },
  {
    "'SSON_0192'": "'SSON_0757'"
  },
  {
    "'SSON_0192'": "'SSON_3757'"
  },
  {
    "'SSON_0192'": "'SSON_3942'"
  },
  {
    "'SSON_0192'": "'SSON_0036'"
  },
  {
    "'SSON_0192'": "'SSON_2559'"
  },
  {
    "'SSON_0192'": "'SSON_1082'"
  },
  {
    "'SSON_0192'": "'SSON_3520'"
  },
  {
    "'SSON_0192'": "'SSON_1461'"
  },
  {
    "'SSON_0192'": "'SSON_0398'"
  },
  {
    "'SSON_0192'": "'SSON_0034'"
  },
  {
    "'SSON_0192'": "'SSON_0111'"
  },
  {
    "'SSON_0192'": "'SSON_3945'"
  },
  {
    "'SSON_0192'": "'SSON_1118'"
  },
  {
    "'SSON_0192'": "'SSON_0185'"
  },
  {
    "'SSON_0192'": "'SSON_0397'"
  },
  {
    "'SSON_0192'": "'SSON_1852'"
  },
  {
    "'SSON_0192'": "'SSON_2916'"
  },
  {
    "'SSON_0192'": "'SSON_2917'"
  },
  {
    "'SSON_0192'": "'SSON_0462'"
  },
  {
    "'SSON_0192'": "'SSON_0030'"
  },
  {
    "'SSON_0192'": "'SSON_3889'"
  },
  {
    "'SSON_0192'": "'SSON_0166'"
  },
  {
    "'SSON_0192'": "'SSON_3797'"
  },
  {
    "'SSON_0192'": "'SSON_3890'"
  },
  {
    "'SSON_0192'": "'SSON_2370'"
  },
  {
    "'SSON_0192'": "'SSON_4140'"
  },
  {
    "'SSON_0192'": "'SSON_1968'"
  },
  {
    "'SSON_0192'": "'SSON_2491'"
  },
  {
    "'SSON_0192'": "'SSON_2589'"
  },
  {
    "'SSON_0192'": "'SSON_1863'"
  },
  {
    "'SSON_0192'": "'SSON_4220'"
  },
  {
    "'SSON_0192'": "'SSON_0134'"
  },
  {
    "'SSON_0192'": "'SSON_2091'"
  },
  {
    "'SSON_0192'": "'SSON_2093'"
  },
  {
    "'SSON_0192'": "'SSON_3977'"
  },
  {
    "'SSON_0192'": "'SSON_2151'"
  },
  {
    "'SSON_0192'": "'SSON_0003'"
  },
  {
    "'SSON_0192'": "'SSON_4185'"
  },
  {
    "'SSON_0192'": "'SSON_2092'"
  },
  {
    "'SSON_0192'": "'SSON_2612'"
  },
  {
    "'SSON_0192'": "'SSON_3980'"
  },
  {
    "'SSON_0192'": "'SSON_1154'"
  },
  {
    "'SSON_0192'": "'SSON_2094'"
  },
  {
    "'SSON_0192'": "'SSON_2096'"
  },
  {
    "'SSON_0192'": "'SSON_1881'"
  },
  {
    "'SSON_0192'": "'SSON_3941'"
  },
  {
    "'SSON_0192'": "'SSON_0080'"
  },
  {
    "'SSON_0192'": "'SSON_0078'"
  },
  {
    "'SSON_0192'": "'SSON_0079'"
  },
  {
    "'SSON_0192'": "'SSON_0081'"
  },
  {
    "'SSON_0192'": "'SSON_0920'"
  },
  {
    "'SSON_0192'": "'SSON_3346'"
  },
  {
    "'SSON_0192'": "'SSON_1963'"
  },
  {
    "'SSON_0192'": "'SSON_0194'"
  },
  {
    "'SSON_0192'": "'SSON_0756'"
  },
  {
    "'SSON_0192'": "'SSON_1112'"
  },
  {
    "'SSON_0192'": "'SSON_2597'"
  },
  {
    "'SSON_0192'": "'SSON_2894'"
  },
  {
    "'SSON_0192'": "'SSON_2895'"
  },
  {
    "'SSON_0192'": "'SSON_3096'"
  },
  {
    "'SSON_0192'": "'SSON_0763'"
  },
  {
    "'SSON_0192'": "'SSON_3774'"
  },
  {
    "'SSON_0192'": "'SSON_0142'"
  },
  {
    "'SSON_0192'": "'SSON_0010'"
  },
  {
    "'SSON_0192'": "'SSON_1089'"
  },
  {
    "'SSON_0192'": "'SSON_0764'"
  },
  {
    "'SSON_0192'": "'SSON_0808'"
  },
  {
    "'SSON_0192'": "'SSON_4115'"
  },
  {
    "'SSON_0192'": "'SSON_2771'"
  },
  {
    "'SSON_0192'": "'SSON_1418'"
  },
  {
    "'SSON_0192'": "'SSON_0934'"
  },
  {
    "'SSON_0192'": "'SSON_0593'"
  },
  {
    "'SSON_0192'": "'SSON_4436'"
  },
  {
    "'SSON_0192'": "'SSON_3335'"
  },
  {
    "'SSON_0192'": "'SSON_0908'"
  },
  {
    "'SSON_0192'": "'SSON_1859'"
  },
  {
    "'SSON_0192'": "'SSON_4016'"
  },
  {
    "'SSON_0192'": "'SSON_2369'"
  },
  {
    "'SSON_0192'": "'SSON_3764'"
  },
  {
    "'SSON_0192'": "'SSON_0362'"
  },
  {
    "'SSON_0192'": "'SSON_0141'"
  },
  {
    "'SSON_0192'": "'SSON_0095'"
  },
  {
    "'SSON_0192'": "'SSON_2915'"
  },
  {
    "'SSON_0192'": "'SSON_0060'"
  },
  {
    "'SSON_0192'": "'SSON_2688'"
  },
  {
    "'SSON_0192'": "'SSON_2378'"
  },
  {
    "'SSON_0192'": "'SSON_3324'"
  },
  {
    "'SSON_0192'": "'SSON_3545'"
  },
  {
    "'SSON_0192'": "'SSON_4147'"
  },
  {
    "'SSON_0192'": "'SSON_0347'"
  },
  {
    "'SSON_0192'": "'SSON_3767'"
  },
  {
    "'SSON_0192'": "'SSON_4023'"
  },
  {
    "'SSON_0192'": "'SSON_4178'"
  },
  {
    "'SSON_0192'": "'SSON_2581'"
  },
  {
    "'SSON_0192'": "'SSON_2097'"
  },
  {
    "'SSON_0192'": "'SSON_2557'"
  },
  {
    "'SSON_0192'": "'SSON_2640'"
  },
  {
    "'SSON_0192'": "'SSON_2095'"
  },
  {
    "'SSON_0192'": "'SSON_0909'"
  },
  {
    "'SSON_0192'": "'SSON_4345'"
  },
  {
    "'SSON_0192'": "'SSON_2711'"
  },
  {
    "'SSON_0192'": "'SSON_3773'"
  },
  {
    "'SSON_0192'": "'SSON_1494'"
  },
  {
    "'SSON_0192'": "'SSON_0392'"
  },
  {
    "'SSON_0192'": "'SSON_2831'"
  },
  {
    "'SSON_0192'": "'SSON_2900'"
  },
  {
    "'SSON_0192'": "'SSON_2899'"
  },
  {
    "'SSON_0192'": "'SSON_2552'"
  },
  {
    "'SSON_0192'": "'SSON_3798'"
  },
  {
    "'SSON_0192'": "'SSON_3499'"
  },
  {
    "'SSON_0192'": "'SSON_4113'"
  },
  {
    "'SSON_0192'": "'SSON_0917'"
  },
  {
    "'SSON_0192'": "'SSON_0178'"
  },
  {
    "'SSON_0192'": "'SSON_4164'"
  },
  {
    "'SSON_0192'": "'SSON_0400'"
  },
  {
    "'SSON_0192'": "'SSON_4165'"
  },
  {
    "'SSON_0192'": "'SSON_4162'"
  },
  {
    "'SSON_0192'": "'SSON_2545'"
  },
  {
    "'SSON_0192'": "'SSON_2984'"
  },
  {
    "'SSON_0192'": "'SSON_0394'"
  },
  {
    "'SSON_0192'": "'SSON_4166'"
  },
  {
    "'SSON_0192'": "'SSON_1883'"
  },
  {
    "'SSON_0192'": "'SSON_1882'"
  },
  {
    "'SSON_0192'": "'SSON_4163'"
  },
  {
    "'SSON_0192'": "'SSON_0191'"
  },
  {
    "'SSON_0192'": "'SSON_0093'"
  },
  {
    "'SSON_0192'": "'SSON_0193'"
  },
  {
    "'SSON_0192'": "'SSON_3337'"
  },
  {
    "'SSON_0192'": "'SSON_0098'"
  },
  {
    "'SSON_0192'": "'SSON_0096'"
  },
  {
    "'SSON_0192'": "'SSON_0099'"
  },
  {
    "'SSON_0192'": "'SSON_4145'"
  },
  {
    "'SSON_0192'": "'SSON_0186'"
  },
  {
    "'SSON_0192'": "'SSON_0094'"
  },
  {
    "'SSON_0192'": "'SSON_0104'"
  },
  {
    "'SSON_0192'": "'SSON_3976'"
  },
  {
    "'SSON_0192'": "'SSON_4170'"
  },
  {
    "'SSON_0192'": "'SSON_0494'"
  }
]