SFV_2913,SFV_0962,SFV_0307
SFV_0962,SFV_0307,SFV_3677
SFV_4142,SFV_0107,SFV_0608
SFV_4142,SFV_0107,SFV_0607
SFV_4142,SFV_0610,SFV_0608
SFV_4142,SFV_0610,SFV_0607
SFV_4142,SFV_0609,SFV_0608
SFV_4142,SFV_0609,SFV_0607
SFV_2467,SFV_0987,SFV_2446
SFV_2467,SFV_0988,SFV_2446
SFV_2467,SFV_0115,SFV_2446
SFV_2467,SFV_3445,SFV_2446
SFV_2468,SFV_0987,SFV_2446
SFV_2468,SFV_0988,SFV_2446
SFV_2468,SFV_0115,SFV_2446
SFV_2468,SFV_3445,SFV_2446
SFV_0107,SFV_2599,SFV_0487
SFV_0107,SFV_0987,SFV_1436
SFV_0107,SFV_0987,SFV_2972
SFV_0107,SFV_0988,SFV_1436
SFV_0107,SFV_0988,SFV_2972
SFV_0107,SFV_0487,SFV_2960
SFV_0107,SFV_0487,SFV_4422
SFV_0107,SFV_2966,SFV_0608
SFV_0107,SFV_2966,SFV_0607
SFV_0610,SFV_2966,SFV_0608
SFV_0610,SFV_2966,SFV_0607
SFV_0609,SFV_2966,SFV_0608
SFV_0609,SFV_2966,SFV_0607
SFV_2599,SFV_0858,SFV_3911
SFV_2599,SFV_0858,SFV_3912
SFV_2599,SFV_2952,SFV_0487
SFV_2599,SFV_2953,SFV_0487
SFV_2599,SFV_2951,SFV_0487
SFV_2437,SFV_2357,SFV_3968
SFV_3760,SFV_0987,SFV_1436
SFV_3760,SFV_0987,SFV_2972
SFV_3760,SFV_0988,SFV_1436
SFV_3760,SFV_0988,SFV_2972
SFV_3760,SFV_1436,SFV_1852
SFV_3760,SFV_1436,SFV_1853
SFV_3760,SFV_1436,SFV_3575
SFV_3760,SFV_1852,SFV_2972
SFV_3760,SFV_1853,SFV_2972
SFV_3760,SFV_2972,SFV_3575
SFV_3761,SFV_0987,SFV_1436
SFV_3761,SFV_0987,SFV_2972
SFV_3761,SFV_0988,SFV_1436
SFV_3761,SFV_0988,SFV_2972
SFV_3761,SFV_1436,SFV_1852
SFV_3761,SFV_1436,SFV_1853
SFV_3761,SFV_1436,SFV_3575
SFV_3761,SFV_1852,SFV_2972
SFV_3761,SFV_1853,SFV_2972
SFV_3761,SFV_2972,SFV_3575
SFV_3764,SFV_0987,SFV_1436
SFV_3764,SFV_0987,SFV_2972
SFV_3764,SFV_0988,SFV_1436
SFV_3764,SFV_0988,SFV_2972
SFV_3764,SFV_1436,SFV_1852
SFV_3764,SFV_1436,SFV_1853
SFV_3764,SFV_1436,SFV_3575
SFV_3764,SFV_1852,SFV_2972
SFV_3764,SFV_1853,SFV_2972
SFV_3764,SFV_2972,SFV_3575
SFV_3757,SFV_0987,SFV_1436
SFV_3757,SFV_0987,SFV_2972
SFV_3757,SFV_0988,SFV_1436
SFV_3757,SFV_0988,SFV_2972
SFV_3757,SFV_1436,SFV_1852
SFV_3757,SFV_1436,SFV_1853
SFV_3757,SFV_1436,SFV_3575
SFV_3757,SFV_1852,SFV_2972
SFV_3757,SFV_1853,SFV_2972
SFV_3757,SFV_2972,SFV_3575
SFV_3759,SFV_0987,SFV_1436
SFV_3759,SFV_0987,SFV_2972
SFV_3759,SFV_0988,SFV_1436
SFV_3759,SFV_0988,SFV_2972
SFV_3759,SFV_1436,SFV_1852
SFV_3759,SFV_1436,SFV_1853
SFV_3759,SFV_1436,SFV_3575
SFV_3759,SFV_1852,SFV_2972
SFV_3759,SFV_1853,SFV_2972
SFV_3759,SFV_2972,SFV_3575
SFV_3763,SFV_0987,SFV_1436
SFV_3763,SFV_0987,SFV_2972
SFV_3763,SFV_0988,SFV_1436
SFV_3763,SFV_0988,SFV_2972
SFV_3763,SFV_1436,SFV_1852
SFV_3763,SFV_1436,SFV_1853
SFV_3763,SFV_1436,SFV_3575
SFV_3763,SFV_1852,SFV_2972
SFV_3763,SFV_1853,SFV_2972
SFV_3763,SFV_2972,SFV_3575
SFV_3762,SFV_0987,SFV_1436
SFV_3762,SFV_0987,SFV_2972
SFV_3762,SFV_0988,SFV_1436
SFV_3762,SFV_0988,SFV_2972
SFV_3762,SFV_1436,SFV_1852
SFV_3762,SFV_1436,SFV_1853
SFV_3762,SFV_1436,SFV_3575
SFV_3762,SFV_1852,SFV_2972
SFV_3762,SFV_1853,SFV_2972
SFV_3762,SFV_2972,SFV_3575
SFV_3758,SFV_0987,SFV_1436
SFV_3758,SFV_0987,SFV_2972
SFV_3758,SFV_0988,SFV_1436
SFV_3758,SFV_0988,SFV_2972
SFV_3758,SFV_1436,SFV_1852
SFV_3758,SFV_1436,SFV_1853
SFV_3758,SFV_1436,SFV_3575
SFV_3758,SFV_1852,SFV_2972
SFV_3758,SFV_1853,SFV_2972
SFV_3758,SFV_2972,SFV_3575
SFV_3682,SFV_4250,SFV_3480
SFV_3682,SFV_4250,SFV_3481
SFV_3682,SFV_4250,SFV_3479
SFV_3682,SFV_4250,SFV_3483
SFV_3682,SFV_4250,SFV_3482
SFV_0987,SFV_1436,SFV_1852
SFV_0987,SFV_1436,SFV_1853
SFV_0987,SFV_1436,SFV_1854
SFV_0987,SFV_1436,SFV_2997
SFV_0987,SFV_1436,SFV_2446
SFV_0987,SFV_1436,SFV_0106
SFV_0987,SFV_1436,SFV_0105
SFV_0987,SFV_1436,SFV_0750
SFV_0987,SFV_1436,SFV_1522
SFV_0987,SFV_1436,SFV_2364
SFV_0987,SFV_1436,SFV_3575
SFV_0987,SFV_1852,SFV_2972
SFV_0987,SFV_1853,SFV_2972
SFV_0987,SFV_2676,SFV_1522
SFV_0987,SFV_2676,SFV_2364
SFV_0987,SFV_1854,SFV_4188
SFV_0987,SFV_1854,SFV_2972
SFV_0987,SFV_1854,SFV_3391
SFV_0987,SFV_2997,SFV_2972
SFV_0987,SFV_2446,SFV_2972
SFV_0987,SFV_0106,SFV_2972
SFV_0987,SFV_0105,SFV_2972
SFV_0987,SFV_4188,SFV_0750
SFV_0987,SFV_2972,SFV_0750
SFV_0987,SFV_2972,SFV_1522
SFV_0987,SFV_2972,SFV_2364
SFV_0987,SFV_2972,SFV_3575
SFV_0987,SFV_0750,SFV_3391
SFV_0988,SFV_1436,SFV_1852
SFV_0988,SFV_1436,SFV_1853
SFV_0988,SFV_1436,SFV_1854
SFV_0988,SFV_1436,SFV_2997
SFV_0988,SFV_1436,SFV_2446
SFV_0988,SFV_1436,SFV_0106
SFV_0988,SFV_1436,SFV_0105
SFV_0988,SFV_1436,SFV_0750
SFV_0988,SFV_1436,SFV_1522
SFV_0988,SFV_1436,SFV_2364
SFV_0988,SFV_1436,SFV_3575
SFV_0988,SFV_1852,SFV_2972
SFV_0988,SFV_1853,SFV_2972
SFV_0988,SFV_2676,SFV_1522
SFV_0988,SFV_2676,SFV_2364
SFV_0988,SFV_1854,SFV_4188
SFV_0988,SFV_1854,SFV_2972
SFV_0988,SFV_1854,SFV_3391
SFV_0988,SFV_2997,SFV_2972
SFV_0988,SFV_2446,SFV_2972
SFV_0988,SFV_0106,SFV_2972
SFV_0988,SFV_0105,SFV_2972
SFV_0988,SFV_4188,SFV_0750
SFV_0988,SFV_2972,SFV_0750
SFV_0988,SFV_2972,SFV_1522
SFV_0988,SFV_2972,SFV_2364
SFV_0988,SFV_2972,SFV_3575
SFV_0988,SFV_0750,SFV_3391
SFV_2218,SFV_0911,SFV_2961
SFV_1520,SFV_0586,SFV_2870
SFV_3723,SFV_2645,SFV_3512
SFV_1628,SFV_1627,SFV_4025
SFV_1436,SFV_4086,SFV_1522
SFV_1436,SFV_1522,SFV_0612
SFV_1436,SFV_1522,SFV_0611
SFV_1436,SFV_1522,SFV_0613
SFV_1436,SFV_1522,SFV_0614
SFV_1436,SFV_2961,SFV_3575
SFV_1436,SFV_3157,SFV_3575
SFV_1852,SFV_2089,SFV_4188
SFV_1852,SFV_4188,SFV_2961
SFV_1853,SFV_2089,SFV_4188
SFV_1853,SFV_4188,SFV_2961
SFV_2676,SFV_4086,SFV_1522
SFV_2676,SFV_3031,SFV_1522
SFV_2676,SFV_3408,SFV_1522
SFV_2676,SFV_1522,SFV_0612
SFV_2676,SFV_1522,SFV_0611
SFV_2676,SFV_1522,SFV_0613
SFV_2676,SFV_1522,SFV_0614
SFV_1854,SFV_0115,SFV_4188
SFV_1854,SFV_0115,SFV_3391
SFV_1854,SFV_3445,SFV_4188
SFV_1854,SFV_3445,SFV_3391
SFV_0115,SFV_4188,SFV_0750
SFV_0115,SFV_0750,SFV_3391
SFV_2952,SFV_0487,SFV_2960
SFV_2952,SFV_0487,SFV_4422
SFV_2953,SFV_0487,SFV_2960
SFV_2953,SFV_0487,SFV_4422
SFV_2951,SFV_0487,SFV_2960
SFV_2951,SFV_0487,SFV_4422
SFV_2089,SFV_4188,SFV_3575
SFV_3445,SFV_4188,SFV_0750
SFV_3445,SFV_0750,SFV_3391
SFV_3512,SFV_2308,SFV_4253
SFV_3512,SFV_2307,SFV_4253
SFV_4086,SFV_2972,SFV_1522
SFV_3651,SFV_3753,SFV_1262
SFV_3753,SFV_3309,SFV_1262
SFV_3753,SFV_1305,SFV_1262
SFV_0134,SFV_3401,SFV_2566
SFV_0575,SFV_2478,SFV_3577
SFV_2478,SFV_0577,SFV_3577
SFV_2478,SFV_3577,SFV_0576
SFV_0487,SFV_0902,SFV_4021
SFV_0487,SFV_0902,SFV_4020
SFV_1291,SFV_0826,SFV_3097
SFV_4188,SFV_3391,SFV_3575
SFV_4188,SFV_2961,SFV_3575
SFV_2972,SFV_1522,SFV_0612
SFV_2972,SFV_1522,SFV_0611
SFV_2972,SFV_1522,SFV_0613
SFV_2972,SFV_1522,SFV_0614
SFV_2972,SFV_2961,SFV_3575
SFV_2972,SFV_3157,SFV_3575
SFV_2308,SFV_2828,SFV_4253
SFV_2308,SFV_2827,SFV_4253
SFV_2307,SFV_2828,SFV_4253
SFV_2307,SFV_2827,SFV_4253
SFV_2828,SFV_4253,SFV_0879
SFV_2827,SFV_4253,SFV_0879
SFV_2961,SFV_0007,SFV_2508
