[
  {
    "'Unknown'": "'g.2746.peg.1081'"
  },
  {
    "'Unknown'": "'g.2746.peg.1206'"
  },
  {
    "'Unknown'": "'g.2746.peg.465'"
  },
  {
    "'Unknown'": "'g.2746.peg.682'"
  },
  {
    "'Unknown'": "'g.2746.peg.1390'"
  },
  {
    "'Unknown'": "'g.2746.peg.998'"
  },
  {
    "'Unknown'": "'g.2746.peg.1302'"
  },
  {
    "'Unknown'": "'g.2746.peg.1704'"
  },
  {
    "'Unknown'": "'g.2746.peg.1143'"
  },
  {
    "'Unknown'": "'g.2746.peg.694'"
  },
  {
    "'Unknown'": "'g.2746.peg.777'"
  },
  {
    "'Unknown'": "'644284.3.peg.876'"
  },
  {
    "'Unknown'": "'g.2746.peg.73'"
  },
  {
    "'Unknown'": "'g.2746.peg.1511'"
  },
  {
    "'Unknown'": "'g.2746.peg.1401'"
  },
  {
    "'Unknown'": "'644284.3.peg.779'"
  },
  {
    "'Unknown'": "'644284.3.peg.611'"
  },
  {
    "'Unknown'": "'g.2746.peg.1378'"
  },
  {
    "'Unknown'": "'644284.3.peg.1481'"
  },
  {
    "'Unknown'": "'g.2746.peg.1101'"
  },
  {
    "'Unknown'": "'g.2746.peg.1270'"
  },
  {
    "'Unknown'": "'g.2746.peg.1467'"
  },
  {
    "'Unknown'": "'g.2746.peg.1471'"
  },
  {
    "'Unknown'": "'644284.3.peg.1092'"
  },
  {
    "'Unknown'": "'g.2746.peg.726'"
  },
  {
    "'Unknown'": "'g.2746.peg.410'"
  },
  {
    "'Unknown'": "'644284.3.peg.1249'"
  },
  {
    "'Unknown'": "'g.2746.peg.1147'"
  },
  {
    "'Unknown'": "'g.2746.peg.645'"
  },
  {
    "'Unknown'": "'g.2746.peg.530'"
  },
  {
    "'Unknown'": "'g.2746.peg.866'"
  },
  {
    "'Unknown'": "'g.2746.peg.1324'"
  },
  {
    "'Unknown'": "'g.2746.peg.431'"
  },
  {
    "'Unknown'": "'644284.3.peg.1044'"
  },
  {
    "'Unknown'": "'644284.3.peg.1307'"
  },
  {
    "'Unknown'": "'644284.3.peg.1306'"
  },
  {
    "'Unknown'": "'644284.3.peg.836'"
  },
  {
    "'Unknown'": "'g.2746.peg.816'"
  },
  {
    "'Unknown'": "'g.2746.peg.1178'"
  },
  {
    "'Unknown'": "'g.2746.peg.1148'"
  },
  {
    "'Unknown'": "'g.2746.peg.268'"
  },
  {
    "'Unknown'": "'g.2746.peg.1755'"
  },
  {
    "'Unknown'": "'644284.3.peg.861'"
  },
  {
    "'Unknown'": "'g.2746.peg.395'"
  },
  {
    "'Unknown'": "'644284.3.peg.1250'"
  },
  {
    "'Unknown'": "'g.2746.peg.1030'"
  },
  {
    "'Unknown'": "'g.2746.peg.881'"
  },
  {
    "'Unknown'": "'g.2746.peg.1537'"
  },
  {
    "'Unknown'": "'g.2746.peg.1279'"
  },
  {
    "'Unknown'": "'g.2746.peg.1247'"
  },
  {
    "'Unknown'": "'g.2746.peg.377'"
  },
  {
    "'Unknown'": "'g.2746.peg.1315'"
  },
  {
    "'Unknown'": "'g.2746.peg.1013'"
  },
  {
    "'Unknown'": "'g.2746.peg.1063'"
  },
  {
    "'Unknown'": "'g.2746.peg.1130'"
  },
  {
    "'Unknown'": "'g.2746.peg.1174'"
  },
  {
    "'Unknown'": "'g.2746.peg.1301'"
  },
  {
    "'Unknown'": "'g.2746.peg.1424'"
  },
  {
    "'Unknown'": "'g.2746.peg.1454'"
  },
  {
    "'Unknown'": "'g.2746.peg.1532'"
  },
  {
    "'Unknown'": "'g.2746.peg.154'"
  },
  {
    "'Unknown'": "'g.2746.peg.1571'"
  },
  {
    "'Unknown'": "'g.2746.peg.1634'"
  },
  {
    "'Unknown'": "'g.2746.peg.1703'"
  },
  {
    "'Unknown'": "'g.2746.peg.616'"
  },
  {
    "'Unknown'": "'g.2746.peg.640'"
  },
  {
    "'Unknown'": "'g.2746.peg.666'"
  },
  {
    "'Unknown'": "'g.2746.peg.744'"
  },
  {
    "'Unknown'": "'g.2746.peg.751'"
  },
  {
    "'Unknown'": "'g.2746.peg.90'"
  },
  {
    "'Unknown'": "'g.2746.peg.1019'"
  },
  {
    "'Unknown'": "'g.2746.peg.1028'"
  },
  {
    "'Unknown'": "'g.2746.peg.1045'"
  },
  {
    "'Unknown'": "'g.2746.peg.1051'"
  },
  {
    "'Unknown'": "'g.2746.peg.110'"
  },
  {
    "'Unknown'": "'g.2746.peg.1111'"
  },
  {
    "'Unknown'": "'g.2746.peg.1140'"
  },
  {
    "'Unknown'": "'g.2746.peg.1141'"
  },
  {
    "'Unknown'": "'g.2746.peg.1142'"
  },
  {
    "'Unknown'": "'g.2746.peg.120'"
  },
  {
    "'Unknown'": "'g.2746.peg.1201'"
  },
  {
    "'Unknown'": "'g.2746.peg.1212'"
  },
  {
    "'Unknown'": "'g.2746.peg.1222'"
  },
  {
    "'Unknown'": "'g.2746.peg.1254'"
  },
  {
    "'Unknown'": "'g.2746.peg.129'"
  },
  {
    "'Unknown'": "'g.2746.peg.1310'"
  },
  {
    "'Unknown'": "'g.2746.peg.1314'"
  },
  {
    "'Unknown'": "'g.2746.peg.1338'"
  },
  {
    "'Unknown'": "'g.2746.peg.1364'"
  },
  {
    "'Unknown'": "'g.2746.peg.1379'"
  },
  {
    "'Unknown'": "'g.2746.peg.1433'"
  },
  {
    "'Unknown'": "'g.2746.peg.1455'"
  },
  {
    "'Unknown'": "'g.2746.peg.156'"
  },
  {
    "'Unknown'": "'g.2746.peg.1591'"
  },
  {
    "'Unknown'": "'g.2746.peg.1612'"
  },
  {
    "'Unknown'": "'g.2746.peg.1621'"
  },
  {
    "'Unknown'": "'g.2746.peg.1655'"
  },
  {
    "'Unknown'": "'g.2746.peg.1659'"
  },
  {
    "'Unknown'": "'g.2746.peg.199'"
  },
  {
    "'Unknown'": "'g.2746.peg.243'"
  },
  {
    "'Unknown'": "'g.2746.peg.250'"
  },
  {
    "'Unknown'": "'g.2746.peg.267'"
  },
  {
    "'Unknown'": "'g.2746.peg.343'"
  },
  {
    "'Unknown'": "'g.2746.peg.355'"
  },
  {
    "'Unknown'": "'g.2746.peg.38'"
  },
  {
    "'Unknown'": "'g.2746.peg.392'"
  },
  {
    "'Unknown'": "'g.2746.peg.397'"
  },
  {
    "'Unknown'": "'g.2746.peg.423'"
  },
  {
    "'Unknown'": "'g.2746.peg.430'"
  },
  {
    "'Unknown'": "'g.2746.peg.478'"
  },
  {
    "'Unknown'": "'g.2746.peg.519'"
  },
  {
    "'Unknown'": "'g.2746.peg.521'"
  },
  {
    "'Unknown'": "'g.2746.peg.525'"
  },
  {
    "'Unknown'": "'g.2746.peg.548'"
  },
  {
    "'Unknown'": "'g.2746.peg.570'"
  },
  {
    "'Unknown'": "'g.2746.peg.595'"
  },
  {
    "'Unknown'": "'g.2746.peg.597'"
  },
  {
    "'Unknown'": "'g.2746.peg.651'"
  },
  {
    "'Unknown'": "'g.2746.peg.686'"
  },
  {
    "'Unknown'": "'g.2746.peg.698'"
  },
  {
    "'Unknown'": "'g.2746.peg.720'"
  },
  {
    "'Unknown'": "'g.2746.peg.724'"
  },
  {
    "'Unknown'": "'g.2746.peg.738'"
  },
  {
    "'Unknown'": "'g.2746.peg.765'"
  },
  {
    "'Unknown'": "'g.2746.peg.781'"
  },
  {
    "'Unknown'": "'g.2746.peg.817'"
  },
  {
    "'Unknown'": "'g.2746.peg.842'"
  },
  {
    "'Unknown'": "'g.2746.peg.869'"
  },
  {
    "'Unknown'": "'g.2746.peg.886'"
  },
  {
    "'Unknown'": "'g.2746.peg.913'"
  },
  {
    "'Unknown'": "'g.2746.peg.918'"
  },
  {
    "'Unknown'": "'g.2746.peg.922'"
  },
  {
    "'Unknown'": "'g.2746.peg.929'"
  },
  {
    "'Unknown'": "'g.2746.peg.947'"
  },
  {
    "'Unknown'": "'g.2746.peg.960'"
  },
  {
    "'Unknown'": "'g.2746.peg.113'"
  },
  {
    "'Unknown'": "'g.2746.peg.1132'"
  },
  {
    "'Unknown'": "'g.2746.peg.1479'"
  },
  {
    "'Unknown'": "'g.2746.peg.1641'"
  },
  {
    "'Unknown'": "'g.2746.peg.1747'"
  },
  {
    "'Unknown'": "'g.2746.peg.178'"
  },
  {
    "'Unknown'": "'g.2746.peg.417'"
  },
  {
    "'Unknown'": "'g.2746.peg.544'"
  },
  {
    "'Unknown'": "'g.2746.peg.972'"
  }
]