S3043,S1020,S0292
S1020,S0292,S3856
S2617,S0123,S2593
S2617,S4303,S2593
S2616,S0123,S2593
S2616,S4303,S2593
S0115,S2770,S0468
S0115,S0468,S3098
S0115,S0468,S4691
S0866,S2770,S4110
S0866,S2770,S4111
S2770,S3090,S0468
S2770,S3089,S0468
S2770,S3088,S0468
S2583,S2501,S4153
S3954,S1559,S1926
S3954,S1559,S1927
S3954,S1559,S3750
S3954,S1926,S2988
S3954,S1926,S3111
S3954,S1927,S2988
S3954,S1927,S3111
S3954,S3111,S3750
S3956,S1559,S1926
S3956,S1559,S1927
S3956,S1559,S3750
S3956,S1926,S2988
S3956,S1926,S3111
S3956,S1927,S2988
S3956,S1927,S3111
S3956,S3111,S3750
S3950,S1559,S1926
S3950,S1559,S1927
S3950,S1559,S3750
S3950,S1926,S2988
S3950,S1926,S3111
S3950,S1927,S2988
S3950,S1927,S3111
S3950,S3111,S3750
S3952,S1559,S1926
S3952,S1559,S1927
S3952,S1559,S3750
S3952,S1926,S2988
S3952,S1926,S3111
S3952,S1927,S2988
S3952,S1927,S3111
S3952,S3111,S3750
S3955,S1559,S1926
S3955,S1559,S1927
S3955,S1559,S3750
S3955,S1926,S2988
S3955,S1926,S3111
S3955,S1927,S2988
S3955,S1927,S3111
S3955,S3111,S3750
S3951,S1559,S1926
S3951,S1559,S1927
S3951,S1559,S3750
S3951,S1926,S2988
S3951,S1926,S3111
S3951,S1927,S2988
S3951,S1927,S3111
S3951,S3111,S3750
S3953,S1559,S1926
S3953,S1559,S1927
S3953,S1559,S3750
S3953,S1926,S2988
S3953,S1926,S3111
S3953,S1927,S2988
S3953,S1927,S3111
S3953,S3111,S3750
S3957,S1559,S1926
S3957,S1559,S1927
S3957,S1559,S3750
S3957,S1926,S2988
S3957,S1926,S3111
S3957,S1927,S2988
S3957,S1927,S3111
S3957,S3111,S3750
S3861,S4510,S4267
S3861,S4510,S4266
S3861,S4510,S4265
S3861,S4510,S4269
S3861,S4510,S4268
S1047,S0577,S3713
S1047,S0576,S3713
S1046,S0577,S3713
S1046,S0576,S3713
S2357,S0970,S3099
S2838,S0558,S1644
S2817,S3905,S4237
S1766,S1765,S3713
S1559,S3649,S1646
S1559,S1646,S0587
S1559,S1646,S0589
S1559,S1646,S0586
S1559,S1646,S0588
S1559,S3099,S3750
S1559,S3368,S3750
S1926,S2212,S3551
S1926,S3551,S3099
S1927,S2212,S3551
S1927,S3551,S3099
S2988,S3649,S1646
S2988,S3216,S1646
S2988,S4341,S1646
S2988,S1646,S0587
S2988,S1646,S0589
S2988,S1646,S0586
S2988,S1646,S0588
S1928,S0123,S3551
S1928,S0123,S4358
S1928,S4303,S3551
S1928,S4303,S4358
S0123,S3551,S0935
S0123,S0935,S4358
S3090,S0468,S3098
S3090,S0468,S4691
S3089,S0468,S3098
S3089,S0468,S4691
S3088,S0468,S3098
S3088,S0468,S4691
S2212,S3551,S3750
S4303,S3551,S0935
S4303,S0935,S4358
S4237,S2450,S4514
S4237,S2449,S4514
S3649,S3111,S1646
S3546,S3940,S1337
S1378,S3940,S1337
S3940,S1337,S3827
S0548,S2626,S3752
S2626,S3752,S0547
S2626,S3752,S0549
S0468,S0961,S3718
S0468,S0961,S3717
S1365,S0837,S3303
S3551,S4358,S3750
S3551,S3099,S3750
S3111,S1646,S0587
S3111,S1646,S0589
S3111,S1646,S0586
S3111,S1646,S0588
S3111,S3099,S3750
S3111,S3368,S3750
S3235,S4244,S4043
S3235,S4244,S4044
S3235,S4244,S4045
S3235,S4244,S4042
S2450,S2890,S4514
S2450,S2889,S4514
S2449,S2890,S4514
S2449,S2889,S4514
S2890,S4514,S0888
S2889,S4514,S0888
S3099,S2657,S0008
