'2OMMBOX','DMQMT'
'2OMMBOX','OMBZLM'
'2OMMBOX','OMMBLHX3'
'2OMMBOX','OMPHHX3'
'2OMPHH','DMQMT'
'2OMPHH','OMBZLM'
'2OMPHH','OMMBLHX3'
'2OMPHH','OMPHHX3'
'3HAD100','AACPS7'
'3HAD100','DDCAt'
'3HAD100','EX_ddca(e)'
'3HAD120','AACPS7'
'3HAD120','DDCAt'
'3HAD120','EX_ddca(e)'
'3HAD140','EX_ttdca(e)'
'3HAD140','FACOAL140'
'3HAD140','TDCOATA'
'3HAD180','EX_ocdca(e)'
'3HAD180','FACOAL180'
'3HAD40','AACPS7'
'3HAD40','DDCAt'
'3HAD40','EX_ddca(e)'
'3HAD60','AACPS7'
'3HAD60','DDCAt'
'3HAD60','EX_ddca(e)'
'3HAD80','AACPS7'
'3HAD80','DDCAt'
'3HAD80','EX_ddca(e)'
'3MOBS','LEUTA'
'3OAR100','AACPS7'
'3OAR100','DDCAt'
'3OAR100','EX_ddca(e)'
'3OAR120','AACPS7'
'3OAR120','DDCAt'
'3OAR120','EX_ddca(e)'
'3OAR180','EX_ocdca(e)'
'3OAR180','FACOAL180'
'3OAR40','AACPS7'
'3OAR40','DDCAt'
'3OAR40','EX_ddca(e)'
'3OAR60','AACPS7'
'3OAR60','DDCAt'
'3OAR60','EX_ddca(e)'
'3OAR80','AACPS7'
'3OAR80','DDCAt'
'3OAR80','EX_ddca(e)'
'3OAS100','AACPS7'
'3OAS100','DDCAt'
'3OAS100','EX_ddca(e)'
'3OAS120','AACPS7'
'3OAS120','DDCAt'
'3OAS120','EX_ddca(e)'
'3OAS180','EX_ocdca(e)'
'3OAS180','FACOAL180'
'3OAS60','AACPS7'
'3OAS60','DDCAt'
'3OAS60','EX_ddca(e)'
'3OAS80','AACPS7'
'3OAS80','DDCAt'
'3OAS80','EX_ddca(e)'
'4HBZt2','CHRPL'
'AACPS7','ACOATA'
'AACPS7','EAR100x'
'AACPS7','EAR120x'
'AACPS7','EAR40x'
'AACPS7','EAR60x'
'AACPS7','EAR80x'
'AACPS7','KAS14'
'ACCOAC','ACCOACL'
'ACCOAC','BTNCLi'
'ACHBPL','EX_ile_L(e)'
'ACHBPL','ILETA'
'ACLS_b','EX_val_L(e)'
'ACOAAGPAT180','AGPAT180'
'ACOATA','DDCAt'
'ACOATA','EX_ddca(e)'
'ADK10','NDPK4'
'ADK3','NDPK1'
'ADMDC','EX_spmd(e)'
'ADMDC','SPMDabc'
'ADOCBIK','ADOCBIK2'
'ADPT','ADSL1r'
'ADPT','ADSS'
'ALAR','DALAt2r'
'ALAR','EX_ala_D(e)'
'ARGSL','EX_arg_L(e)'
'ARGSS','EX_arg_L(e)'
'ASP1DC','EX_pnto_R(e)'
'ASP1DC','PNTOt4'
'CGLYabc','GLUCYS'
'CGLYabc','GTHS'
'CHRPL','EX_4hbz(e)'
'CPPPGO','CPPPGO2'
'CPPPGO2','EX_o2(e)'
'CPPPGO2','O2t'
'CYSTS','METS'
'CYTDt2r','UMPK'
'CYTK1','NTD4'
'CYTK1','UMPK'
'DAPDC','EX_lys_L(e)'
'DCTPD2','UMPK'
'DDCAt','EAR100x'
'DDCAt','EAR120x'
'DDCAt','EAR40x'
'DDCAt','EAR60x'
'DDCAt','EAR80x'
'DDCAt','KAS14'
'DHAD1','EX_val_L(e)'
'DHAD2','EX_ile_L(e)'
'DHAD2','ILETA'
'DHNPA','DHNPA2'
'DHNPA','DHPS2'
'DHNPA','HPPK2'
'DMQMT','DMQMT2'
'DMQMT','EX_o2(e)'
'DMQMT','O2t'
'DMQMT','URFGTT'
'DMQMT2','OMBZLM'
'DMQMT2','OMMBLHX3'
'DMQMT2','OMPHHX3'
'DM_4HBA','EX_thm(e)'
'DM_4HBA','THMabc'
'DPRr','EX_pnto_R(e)'
'DPRr','PNTOt4'
'EAR100x','EX_ddca(e)'
'EAR120x','EX_ddca(e)'
'EAR140x','EX_ttdca(e)'
'EAR140x','FACOAL140'
'EAR140x','TDCOATA'
'EAR180x','EX_ocdca(e)'
'EAR180x','FACOAL180'
'EAR40x','EX_ddca(e)'
'EAR60x','EX_ddca(e)'
'EAR80x','EX_ddca(e)'
'EX_arg_L(e)','OCBT'
'EX_cgly(e)','GLUCYS'
'EX_cgly(e)','GTHS'
'EX_cytd(e)','UMPK'
'EX_ddca(e)','KAS14'
'EX_fe3(e)','FERO'
'EX_ile_L(e)','ILETA'
'EX_nac(e)','NAPRT'
'EX_nmn(e)','NNATr'
'EX_o2(e)','OMBZLM'
'EX_o2(e)','OMMBLHX3'
'EX_o2(e)','OMPHHX3'
'EX_o2(e)','OPHHX3'
'EX_pnto_R(e)','MOHMT'
'EX_pnto_R(e)','PANTS'
'EX_spmd(e)','SPMS'
'EX_thm(e)','GLUPRT'
'EX_thm(e)','PMPK'
'EX_thm(e)','PRAGS'
'EX_thm(e)','PRAIS'
'EX_thm(e)','PRFGS'
'EX_thm(e)','THZPSN'
'EX_thm(e)','TMPK'
'EX_thm(e)','TMPPP'
'EX_thymd(e)','TMDS'
'G3PAT180','SGAT'
'GALT','GALU'
'GCCa','GHMT2r'
'GCCb','GHMT2r'
'GCCc','GHMT2r'
'GGTA','GLUCYS'
'GGTA','GTHS'
'GK1','GK2'
'GLUPRT','THMabc'
'HKt','Kt1r'
'IPMDr','LEUTA'
'IPPMIa','LEUTA'
'IPPMIb','LEUTA'
'LEUTA','OMCDC'
'METFR','r0792'
'MG2abc','MGt5'
'MNabc','MNt2'
'MOHMT','PNTOt4'
'NACt2r','NAPRT'
'NADK','NADK2'
'NAPRT','NNDPR'
'NAPRT','QULNS'
'NMNAT','NNATr'
'NMNP','NNATr'
'NOPHMO','OPHHX3'
'NTD2','UMPK'
'O2t','OMBZLM'
'O2t','OMMBLHX3'
'O2t','OMPHHX3'
'O2t','OPHHX3'
'OMBZLM','URFGTT'
'OMMBLHX3','URFGTT'
'OMPHHX3','URFGTT'
'PANTS','PNTOt4'
'PMPK','THMabc'
'PPNCL3','r0671'
'PRAGS','THMabc'
'PRAIS','THMabc'
'PRFGS','THMabc'
'RNDR1','RNTR1'
'RNDR2','RNTR2'
'RNDR3','RNTR3'
'RPE','TKT1'
'SPMDabc','SPMS'
'TALA','TKT1'
'THMDt2r','TMDS'
'THMabc','THZPSN'
'THMabc','TMPK'
'THMabc','TMPPP'
'TKT1','TKT2'
'TMDK1','TMDS'
'TMDPK','TMPK'
