G2583_1189,G2583_0257,G2583_4621
G2583_4894,G2583_0882,G2583_0884
G2583_4894,G2583_0882,G2583_0883
G2583_4894,G2583_0120,G2583_0884
G2583_4894,G2583_0120,G2583_0883
G2583_4894,G2583_0881,G2583_0884
G2583_4894,G2583_0881,G2583_0883
G2583_0882,G2583_3574,G2583_0884
G2583_0882,G2583_3574,G2583_0883
G2583_0120,G2583_3081,G2583_0649
G2583_0120,G2583_0649,G2583_3568
G2583_0120,G2583_0649,G2583_5247
G2583_0120,G2583_3574,G2583_0884
G2583_0120,G2583_3574,G2583_0883
G2583_0881,G2583_3574,G2583_0884
G2583_0881,G2583_3574,G2583_0883
G2583_3081,G2583_1107,G2583_4356
G2583_3081,G2583_1107,G2583_4355
G2583_3081,G2583_3557,G2583_0649
G2583_3081,G2583_3555,G2583_0649
G2583_3081,G2583_3556,G2583_0649
G2583_3081,G2583_4832,G2583_4768
G2583_3081,G2583_4768,G2583_0876
G2583_3081,G2583_4768,G2583_0878
G2583_3081,G2583_4768,G2583_0879
G2583_3081,G2583_4768,G2583_0877
G2583_2912,G2583_2827,G2583_4314
G2583_0636,G2583_4832,G2583_4768
G2583_0636,G2583_4768,G2583_0876
G2583_0636,G2583_4768,G2583_0878
G2583_0636,G2583_4768,G2583_0879
G2583_0636,G2583_4768,G2583_0877
G2583_0632,G2583_4832,G2583_4768
G2583_0632,G2583_4768,G2583_0876
G2583_0632,G2583_4768,G2583_0878
G2583_0632,G2583_4768,G2583_0879
G2583_0632,G2583_4768,G2583_0877
G2583_4532,G2583_2226,G2583_2302
G2583_4532,G2583_2226,G2583_2303
G2583_4532,G2583_2226,G2583_4724
G2583_4532,G2583_2302,G2583_3580
G2583_4532,G2583_2303,G2583_3580
G2583_4532,G2583_3580,G2583_4724
G2583_4529,G2583_2226,G2583_2302
G2583_4529,G2583_2226,G2583_2303
G2583_4529,G2583_2226,G2583_4724
G2583_4529,G2583_2302,G2583_3580
G2583_4529,G2583_2303,G2583_3580
G2583_4529,G2583_3580,G2583_4724
G2583_4533,G2583_2226,G2583_2302
G2583_4533,G2583_2226,G2583_2303
G2583_4533,G2583_2226,G2583_4724
G2583_4533,G2583_2302,G2583_3580
G2583_4533,G2583_2303,G2583_3580
G2583_4533,G2583_3580,G2583_4724
G2583_4527,G2583_2226,G2583_2302
G2583_4527,G2583_2226,G2583_2303
G2583_4527,G2583_2226,G2583_4724
G2583_4527,G2583_2302,G2583_3580
G2583_4527,G2583_2303,G2583_3580
G2583_4527,G2583_3580,G2583_4724
G2583_4528,G2583_2226,G2583_2302
G2583_4528,G2583_2226,G2583_2303
G2583_4528,G2583_2226,G2583_4724
G2583_4528,G2583_2302,G2583_3580
G2583_4528,G2583_2303,G2583_3580
G2583_4528,G2583_3580,G2583_4724
G2583_4531,G2583_2226,G2583_2302
G2583_4531,G2583_2226,G2583_2303
G2583_4531,G2583_2226,G2583_4724
G2583_4531,G2583_2302,G2583_3580
G2583_4531,G2583_2303,G2583_3580
G2583_4531,G2583_3580,G2583_4724
G2583_4530,G2583_2226,G2583_2302
G2583_4530,G2583_2226,G2583_2303
G2583_4530,G2583_2226,G2583_4724
G2583_4530,G2583_2302,G2583_3580
G2583_4530,G2583_2303,G2583_3580
G2583_4530,G2583_3580,G2583_4724
G2583_4534,G2583_2226,G2583_2302
G2583_4534,G2583_2226,G2583_2303
G2583_4534,G2583_2226,G2583_4724
G2583_4534,G2583_2302,G2583_3580
G2583_4534,G2583_2303,G2583_3580
G2583_4534,G2583_3580,G2583_4724
G2583_4613,G2583_5072,G2583_4201
G2583_4613,G2583_5072,G2583_4199
G2583_4613,G2583_5072,G2583_4200
G2583_4613,G2583_5072,G2583_4197
G2583_4613,G2583_5072,G2583_4198
G2583_0448,G2583_1145,G2583_3392
G2583_2101,G2583_3183,G2583_0920
G2583_4574,G2583_3165,G2583_4226
G2583_2006,G2583_2005,G2583_4768
G2583_2226,G2583_4832,G2583_2099
G2583_2226,G2583_2099,G2583_0876
G2583_2226,G2583_2099,G2583_0878
G2583_2226,G2583_2099,G2583_0879
G2583_2226,G2583_2099,G2583_0877
G2583_2226,G2583_3569,G2583_4724
G2583_3431,G2583_4100,G2583_2099
G2583_2304,G2583_4139,G2583_4083
G2583_3557,G2583_0649,G2583_3568
G2583_3557,G2583_0649,G2583_5247
G2583_3555,G2583_0649,G2583_3568
G2583_3555,G2583_0649,G2583_5247
G2583_3556,G2583_0649,G2583_3568
G2583_3556,G2583_0649,G2583_5247
G2583_4139,G2583_0933,G2583_4083
G2583_4226,G2583_2772,G2583_5067
G2583_4226,G2583_2773,G2583_5067
G2583_3521,G2583_4832,G2583_4768
G2583_3521,G2583_4768,G2583_0876
G2583_3521,G2583_4768,G2583_0878
G2583_3521,G2583_4768,G2583_0879
G2583_3521,G2583_4768,G2583_0877
G2583_3520,G2583_4832,G2583_4768
G2583_3520,G2583_4768,G2583_0876
G2583_3520,G2583_4768,G2583_0878
G2583_3520,G2583_4768,G2583_0879
G2583_3520,G2583_4768,G2583_0877
G2583_3522,G2583_4832,G2583_4768
G2583_3522,G2583_4768,G2583_0876
G2583_3522,G2583_4768,G2583_0878
G2583_3522,G2583_4768,G2583_0879
G2583_3522,G2583_4768,G2583_0877
G2583_4832,G2583_0649,G2583_4768
G2583_4832,G2583_3568,G2583_4768
G2583_4832,G2583_3580,G2583_2099
G2583_4832,G2583_4768,G2583_5247
G2583_4832,G2583_4768,G2583_0625
G2583_3694,G2583_4831,G2583_4768
G2583_0153,G2583_4092,G2583_3048
G2583_4722,G2583_0929,G2583_2956
G2583_4722,G2583_0931,G2583_2956
G2583_4722,G2583_0930,G2583_2956
G2583_0649,G2583_1137,G2583_4764
G2583_0649,G2583_1137,G2583_4763
G2583_0649,G2583_4768,G2583_0876
G2583_0649,G2583_4768,G2583_0878
G2583_0649,G2583_4768,G2583_0879
G2583_0649,G2583_4768,G2583_0877
G2583_1619,G2583_1071,G2583_3781
G2583_3568,G2583_4768,G2583_0876
G2583_3568,G2583_4768,G2583_0878
G2583_3568,G2583_4768,G2583_0879
G2583_3568,G2583_4768,G2583_0877
G2583_3580,G2583_2099,G2583_0876
G2583_3580,G2583_2099,G2583_0878
G2583_3580,G2583_2099,G2583_0879
G2583_3580,G2583_2099,G2583_0877
G2583_3580,G2583_3569,G2583_4724
G2583_4768,G2583_5247,G2583_0876
G2583_4768,G2583_5247,G2583_0878
G2583_4768,G2583_5247,G2583_0879
G2583_4768,G2583_5247,G2583_0877
G2583_4768,G2583_0876,G2583_0625
G2583_4768,G2583_0878,G2583_0625
G2583_4768,G2583_0879,G2583_0625
G2583_4768,G2583_0877,G2583_0625
G2583_2772,G2583_3323,G2583_5067
G2583_2772,G2583_3324,G2583_5067
G2583_2773,G2583_3323,G2583_5067
G2583_2773,G2583_3324,G2583_5067
G2583_3323,G2583_5067,G2583_1125
G2583_3324,G2583_5067,G2583_1125
G2583_3569,G2583_0008,G2583_2986
