[
  {
    "'23DHMPO'": "'23DHMPO'",
    "'EX_ile_L(e)'": "'ILETA'",
    "'KARA2'": "'KARA2'"
  },
  {
    "'23DHMPO'": "'23DHMPO'",
    "'EX_ile_L(e)'": "'ILEt2r'",
    "'KARA2'": "'KARA2'"
  },
  {
    "'23DHMPO'": "'2AHBUTI'",
    "'EX_ile_L(e)'": "'EX_ile_L(e)'",
    "'KARA2'": "'KARA2'"
  },
  {
    "'23DHMPO'": "'2AHBUTI'",
    "'EX_ile_L(e)'": "'ILETA'",
    "'KARA2'": "'KARA2'"
  },
  {
    "'23DHMPO'": "'2AHBUTI'",
    "'EX_ile_L(e)'": "'ILEt2r'",
    "'KARA2'": "'KARA2'"
  },
  {
    "'23DHMPO'": "'2INSD'",
    "'EX_ile_L(e)'": "'ACCOACL'",
    "'KARA2'": "'MALCOAPYRCT'"
  },
  {
    "'23DHMPO'": "'2INSD'",
    "'EX_ile_L(e)'": "'BTNCLi'",
    "'KARA2'": "'MALCOAPYRCT'"
  },
  {
    "'23DHMPO'": "'2INSD'",
    "'EX_ile_L(e)'": "'H2CO3D'",
    "'KARA2'": "'MALCOAPYRCT'"
  },
  {
    "'23DHMPO'": "'2INSD'",
    "'EX_ile_L(e)'": "'PFL'",
    "'KARA2'": "'PTAr'"
  },
  {
    "'23DHMPO'": "'ACCOACL'",
    "'EX_ile_L(e)'": "'D5KGK'",
    "'KARA2'": "'MALCOAPYRCT'"
  },
  {
    "'23DHMPO'": "'ACCOACL'",
    "'EX_ile_L(e)'": "'D5KGPA'",
    "'KARA2'": "'MALCOAPYRCT'"
  },
  {
    "'23DHMPO'": "'ACCOACL'",
    "'EX_ile_L(e)'": "'EX_inost(e)'",
    "'KARA2'": "'MALCOAPYRCT'"
  },
  {
    "'23DHMPO'": "'ACCOACL'",
    "'EX_ile_L(e)'": "'INS2D'",
    "'KARA2'": "'MALCOAPYRCT'"
  },
  {
    "'23DHMPO'": "'ACCOACL'",
    "'EX_ile_L(e)'": "'INSTt2r'",
    "'KARA2'": "'MALCOAPYRCT'"
  },
  {
    "'23DHMPO'": "'ACCOACL'",
    "'EX_ile_L(e)'": "'MALCOAPYRCT'",
    "'KARA2'": "'MMSAD5'"
  },
  {
    "'23DHMPO'": "'ACCOACL'",
    "'EX_ile_L(e)'": "'MALCOAPYRCT'",
    "'KARA2'": "'TPI'"
  },
  {
    "'23DHMPO'": "'ACGK'",
    "'EX_ile_L(e)'": "'ARGN'",
    "'KARA2'": "'OCBT'"
  },
  {
    "'23DHMPO'": "'ACKr'",
    "'EX_ile_L(e)'": "'ACt2r'",
    "'KARA2'": "'PPIACPT'"
  },
  {
    "'23DHMPO'": "'ACKr'",
    "'EX_ile_L(e)'": "'EX_ac(e)'",
    "'KARA2'": "'PPIACPT'"
  },
  {
    "'23DHMPO'": "'ACOTA'",
    "'EX_ile_L(e)'": "'ARGN'",
    "'KARA2'": "'OCBT'"
  },
  {
    "'23DHMPO'": "'ADAD'",
    "'EX_ile_L(e)'": "'RNDR3'",
    "'KARA2'": "'RNTR3'"
  },
  {
    "'23DHMPO'": "'ADK2'",
    "'EX_ile_L(e)'": "'GLKKpppi'",
    "'KARA2'": "'PPA2'"
  },
  {
    "'23DHMPO'": "'ADK7'",
    "'EX_ile_L(e)'": "'GK1'",
    "'KARA2'": "'NDPK8'"
  },
  {
    "'23DHMPO'": "'ADK8'",
    "'EX_ile_L(e)'": "'NDPK7'",
    "'KARA2'": "'RNTR3'"
  },
  {
    "'23DHMPO'": "'ADK9'",
    "'EX_ile_L(e)'": "'NDPK5'",
    "'KARA2'": "'RNTR2'"
  },
  {
    "'23DHMPO'": "'ADPT'",
    "'EX_ile_L(e)'": "'DADA'",
    "'KARA2'": "'PUNP1'"
  },
  {
    "'23DHMPO'": "'ADPT'",
    "'EX_ile_L(e)'": "'PUNP1'",
    "'KARA2'": "'PUNP2'"
  },
  {
    "'23DHMPO'": "'ADPT'",
    "'EX_ile_L(e)'": "'PUNP1'",
    "'KARA2'": "'PUNP6'"
  },
  {
    "'23DHMPO'": "'ADSL2r'",
    "'EX_ile_L(e)'": "'EX_for(e)'",
    "'KARA2'": "'FTHFL'"
  },
  {
    "'23DHMPO'": "'ADSL2r'",
    "'EX_ile_L(e)'": "'FORt2r'",
    "'KARA2'": "'FTHFL'"
  },
  {
    "'23DHMPO'": "'AGPR'",
    "'EX_ile_L(e)'": "'ARGN'",
    "'KARA2'": "'OCBT'"
  },
  {
    "'23DHMPO'": "'AICART'",
    "'EX_ile_L(e)'": "'ALAHIS1c'",
    "'KARA2'": "'EX_his_L(e)'"
  },
  {
    "'23DHMPO'": "'AICART'",
    "'EX_ile_L(e)'": "'ALAHIS1c'",
    "'KARA2'": "'HISt2r'"
  },
  {
    "'23DHMPO'": "'AICART'",
    "'EX_ile_L(e)'": "'ALAHISabc'",
    "'KARA2'": "'EX_his_L(e)'"
  },
  {
    "'23DHMPO'": "'AICART'",
    "'EX_ile_L(e)'": "'ALAHISabc'",
    "'KARA2'": "'HISt2r'"
  },
  {
    "'23DHMPO'": "'AICART'",
    "'EX_ile_L(e)'": "'EX_alahis(e)'",
    "'KARA2'": "'EX_his_L(e)'"
  },
  {
    "'23DHMPO'": "'AICART'",
    "'EX_ile_L(e)'": "'EX_alahis(e)'",
    "'KARA2'": "'HISt2r'"
  },
  {
    "'23DHMPO'": "'AICART'",
    "'EX_ile_L(e)'": "'EX_for(e)'",
    "'KARA2'": "'FTHFL'"
  },
  {
    "'23DHMPO'": "'AICART'",
    "'EX_ile_L(e)'": "'EX_for(e)'",
    "'KARA2'": "'MTHFC'"
  },
  {
    "'23DHMPO'": "'AICART'",
    "'EX_ile_L(e)'": "'EX_for(e)'",
    "'KARA2'": "'MTHFD'"
  },
  {
    "'23DHMPO'": "'AICART'",
    "'EX_ile_L(e)'": "'FORt2r'",
    "'KARA2'": "'FTHFL'"
  },
  {
    "'23DHMPO'": "'AICART'",
    "'EX_ile_L(e)'": "'FORt2r'",
    "'KARA2'": "'MTHFC'"
  },
  {
    "'23DHMPO'": "'AICART'",
    "'EX_ile_L(e)'": "'FORt2r'",
    "'KARA2'": "'MTHFD'"
  },
  {
    "'23DHMPO'": "'AIRC4'",
    "'EX_ile_L(e)'": "'EX_for(e)'",
    "'KARA2'": "'FTHFL'"
  },
  {
    "'23DHMPO'": "'AIRC4'",
    "'EX_ile_L(e)'": "'FORt2r'",
    "'KARA2'": "'FTHFL'"
  },
  {
    "'23DHMPO'": "'ALACI'",
    "'EX_ile_L(e)'": "'EX_val_L(e)'",
    "'KARA2'": "'KARA1'"
  },
  {
    "'23DHMPO'": "'ALACI'",
    "'EX_ile_L(e)'": "'KARA1'",
    "'KARA2'": "'VALTA'"
  },
  {
    "'23DHMPO'": "'ALACI'",
    "'EX_ile_L(e)'": "'KARA1'",
    "'KARA2'": "'VALt2r'"
  },
  {
    "'23DHMPO'": "'ALAHIS1c'",
    "'EX_ile_L(e)'": "'ATPPRT'",
    "'KARA2'": "'EX_his_L(e)'"
  },
  {
    "'23DHMPO'": "'ALAHIS1c'",
    "'EX_ile_L(e)'": "'ATPPRT'",
    "'KARA2'": "'HISt2r'"
  },
  {
    "'23DHMPO'": "'ALAHIS1c'",
    "'EX_ile_L(e)'": "'EX_his_L(e)'",
    "'KARA2'": "'HISTP'"
  },
  {
    "'23DHMPO'": "'ALAHIS1c'",
    "'EX_ile_L(e)'": "'EX_his_L(e)'",
    "'KARA2'": "'HSTPTr'"
  },
  {
    "'23DHMPO'": "'ALAHIS1c'",
    "'EX_ile_L(e)'": "'EX_his_L(e)'",
    "'KARA2'": "'IG3PS'"
  },
  {
    "'23DHMPO'": "'ALAHIS1c'",
    "'EX_ile_L(e)'": "'EX_his_L(e)'",
    "'KARA2'": "'IGPDH'"
  },
  {
    "'23DHMPO'": "'ALAHIS1c'",
    "'EX_ile_L(e)'": "'EX_his_L(e)'",
    "'KARA2'": "'IMPC'"
  },
  {
    "'23DHMPO'": "'ALAHIS1c'",
    "'EX_ile_L(e)'": "'EX_his_L(e)'",
    "'KARA2'": "'PRAMPC'"
  },
  {
    "'23DHMPO'": "'ALAHIS1c'",
    "'EX_ile_L(e)'": "'EX_his_L(e)'",
    "'KARA2'": "'PRATPP'"
  },
  {
    "'23DHMPO'": "'ALAHIS1c'",
    "'EX_ile_L(e)'": "'EX_his_L(e)'",
    "'KARA2'": "'PRMICI'"
  },
  {
    "'23DHMPO'": "'ALAHIS1c'",
    "'EX_ile_L(e)'": "'HISTP'",
    "'KARA2'": "'HISt2r'"
  },
  {
    "'23DHMPO'": "'ALAHIS1c'",
    "'EX_ile_L(e)'": "'HISt2r'",
    "'KARA2'": "'HSTPTr'"
  },
  {
    "'23DHMPO'": "'ALAHIS1c'",
    "'EX_ile_L(e)'": "'HISt2r'",
    "'KARA2'": "'IG3PS'"
  },
  {
    "'23DHMPO'": "'ALAHIS1c'",
    "'EX_ile_L(e)'": "'HISt2r'",
    "'KARA2'": "'IGPDH'"
  },
  {
    "'23DHMPO'": "'ALAHIS1c'",
    "'EX_ile_L(e)'": "'HISt2r'",
    "'KARA2'": "'IMPC'"
  },
  {
    "'23DHMPO'": "'ALAHIS1c'",
    "'EX_ile_L(e)'": "'HISt2r'",
    "'KARA2'": "'PRAMPC'"
  },
  {
    "'23DHMPO'": "'ALAHIS1c'",
    "'EX_ile_L(e)'": "'HISt2r'",
    "'KARA2'": "'PRATPP'"
  },
  {
    "'23DHMPO'": "'ALAHIS1c'",
    "'EX_ile_L(e)'": "'HISt2r'",
    "'KARA2'": "'PRMICI'"
  },
  {
    "'23DHMPO'": "'ALAHISabc'",
    "'EX_ile_L(e)'": "'ATPPRT'",
    "'KARA2'": "'EX_his_L(e)'"
  },
  {
    "'23DHMPO'": "'ALAHISabc'",
    "'EX_ile_L(e)'": "'ATPPRT'",
    "'KARA2'": "'HISt2r'"
  },
  {
    "'23DHMPO'": "'ALAHISabc'",
    "'EX_ile_L(e)'": "'EX_his_L(e)'",
    "'KARA2'": "'HISTP'"
  },
  {
    "'23DHMPO'": "'ALAHISabc'",
    "'EX_ile_L(e)'": "'EX_his_L(e)'",
    "'KARA2'": "'HSTPTr'"
  },
  {
    "'23DHMPO'": "'ALAHISabc'",
    "'EX_ile_L(e)'": "'EX_his_L(e)'",
    "'KARA2'": "'IG3PS'"
  },
  {
    "'23DHMPO'": "'ALAHISabc'",
    "'EX_ile_L(e)'": "'EX_his_L(e)'",
    "'KARA2'": "'IGPDH'"
  },
  {
    "'23DHMPO'": "'ALAHISabc'",
    "'EX_ile_L(e)'": "'EX_his_L(e)'",
    "'KARA2'": "'IMPC'"
  },
  {
    "'23DHMPO'": "'ALAHISabc'",
    "'EX_ile_L(e)'": "'EX_his_L(e)'",
    "'KARA2'": "'PRAMPC'"
  },
  {
    "'23DHMPO'": "'ALAHISabc'",
    "'EX_ile_L(e)'": "'EX_his_L(e)'",
    "'KARA2'": "'PRATPP'"
  },
  {
    "'23DHMPO'": "'ALAHISabc'",
    "'EX_ile_L(e)'": "'EX_his_L(e)'",
    "'KARA2'": "'PRMICI'"
  },
  {
    "'23DHMPO'": "'ALAHISabc'",
    "'EX_ile_L(e)'": "'HISTP'",
    "'KARA2'": "'HISt2r'"
  },
  {
    "'23DHMPO'": "'ALAHISabc'",
    "'EX_ile_L(e)'": "'HISt2r'",
    "'KARA2'": "'HSTPTr'"
  },
  {
    "'23DHMPO'": "'ALAHISabc'",
    "'EX_ile_L(e)'": "'HISt2r'",
    "'KARA2'": "'IG3PS'"
  },
  {
    "'23DHMPO'": "'ALAHISabc'",
    "'EX_ile_L(e)'": "'HISt2r'",
    "'KARA2'": "'IGPDH'"
  },
  {
    "'23DHMPO'": "'ALAHISabc'",
    "'EX_ile_L(e)'": "'HISt2r'",
    "'KARA2'": "'IMPC'"
  },
  {
    "'23DHMPO'": "'ALAHISabc'",
    "'EX_ile_L(e)'": "'HISt2r'",
    "'KARA2'": "'PRAMPC'"
  },
  {
    "'23DHMPO'": "'ALAHISabc'",
    "'EX_ile_L(e)'": "'HISt2r'",
    "'KARA2'": "'PRATPP'"
  },
  {
    "'23DHMPO'": "'ALAHISabc'",
    "'EX_ile_L(e)'": "'HISt2r'",
    "'KARA2'": "'PRMICI'"
  },
  {
    "'23DHMPO'": "'ALATHR1c'",
    "'EX_ile_L(e)'": "'ASAD'",
    "'KARA2'": "'EX_thr_L(e)'"
  },
  {
    "'23DHMPO'": "'ALATHR1c'",
    "'EX_ile_L(e)'": "'ASAD'",
    "'KARA2'": "'THRt2r'"
  },
  {
    "'23DHMPO'": "'ALATHR1c'",
    "'EX_ile_L(e)'": "'ASPKi'",
    "'KARA2'": "'EX_thr_L(e)'"
  },
  {
    "'23DHMPO'": "'ALATHR1c'",
    "'EX_ile_L(e)'": "'ASPKi'",
    "'KARA2'": "'THRt2r'"
  },
  {
    "'23DHMPO'": "'ALATHR1c'",
    "'EX_ile_L(e)'": "'EX_thr_L(e)'",
    "'KARA2'": "'HSK'"
  },
  {
    "'23DHMPO'": "'ALATHR1c'",
    "'EX_ile_L(e)'": "'EX_thr_L(e)'",
    "'KARA2'": "'THRS'"
  },
  {
    "'23DHMPO'": "'ALATHR1c'",
    "'EX_ile_L(e)'": "'HSK'",
    "'KARA2'": "'THRt2r'"
  },
  {
    "'23DHMPO'": "'ALATHR1c'",
    "'EX_ile_L(e)'": "'THRS'",
    "'KARA2'": "'THRt2r'"
  },
  {
    "'23DHMPO'": "'ALATHRabc'",
    "'EX_ile_L(e)'": "'ASAD'",
    "'KARA2'": "'EX_thr_L(e)'"
  },
  {
    "'23DHMPO'": "'ALATHRabc'",
    "'EX_ile_L(e)'": "'ASAD'",
    "'KARA2'": "'THRt2r'"
  },
  {
    "'23DHMPO'": "'ALATHRabc'",
    "'EX_ile_L(e)'": "'ASPKi'",
    "'KARA2'": "'EX_thr_L(e)'"
  },
  {
    "'23DHMPO'": "'ALATHRabc'",
    "'EX_ile_L(e)'": "'ASPKi'",
    "'KARA2'": "'THRt2r'"
  },
  {
    "'23DHMPO'": "'ALATHRabc'",
    "'EX_ile_L(e)'": "'EX_thr_L(e)'",
    "'KARA2'": "'HSK'"
  },
  {
    "'23DHMPO'": "'ALATHRabc'",
    "'EX_ile_L(e)'": "'EX_thr_L(e)'",
    "'KARA2'": "'THRS'"
  },
  {
    "'23DHMPO'": "'ALATHRabc'",
    "'EX_ile_L(e)'": "'HSK'",
    "'KARA2'": "'THRt2r'"
  },
  {
    "'23DHMPO'": "'ALATHRabc'",
    "'EX_ile_L(e)'": "'THRS'",
    "'KARA2'": "'THRt2r'"
  },
  {
    "'23DHMPO'": "'ALCD19'",
    "'EX_ile_L(e)'": "'EX_glyc(e)'",
    "'KARA2'": "'GLYK'"
  },
  {
    "'23DHMPO'": "'ALCD19'",
    "'EX_ile_L(e)'": "'GLYCt'",
    "'KARA2'": "'GLYK'"
  },
  {
    "'23DHMPO'": "'AMPMS2'",
    "'EX_ile_L(e)'": "'THMabc'",
    "'KARA2'": "'THMt3'"
  },
  {
    "'23DHMPO'": "'ARGN'",
    "'EX_ile_L(e)'": "'OCBT'",
    "'KARA2'": "'ORNTAC'"
  },
  {
    "'23DHMPO'": "'ARGt2r'",
    "'EX_ile_L(e)'": "'ASPTA'",
    "'KARA2'": "'GLUDy'"
  },
  {
    "'23DHMPO'": "'ARGt2r'",
    "'EX_ile_L(e)'": "'CBMKr'",
    "'KARA2'": "'CBPS'"
  },
  {
    "'23DHMPO'": "'ARGt2r'",
    "'EX_ile_L(e)'": "'CBMKr'",
    "'KARA2'": "'H2CO3D'"
  },
  {
    "'23DHMPO'": "'ARGt2r'",
    "'EX_ile_L(e)'": "'HYPSUCORNS'",
    "'KARA2'": "'OCBT'"
  },
  {
    "'23DHMPO'": "'ARGt2r'",
    "'EX_ile_L(e)'": "'OCBT'",
    "'KARA2'": "'SUCCITRDSs'"
  },
  {
    "'23DHMPO'": "'ARGt2r'",
    "'EX_ile_L(e)'": "'OCBT'",
    "'KARA2'": "'SUCORNTC'"
  },
  {
    "'23DHMPO'": "'ASAD'",
    "'EX_ile_L(e)'": "'EX_alathr(e)'",
    "'KARA2'": "'EX_thr_L(e)'"
  },
  {
    "'23DHMPO'": "'ASAD'",
    "'EX_ile_L(e)'": "'EX_alathr(e)'",
    "'KARA2'": "'THRt2r'"
  },
  {
    "'23DHMPO'": "'ASAD'",
    "'EX_ile_L(e)'": "'EX_ile_L(e)'",
    "'KARA2'": "'THRD_L'"
  },
  {
    "'23DHMPO'": "'ASAD'",
    "'EX_ile_L(e)'": "'ILETA'",
    "'KARA2'": "'THRD_L'"
  },
  {
    "'23DHMPO'": "'ASAD'",
    "'EX_ile_L(e)'": "'ILEt2r'",
    "'KARA2'": "'THRD_L'"
  },
  {
    "'23DHMPO'": "'ASNS1'",
    "'EX_ile_L(e)'": "'ASNt2r'",
    "'KARA2'": "'EX_glyasn(e)'"
  },
  {
    "'23DHMPO'": "'ASNS1'",
    "'EX_ile_L(e)'": "'ASNt2r'",
    "'KARA2'": "'GLYASN1c'"
  },
  {
    "'23DHMPO'": "'ASNS1'",
    "'EX_ile_L(e)'": "'ASNt2r'",
    "'KARA2'": "'GLYASNabc'"
  },
  {
    "'23DHMPO'": "'ASNS1'",
    "'EX_ile_L(e)'": "'EX_asn_L(e)'",
    "'KARA2'": "'EX_glyasn(e)'"
  },
  {
    "'23DHMPO'": "'ASNS1'",
    "'EX_ile_L(e)'": "'EX_asn_L(e)'",
    "'KARA2'": "'GLYASN1c'"
  },
  {
    "'23DHMPO'": "'ASNS1'",
    "'EX_ile_L(e)'": "'EX_asn_L(e)'",
    "'KARA2'": "'GLYASNabc'"
  },
  {
    "'23DHMPO'": "'ASPKi'",
    "'EX_ile_L(e)'": "'EX_alathr(e)'",
    "'KARA2'": "'EX_thr_L(e)'"
  },
  {
    "'23DHMPO'": "'ASPKi'",
    "'EX_ile_L(e)'": "'EX_alathr(e)'",
    "'KARA2'": "'THRt2r'"
  },
  {
    "'23DHMPO'": "'ASPKi'",
    "'EX_ile_L(e)'": "'EX_ile_L(e)'",
    "'KARA2'": "'THRD_L'"
  },
  {
    "'23DHMPO'": "'ASPKi'",
    "'EX_ile_L(e)'": "'ILETA'",
    "'KARA2'": "'THRD_L'"
  },
  {
    "'23DHMPO'": "'ASPKi'",
    "'EX_ile_L(e)'": "'ILEt2r'",
    "'KARA2'": "'THRD_L'"
  },
  {
    "'23DHMPO'": "'ASPTA'",
    "'EX_ile_L(e)'": "'EX_arg_L(e)'",
    "'KARA2'": "'GLUDy'"
  },
  {
    "'23DHMPO'": "'ASPTA'",
    "'EX_ile_L(e)'": "'EX_ile_L(e)'",
    "'KARA2'": "'GLUDy'"
  },
  {
    "'23DHMPO'": "'ASPTA'",
    "'EX_ile_L(e)'": "'EX_val_L(e)'",
    "'KARA2'": "'GLUDy'"
  },
  {
    "'23DHMPO'": "'ASPTA'",
    "'EX_ile_L(e)'": "'GLUDy'",
    "'KARA2'": "'ILEt2r'"
  },
  {
    "'23DHMPO'": "'ASPTA'",
    "'EX_ile_L(e)'": "'GLUDy'",
    "'KARA2'": "'VALt2r'"
  },
  {
    "'23DHMPO'": "'ATPPRT'",
    "'EX_ile_L(e)'": "'EX_alahis(e)'",
    "'KARA2'": "'EX_his_L(e)'"
  },
  {
    "'23DHMPO'": "'ATPPRT'",
    "'EX_ile_L(e)'": "'EX_alahis(e)'",
    "'KARA2'": "'HISt2r'"
  },
  {
    "'23DHMPO'": "'BTNCLi'",
    "'EX_ile_L(e)'": "'D5KGK'",
    "'KARA2'": "'MALCOAPYRCT'"
  },
  {
    "'23DHMPO'": "'BTNCLi'",
    "'EX_ile_L(e)'": "'D5KGPA'",
    "'KARA2'": "'MALCOAPYRCT'"
  },
  {
    "'23DHMPO'": "'BTNCLi'",
    "'EX_ile_L(e)'": "'EX_inost(e)'",
    "'KARA2'": "'MALCOAPYRCT'"
  },
  {
    "'23DHMPO'": "'BTNCLi'",
    "'EX_ile_L(e)'": "'INS2D'",
    "'KARA2'": "'MALCOAPYRCT'"
  },
  {
    "'23DHMPO'": "'BTNCLi'",
    "'EX_ile_L(e)'": "'INSTt2r'",
    "'KARA2'": "'MALCOAPYRCT'"
  },
  {
    "'23DHMPO'": "'BTNCLi'",
    "'EX_ile_L(e)'": "'MALCOAPYRCT'",
    "'KARA2'": "'MMSAD5'"
  },
  {
    "'23DHMPO'": "'BTNCLi'",
    "'EX_ile_L(e)'": "'MALCOAPYRCT'",
    "'KARA2'": "'TPI'"
  },
  {
    "'23DHMPO'": "'CBMKr'",
    "'EX_ile_L(e)'": "'CBPS'",
    "'KARA2'": "'EX_arg_L(e)'"
  },
  {
    "'23DHMPO'": "'CBMKr'",
    "'EX_ile_L(e)'": "'EX_arg_L(e)'",
    "'KARA2'": "'H2CO3D'"
  },
  {
    "'23DHMPO'": "'CHORM'",
    "'EX_ile_L(e)'": "'EX_glytyr(e)'",
    "'KARA2'": "'EX_tyr_L(e)'"
  },
  {
    "'23DHMPO'": "'CHORM'",
    "'EX_ile_L(e)'": "'EX_glytyr(e)'",
    "'KARA2'": "'TYRt2r'"
  },
  {
    "'23DHMPO'": "'CHORM'",
    "'EX_ile_L(e)'": "'EX_tyr_L(e)'",
    "'KARA2'": "'GLYTYR1c'"
  },
  {
    "'23DHMPO'": "'CHORM'",
    "'EX_ile_L(e)'": "'EX_tyr_L(e)'",
    "'KARA2'": "'GLYTYRabc'"
  },
  {
    "'23DHMPO'": "'CHORM'",
    "'EX_ile_L(e)'": "'GLYTYR1c'",
    "'KARA2'": "'TYRt2r'"
  },
  {
    "'23DHMPO'": "'CHORM'",
    "'EX_ile_L(e)'": "'GLYTYRabc'",
    "'KARA2'": "'TYRt2r'"
  },
  {
    "'23DHMPO'": "'CHORM'",
    "'EX_ile_L(e)'": "'RPE'",
    "'KARA2'": "'TALA'"
  },
  {
    "'23DHMPO'": "'CYTK2'",
    "'EX_ile_L(e)'": "'RNDR3'",
    "'KARA2'": "'RNTR3'"
  },
  {
    "'23DHMPO'": "'D5KGK'",
    "'EX_ile_L(e)'": "'H2CO3D'",
    "'KARA2'": "'MALCOAPYRCT'"
  },
  {
    "'23DHMPO'": "'D5KGK'",
    "'EX_ile_L(e)'": "'PFL'",
    "'KARA2'": "'PTAr'"
  },
  {
    "'23DHMPO'": "'D5KGPA'",
    "'EX_ile_L(e)'": "'H2CO3D'",
    "'KARA2'": "'MALCOAPYRCT'"
  },
  {
    "'23DHMPO'": "'D5KGPA'",
    "'EX_ile_L(e)'": "'PFL'",
    "'KARA2'": "'PTAr'"
  },
  {
    "'23DHMPO'": "'DCYTt2r'",
    "'EX_ile_L(e)'": "'RNDR3'",
    "'KARA2'": "'RNTR3'"
  },
  {
    "'23DHMPO'": "'DGK1'",
    "'EX_ile_L(e)'": "'RNDR2'",
    "'KARA2'": "'RNTR2'"
  },
  {
    "'23DHMPO'": "'DMPPS'",
    "'EX_ile_L(e)'": "'DMPPS2r'",
    "'KARA2'": "'IPDDI'"
  },
  {
    "'23DHMPO'": "'DM_4HBA'",
    "'EX_ile_L(e)'": "'THMabc'",
    "'KARA2'": "'THMt3'"
  },
  {
    "'23DHMPO'": "'DM_hcys_L[c]'",
    "'EX_ile_L(e)'": "'HSERTA'",
    "'KARA2'": "'METB1'"
  },
  {
    "'23DHMPO'": "'DM_hcys_L[c]'",
    "'EX_ile_L(e)'": "'HSERTA'",
    "'KARA2'": "'SHSL1r'"
  },
  {
    "'23DHMPO'": "'DM_hcys_L[c]'",
    "'EX_ile_L(e)'": "'HSERTA'",
    "'KARA2'": "'SHSL4r'"
  },
  {
    "'23DHMPO'": "'DM_hcys_L[c]'",
    "'EX_ile_L(e)'": "'HSK'",
    "'KARA2'": "'METB1'"
  },
  {
    "'23DHMPO'": "'DM_hcys_L[c]'",
    "'EX_ile_L(e)'": "'HSK'",
    "'KARA2'": "'SHSL1r'"
  },
  {
    "'23DHMPO'": "'DM_hcys_L[c]'",
    "'EX_ile_L(e)'": "'HSK'",
    "'KARA2'": "'SHSL4r'"
  },
  {
    "'23DHMPO'": "'DM_hcys_L[c]'",
    "'EX_ile_L(e)'": "'METB1'",
    "'KARA2'": "'THRS'"
  },
  {
    "'23DHMPO'": "'DM_hcys_L[c]'",
    "'EX_ile_L(e)'": "'SHSL1r'",
    "'KARA2'": "'THRS'"
  },
  {
    "'23DHMPO'": "'DM_hcys_L[c]'",
    "'EX_ile_L(e)'": "'SHSL4r'",
    "'KARA2'": "'THRS'"
  },
  {
    "'23DHMPO'": "'EX_alahis(e)'",
    "'EX_ile_L(e)'": "'EX_his_L(e)'",
    "'KARA2'": "'HISTP'"
  },
  {
    "'23DHMPO'": "'EX_alahis(e)'",
    "'EX_ile_L(e)'": "'EX_his_L(e)'",
    "'KARA2'": "'HSTPTr'"
  },
  {
    "'23DHMPO'": "'EX_alahis(e)'",
    "'EX_ile_L(e)'": "'EX_his_L(e)'",
    "'KARA2'": "'IG3PS'"
  },
  {
    "'23DHMPO'": "'EX_alahis(e)'",
    "'EX_ile_L(e)'": "'EX_his_L(e)'",
    "'KARA2'": "'IGPDH'"
  },
  {
    "'23DHMPO'": "'EX_alahis(e)'",
    "'EX_ile_L(e)'": "'EX_his_L(e)'",
    "'KARA2'": "'IMPC'"
  },
  {
    "'23DHMPO'": "'EX_alahis(e)'",
    "'EX_ile_L(e)'": "'EX_his_L(e)'",
    "'KARA2'": "'PRAMPC'"
  },
  {
    "'23DHMPO'": "'EX_alahis(e)'",
    "'EX_ile_L(e)'": "'EX_his_L(e)'",
    "'KARA2'": "'PRATPP'"
  },
  {
    "'23DHMPO'": "'EX_alahis(e)'",
    "'EX_ile_L(e)'": "'EX_his_L(e)'",
    "'KARA2'": "'PRMICI'"
  },
  {
    "'23DHMPO'": "'EX_alahis(e)'",
    "'EX_ile_L(e)'": "'HISTP'",
    "'KARA2'": "'HISt2r'"
  },
  {
    "'23DHMPO'": "'EX_alahis(e)'",
    "'EX_ile_L(e)'": "'HISt2r'",
    "'KARA2'": "'HSTPTr'"
  },
  {
    "'23DHMPO'": "'EX_alahis(e)'",
    "'EX_ile_L(e)'": "'HISt2r'",
    "'KARA2'": "'IG3PS'"
  },
  {
    "'23DHMPO'": "'EX_alahis(e)'",
    "'EX_ile_L(e)'": "'HISt2r'",
    "'KARA2'": "'IGPDH'"
  },
  {
    "'23DHMPO'": "'EX_alahis(e)'",
    "'EX_ile_L(e)'": "'HISt2r'",
    "'KARA2'": "'IMPC'"
  },
  {
    "'23DHMPO'": "'EX_alahis(e)'",
    "'EX_ile_L(e)'": "'HISt2r'",
    "'KARA2'": "'PRAMPC'"
  },
  {
    "'23DHMPO'": "'EX_alahis(e)'",
    "'EX_ile_L(e)'": "'HISt2r'",
    "'KARA2'": "'PRATPP'"
  },
  {
    "'23DHMPO'": "'EX_alahis(e)'",
    "'EX_ile_L(e)'": "'HISt2r'",
    "'KARA2'": "'PRMICI'"
  },
  {
    "'23DHMPO'": "'EX_alathr(e)'",
    "'EX_ile_L(e)'": "'EX_thr_L(e)'",
    "'KARA2'": "'HSK'"
  },
  {
    "'23DHMPO'": "'EX_alathr(e)'",
    "'EX_ile_L(e)'": "'EX_thr_L(e)'",
    "'KARA2'": "'THRS'"
  },
  {
    "'23DHMPO'": "'EX_alathr(e)'",
    "'EX_ile_L(e)'": "'HSK'",
    "'KARA2'": "'THRt2r'"
  },
  {
    "'23DHMPO'": "'EX_alathr(e)'",
    "'EX_ile_L(e)'": "'THRS'",
    "'KARA2'": "'THRt2r'"
  },
  {
    "'23DHMPO'": "'EX_arg_L(e)'",
    "'EX_ile_L(e)'": "'HYPSUCORNS'",
    "'KARA2'": "'OCBT'"
  },
  {
    "'23DHMPO'": "'EX_arg_L(e)'",
    "'EX_ile_L(e)'": "'OCBT'",
    "'KARA2'": "'SUCCITRDSs'"
  },
  {
    "'23DHMPO'": "'EX_arg_L(e)'",
    "'EX_ile_L(e)'": "'OCBT'",
    "'KARA2'": "'SUCORNTC'"
  },
  {
    "'23DHMPO'": "'EX_cit(e)'",
    "'EX_ile_L(e)'": "'EX_fe2(e)'",
    "'KARA2'": "'FE3abc'"
  },
  {
    "'23DHMPO'": "'EX_cit(e)'",
    "'EX_ile_L(e)'": "'FE2abc'",
    "'KARA2'": "'FE3abc'"
  },
  {
    "'23DHMPO'": "'EX_dcyt(e)'",
    "'EX_ile_L(e)'": "'RNDR3'",
    "'KARA2'": "'RNTR3'"
  },
  {
    "'23DHMPO'": "'EX_fe2(e)'",
    "'EX_ile_L(e)'": "'FE3abc'",
    "'KARA2'": "'FEDCabc'"
  },
  {
    "'23DHMPO'": "'EX_fe3(e)'",
    "'EX_ile_L(e)'": "'EX_o2(e)'",
    "'KARA2'": "'FE2DH'"
  },
  {
    "'23DHMPO'": "'EX_fe3(e)'",
    "'EX_ile_L(e)'": "'FE2DH'",
    "'KARA2'": "'FERO'"
  },
  {
    "'23DHMPO'": "'EX_fe3(e)'",
    "'EX_ile_L(e)'": "'FE2DH'",
    "'KARA2'": "'O2t'"
  },
  {
    "'23DHMPO'": "'EX_for(e)'",
    "'EX_ile_L(e)'": "'FTHFL'",
    "'KARA2'": "'GART'"
  },
  {
    "'23DHMPO'": "'EX_for(e)'",
    "'EX_ile_L(e)'": "'FTHFL'",
    "'KARA2'": "'GLUPRT'"
  },
  {
    "'23DHMPO'": "'EX_for(e)'",
    "'EX_ile_L(e)'": "'FTHFL'",
    "'KARA2'": "'H2CO3D'"
  },
  {
    "'23DHMPO'": "'EX_for(e)'",
    "'EX_ile_L(e)'": "'FTHFL'",
    "'KARA2'": "'IMPC'"
  },
  {
    "'23DHMPO'": "'EX_for(e)'",
    "'EX_ile_L(e)'": "'FTHFL'",
    "'KARA2'": "'PRAGS'"
  },
  {
    "'23DHMPO'": "'EX_for(e)'",
    "'EX_ile_L(e)'": "'FTHFL'",
    "'KARA2'": "'PRAIS'"
  },
  {
    "'23DHMPO'": "'EX_for(e)'",
    "'EX_ile_L(e)'": "'FTHFL'",
    "'KARA2'": "'PRASCSi'"
  },
  {
    "'23DHMPO'": "'EX_for(e)'",
    "'EX_ile_L(e)'": "'FTHFL'",
    "'KARA2'": "'PRFGS'"
  },
  {
    "'23DHMPO'": "'EX_for(e)'",
    "'EX_ile_L(e)'": "'IMPC'",
    "'KARA2'": "'MTHFC'"
  },
  {
    "'23DHMPO'": "'EX_for(e)'",
    "'EX_ile_L(e)'": "'IMPC'",
    "'KARA2'": "'MTHFD'"
  },
  {
    "'23DHMPO'": "'EX_glyphe(e)'",
    "'EX_ile_L(e)'": "'EX_phe_L(e)'",
    "'KARA2'": "'PHETA1'"
  },
  {
    "'23DHMPO'": "'EX_glyphe(e)'",
    "'EX_ile_L(e)'": "'EX_phe_L(e)'",
    "'KARA2'": "'PPNDH'"
  },
  {
    "'23DHMPO'": "'EX_glyphe(e)'",
    "'EX_ile_L(e)'": "'PHETA1'",
    "'KARA2'": "'PHEt2r'"
  },
  {
    "'23DHMPO'": "'EX_glyphe(e)'",
    "'EX_ile_L(e)'": "'PHEt2r'",
    "'KARA2'": "'PPNDH'"
  },
  {
    "'23DHMPO'": "'EX_glytyr(e)'",
    "'EX_ile_L(e)'": "'EX_tyr_L(e)'",
    "'KARA2'": "'LARGNAT'"
  },
  {
    "'23DHMPO'": "'EX_glytyr(e)'",
    "'EX_ile_L(e)'": "'LARGNAT'",
    "'KARA2'": "'TYRt2r'"
  },
  {
    "'23DHMPO'": "'EX_gua(e)'",
    "'EX_ile_L(e)'": "'GMPS2'",
    "'KARA2'": "'PUNP3'"
  },
  {
    "'23DHMPO'": "'EX_gua(e)'",
    "'EX_ile_L(e)'": "'GMPS2'",
    "'KARA2'": "'r1384'"
  },
  {
    "'23DHMPO'": "'EX_hxan(e)'",
    "'EX_ile_L(e)'": "'GARFTi'",
    "'KARA2'": "'GART'"
  },
  {
    "'23DHMPO'": "'EX_ile_L(e)'",
    "'EX_ile_L(e)'": "'HSERTA'",
    "'KARA2'": "'THRD_L'"
  },
  {
    "'23DHMPO'": "'EX_ile_L(e)'",
    "'EX_ile_L(e)'": "'METB1'",
    "'KARA2'": "'THRD_L'"
  },
  {
    "'23DHMPO'": "'EX_ile_L(e)'",
    "'EX_ile_L(e)'": "'SHSL1r'",
    "'KARA2'": "'THRD_L'"
  },
  {
    "'23DHMPO'": "'EX_ile_L(e)'",
    "'EX_ile_L(e)'": "'SHSL4r'",
    "'KARA2'": "'THRD_L'"
  },
  {
    "'23DHMPO'": "'EX_inost(e)'",
    "'EX_ile_L(e)'": "'H2CO3D'",
    "'KARA2'": "'MALCOAPYRCT'"
  },
  {
    "'23DHMPO'": "'EX_inost(e)'",
    "'EX_ile_L(e)'": "'PFL'",
    "'KARA2'": "'PTAr'"
  },
  {
    "'23DHMPO'": "'EX_phe_L(e)'",
    "'EX_ile_L(e)'": "'GLYPHEHYc'",
    "'KARA2'": "'PHETA1'"
  },
  {
    "'23DHMPO'": "'EX_phe_L(e)'",
    "'EX_ile_L(e)'": "'GLYPHEHYc'",
    "'KARA2'": "'PPNDH'"
  },
  {
    "'23DHMPO'": "'EX_phe_L(e)'",
    "'EX_ile_L(e)'": "'GLYPHEabc'",
    "'KARA2'": "'PHETA1'"
  },
  {
    "'23DHMPO'": "'EX_phe_L(e)'",
    "'EX_ile_L(e)'": "'GLYPHEabc'",
    "'KARA2'": "'PPNDH'"
  },
  {
    "'23DHMPO'": "'EX_rib_D(e)'",
    "'EX_ile_L(e)'": "'PGL'",
    "'KARA2'": "'RPE'"
  },
  {
    "'23DHMPO'": "'EX_rib_D(e)'",
    "'EX_ile_L(e)'": "'PGL'",
    "'KARA2'": "'TKT2'"
  },
  {
    "'23DHMPO'": "'EX_ser_L(e)'",
    "'EX_ile_L(e)'": "'GHMT2r'",
    "'KARA2'": "'PGCDr'"
  },
  {
    "'23DHMPO'": "'EX_ser_L(e)'",
    "'EX_ile_L(e)'": "'GHMT2r'",
    "'KARA2'": "'PSERT'"
  },
  {
    "'23DHMPO'": "'EX_ser_L(e)'",
    "'EX_ile_L(e)'": "'GHMT2r'",
    "'KARA2'": "'PSP_L'"
  },
  {
    "'23DHMPO'": "'EX_thm(e)'",
    "'EX_ile_L(e)'": "'GARFTi'",
    "'KARA2'": "'GART'"
  },
  {
    "'23DHMPO'": "'EX_tyr_L(e)'",
    "'EX_ile_L(e)'": "'GLYTYR1c'",
    "'KARA2'": "'LARGNAT'"
  },
  {
    "'23DHMPO'": "'EX_tyr_L(e)'",
    "'EX_ile_L(e)'": "'GLYTYRabc'",
    "'KARA2'": "'LARGNAT'"
  },
  {
    "'23DHMPO'": "'EX_val_L(e)'",
    "'EX_ile_L(e)'": "'KARA1'",
    "'KARA2'": "'KARA3'"
  },
  {
    "'23DHMPO'": "'FBA3'",
    "'EX_ile_L(e)'": "'TALA'",
    "'KARA2'": "'TKT2'"
  },
  {
    "'23DHMPO'": "'FE2abc'",
    "'EX_ile_L(e)'": "'FE3abc'",
    "'KARA2'": "'FEDCabc'"
  },
  {
    "'23DHMPO'": "'FORt2r'",
    "'EX_ile_L(e)'": "'FTHFL'",
    "'KARA2'": "'GART'"
  },
  {
    "'23DHMPO'": "'FORt2r'",
    "'EX_ile_L(e)'": "'FTHFL'",
    "'KARA2'": "'GLUPRT'"
  },
  {
    "'23DHMPO'": "'FORt2r'",
    "'EX_ile_L(e)'": "'FTHFL'",
    "'KARA2'": "'H2CO3D'"
  },
  {
    "'23DHMPO'": "'FORt2r'",
    "'EX_ile_L(e)'": "'FTHFL'",
    "'KARA2'": "'IMPC'"
  },
  {
    "'23DHMPO'": "'FORt2r'",
    "'EX_ile_L(e)'": "'FTHFL'",
    "'KARA2'": "'PRAGS'"
  },
  {
    "'23DHMPO'": "'FORt2r'",
    "'EX_ile_L(e)'": "'FTHFL'",
    "'KARA2'": "'PRAIS'"
  },
  {
    "'23DHMPO'": "'FORt2r'",
    "'EX_ile_L(e)'": "'FTHFL'",
    "'KARA2'": "'PRASCSi'"
  },
  {
    "'23DHMPO'": "'FORt2r'",
    "'EX_ile_L(e)'": "'FTHFL'",
    "'KARA2'": "'PRFGS'"
  },
  {
    "'23DHMPO'": "'FORt2r'",
    "'EX_ile_L(e)'": "'IMPC'",
    "'KARA2'": "'MTHFC'"
  },
  {
    "'23DHMPO'": "'FORt2r'",
    "'EX_ile_L(e)'": "'IMPC'",
    "'KARA2'": "'MTHFD'"
  },
  {
    "'23DHMPO'": "'FTHFL'",
    "'EX_ile_L(e)'": "'GCCa'",
    "'KARA2'": "'GHMT2r'"
  },
  {
    "'23DHMPO'": "'FTHFL'",
    "'EX_ile_L(e)'": "'GCCb'",
    "'KARA2'": "'GHMT2r'"
  },
  {
    "'23DHMPO'": "'FTHFL'",
    "'EX_ile_L(e)'": "'GCCc'",
    "'KARA2'": "'GHMT2r'"
  },
  {
    "'23DHMPO'": "'G3PD1'",
    "'EX_ile_L(e)'": "'G3PD2'",
    "'KARA2'": "'GLYK'"
  },
  {
    "'23DHMPO'": "'GARFTi'",
    "'EX_ile_L(e)'": "'GART'",
    "'KARA2'": "'HETZK'"
  },
  {
    "'23DHMPO'": "'GARFTi'",
    "'EX_ile_L(e)'": "'GART'",
    "'KARA2'": "'HMPK1'"
  },
  {
    "'23DHMPO'": "'GARFTi'",
    "'EX_ile_L(e)'": "'GART'",
    "'KARA2'": "'HXPRT'"
  },
  {
    "'23DHMPO'": "'GARFTi'",
    "'EX_ile_L(e)'": "'GART'",
    "'KARA2'": "'HYXNt'"
  },
  {
    "'23DHMPO'": "'GARFTi'",
    "'EX_ile_L(e)'": "'GART'",
    "'KARA2'": "'TMN'"
  },
  {
    "'23DHMPO'": "'GCCa'",
    "'EX_ile_L(e)'": "'GHMT2r'",
    "'KARA2'": "'MTHFC'"
  },
  {
    "'23DHMPO'": "'GCCa'",
    "'EX_ile_L(e)'": "'GHMT2r'",
    "'KARA2'": "'MTHFD'"
  },
  {
    "'23DHMPO'": "'GCCb'",
    "'EX_ile_L(e)'": "'GHMT2r'",
    "'KARA2'": "'MTHFC'"
  },
  {
    "'23DHMPO'": "'GCCb'",
    "'EX_ile_L(e)'": "'GHMT2r'",
    "'KARA2'": "'MTHFD'"
  },
  {
    "'23DHMPO'": "'GCCc'",
    "'EX_ile_L(e)'": "'GHMT2r'",
    "'KARA2'": "'MTHFC'"
  },
  {
    "'23DHMPO'": "'GCCc'",
    "'EX_ile_L(e)'": "'GHMT2r'",
    "'KARA2'": "'MTHFD'"
  },
  {
    "'23DHMPO'": "'GHMT2r'",
    "'EX_ile_L(e)'": "'PGCDr'",
    "'KARA2'": "'SERt2r'"
  },
  {
    "'23DHMPO'": "'GHMT2r'",
    "'EX_ile_L(e)'": "'PSERT'",
    "'KARA2'": "'SERt2r'"
  },
  {
    "'23DHMPO'": "'GHMT2r'",
    "'EX_ile_L(e)'": "'PSP_L'",
    "'KARA2'": "'SERt2r'"
  },
  {
    "'23DHMPO'": "'GLUPRT'",
    "'EX_ile_L(e)'": "'THMabc'",
    "'KARA2'": "'THMt3'"
  },
  {
    "'23DHMPO'": "'GLYPHEHYc'",
    "'EX_ile_L(e)'": "'PHETA1'",
    "'KARA2'": "'PHEt2r'"
  },
  {
    "'23DHMPO'": "'GLYPHEHYc'",
    "'EX_ile_L(e)'": "'PHEt2r'",
    "'KARA2'": "'PPNDH'"
  },
  {
    "'23DHMPO'": "'GLYPHEabc'",
    "'EX_ile_L(e)'": "'PHETA1'",
    "'KARA2'": "'PHEt2r'"
  },
  {
    "'23DHMPO'": "'GLYPHEabc'",
    "'EX_ile_L(e)'": "'PHEt2r'",
    "'KARA2'": "'PPNDH'"
  },
  {
    "'23DHMPO'": "'GLYTYR1c'",
    "'EX_ile_L(e)'": "'LARGNAT'",
    "'KARA2'": "'TYRt2r'"
  },
  {
    "'23DHMPO'": "'GLYTYRabc'",
    "'EX_ile_L(e)'": "'LARGNAT'",
    "'KARA2'": "'TYRt2r'"
  },
  {
    "'23DHMPO'": "'GMPS2'",
    "'EX_ile_L(e)'": "'GUAt2'",
    "'KARA2'": "'PUNP3'"
  },
  {
    "'23DHMPO'": "'GMPS2'",
    "'EX_ile_L(e)'": "'GUAt2'",
    "'KARA2'": "'r1384'"
  },
  {
    "'23DHMPO'": "'GUAPRT'",
    "'EX_ile_L(e)'": "'IMPD'",
    "'KARA2'": "'XPPTr'"
  },
  {
    "'23DHMPO'": "'H2CO3D'",
    "'EX_ile_L(e)'": "'INS2D'",
    "'KARA2'": "'MALCOAPYRCT'"
  },
  {
    "'23DHMPO'": "'H2CO3D'",
    "'EX_ile_L(e)'": "'INSTt2r'",
    "'KARA2'": "'MALCOAPYRCT'"
  },
  {
    "'23DHMPO'": "'H2CO3D'",
    "'EX_ile_L(e)'": "'MALCOAPYRCT'",
    "'KARA2'": "'MMSAD5'"
  },
  {
    "'23DHMPO'": "'H2CO3D'",
    "'EX_ile_L(e)'": "'MALCOAPYRCT'",
    "'KARA2'": "'TPI'"
  },
  {
    "'23DHMPO'": "'HSERTA'",
    "'EX_ile_L(e)'": "'ILETA'",
    "'KARA2'": "'THRD_L'"
  },
  {
    "'23DHMPO'": "'HSERTA'",
    "'EX_ile_L(e)'": "'ILEt2r'",
    "'KARA2'": "'THRD_L'"
  },
  {
    "'23DHMPO'": "'ILETA'",
    "'EX_ile_L(e)'": "'METB1'",
    "'KARA2'": "'THRD_L'"
  },
  {
    "'23DHMPO'": "'ILETA'",
    "'EX_ile_L(e)'": "'SHSL1r'",
    "'KARA2'": "'THRD_L'"
  },
  {
    "'23DHMPO'": "'ILETA'",
    "'EX_ile_L(e)'": "'SHSL4r'",
    "'KARA2'": "'THRD_L'"
  },
  {
    "'23DHMPO'": "'ILEt2r'",
    "'EX_ile_L(e)'": "'METB1'",
    "'KARA2'": "'THRD_L'"
  },
  {
    "'23DHMPO'": "'ILEt2r'",
    "'EX_ile_L(e)'": "'SHSL1r'",
    "'KARA2'": "'THRD_L'"
  },
  {
    "'23DHMPO'": "'ILEt2r'",
    "'EX_ile_L(e)'": "'SHSL4r'",
    "'KARA2'": "'THRD_L'"
  },
  {
    "'23DHMPO'": "'INS2D'",
    "'EX_ile_L(e)'": "'PFL'",
    "'KARA2'": "'PTAr'"
  },
  {
    "'23DHMPO'": "'INSTt2r'",
    "'EX_ile_L(e)'": "'PFL'",
    "'KARA2'": "'PTAr'"
  },
  {
    "'23DHMPO'": "'IPDDI'",
    "'EX_ile_L(e)'": "'IPDPS'",
    "'KARA2'": "'IPDPS2'"
  },
  {
    "'23DHMPO'": "'KARA1'",
    "'EX_ile_L(e)'": "'KARA3'",
    "'KARA2'": "'VALTA'"
  },
  {
    "'23DHMPO'": "'KARA1'",
    "'EX_ile_L(e)'": "'KARA3'",
    "'KARA2'": "'VALt2r'"
  },
  {
    "'23DHMPO'": "'PFK_3'",
    "'EX_ile_L(e)'": "'TALA'",
    "'KARA2'": "'TKT2'"
  },
  {
    "'23DHMPO'": "'PFL'",
    "'EX_ile_L(e)'": "'PTAr'",
    "'KARA2'": "'TPI'"
  },
  {
    "'23DHMPO'": "'PGL'",
    "'EX_ile_L(e)'": "'RBK'",
    "'KARA2'": "'RPE'"
  },
  {
    "'23DHMPO'": "'PGL'",
    "'EX_ile_L(e)'": "'RBK'",
    "'KARA2'": "'TKT2'"
  },
  {
    "'23DHMPO'": "'PGL'",
    "'EX_ile_L(e)'": "'RIBabc'",
    "'KARA2'": "'RPE'"
  },
  {
    "'23DHMPO'": "'PGL'",
    "'EX_ile_L(e)'": "'RIBabc'",
    "'KARA2'": "'TKT2'"
  },
  {
    "'23DHMPO'": "'PGL'",
    "'EX_ile_L(e)'": "'RPE'",
    "'KARA2'": "'RPI'"
  },
  {
    "'23DHMPO'": "'PGL'",
    "'EX_ile_L(e)'": "'RPI'",
    "'KARA2'": "'TKT2'"
  },
  {
    "'23DHMPO'": "'PRAGS'",
    "'EX_ile_L(e)'": "'THMabc'",
    "'KARA2'": "'THMt3'"
  },
  {
    "'23DHMPO'": "'PRAIS'",
    "'EX_ile_L(e)'": "'THMabc'",
    "'KARA2'": "'THMt3'"
  },
  {
    "'23DHMPO'": "'PRFGS'",
    "'EX_ile_L(e)'": "'THMabc'",
    "'KARA2'": "'THMt3'"
  },
  {
    "'23DHMPO'": "'PUNP4'",
    "'EX_ile_L(e)'": "'RNDR2'",
    "'KARA2'": "'RNTR2'"
  },
  {
    "'23DHMPO'": "'RNDR2'",
    "'EX_ile_L(e)'": "'RNTR2'",
    "'KARA2'": "'r0456'"
  },
  {
    "'23DHMPO'": "'THMabc'",
    "'EX_ile_L(e)'": "'THMt3'",
    "'KARA2'": "'THZPSN'"
  }
]