[
  {
    "'g.2332.peg.183'": "'Unknown'"
  },
  {
    "'g.2332.peg.183'": "'g.2332.peg.949'"
  },
  {
    "'g.2332.peg.183'": "'562973.4.peg.1116'"
  },
  {
    "'g.2332.peg.183'": "'562973.4.peg.820'"
  },
  {
    "'g.2332.peg.183'": "'g.2332.peg.50'"
  },
  {
    "'g.2332.peg.183'": "'562973.4.peg.1947'"
  },
  {
    "'g.2332.peg.183'": "'562973.4.peg.1955'"
  },
  {
    "'g.2332.peg.183'": "'562973.4.peg.2261'"
  },
  {
    "'g.2332.peg.183'": "'562973.4.peg.35'"
  },
  {
    "'g.2332.peg.183'": "'g.2332.peg.2550'"
  },
  {
    "'g.2332.peg.183'": "'g.2332.peg.2383'"
  },
  {
    "'g.2332.peg.183'": "'562973.4.peg.1667'"
  },
  {
    "'g.2332.peg.183'": "'g.2332.peg.2305'"
  },
  {
    "'g.2332.peg.183'": "'g.2332.peg.1188'"
  },
  {
    "'g.2332.peg.183'": "'g.2332.peg.819'"
  },
  {
    "'g.2332.peg.183'": "'562973.4.peg.1957'"
  },
  {
    "'g.2332.peg.183'": "'g.2332.peg.195'"
  },
  {
    "'g.2332.peg.183'": "'g.2332.peg.21'"
  },
  {
    "'g.2332.peg.183'": "'g.2332.peg.1689'"
  },
  {
    "'g.2332.peg.183'": "'562973.4.peg.2586'"
  },
  {
    "'g.2332.peg.183'": "'562973.4.peg.559'"
  },
  {
    "'g.2332.peg.183'": "'g.2332.peg.480'"
  },
  {
    "'g.2332.peg.183'": "'g.2332.peg.2147'"
  },
  {
    "'g.2332.peg.183'": "'g.2332.peg.2439'"
  },
  {
    "'g.2332.peg.183'": "'g.2332.peg.1976'"
  },
  {
    "'g.2332.peg.183'": "'562973.4.peg.1785'"
  },
  {
    "'g.2332.peg.183'": "'562973.4.peg.57'"
  },
  {
    "'g.2332.peg.183'": "'g.2332.peg.2126'"
  },
  {
    "'g.2332.peg.183'": "'g.2332.peg.1196'"
  },
  {
    "'g.2332.peg.183'": "'g.2332.peg.571'"
  },
  {
    "'g.2332.peg.183'": "'562973.4.peg.1608'"
  },
  {
    "'g.2332.peg.183'": "'562973.4.peg.98'"
  },
  {
    "'g.2332.peg.183'": "'g.2332.peg.1203'"
  },
  {
    "'g.2332.peg.183'": "'g.2332.peg.1783'"
  },
  {
    "'g.2332.peg.183'": "'g.2332.peg.581'"
  },
  {
    "'g.2332.peg.183'": "'g.2332.peg.781'"
  },
  {
    "'g.2332.peg.183'": "'562973.4.peg.2097'"
  },
  {
    "'g.2332.peg.183'": "'g.2332.peg.1271'"
  },
  {
    "'g.2332.peg.183'": "'g.2332.peg.409'"
  },
  {
    "'g.2332.peg.183'": "'g.2332.peg.843'"
  },
  {
    "'g.2332.peg.183'": "'g.2332.peg.112'"
  },
  {
    "'g.2332.peg.183'": "'g.2332.peg.2419'"
  },
  {
    "'g.2332.peg.183'": "'g.2332.peg.105'"
  },
  {
    "'g.2332.peg.183'": "'g.2332.peg.2486'"
  },
  {
    "'g.2332.peg.183'": "'562973.4.peg.1567'"
  },
  {
    "'g.2332.peg.183'": "'g.2332.peg.157'"
  },
  {
    "'g.2332.peg.183'": "'g.2332.peg.1406'"
  },
  {
    "'g.2332.peg.183'": "'562973.4.peg.1981'"
  },
  {
    "'g.2332.peg.183'": "'562973.4.peg.2260'"
  },
  {
    "'g.2332.peg.183'": "'562973.4.peg.1685'"
  },
  {
    "'g.2332.peg.183'": "'g.2332.peg.2258'"
  },
  {
    "'g.2332.peg.183'": "'562973.4.peg.366'"
  },
  {
    "'g.2332.peg.183'": "'562973.4.peg.1958'"
  },
  {
    "'g.2332.peg.183'": "'562973.4.peg.1956'"
  },
  {
    "'g.2332.peg.183'": "'g.2332.peg.165'"
  },
  {
    "'g.2332.peg.183'": "'g.2332.peg.910'"
  },
  {
    "'g.2332.peg.183'": "'562973.4.peg.1668'"
  },
  {
    "'g.2332.peg.183'": "'562973.4.peg.2300'"
  },
  {
    "'g.2332.peg.183'": "'g.2332.peg.1712'"
  },
  {
    "'g.2332.peg.183'": "'562973.4.peg.1873'"
  },
  {
    "'g.2332.peg.183'": "'g.2332.peg.2188'"
  },
  {
    "'g.2332.peg.183'": "'g.2332.peg.1615'"
  },
  {
    "'g.2332.peg.183'": "'g.2332.peg.2093'"
  },
  {
    "'g.2332.peg.183'": "'g.2332.peg.2498'"
  },
  {
    "'g.2332.peg.183'": "'g.2332.peg.1132'"
  },
  {
    "'g.2332.peg.183'": "'g.2332.peg.2479'"
  },
  {
    "'g.2332.peg.183'": "'562973.4.peg.132'"
  },
  {
    "'g.2332.peg.183'": "'g.2332.peg.1262'"
  },
  {
    "'g.2332.peg.183'": "'g.2332.peg.141'"
  },
  {
    "'g.2332.peg.183'": "'g.2332.peg.1430'"
  },
  {
    "'g.2332.peg.183'": "'g.2332.peg.1940'"
  },
  {
    "'g.2332.peg.183'": "'g.2332.peg.2068'"
  },
  {
    "'g.2332.peg.183'": "'g.2332.peg.2201'"
  },
  {
    "'g.2332.peg.183'": "'g.2332.peg.254'"
  },
  {
    "'g.2332.peg.183'": "'g.2332.peg.425'"
  },
  {
    "'g.2332.peg.183'": "'g.2332.peg.438'"
  },
  {
    "'g.2332.peg.183'": "'g.2332.peg.529'"
  },
  {
    "'g.2332.peg.183'": "'g.2332.peg.576'"
  },
  {
    "'g.2332.peg.183'": "'g.2332.peg.585'"
  },
  {
    "'g.2332.peg.183'": "'g.2332.peg.684'"
  },
  {
    "'g.2332.peg.183'": "'g.2332.peg.696'"
  },
  {
    "'g.2332.peg.183'": "'g.2332.peg.959'"
  },
  {
    "'g.2332.peg.183'": "'g.2332.peg.1045'"
  },
  {
    "'g.2332.peg.183'": "'g.2332.peg.1087'"
  },
  {
    "'g.2332.peg.183'": "'g.2332.peg.1110'"
  },
  {
    "'g.2332.peg.183'": "'g.2332.peg.1118'"
  },
  {
    "'g.2332.peg.183'": "'g.2332.peg.1123'"
  },
  {
    "'g.2332.peg.183'": "'g.2332.peg.1131'"
  },
  {
    "'g.2332.peg.183'": "'g.2332.peg.1145'"
  },
  {
    "'g.2332.peg.183'": "'g.2332.peg.1147'"
  },
  {
    "'g.2332.peg.183'": "'g.2332.peg.1152'"
  },
  {
    "'g.2332.peg.183'": "'g.2332.peg.1199'"
  },
  {
    "'g.2332.peg.183'": "'g.2332.peg.1204'"
  },
  {
    "'g.2332.peg.183'": "'g.2332.peg.1238'"
  },
  {
    "'g.2332.peg.183'": "'g.2332.peg.1250'"
  },
  {
    "'g.2332.peg.183'": "'g.2332.peg.1294'"
  },
  {
    "'g.2332.peg.183'": "'g.2332.peg.1306'"
  },
  {
    "'g.2332.peg.183'": "'g.2332.peg.1317'"
  },
  {
    "'g.2332.peg.183'": "'g.2332.peg.1339'"
  },
  {
    "'g.2332.peg.183'": "'g.2332.peg.1355'"
  },
  {
    "'g.2332.peg.183'": "'g.2332.peg.1392'"
  },
  {
    "'g.2332.peg.183'": "'g.2332.peg.1420'"
  },
  {
    "'g.2332.peg.183'": "'g.2332.peg.1423'"
  },
  {
    "'g.2332.peg.183'": "'g.2332.peg.1444'"
  },
  {
    "'g.2332.peg.183'": "'g.2332.peg.1459'"
  },
  {
    "'g.2332.peg.183'": "'g.2332.peg.1532'"
  },
  {
    "'g.2332.peg.183'": "'g.2332.peg.1543'"
  },
  {
    "'g.2332.peg.183'": "'g.2332.peg.1569'"
  },
  {
    "'g.2332.peg.183'": "'g.2332.peg.1664'"
  },
  {
    "'g.2332.peg.183'": "'g.2332.peg.1703'"
  },
  {
    "'g.2332.peg.183'": "'g.2332.peg.1728'"
  },
  {
    "'g.2332.peg.183'": "'g.2332.peg.1778'"
  },
  {
    "'g.2332.peg.183'": "'g.2332.peg.1795'"
  },
  {
    "'g.2332.peg.183'": "'g.2332.peg.1823'"
  },
  {
    "'g.2332.peg.183'": "'g.2332.peg.1827'"
  },
  {
    "'g.2332.peg.183'": "'g.2332.peg.1829'"
  },
  {
    "'g.2332.peg.183'": "'g.2332.peg.1830'"
  },
  {
    "'g.2332.peg.183'": "'g.2332.peg.1840'"
  },
  {
    "'g.2332.peg.183'": "'g.2332.peg.1868'"
  },
  {
    "'g.2332.peg.183'": "'g.2332.peg.1876'"
  },
  {
    "'g.2332.peg.183'": "'g.2332.peg.1878'"
  },
  {
    "'g.2332.peg.183'": "'g.2332.peg.1884'"
  },
  {
    "'g.2332.peg.183'": "'g.2332.peg.1907'"
  },
  {
    "'g.2332.peg.183'": "'g.2332.peg.1912'"
  },
  {
    "'g.2332.peg.183'": "'g.2332.peg.1931'"
  },
  {
    "'g.2332.peg.183'": "'g.2332.peg.1967'"
  },
  {
    "'g.2332.peg.183'": "'g.2332.peg.1981'"
  },
  {
    "'g.2332.peg.183'": "'g.2332.peg.199'"
  },
  {
    "'g.2332.peg.183'": "'g.2332.peg.1991'"
  },
  {
    "'g.2332.peg.183'": "'g.2332.peg.2009'"
  },
  {
    "'g.2332.peg.183'": "'g.2332.peg.216'"
  },
  {
    "'g.2332.peg.183'": "'g.2332.peg.2570'"
  },
  {
    "'g.2332.peg.183'": "'g.2332.peg.338'"
  },
  {
    "'g.2332.peg.183'": "'g.2332.peg.376'"
  },
  {
    "'g.2332.peg.183'": "'g.2332.peg.41'"
  },
  {
    "'g.2332.peg.183'": "'g.2332.peg.433'"
  },
  {
    "'g.2332.peg.183'": "'g.2332.peg.447'"
  },
  {
    "'g.2332.peg.183'": "'g.2332.peg.462'"
  },
  {
    "'g.2332.peg.183'": "'g.2332.peg.490'"
  },
  {
    "'g.2332.peg.183'": "'g.2332.peg.514'"
  },
  {
    "'g.2332.peg.183'": "'g.2332.peg.688'"
  },
  {
    "'g.2332.peg.183'": "'g.2332.peg.835'"
  },
  {
    "'g.2332.peg.183'": "'g.2332.peg.849'"
  },
  {
    "'g.2332.peg.183'": "'g.2332.peg.904'"
  },
  {
    "'g.2332.peg.183'": "'g.2332.peg.992'"
  },
  {
    "'g.2332.peg.183'": "'g.2332.peg.994'"
  },
  {
    "'g.2332.peg.183'": "'g.2332.peg.878'"
  },
  {
    "'g.2332.peg.183'": "'g.2332.peg.1144'"
  },
  {
    "'g.2332.peg.183'": "'g.2332.peg.1159'"
  },
  {
    "'g.2332.peg.183'": "'g.2332.peg.1397'"
  },
  {
    "'g.2332.peg.183'": "'g.2332.peg.149'"
  },
  {
    "'g.2332.peg.183'": "'g.2332.peg.1809'"
  },
  {
    "'g.2332.peg.183'": "'g.2332.peg.1938'"
  },
  {
    "'g.2332.peg.183'": "'g.2332.peg.224'"
  },
  {
    "'g.2332.peg.183'": "'g.2332.peg.415'"
  },
  {
    "'g.2332.peg.183'": "'g.2332.peg.434'"
  }
]