[
  {
    "'g.2332.peg.1267'": "'g.2332.peg.1267'",
    "'g.2332.peg.718'": "'g.2332.peg.572'",
    "'g.2332.peg.813'": "'g.2332.peg.813'"
  },
  {
    "'g.2332.peg.1267'": "'g.2332.peg.1267'",
    "'g.2332.peg.718'": "'g.2332.peg.746'",
    "'g.2332.peg.813'": "'g.2332.peg.813'"
  },
  {
    "'g.2332.peg.1267'": "'g.2332.peg.1236'",
    "'g.2332.peg.718'": "'g.2332.peg.1186'",
    "'g.2332.peg.813'": "'g.2332.peg.1153'"
  },
  {
    "'g.2332.peg.1267'": "'g.2332.peg.1236'",
    "'g.2332.peg.718'": "'g.2332.peg.1153'",
    "'g.2332.peg.813'": "'g.2332.peg.1692'"
  },
  {
    "'g.2332.peg.1267'": "'g.2332.peg.1012'",
    "'g.2332.peg.718'": "'g.2332.peg.718'",
    "'g.2332.peg.813'": "'g.2332.peg.813'"
  },
  {
    "'g.2332.peg.1267'": "'g.2332.peg.1012'",
    "'g.2332.peg.718'": "'g.2332.peg.572'",
    "'g.2332.peg.813'": "'g.2332.peg.813'"
  },
  {
    "'g.2332.peg.1267'": "'g.2332.peg.1012'",
    "'g.2332.peg.718'": "'g.2332.peg.746'",
    "'g.2332.peg.813'": "'g.2332.peg.813'"
  },
  {
    "'g.2332.peg.1267'": "'g.2332.peg.19'",
    "'g.2332.peg.718'": "'g.2332.peg.718'",
    "'g.2332.peg.813'": "'g.2332.peg.813'"
  },
  {
    "'g.2332.peg.1267'": "'g.2332.peg.19'",
    "'g.2332.peg.718'": "'g.2332.peg.572'",
    "'g.2332.peg.813'": "'g.2332.peg.813'"
  },
  {
    "'g.2332.peg.1267'": "'g.2332.peg.19'",
    "'g.2332.peg.718'": "'g.2332.peg.746'",
    "'g.2332.peg.813'": "'g.2332.peg.813'"
  },
  {
    "'g.2332.peg.1267'": "'g.2332.peg.718'",
    "'g.2332.peg.718'": "'g.2332.peg.1708'",
    "'g.2332.peg.813'": "'g.2332.peg.813'"
  },
  {
    "'g.2332.peg.1267'": "'g.2332.peg.718'",
    "'g.2332.peg.718'": "'g.2332.peg.1553'",
    "'g.2332.peg.813'": "'g.2332.peg.813'"
  },
  {
    "'g.2332.peg.1267'": "'g.2332.peg.718'",
    "'g.2332.peg.718'": "'g.2332.peg.1422'",
    "'g.2332.peg.813'": "'g.2332.peg.813'"
  },
  {
    "'g.2332.peg.1267'": "'g.2332.peg.718'",
    "'g.2332.peg.718'": "'g.2332.peg.1820'",
    "'g.2332.peg.813'": "'g.2332.peg.813'"
  },
  {
    "'g.2332.peg.1267'": "'g.2332.peg.718'",
    "'g.2332.peg.718'": "'g.2332.peg.813'",
    "'g.2332.peg.813'": "'562973.4.peg.1764'"
  },
  {
    "'g.2332.peg.1267'": "'g.2332.peg.296'",
    "'g.2332.peg.718'": "'562973.4.peg.473'",
    "'g.2332.peg.813'": "'562973.4.peg.726'"
  },
  {
    "'g.2332.peg.1267'": "'562973.4.peg.11'",
    "'g.2332.peg.718'": "'g.2332.peg.996'",
    "'g.2332.peg.813'": "'g.2332.peg.343'"
  },
  {
    "'g.2332.peg.1267'": "'562973.4.peg.12'",
    "'g.2332.peg.718'": "'g.2332.peg.996'",
    "'g.2332.peg.813'": "'g.2332.peg.343'"
  },
  {
    "'g.2332.peg.1267'": "'562973.4.peg.2159'",
    "'g.2332.peg.718'": "'562973.4.peg.2160'",
    "'g.2332.peg.813'": "'562973.4.peg.2151'"
  },
  {
    "'g.2332.peg.1267'": "'562973.4.peg.2159'",
    "'g.2332.peg.718'": "'562973.4.peg.2160'",
    "'g.2332.peg.813'": "'g.2332.peg.1908'"
  },
  {
    "'g.2332.peg.1267'": "'562973.4.peg.10'",
    "'g.2332.peg.718'": "'g.2332.peg.996'",
    "'g.2332.peg.813'": "'g.2332.peg.343'"
  },
  {
    "'g.2332.peg.1267'": "'g.2332.peg.1694'",
    "'g.2332.peg.718'": "'g.2332.peg.2578'",
    "'g.2332.peg.813'": "'g.2332.peg.640'"
  },
  {
    "'g.2332.peg.1267'": "'g.2332.peg.1231'",
    "'g.2332.peg.718'": "'g.2332.peg.368'",
    "'g.2332.peg.813'": "'g.2332.peg.52'"
  },
  {
    "'g.2332.peg.1267'": "'g.2332.peg.1231'",
    "'g.2332.peg.718'": "'g.2332.peg.52'",
    "'g.2332.peg.813'": "'g.2332.peg.2496'"
  },
  {
    "'g.2332.peg.1267'": "'562973.4.peg.2361'",
    "'g.2332.peg.718'": "'g.2332.peg.1435'",
    "'g.2332.peg.813'": "'562973.4.peg.6'"
  },
  {
    "'g.2332.peg.1267'": "'562973.4.peg.2361'",
    "'g.2332.peg.718'": "'g.2332.peg.1435'",
    "'g.2332.peg.813'": "'562973.4.peg.8'"
  },
  {
    "'g.2332.peg.1267'": "'562973.4.peg.2361'",
    "'g.2332.peg.718'": "'g.2332.peg.1435'",
    "'g.2332.peg.813'": "'g.2332.peg.252'"
  },
  {
    "'g.2332.peg.1267'": "'562973.4.peg.2361'",
    "'g.2332.peg.718'": "'g.2332.peg.1435'",
    "'g.2332.peg.813'": "'g.2332.peg.343'"
  },
  {
    "'g.2332.peg.1267'": "'562973.4.peg.2361'",
    "'g.2332.peg.718'": "'g.2332.peg.1435'",
    "'g.2332.peg.813'": "'562973.4.peg.1583'"
  },
  {
    "'g.2332.peg.1267'": "'562973.4.peg.2361'",
    "'g.2332.peg.718'": "'562973.4.peg.6'",
    "'g.2332.peg.813'": "'g.2332.peg.245'"
  },
  {
    "'g.2332.peg.1267'": "'562973.4.peg.2361'",
    "'g.2332.peg.718'": "'562973.4.peg.8'",
    "'g.2332.peg.813'": "'g.2332.peg.245'"
  },
  {
    "'g.2332.peg.1267'": "'562973.4.peg.2361'",
    "'g.2332.peg.718'": "'g.2332.peg.252'",
    "'g.2332.peg.813'": "'g.2332.peg.245'"
  },
  {
    "'g.2332.peg.1267'": "'562973.4.peg.2361'",
    "'g.2332.peg.718'": "'g.2332.peg.245'",
    "'g.2332.peg.813'": "'g.2332.peg.343'"
  },
  {
    "'g.2332.peg.1267'": "'562973.4.peg.2361'",
    "'g.2332.peg.718'": "'g.2332.peg.245'",
    "'g.2332.peg.813'": "'562973.4.peg.1583'"
  },
  {
    "'g.2332.peg.1267'": "'562973.4.peg.13'",
    "'g.2332.peg.718'": "'g.2332.peg.996'",
    "'g.2332.peg.813'": "'g.2332.peg.343'"
  },
  {
    "'g.2332.peg.1267'": "'g.2332.peg.1776'",
    "'g.2332.peg.718'": "'562973.4.peg.473'",
    "'g.2332.peg.813'": "'562973.4.peg.726'"
  },
  {
    "'g.2332.peg.1267'": "'562973.4.peg.481'",
    "'g.2332.peg.718'": "'562973.4.peg.482'",
    "'g.2332.peg.813'": "'g.2332.peg.1673'"
  },
  {
    "'g.2332.peg.1267'": "'562973.4.peg.481'",
    "'g.2332.peg.718'": "'562973.4.peg.482'",
    "'g.2332.peg.813'": "'g.2332.peg.695'"
  },
  {
    "'g.2332.peg.1267'": "'g.2332.peg.1777'",
    "'g.2332.peg.718'": "'g.2332.peg.586'",
    "'g.2332.peg.813'": "'562973.4.peg.1532'"
  },
  {
    "'g.2332.peg.1267'": "'g.2332.peg.1777'",
    "'g.2332.peg.718'": "'g.2332.peg.1905'",
    "'g.2332.peg.813'": "'g.2332.peg.355'"
  },
  {
    "'g.2332.peg.1267'": "'g.2332.peg.1777'",
    "'g.2332.peg.718'": "'562973.4.peg.802'",
    "'g.2332.peg.813'": "'g.2332.peg.355'"
  },
  {
    "'g.2332.peg.1267'": "'g.2332.peg.1777'",
    "'g.2332.peg.718'": "'562973.4.peg.2198'",
    "'g.2332.peg.813'": "'g.2332.peg.355'"
  },
  {
    "'g.2332.peg.1267'": "'g.2332.peg.1777'",
    "'g.2332.peg.718'": "'g.2332.peg.355'",
    "'g.2332.peg.813'": "'g.2332.peg.1452'"
  },
  {
    "'g.2332.peg.1267'": "'g.2332.peg.1777'",
    "'g.2332.peg.718'": "'g.2332.peg.355'",
    "'g.2332.peg.813'": "'g.2332.peg.1584'"
  },
  {
    "'g.2332.peg.1267'": "'g.2332.peg.572'",
    "'g.2332.peg.718'": "'g.2332.peg.1708'",
    "'g.2332.peg.813'": "'g.2332.peg.813'"
  },
  {
    "'g.2332.peg.1267'": "'g.2332.peg.572'",
    "'g.2332.peg.718'": "'g.2332.peg.1553'",
    "'g.2332.peg.813'": "'g.2332.peg.813'"
  },
  {
    "'g.2332.peg.1267'": "'g.2332.peg.572'",
    "'g.2332.peg.718'": "'g.2332.peg.1422'",
    "'g.2332.peg.813'": "'g.2332.peg.813'"
  },
  {
    "'g.2332.peg.1267'": "'g.2332.peg.572'",
    "'g.2332.peg.718'": "'g.2332.peg.1820'",
    "'g.2332.peg.813'": "'g.2332.peg.813'"
  },
  {
    "'g.2332.peg.1267'": "'g.2332.peg.572'",
    "'g.2332.peg.718'": "'g.2332.peg.813'",
    "'g.2332.peg.813'": "'562973.4.peg.1764'"
  },
  {
    "'g.2332.peg.1267'": "'g.2332.peg.132'",
    "'g.2332.peg.718'": "'g.2332.peg.1484'",
    "'g.2332.peg.813'": "'g.2332.peg.2299'"
  },
  {
    "'g.2332.peg.1267'": "'g.2332.peg.132'",
    "'g.2332.peg.718'": "'g.2332.peg.1437'",
    "'g.2332.peg.813'": "'g.2332.peg.2272'"
  },
  {
    "'g.2332.peg.1267'": "'g.2332.peg.1396'",
    "'g.2332.peg.718'": "'g.2332.peg.1055'",
    "'g.2332.peg.813'": "'562973.4.peg.2520'"
  },
  {
    "'g.2332.peg.1267'": "'g.2332.peg.1396'",
    "'g.2332.peg.718'": "'g.2332.peg.1293'",
    "'g.2332.peg.813'": "'562973.4.peg.2520'"
  },
  {
    "'g.2332.peg.1267'": "'g.2332.peg.1396'",
    "'g.2332.peg.718'": "'g.2332.peg.1825'",
    "'g.2332.peg.813'": "'562973.4.peg.2520'"
  },
  {
    "'g.2332.peg.1267'": "'g.2332.peg.1708'",
    "'g.2332.peg.718'": "'g.2332.peg.746'",
    "'g.2332.peg.813'": "'g.2332.peg.813'"
  },
  {
    "'g.2332.peg.1267'": "'g.2332.peg.1553'",
    "'g.2332.peg.718'": "'g.2332.peg.746'",
    "'g.2332.peg.813'": "'g.2332.peg.813'"
  },
  {
    "'g.2332.peg.1267'": "'g.2332.peg.423'",
    "'g.2332.peg.718'": "'562973.4.peg.2520'",
    "'g.2332.peg.813'": "'562973.4.peg.1244'"
  },
  {
    "'g.2332.peg.1267'": "'g.2332.peg.423'",
    "'g.2332.peg.718'": "'562973.4.peg.2520'",
    "'g.2332.peg.813'": "'562973.4.peg.1245'"
  },
  {
    "'g.2332.peg.1267'": "'g.2332.peg.586'",
    "'g.2332.peg.718'": "'562973.4.peg.1532'",
    "'g.2332.peg.813'": "'g.2332.peg.928'"
  },
  {
    "'g.2332.peg.1267'": "'g.2332.peg.1422'",
    "'g.2332.peg.718'": "'g.2332.peg.746'",
    "'g.2332.peg.813'": "'g.2332.peg.813'"
  },
  {
    "'g.2332.peg.1267'": "'g.2332.peg.2030'",
    "'g.2332.peg.718'": "'562973.4.peg.240'",
    "'g.2332.peg.813'": "'562973.4.peg.611'"
  },
  {
    "'g.2332.peg.1267'": "'g.2332.peg.1640'",
    "'g.2332.peg.718'": "'562973.4.peg.240'",
    "'g.2332.peg.813'": "'562973.4.peg.611'"
  },
  {
    "'g.2332.peg.1267'": "'g.2332.peg.2146'",
    "'g.2332.peg.718'": "'g.2332.peg.1186'",
    "'g.2332.peg.813'": "'g.2332.peg.1153'"
  },
  {
    "'g.2332.peg.1267'": "'g.2332.peg.1511'",
    "'g.2332.peg.718'": "'g.2332.peg.1055'",
    "'g.2332.peg.813'": "'562973.4.peg.2520'"
  },
  {
    "'g.2332.peg.1267'": "'g.2332.peg.1511'",
    "'g.2332.peg.718'": "'g.2332.peg.1293'",
    "'g.2332.peg.813'": "'562973.4.peg.2520'"
  },
  {
    "'g.2332.peg.1267'": "'g.2332.peg.1511'",
    "'g.2332.peg.718'": "'g.2332.peg.1825'",
    "'g.2332.peg.813'": "'562973.4.peg.2520'"
  },
  {
    "'g.2332.peg.1267'": "'g.2332.peg.1186'",
    "'g.2332.peg.718'": "'g.2332.peg.1153'",
    "'g.2332.peg.813'": "'562973.4.peg.1764'"
  },
  {
    "'g.2332.peg.1267'": "'g.2332.peg.1957'",
    "'g.2332.peg.718'": "'562973.4.peg.1770'",
    "'g.2332.peg.813'": "'g.2332.peg.94'"
  },
  {
    "'g.2332.peg.1267'": "'562973.4.peg.1770'",
    "'g.2332.peg.718'": "'g.2332.peg.94'",
    "'g.2332.peg.813'": "'g.2332.peg.1673'"
  },
  {
    "'g.2332.peg.1267'": "'562973.4.peg.1770'",
    "'g.2332.peg.718'": "'g.2332.peg.94'",
    "'g.2332.peg.813'": "'g.2332.peg.695'"
  },
  {
    "'g.2332.peg.1267'": "'g.2332.peg.1673'",
    "'g.2332.peg.718'": "'562973.4.peg.2413'",
    "'g.2332.peg.813'": "'562973.4.peg.2415'"
  },
  {
    "'g.2332.peg.1267'": "'g.2332.peg.746'",
    "'g.2332.peg.718'": "'g.2332.peg.1820'",
    "'g.2332.peg.813'": "'g.2332.peg.813'"
  },
  {
    "'g.2332.peg.1267'": "'g.2332.peg.746'",
    "'g.2332.peg.718'": "'g.2332.peg.813'",
    "'g.2332.peg.813'": "'562973.4.peg.1764'"
  },
  {
    "'g.2332.peg.1267'": "'562973.4.peg.2383'",
    "'g.2332.peg.718'": "'g.2332.peg.1660'",
    "'g.2332.peg.813'": "'g.2332.peg.2062'"
  }
]