[
  {
    "'g.203.peg.491'": "'g.203.peg.923'",
    "'g.203.peg.168'": "'g.203.peg.168'"
  },
  {
    "'g.203.peg.491'": "'g.203.peg.824'",
    "'g.203.peg.168'": "'195103.9.peg.2693'"
  },
  {
    "'g.203.peg.491'": "'g.203.peg.238'",
    "'g.203.peg.168'": "'g.203.peg.330'"
  },
  {
    "'g.203.peg.491'": "'g.203.peg.1214'",
    "'g.203.peg.168'": "'g.203.peg.1764'"
  },
  {
    "'g.203.peg.491'": "'195103.9.peg.1224'",
    "'g.203.peg.168'": "'195103.9.peg.1225'"
  },
  {
    "'g.203.peg.491'": "'195103.9.peg.2586'",
    "'g.203.peg.168'": "'g.203.peg.1702'"
  },
  {
    "'g.203.peg.491'": "'195103.9.peg.2586'",
    "'g.203.peg.168'": "'195103.9.peg.2166'"
  },
  {
    "'g.203.peg.491'": "'g.203.peg.2643'",
    "'g.203.peg.168'": "'195103.9.peg.643'"
  },
  {
    "'g.203.peg.491'": "'195103.9.peg.523'",
    "'g.203.peg.168'": "'g.203.peg.1186'"
  },
  {
    "'g.203.peg.491'": "'g.203.peg.2311'",
    "'g.203.peg.168'": "'g.203.peg.231'"
  },
  {
    "'g.203.peg.491'": "'g.203.peg.2116'",
    "'g.203.peg.168'": "'g.203.peg.168'"
  },
  {
    "'g.203.peg.491'": "'g.203.peg.335'",
    "'g.203.peg.168'": "'g.203.peg.168'"
  },
  {
    "'g.203.peg.491'": "'g.203.peg.655'",
    "'g.203.peg.168'": "'g.203.peg.168'"
  },
  {
    "'g.203.peg.491'": "'g.203.peg.1530'",
    "'g.203.peg.168'": "'g.203.peg.1854'"
  },
  {
    "'g.203.peg.491'": "'g.203.peg.2837'",
    "'g.203.peg.168'": "'g.203.peg.958'"
  },
  {
    "'g.203.peg.491'": "'g.203.peg.2837'",
    "'g.203.peg.168'": "'g.203.peg.131'"
  },
  {
    "'g.203.peg.491'": "'g.203.peg.2837'",
    "'g.203.peg.168'": "'g.203.peg.726'"
  },
  {
    "'g.203.peg.491'": "'195103.9.peg.525'",
    "'g.203.peg.168'": "'g.203.peg.1186'"
  },
  {
    "'g.203.peg.491'": "'g.203.peg.981'",
    "'g.203.peg.168'": "'195103.9.peg.1230'"
  },
  {
    "'g.203.peg.491'": "'g.203.peg.981'",
    "'g.203.peg.168'": "'195103.9.peg.1229'"
  },
  {
    "'g.203.peg.491'": "'g.203.peg.1251'",
    "'g.203.peg.168'": "'g.203.peg.1647'"
  },
  {
    "'g.203.peg.491'": "'195103.9.peg.1230'",
    "'g.203.peg.168'": "'g.203.peg.406'"
  },
  {
    "'g.203.peg.491'": "'g.203.peg.406'",
    "'g.203.peg.168'": "'195103.9.peg.1229'"
  },
  {
    "'g.203.peg.491'": "'g.203.peg.323'",
    "'g.203.peg.168'": "'g.203.peg.739'"
  },
  {
    "'g.203.peg.491'": "'g.203.peg.1039'",
    "'g.203.peg.168'": "'g.203.peg.1695'"
  },
  {
    "'g.203.peg.491'": "'g.203.peg.1607'",
    "'g.203.peg.168'": "'g.203.peg.2275'"
  },
  {
    "'g.203.peg.491'": "'g.203.peg.2497'",
    "'g.203.peg.168'": "'g.203.peg.168'"
  },
  {
    "'g.203.peg.491'": "'g.203.peg.231'",
    "'g.203.peg.168'": "'195103.9.peg.362'"
  },
  {
    "'g.203.peg.491'": "'g.203.peg.231'",
    "'g.203.peg.168'": "'195103.9.peg.360'"
  },
  {
    "'g.203.peg.491'": "'g.203.peg.1871'",
    "'g.203.peg.168'": "'195103.9.peg.2317'"
  },
  {
    "'g.203.peg.491'": "'g.203.peg.2743'",
    "'g.203.peg.168'": "'195103.9.peg.2317'"
  },
  {
    "'g.203.peg.491'": "'g.203.peg.2045'",
    "'g.203.peg.168'": "'g.203.peg.41'"
  },
  {
    "'g.203.peg.491'": "'g.203.peg.11'",
    "'g.203.peg.168'": "'g.203.peg.1979'"
  },
  {
    "'g.203.peg.491'": "'195103.9.peg.1571'",
    "'g.203.peg.168'": "'195103.9.peg.1926'"
  },
  {
    "'g.203.peg.491'": "'g.203.peg.131'",
    "'g.203.peg.168'": "'g.203.peg.2520'"
  },
  {
    "'g.203.peg.491'": "'g.203.peg.726'",
    "'g.203.peg.168'": "'g.203.peg.2520'"
  },
  {
    "'g.203.peg.491'": "'195103.9.peg.526'",
    "'g.203.peg.168'": "'g.203.peg.1186'"
  },
  {
    "'g.203.peg.491'": "'195103.9.peg.524'",
    "'g.203.peg.168'": "'g.203.peg.1186'"
  },
  {
    "'g.203.peg.491'": "'g.203.peg.1265'",
    "'g.203.peg.168'": "'g.203.peg.1311'"
  },
  {
    "'g.203.peg.491'": "'195103.9.peg.273'",
    "'g.203.peg.168'": "'195103.9.peg.274'"
  },
  {
    "'g.203.peg.491'": "'g.203.peg.1222'",
    "'g.203.peg.168'": "'g.203.peg.2477'"
  },
  {
    "'g.203.peg.491'": "'g.203.peg.1690'",
    "'g.203.peg.168'": "'g.203.peg.2034'"
  },
  {
    "'g.203.peg.491'": "'g.203.peg.1717'",
    "'g.203.peg.168'": "'g.203.peg.2349'"
  },
  {
    "'g.203.peg.491'": "'g.203.peg.2133'",
    "'g.203.peg.168'": "'g.203.peg.2744'"
  },
  {
    "'g.203.peg.491'": "'g.203.peg.1088'",
    "'g.203.peg.168'": "'g.203.peg.1153'"
  },
  {
    "'g.203.peg.491'": "'g.203.peg.1292'",
    "'g.203.peg.168'": "'g.203.peg.2631'"
  },
  {
    "'g.203.peg.491'": "'g.203.peg.2547'",
    "'g.203.peg.168'": "'g.203.peg.2820'"
  }
]