[
  {
    "'g.203.peg.1103'": "'g.203.peg.1728'",
    "'g.203.peg.1982'": "'g.203.peg.228'",
    "'g.203.peg.185'": "'g.203.peg.570'"
  },
  {
    "'g.203.peg.1103'": "'g.203.peg.2772'",
    "'g.203.peg.1982'": "'g.203.peg.360'",
    "'g.203.peg.185'": "'195103.9.peg.2389'"
  },
  {
    "'g.203.peg.1103'": "'195103.9.peg.2586'",
    "'g.203.peg.1982'": "'g.203.peg.1419'",
    "'g.203.peg.185'": "'195103.9.peg.654'"
  },
  {
    "'g.203.peg.1103'": "'195103.9.peg.2586'",
    "'g.203.peg.1982'": "'g.203.peg.1419'",
    "'g.203.peg.185'": "'195103.9.peg.655'"
  },
  {
    "'g.203.peg.1103'": "'195103.9.peg.2586'",
    "'g.203.peg.1982'": "'g.203.peg.1419'",
    "'g.203.peg.185'": "'g.203.peg.2626'"
  },
  {
    "'g.203.peg.1103'": "'195103.9.peg.2586'",
    "'g.203.peg.1982'": "'195103.9.peg.654'",
    "'g.203.peg.185'": "'g.203.peg.2480'"
  },
  {
    "'g.203.peg.1103'": "'195103.9.peg.2586'",
    "'g.203.peg.1982'": "'195103.9.peg.654'",
    "'g.203.peg.185'": "'g.203.peg.1992'"
  },
  {
    "'g.203.peg.1103'": "'195103.9.peg.2586'",
    "'g.203.peg.1982'": "'195103.9.peg.655'",
    "'g.203.peg.185'": "'g.203.peg.2480'"
  },
  {
    "'g.203.peg.1103'": "'195103.9.peg.2586'",
    "'g.203.peg.1982'": "'195103.9.peg.655'",
    "'g.203.peg.185'": "'g.203.peg.1992'"
  },
  {
    "'g.203.peg.1103'": "'195103.9.peg.2586'",
    "'g.203.peg.1982'": "'g.203.peg.2626'",
    "'g.203.peg.185'": "'g.203.peg.2480'"
  },
  {
    "'g.203.peg.1103'": "'195103.9.peg.2586'",
    "'g.203.peg.1982'": "'g.203.peg.2626'",
    "'g.203.peg.185'": "'g.203.peg.1992'"
  },
  {
    "'g.203.peg.1103'": "'g.203.peg.1419'",
    "'g.203.peg.1982'": "'g.203.peg.1018'",
    "'g.203.peg.185'": "'g.203.peg.1937'"
  },
  {
    "'g.203.peg.1103'": "'195103.9.peg.1271'",
    "'g.203.peg.1982'": "'195103.9.peg.830'",
    "'g.203.peg.185'": "'g.203.peg.1562'"
  },
  {
    "'g.203.peg.1103'": "'g.203.peg.201'",
    "'g.203.peg.1982'": "'g.203.peg.2081'",
    "'g.203.peg.185'": "'g.203.peg.2755'"
  },
  {
    "'g.203.peg.1103'": "'g.203.peg.1530'",
    "'g.203.peg.1982'": "'g.203.peg.2558'",
    "'g.203.peg.185'": "'195103.9.peg.2123'"
  },
  {
    "'g.203.peg.1103'": "'g.203.peg.185'",
    "'g.203.peg.1982'": "'g.203.peg.1018'",
    "'g.203.peg.185'": "'g.203.peg.1937'"
  },
  {
    "'g.203.peg.1103'": "'g.203.peg.2480'",
    "'g.203.peg.1982'": "'g.203.peg.1018'",
    "'g.203.peg.185'": "'g.203.peg.1937'"
  },
  {
    "'g.203.peg.1103'": "'195103.9.peg.1460'",
    "'g.203.peg.1982'": "'g.203.peg.1215'",
    "'g.203.peg.185'": "'195103.9.peg.2518'"
  },
  {
    "'g.203.peg.1103'": "'g.203.peg.132'",
    "'g.203.peg.1982'": "'g.203.peg.2633'",
    "'g.203.peg.185'": "'g.203.peg.449'"
  },
  {
    "'g.203.peg.1103'": "'g.203.peg.2558'",
    "'g.203.peg.1982'": "'g.203.peg.1854'",
    "'g.203.peg.185'": "'195103.9.peg.2123'"
  },
  {
    "'g.203.peg.1103'": "'g.203.peg.268'",
    "'g.203.peg.1982'": "'g.203.peg.2153'",
    "'g.203.peg.185'": "'g.203.peg.2796'"
  },
  {
    "'g.203.peg.1103'": "'g.203.peg.1215'",
    "'g.203.peg.1982'": "'195103.9.peg.52'",
    "'g.203.peg.185'": "'195103.9.peg.2518'"
  },
  {
    "'g.203.peg.1103'": "'195103.9.peg.2458'",
    "'g.203.peg.1982'": "'g.203.peg.1116'",
    "'g.203.peg.185'": "'g.203.peg.1143'"
  },
  {
    "'g.203.peg.1103'": "'g.203.peg.2065'",
    "'g.203.peg.1982'": "'g.203.peg.2203'",
    "'g.203.peg.185'": "'g.203.peg.2784'"
  },
  {
    "'g.203.peg.1103'": "'195103.9.peg.1268'",
    "'g.203.peg.1982'": "'g.203.peg.677'",
    "'g.203.peg.185'": "'g.203.peg.1871'"
  },
  {
    "'g.203.peg.1103'": "'195103.9.peg.1268'",
    "'g.203.peg.1982'": "'g.203.peg.677'",
    "'g.203.peg.185'": "'g.203.peg.2743'"
  },
  {
    "'g.203.peg.1103'": "'g.203.peg.231'",
    "'g.203.peg.1982'": "'g.203.peg.1359'",
    "'g.203.peg.185'": "'g.203.peg.2137'"
  },
  {
    "'g.203.peg.1103'": "'g.203.peg.231'",
    "'g.203.peg.1982'": "'g.203.peg.1018'",
    "'g.203.peg.185'": "'g.203.peg.1937'"
  }
]