[
  {
    "'ECABU_c31330'": "'ECABU_c09860'",
    "'ECABU_c09860'": "'ECABU_c43480'"
  },
  {
    "'ECABU_c31330'": "'ECABU_c09860'",
    "'ECABU_c09860'": "'ECABU_c05350'"
  },
  {
    "'ECABU_c31330'": "'ECABU_c29780'",
    "'ECABU_c09860'": "'ECABU_c36120'"
  },
  {
    "'ECABU_c31330'": "'ECABU_c41570'",
    "'ECABU_c09860'": "'ECABU_c00830'"
  },
  {
    "'ECABU_c31330'": "'ECABU_c41570'",
    "'ECABU_c09860'": "'ECABU_c00840'"
  },
  {
    "'ECABU_c31330'": "'ECABU_c41580'",
    "'ECABU_c09860'": "'ECABU_c00830'"
  },
  {
    "'ECABU_c31330'": "'ECABU_c41580'",
    "'ECABU_c09860'": "'ECABU_c00840'"
  },
  {
    "'ECABU_c31330'": "'ECABU_c21100'",
    "'ECABU_c09860'": "'ECABU_c28000'"
  },
  {
    "'ECABU_c31330'": "'ECABU_c01310'",
    "'ECABU_c09860'": "'ECABU_c15590'"
  },
  {
    "'ECABU_c31330'": "'ECABU_c13030'",
    "'ECABU_c09860'": "'ECABU_c45650'"
  },
  {
    "'ECABU_c31330'": "'ECABU_c05570'",
    "'ECABU_c09860'": "'ECABU_c28240'"
  },
  {
    "'ECABU_c31330'": "'ECABU_c05570'",
    "'ECABU_c09860'": "'ECABU_c14780'"
  },
  {
    "'ECABU_c31330'": "'ECABU_c05570'",
    "'ECABU_c09860'": "'ECABU_c46480'"
  },
  {
    "'ECABU_c31330'": "'ECABU_c04590'",
    "'ECABU_c09860'": "'ECABU_c00970'"
  },
  {
    "'ECABU_c31330'": "'ECABU_c14560'",
    "'ECABU_c09860'": "'ECABU_c45820'"
  },
  {
    "'ECABU_c31330'": "'ECABU_c28520'",
    "'ECABU_c09860'": "'ECABU_c31960'"
  },
  {
    "'ECABU_c31330'": "'ECABU_c28520'",
    "'ECABU_c09860'": "'ECABU_c50230'"
  },
  {
    "'ECABU_c31330'": "'ECABU_c34780'",
    "'ECABU_c09860'": "'ECABU_c45650'"
  },
  {
    "'ECABU_c31330'": "'ECABU_c07190'",
    "'ECABU_c09860'": "'ECABU_c42290'"
  },
  {
    "'ECABU_c31330'": "'ECABU_c44470'",
    "'ECABU_c09860'": "'ECABU_c00010'"
  },
  {
    "'ECABU_c31330'": "'ECABU_c01690'",
    "'ECABU_c09860'": "'ECABU_c17880'"
  },
  {
    "'ECABU_c31330'": "'ECABU_c27550'",
    "'ECABU_c09860'": "'ECABU_c43700'"
  },
  {
    "'ECABU_c31330'": "'ECABU_c34110'",
    "'ECABU_c09860'": "'ECABU_c18740'"
  },
  {
    "'ECABU_c31330'": "'ECABU_c27410'",
    "'ECABU_c09860'": "'ECABU_c27350'"
  },
  {
    "'ECABU_c31330'": "'ECABU_c09480'",
    "'ECABU_c09860'": "'ECABU_c01840'"
  },
  {
    "'ECABU_c31330'": "'ECABU_c33720'",
    "'ECABU_c09860'": "'ECABU_c33770'"
  },
  {
    "'ECABU_c31330'": "'ECABU_c33720'",
    "'ECABU_c09860'": "'ECABU_c33780'"
  },
  {
    "'ECABU_c31330'": "'ECABU_c33720'",
    "'ECABU_c09860'": "'ECABU_c33760'"
  },
  {
    "'ECABU_c31330'": "'ECABU_c00530'",
    "'ECABU_c09860'": "'ECABU_c18020'"
  },
  {
    "'ECABU_c31330'": "'ECABU_c21270'",
    "'ECABU_c09860'": "'ECABU_c01040'"
  },
  {
    "'ECABU_c31330'": "'ECABU_c32070'",
    "'ECABU_c09860'": "'ECABU_c20380'"
  },
  {
    "'ECABU_c31330'": "'ECABU_c20180'",
    "'ECABU_c09860'": "'ECABU_c36280'"
  },
  {
    "'ECABU_c31330'": "'ECABU_c20180'",
    "'ECABU_c09860'": "'ECABU_c36270'"
  },
  {
    "'ECABU_c31330'": "'ECABU_c23570'",
    "'ECABU_c09860'": "'ECABU_c38040'"
  },
  {
    "'ECABU_c31330'": "'ECABU_c39320'",
    "'ECABU_c09860'": "'ECABU_c09290'"
  },
  {
    "'ECABU_c31330'": "'ECABU_c03380'",
    "'ECABU_c09860'": "'ECABU_c28100'"
  },
  {
    "'ECABU_c31330'": "'ECABU_c31470'",
    "'ECABU_c09860'": "'ECABU_c28100'"
  },
  {
    "'ECABU_c31330'": "'ECABU_c31490'",
    "'ECABU_c09860'": "'ECABU_c28100'"
  },
  {
    "'ECABU_c31330'": "'ECABU_c31480'",
    "'ECABU_c09860'": "'ECABU_c28100'"
  },
  {
    "'ECABU_c31330'": "'ECABU_c28350'",
    "'ECABU_c09860'": "'ECABU_c19340'"
  },
  {
    "'ECABU_c31330'": "'ECABU_c28350'",
    "'ECABU_c09860'": "'ECABU_c19350'"
  },
  {
    "'ECABU_c31330'": "'ECABU_c28350'",
    "'ECABU_c09860'": "'ECABU_c19370'"
  },
  {
    "'ECABU_c31330'": "'ECABU_c28350'",
    "'ECABU_c09860'": "'ECABU_c19360'"
  },
  {
    "'ECABU_c31330'": "'ECABU_c28350'",
    "'ECABU_c09860'": "'ECABU_c19330'"
  },
  {
    "'ECABU_c31330'": "'ECABU_c28350'",
    "'ECABU_c09860'": "'ECABU_c19380'"
  },
  {
    "'ECABU_c31330'": "'ECABU_c28340'",
    "'ECABU_c09860'": "'ECABU_c19340'"
  },
  {
    "'ECABU_c31330'": "'ECABU_c28340'",
    "'ECABU_c09860'": "'ECABU_c19350'"
  },
  {
    "'ECABU_c31330'": "'ECABU_c28340'",
    "'ECABU_c09860'": "'ECABU_c19370'"
  },
  {
    "'ECABU_c31330'": "'ECABU_c28340'",
    "'ECABU_c09860'": "'ECABU_c19360'"
  },
  {
    "'ECABU_c31330'": "'ECABU_c28340'",
    "'ECABU_c09860'": "'ECABU_c19330'"
  },
  {
    "'ECABU_c31330'": "'ECABU_c28340'",
    "'ECABU_c09860'": "'ECABU_c19380'"
  },
  {
    "'ECABU_c31330'": "'ECABU_c45340'",
    "'ECABU_c09860'": "'ECABU_c43110'"
  },
  {
    "'ECABU_c31330'": "'ECABU_c27420'",
    "'ECABU_c09860'": "'ECABU_c08050'"
  },
  {
    "'ECABU_c31330'": "'ECABU_c27420'",
    "'ECABU_c09860'": "'ECABU_c08040'"
  },
  {
    "'ECABU_c31330'": "'ECABU_c27420'",
    "'ECABU_c09860'": "'ECABU_c08060'"
  },
  {
    "'ECABU_c31330'": "'ECABU_c08050'",
    "'ECABU_c09860'": "'ECABU_c27440'"
  },
  {
    "'ECABU_c31330'": "'ECABU_c08050'",
    "'ECABU_c09860'": "'ECABU_c27430'"
  },
  {
    "'ECABU_c31330'": "'ECABU_c08040'",
    "'ECABU_c09860'": "'ECABU_c27440'"
  },
  {
    "'ECABU_c31330'": "'ECABU_c08040'",
    "'ECABU_c09860'": "'ECABU_c27430'"
  },
  {
    "'ECABU_c31330'": "'ECABU_c27440'",
    "'ECABU_c09860'": "'ECABU_c08060'"
  },
  {
    "'ECABU_c31330'": "'ECABU_c08060'",
    "'ECABU_c09860'": "'ECABU_c27430'"
  },
  {
    "'ECABU_c31330'": "'ECABU_c33930'",
    "'ECABU_c09860'": "'ECABU_c42080'"
  },
  {
    "'ECABU_c31330'": "'ECABU_c33930'",
    "'ECABU_c09860'": "'ECABU_c42100'"
  },
  {
    "'ECABU_c31330'": "'ECABU_c33930'",
    "'ECABU_c09860'": "'ECABU_c42090'"
  },
  {
    "'ECABU_c31330'": "'ECABU_c33930'",
    "'ECABU_c09860'": "'ECABU_c42110'"
  },
  {
    "'ECABU_c31330'": "'ECABU_c14780'",
    "'ECABU_c09860'": "'ECABU_c46480'"
  },
  {
    "'ECABU_c31330'": "'ECABU_c19460'",
    "'ECABU_c09860'": "'ECABU_c36990'"
  },
  {
    "'ECABU_c31330'": "'ECABU_c38080'",
    "'ECABU_c09860'": "'ECABU_c04660'"
  },
  {
    "'ECABU_c31330'": "'ECABU_c42540'",
    "'ECABU_c09860'": "'ECABU_c35340'"
  }
]