[
  {
    "'ECABU_c01930'": "'ECABU_c13060'"
  },
  {
    "'ECABU_c01930'": "'ECABU_c26560'"
  },
  {
    "'ECABU_c01930'": "'ECABU_c00030'"
  },
  {
    "'ECABU_c01930'": "'ECABU_c01730'"
  },
  {
    "'ECABU_c01930'": "'acpP'"
  },
  {
    "'ECABU_c01930'": "'s0001'"
  },
  {
    "'ECABU_c01930'": "'ECABU_c26490'"
  },
  {
    "'ECABU_c01930'": "'ECABU_c36640'"
  },
  {
    "'ECABU_c01930'": "'ECABU_c01980'"
  },
  {
    "'ECABU_c01930'": "'ECABU_c36650'"
  },
  {
    "'ECABU_c01930'": "'ECABU_c44700'"
  },
  {
    "'ECABU_c01930'": "'ECABU_c31140'"
  },
  {
    "'ECABU_c01930'": "'ECABU_c13040'"
  },
  {
    "'ECABU_c01930'": "'ECABU_c44680'"
  },
  {
    "'ECABU_c01930'": "'ECABU_c36150'"
  },
  {
    "'ECABU_c01930'": "'ECABU_c48260'"
  },
  {
    "'ECABU_c01930'": "'ECABU_c36160'"
  },
  {
    "'ECABU_c01930'": "'ECABU_c36140'"
  },
  {
    "'ECABU_c01930'": "'ECABU_c48270'"
  },
  {
    "'ECABU_c01930'": "'ECABU_c37830'"
  },
  {
    "'ECABU_c01930'": "'ECABU_c13100'"
  },
  {
    "'ECABU_c01930'": "'ECABU_c20710'"
  },
  {
    "'ECABU_c01930'": "'ECABU_c37840'"
  },
  {
    "'ECABU_c01930'": "'ECABU_c30250'"
  },
  {
    "'ECABU_c01930'": "'ECABU_c13450'"
  },
  {
    "'ECABU_c01930'": "'ECABU_c47350'"
  },
  {
    "'ECABU_c01930'": "'ECABU_c34270'"
  },
  {
    "'ECABU_c01930'": "'ECABU_c44690'"
  },
  {
    "'ECABU_c01930'": "'ECABU_c45220'"
  },
  {
    "'ECABU_c01930'": "'ECABU_c06010'"
  },
  {
    "'ECABU_c01930'": "'ECABU_c06020'"
  },
  {
    "'ECABU_c01930'": "'ECABU_c08170'"
  },
  {
    "'ECABU_c01930'": "'ECABU_c45100'"
  },
  {
    "'ECABU_c01930'": "'ECABU_c15440'"
  },
  {
    "'ECABU_c01930'": "'ECABU_c15450'"
  },
  {
    "'ECABU_c01930'": "'ECABU_c08180'"
  },
  {
    "'ECABU_c01930'": "'ECABU_c04920'"
  },
  {
    "'ECABU_c01930'": "'ECABU_c44710'"
  },
  {
    "'ECABU_c01930'": "'ECABU_c35840'"
  },
  {
    "'ECABU_c01930'": "'ECABU_c38620'"
  },
  {
    "'ECABU_c01930'": "'ECABU_c01450'"
  },
  {
    "'ECABU_c01930'": "'ECABU_c48120'"
  },
  {
    "'ECABU_c01930'": "'ECABU_c28760'"
  },
  {
    "'ECABU_c01930'": "'ECABU_c09670'"
  },
  {
    "'ECABU_c01930'": "'ECABU_c23470'"
  },
  {
    "'ECABU_c01930'": "'ECABU_c08680'"
  },
  {
    "'ECABU_c01930'": "'ECABU_c43590'"
  },
  {
    "'ECABU_c01930'": "'ECABU_c47840'"
  },
  {
    "'ECABU_c01930'": "'ECABU_c08160'"
  },
  {
    "'ECABU_c01930'": "'ECABU_c36110'"
  },
  {
    "'ECABU_c01930'": "'ECABU_c34580'"
  },
  {
    "'ECABU_c01930'": "'ECABU_c14790'"
  },
  {
    "'ECABU_c01930'": "'ECABU_c29000'"
  },
  {
    "'ECABU_c01930'": "'ECABU_c29010'"
  },
  {
    "'ECABU_c01930'": "'ECABU_c26620'"
  },
  {
    "'ECABU_c01930'": "'ECABU_c45630'"
  },
  {
    "'ECABU_c01930'": "'ECABU_c09530'"
  },
  {
    "'ECABU_c01930'": "'ECABU_c08250'"
  },
  {
    "'ECABU_c01930'": "'ECABU_c08230'"
  },
  {
    "'ECABU_c01930'": "'ECABU_c07650'"
  },
  {
    "'ECABU_c01930'": "'ECABU_c30510'"
  },
  {
    "'ECABU_c01930'": "'ECABU_c31360'"
  },
  {
    "'ECABU_c01930'": "'ECABU_c42910'"
  },
  {
    "'ECABU_c01930'": "'ECABU_c01880'"
  },
  {
    "'ECABU_c01930'": "'ECABU_c34640'"
  },
  {
    "'ECABU_c01930'": "'ECABU_c08200'"
  },
  {
    "'ECABU_c01930'": "'ECABU_c41070'"
  },
  {
    "'ECABU_c01930'": "'ECABU_c42530'"
  },
  {
    "'ECABU_c01930'": "'ECABU_c00340'"
  },
  {
    "'ECABU_c01930'": "'ECABU_c27900'"
  },
  {
    "'ECABU_c01930'": "'ECABU_c26480'"
  },
  {
    "'ECABU_c01930'": "'ECABU_c34770'"
  },
  {
    "'ECABU_c01930'": "'ECABU_c12760'"
  },
  {
    "'ECABU_c01930'": "'ECABU_c35890'"
  },
  {
    "'ECABU_c01930'": "'ECABU_c38070'"
  },
  {
    "'ECABU_c01930'": "'ECABU_c19470'"
  },
  {
    "'ECABU_c01930'": "'ECABU_c04990'"
  },
  {
    "'ECABU_c01930'": "'ECABU_c00290'"
  },
  {
    "'ECABU_c01930'": "'ECABU_c01090'"
  },
  {
    "'ECABU_c01930'": "'ECABU_c42560'"
  },
  {
    "'ECABU_c01930'": "'ECABU_c13120'"
  },
  {
    "'ECABU_c01930'": "'ECABU_c01860'"
  },
  {
    "'ECABU_c01930'": "'ECABU_c04980'"
  },
  {
    "'ECABU_c01930'": "'ECABU_c15740'"
  },
  {
    "'ECABU_c01930'": "'ECABU_c30300'"
  },
  {
    "'ECABU_c01930'": "'ECABU_c30310'"
  },
  {
    "'ECABU_c01930'": "'ECABU_c05580'"
  },
  {
    "'ECABU_c01930'": "'ECABU_c00250'"
  },
  {
    "'ECABU_c01930'": "'ECABU_c42130'"
  },
  {
    "'ECABU_c01930'": "'ECABU_c01680'"
  },
  {
    "'ECABU_c01930'": "'ECABU_c40490'"
  },
  {
    "'ECABU_c01930'": "'ECABU_c16500'"
  },
  {
    "'ECABU_c01930'": "'ECABU_c42120'"
  },
  {
    "'ECABU_c01930'": "'ECABU_c43740'"
  },
  {
    "'ECABU_c01930'": "'ECABU_c26440'"
  },
  {
    "'ECABU_c01930'": "'ECABU_c44820'"
  },
  {
    "'ECABU_c01930'": "'ECABU_c14810'"
  },
  {
    "'ECABU_c01930'": "'ECABU_c27200'"
  },
  {
    "'ECABU_c01930'": "'ECABU_c28090'"
  },
  {
    "'ECABU_c01930'": "'ECABU_c24840'"
  },
  {
    "'ECABU_c01930'": "'ECABU_c15600'"
  },
  {
    "'ECABU_c01930'": "'ECABU_c45640'"
  },
  {
    "'ECABU_c01930'": "'ECABU_c01390'"
  },
  {
    "'ECABU_c01930'": "'ECABU_c23480'"
  },
  {
    "'ECABU_c01930'": "'ECABU_c23500'"
  },
  {
    "'ECABU_c01930'": "'ECABU_c42850'"
  },
  {
    "'ECABU_c01930'": "'ECABU_c24330'"
  },
  {
    "'ECABU_c01930'": "'ECABU_c01570'"
  },
  {
    "'ECABU_c01930'": "'ECABU_c00020'"
  },
  {
    "'ECABU_c01930'": "'ECABU_c45290'"
  },
  {
    "'ECABU_c01930'": "'ECABU_c23490'"
  },
  {
    "'ECABU_c01930'": "'ECABU_c28360'"
  },
  {
    "'ECABU_c01930'": "'ECABU_c42870'"
  },
  {
    "'ECABU_c01930'": "'ECABU_c13500'"
  },
  {
    "'ECABU_c01930'": "'ECABU_c23530'"
  },
  {
    "'ECABU_c01930'": "'ECABU_c23510'"
  },
  {
    "'ECABU_c01930'": "'ECABU_c15430'"
  },
  {
    "'ECABU_c01930'": "'ECABU_c42520'"
  },
  {
    "'ECABU_c01930'": "'ECABU_c00800'"
  },
  {
    "'ECABU_c01930'": "'ECABU_c00790'"
  },
  {
    "'ECABU_c01930'": "'ECABU_c00780'"
  },
  {
    "'ECABU_c01930'": "'ECABU_c00810'"
  },
  {
    "'ECABU_c01930'": "'ECABU_c09570'"
  },
  {
    "'ECABU_c01930'": "'ECABU_c36130'"
  },
  {
    "'ECABU_c01930'": "'ECABU_c14860'"
  },
  {
    "'ECABU_c01930'": "'ECABU_c01950'"
  },
  {
    "'ECABU_c01930'": "'ECABU_c08190'"
  },
  {
    "'ECABU_c01930'": "'ECABU_c13050'"
  },
  {
    "'ECABU_c01930'": "'ECABU_c28200'"
  },
  {
    "'ECABU_c01930'": "'ECABU_c30210'"
  },
  {
    "'ECABU_c01930'": "'ECABU_c30220'"
  },
  {
    "'ECABU_c01930'": "'ECABU_c32280'"
  },
  {
    "'ECABU_c01930'": "'ECABU_c08260'"
  },
  {
    "'ECABU_c01930'": "'ECABU_c40720'"
  },
  {
    "'ECABU_c01930'": "'ECABU_c01490'"
  },
  {
    "'ECABU_c01930'": "'ECABU_c00100'"
  },
  {
    "'ECABU_c01930'": "'ECABU_c12830'"
  },
  {
    "'ECABU_c01930'": "'ECABU_c08270'"
  },
  {
    "'ECABU_c01930'": "'ECABU_c08670'"
  },
  {
    "'ECABU_c01930'": "'ECABU_c44530'"
  },
  {
    "'ECABU_c01930'": "'ECABU_c29160'"
  },
  {
    "'ECABU_c01930'": "'ECABU_c19960'"
  },
  {
    "'ECABU_c01930'": "'ECABU_c06930'"
  },
  {
    "'ECABU_c01930'": "'ECABU_c01140'"
  },
  {
    "'ECABU_c01930'": "'ECABU_c48190'"
  },
  {
    "'ECABU_c01930'": "'ECABU_c36010'"
  },
  {
    "'ECABU_c01930'": "'ECABU_c09450'"
  },
  {
    "'ECABU_c01930'": "'ECABU_c15650'"
  },
  {
    "'ECABU_c01930'": "'ECABU_c26430'"
  },
  {
    "'ECABU_c01930'": "'ECABU_c43450'"
  },
  {
    "'ECABU_c01930'": "'ECABU_c40810'"
  },
  {
    "'ECABU_c01930'": "'ECABU_c04640'"
  },
  {
    "'ECABU_c01930'": "'ECABU_c01480'"
  },
  {
    "'ECABU_c01930'": "'ECABU_c00920'"
  },
  {
    "'ECABU_c01930'": "'ECABU_c30290'"
  },
  {
    "'ECABU_c01930'": "'ECABU_c00600'"
  },
  {
    "'ECABU_c01930'": "'ECABU_c28660'"
  },
  {
    "'ECABU_c01930'": "'ECABU_c26530'"
  },
  {
    "'ECABU_c01930'": "'ECABU_c35880'"
  },
  {
    "'ECABU_c01930'": "'ECABU_c38330'"
  },
  {
    "'ECABU_c01930'": "'ECABU_c44890'"
  },
  {
    "'ECABU_c01930'": "'ECABU_c04500'"
  },
  {
    "'ECABU_c01930'": "'ECABU_c40780'"
  },
  {
    "'ECABU_c01930'": "'ECABU_c43520'"
  },
  {
    "'ECABU_c01930'": "'ECABU_c45210'"
  },
  {
    "'ECABU_c01930'": "'ECABU_c27990'"
  },
  {
    "'ECABU_c01930'": "'ECABU_c23540'"
  },
  {
    "'ECABU_c01930'": "'ECABU_c27880'"
  },
  {
    "'ECABU_c01930'": "'ECABU_c28580'"
  },
  {
    "'ECABU_c01930'": "'ECABU_c23520'"
  },
  {
    "'ECABU_c01930'": "'ECABU_c09460'"
  },
  {
    "'ECABU_c01930'": "'ECABU_c47170'"
  },
  {
    "'ECABU_c01930'": "'ECABU_c28870'"
  },
  {
    "'ECABU_c01930'": "'ECABU_c40730'"
  },
  {
    "'ECABU_c01930'": "'ECABU_c07890'"
  },
  {
    "'ECABU_c01930'": "'ECABU_c19160'"
  },
  {
    "'ECABU_c01930'": "'ECABU_c04930'"
  },
  {
    "'ECABU_c01930'": "'ECABU_c29570'"
  },
  {
    "'ECABU_c01930'": "'ECABU_c30260'"
  },
  {
    "'ECABU_c01930'": "'ECABU_c30270'"
  },
  {
    "'ECABU_c01930'": "'ECABU_c27830'"
  },
  {
    "'ECABU_c01930'": "'ECABU_c40480'"
  },
  {
    "'ECABU_c01930'": "'ECABU_c37920'"
  },
  {
    "'ECABU_c01930'": "'ECABU_c44460'"
  },
  {
    "'ECABU_c01930'": "'ECABU_c09540'"
  },
  {
    "'ECABU_c01930'": "'ECABU_c01780'"
  },
  {
    "'ECABU_c01930'": "'ECABU_c45050'"
  },
  {
    "'ECABU_c01930'": "'ECABU_c45080'"
  },
  {
    "'ECABU_c01930'": "'ECABU_c05010'"
  },
  {
    "'ECABU_c01930'": "'ECABU_c45070'"
  },
  {
    "'ECABU_c01930'": "'ECABU_c27750'"
  },
  {
    "'ECABU_c01930'": "'ECABU_c31240'"
  },
  {
    "'ECABU_c01930'": "'ECABU_c04950'"
  },
  {
    "'ECABU_c01930'": "'ECABU_c45090'"
  },
  {
    "'ECABU_c01930'": "'ECABU_c15420'"
  },
  {
    "'ECABU_c01930'": "'ECABU_c15410'"
  },
  {
    "'ECABU_c01930'": "'ECABU_c45060'"
  },
  {
    "'ECABU_c01930'": "'ECABU_c01920'"
  },
  {
    "'ECABU_c01930'": "'ECABU_c00900'"
  },
  {
    "'ECABU_c01930'": "'ECABU_c01940'"
  },
  {
    "'ECABU_c01930'": "'ECABU_c36030'"
  },
  {
    "'ECABU_c01930'": "'ECABU_c00950'"
  },
  {
    "'ECABU_c01930'": "'ECABU_c00930'"
  },
  {
    "'ECABU_c01930'": "'ECABU_c00960'"
  },
  {
    "'ECABU_c01930'": "'ECABU_c44870'"
  },
  {
    "'ECABU_c01930'": "'ECABU_c01870'"
  },
  {
    "'ECABU_c01930'": "'ECABU_c00910'"
  },
  {
    "'ECABU_c01930'": "'ECABU_c01010'"
  },
  {
    "'ECABU_c01930'": "'ECABU_c42840'"
  },
  {
    "'ECABU_c01930'": "'ECABU_c45130'"
  },
  {
    "'ECABU_c01930'": "'ECABU_c06035'"
  }
]