[
  {
    "'g.545.peg.770'": "'262727.1.peg.146'",
    "'262727.1.peg.1280'": "'262727.1.peg.1558'"
  },
  {
    "'g.545.peg.770'": "'g.545.peg.1416'",
    "'262727.1.peg.1280'": "'g.545.peg.832'"
  },
  {
    "'g.545.peg.770'": "'g.545.peg.149'",
    "'262727.1.peg.1280'": "'g.545.peg.1525'"
  },
  {
    "'g.545.peg.770'": "'g.545.peg.1525'",
    "'262727.1.peg.1280'": "'g.545.peg.1294'"
  },
  {
    "'g.545.peg.770'": "'g.545.peg.1525'",
    "'262727.1.peg.1280'": "'g.545.peg.1584'"
  },
  {
    "'g.545.peg.770'": "'262727.1.peg.939'",
    "'262727.1.peg.1280'": "'262727.1.peg.940'"
  },
  {
    "'g.545.peg.770'": "'g.545.peg.1522'",
    "'262727.1.peg.1280'": "'g.545.peg.453'"
  },
  {
    "'g.545.peg.770'": "'262727.1.peg.1709'",
    "'262727.1.peg.1280'": "'g.545.peg.345'"
  },
  {
    "'g.545.peg.770'": "'g.545.peg.1058'",
    "'262727.1.peg.1280'": "'g.545.peg.1377'"
  },
  {
    "'g.545.peg.770'": "'g.545.peg.1058'",
    "'262727.1.peg.1280'": "'g.545.peg.1544'"
  },
  {
    "'g.545.peg.770'": "'g.545.peg.1058'",
    "'262727.1.peg.1280'": "'g.545.peg.61'"
  },
  {
    "'g.545.peg.770'": "'g.545.peg.1058'",
    "'262727.1.peg.1280'": "'g.545.peg.882'"
  },
  {
    "'g.545.peg.770'": "'262727.1.peg.1417'",
    "'262727.1.peg.1280'": "'262727.1.peg.1558'"
  },
  {
    "'g.545.peg.770'": "'262727.1.peg.1417'",
    "'262727.1.peg.1280'": "'g.545.peg.1587'"
  },
  {
    "'g.545.peg.770'": "'g.545.peg.1674'",
    "'262727.1.peg.1280'": "'262727.1.peg.635'"
  },
  {
    "'g.545.peg.770'": "'g.545.peg.1265'",
    "'262727.1.peg.1280'": "'262727.1.peg.635'"
  },
  {
    "'g.545.peg.770'": "'g.545.peg.1569'",
    "'262727.1.peg.1280'": "'262727.1.peg.635'"
  },
  {
    "'g.545.peg.770'": "'g.545.peg.1656'",
    "'262727.1.peg.1280'": "'262727.1.peg.635'"
  },
  {
    "'g.545.peg.770'": "g.545.peg.1708'",
    "'262727.1.peg.1280'": "'262727.1.peg.635'"
  },
  {
    "'g.545.peg.770'": "'g.545.peg.1294'",
    "'262727.1.peg.1280'": "'g.545.peg.1699'"
  },
  {
    "'g.545.peg.770'": "'g.545.peg.1171'",
    "'262727.1.peg.1280'": "'262727.1.peg.248'"
  },
  {
    "'g.545.peg.770'": "'g.545.peg.775'",
    "'262727.1.peg.1280'": "'g.545.peg.36'"
  },
  {
    "'g.545.peg.770'": "'g.545.peg.1256'",
    "'262727.1.peg.1280'": "'g.545.peg.922'"
  },
  {
    "'g.545.peg.770'": "'g.545.peg.1772'",
    "'262727.1.peg.1280'": "'g.545.peg.922'"
  },
  {
    "'g.545.peg.770'": "'g.545.peg.936'",
    "'262727.1.peg.1280'": "'g.545.peg.36'"
  },
  {
    "'g.545.peg.770'": "'g.545.peg.36'",
    "'262727.1.peg.1280'": "'g.545.peg.478'"
  },
  {
    "'g.545.peg.770'": "'g.545.peg.36'",
    "'262727.1.peg.1280'": "'g.545.peg.568'"
  },
  {
    "'g.545.peg.770'": "'g.545.peg.36'",
    "'262727.1.peg.1280'": "'g.545.peg.798'"
  },
  {
    "'g.545.peg.770'": "'g.545.peg.36'",
    "'262727.1.peg.1280'": "'g.545.peg.434'"
  },
  {
    "'g.545.peg.770'": "'g.545.peg.269'",
    "'262727.1.peg.1280'": "'g.545.peg.870'"
  },
  {
    "'g.545.peg.770'": "'g.545.peg.1005'",
    "'262727.1.peg.1280'": "'262727.1.peg.1280'"
  },
  {
    "'g.545.peg.770'": "'262727.1.peg.1713'",
    "'262727.1.peg.1280'": "'g.545.peg.345'"
  },
  {
    "'g.545.peg.770'": "'262727.1.peg.1558'",
    "'262727.1.peg.1280'": "'g.545.peg.1587'"
  },
  {
    "'g.545.peg.770'": "'262727.1.peg.1558'",
    "'262727.1.peg.1280'": "'262727.1.peg.145'"
  },
  {
    "'g.545.peg.770'": "'262727.1.peg.1558'",
    "'262727.1.peg.1280'": "'262727.1.peg.1458'"
  },
  {
    "'g.545.peg.770'": "'262727.1.peg.1558'",
    "'262727.1.peg.1280'": "'g.545.peg.894'"
  },
  {
    "'g.545.peg.770'": "'g.545.peg.1587'",
    "'262727.1.peg.1280'": "'262727.1.peg.1458'"
  },
  {
    "'g.545.peg.770'": "'g.545.peg.1377'",
    "'262727.1.peg.1280'": "'g.545.peg.1544'"
  },
  {
    "'g.545.peg.770'": "'g.545.peg.1377'",
    "'262727.1.peg.1280'": "'g.545.peg.61'"
  },
  {
    "'g.545.peg.770'": "'g.545.peg.1377'",
    "'262727.1.peg.1280'": "'g.545.peg.882'"
  },
  {
    "'g.545.peg.770'": "'g.545.peg.1584'",
    "'262727.1.peg.1280'": "'g.545.peg.1699'"
  },
  {
    "'g.545.peg.770'": "'g.545.peg.1056'",
    "'262727.1.peg.1280'": "'g.545.peg.604'"
  },
  {
    "'g.545.peg.770'": "'g.545.peg.1036'",
    "'262727.1.peg.1280'": "'g.545.peg.1347'"
  },
  {
    "'g.545.peg.770'": "'262727.1.peg.1628'",
    "'262727.1.peg.1280'": "'262727.1.peg.388'"
  },
  {
    "'g.545.peg.770'": "'g.545.peg.1487'",
    "'262727.1.peg.1280'": "'g.545.peg.1596'"
  },
  {
    "'g.545.peg.770'": "'g.545.peg.1502'",
    "'262727.1.peg.1280'": "'g.545.peg.1699'"
  },
  {
    "'g.545.peg.770'": "'g.545.peg.1382'",
    "'262727.1.peg.1280'": "'g.545.peg.800'"
  },
  {
    "'g.545.peg.770'": "'g.545.peg.1077'",
    "'262727.1.peg.1280'": "'g.545.peg.756'"
  },
  {
    "'g.545.peg.770'": "'g.545.peg.1477'",
    "'262727.1.peg.1280'": "'g.545.peg.1649'"
  },
  {
    "'g.545.peg.770'": "'g.545.peg.267'",
    "'262727.1.peg.1280'": "'g.545.peg.837'"
  },
  {
    "'g.545.peg.770'": "'g.545.peg.1230'",
    "'262727.1.peg.1280'": "'g.545.peg.1302'"
  }
]