[
  {
    "'g.545.peg.1257'": "'262727.1.peg.876'"
  },
  {
    "'g.545.peg.1257'": "'Unknown'"
  },
  {
    "'g.545.peg.1257'": "'g.545.peg.1390'"
  },
  {
    "'g.545.peg.1257'": "'g.545.peg.1083'"
  },
  {
    "'g.545.peg.1257'": "'g.545.peg.1689'"
  },
  {
    "'g.545.peg.1257'": "'g.545.peg.1350'"
  },
  {
    "'g.545.peg.1257'": "'g.545.peg.586'"
  },
  {
    "'g.545.peg.1257'": "'262727.1.peg.527'"
  },
  {
    "'g.545.peg.1257'": "'g.545.peg.323'"
  },
  {
    "'g.545.peg.1257'": "'262727.1.peg.1519'"
  },
  {
    "'g.545.peg.1257'": "'262727.1.peg.955'"
  },
  {
    "'g.545.peg.1257'": "'g.545.peg.341'"
  },
  {
    "'g.545.peg.1257'": "'g.545.peg.174'"
  },
  {
    "'g.545.peg.1257'": "'262727.1.peg.251'"
  },
  {
    "'g.545.peg.1257'": "'262727.1.peg.896'"
  },
  {
    "'g.545.peg.1257'": "'262727.1.peg.188'"
  },
  {
    "'g.545.peg.1257'": "'g.545.peg.699'"
  },
  {
    "'g.545.peg.1257'": "'g.545.peg.147'"
  },
  {
    "'g.545.peg.1257'": "'g.545.peg.802'"
  },
  {
    "'g.545.peg.1257'": "'g.545.peg.927'"
  },
  {
    "'g.545.peg.1257'": "'262727.1.peg.1295'"
  },
  {
    "'g.545.peg.1257'": "'g.545.peg.701'"
  },
  {
    "'g.545.peg.1257'": "'g.545.peg.1583'"
  },
  {
    "'g.545.peg.1257'": "'g.545.peg.298'"
  },
  {
    "'g.545.peg.1257'": "'262727.1.peg.377'"
  },
  {
    "'g.545.peg.1257'": "'g.545.peg.366'"
  },
  {
    "'g.545.peg.1257'": "'g.545.peg.1675'"
  },
  {
    "'g.545.peg.1257'": "'g.545.peg.978'"
  },
  {
    "'g.545.peg.1257'": "'262727.1.peg.238'"
  },
  {
    "'g.545.peg.1257'": "'g.545.peg.1521'"
  },
  {
    "'g.545.peg.1257'": "'g.545.peg.359'"
  },
  {
    "'g.545.peg.1257'": "'g.545.peg.1359'"
  },
  {
    "'g.545.peg.1257'": "'g.545.peg.209'"
  },
  {
    "'g.545.peg.1257'": "'262727.1.peg.247'"
  },
  {
    "'g.545.peg.1257'": "'g.545.peg.638'"
  },
  {
    "'g.545.peg.1257'": "'g.545.peg.529'"
  },
  {
    "'g.545.peg.1257'": "'262727.1.peg.767'"
  },
  {
    "'g.545.peg.1257'": "'g.545.peg.1541'"
  },
  {
    "'g.545.peg.1257'": "'g.545.peg.404'"
  },
  {
    "'g.545.peg.1257'": "'g.545.peg.1164'"
  },
  {
    "'g.545.peg.1257'": "'262727.1.peg.167'"
  },
  {
    "'g.545.peg.1257'": "'g.545.peg.885'"
  },
  {
    "'g.545.peg.1257'": "'262727.1.peg.1720'"
  },
  {
    "'g.545.peg.1257'": "'g.545.peg.1239'"
  },
  {
    "'g.545.peg.1257'": "'g.545.peg.391'"
  },
  {
    "'g.545.peg.1257'": "'262727.1.peg.753'"
  },
  {
    "'g.545.peg.1257'": "'g.545.peg.1653'"
  },
  {
    "'g.545.peg.1257'": "'g.545.peg.631'"
  },
  {
    "'g.545.peg.1257'": "'262727.1.peg.1543'"
  },
  {
    "'g.545.peg.1257'": "'262727.1.peg.1122'"
  },
  {
    "'g.545.peg.1257'": "'g.545.peg.1184'"
  },
  {
    "'g.545.peg.1257'": "'g.545.peg.1756'"
  },
  {
    "'g.545.peg.1257'": "'g.545.peg.1552'"
  },
  {
    "'g.545.peg.1257'": "'g.545.peg.624'"
  },
  {
    "'g.545.peg.1257'": "'g.545.peg.657'"
  },
  {
    "'g.545.peg.1257'": "'262727.1.peg.590'"
  },
  {
    "'g.545.peg.1257'": "'262727.1.peg.463'"
  },
  {
    "'g.545.peg.1257'": "'g.545.peg.1143'"
  },
  {
    "'g.545.peg.1257'": "'g.545.peg.949'"
  },
  {
    "'g.545.peg.1257'": "'g.545.peg.497'"
  },
  {
    "'g.545.peg.1257'": "'g.545.peg.83'"
  },
  {
    "'g.545.peg.1257'": "'g.545.peg.470'"
  },
  {
    "'g.545.peg.1257'": "'g.545.peg.602'"
  },
  {
    "'g.545.peg.1257'": "'g.545.peg.900'"
  },
  {
    "'g.545.peg.1257'": "'g.545.peg.1319'"
  },
  {
    "'g.545.peg.1257'": "'g.545.peg.338'"
  },
  {
    "'g.545.peg.1257'": "'g.545.peg.43'"
  },
  {
    "'g.545.peg.1257'": "'g.545.peg.583'"
  },
  {
    "'g.545.peg.1257'": "'g.545.peg.753'"
  },
  {
    "'g.545.peg.1257'": "'g.545.peg.1608'"
  },
  {
    "'g.545.peg.1257'": "'g.545.peg.544'"
  },
  {
    "'g.545.peg.1257'": "'g.545.peg.1183'"
  },
  {
    "'g.545.peg.1257'": "'262727.1.peg.1526'"
  },
  {
    "'g.545.peg.1257'": "'g.545.peg.387'"
  },
  {
    "'g.545.peg.1257'": "'262727.1.peg.178'"
  },
  {
    "'g.545.peg.1257'": "'262727.1.peg.250'"
  },
  {
    "'g.545.peg.1257'": "'262727.1.peg.754'"
  },
  {
    "'g.545.peg.1257'": "'262727.1.peg.1400'"
  },
  {
    "'g.545.peg.1257'": "'g.545.peg.980'"
  },
  {
    "'g.545.peg.1257'": "'262727.1.peg.908'"
  },
  {
    "'g.545.peg.1257'": "'g.545.peg.839'"
  },
  {
    "'g.545.peg.1257'": "'262727.1.peg.1506'"
  },
  {
    "'g.545.peg.1257'": "'g.545.peg.1111'"
  },
  {
    "'g.545.peg.1257'": "'g.545.peg.1595'"
  },
  {
    "'g.545.peg.1257'": "'g.545.peg.1697'"
  },
  {
    "'g.545.peg.1257'": "'262727.1.peg.829'"
  },
  {
    "'g.545.peg.1257'": "'262727.1.peg.937'"
  },
  {
    "'g.545.peg.1257'": "'262727.1.peg.462'"
  },
  {
    "'g.545.peg.1257'": "'262727.1.peg.461'"
  },
  {
    "'g.545.peg.1257'": "'262727.1.peg.1284'"
  },
  {
    "'g.545.peg.1257'": "'262727.1.peg.1297'"
  },
  {
    "'g.545.peg.1257'": "'262727.1.peg.162'"
  },
  {
    "'g.545.peg.1257'": "'g.545.peg.743'"
  },
  {
    "'g.545.peg.1257'": "'g.545.peg.1426'"
  },
  {
    "'g.545.peg.1257'": "'g.545.peg.150'"
  },
  {
    "'g.545.peg.1257'": "'g.545.peg.257'"
  },
  {
    "'g.545.peg.1257'": "'g.545.peg.965'"
  },
  {
    "'g.545.peg.1257'": "'262727.1.peg.122'"
  },
  {
    "'g.545.peg.1257'": "'g.545.peg.703'"
  },
  {
    "'g.545.peg.1257'": "'g.545.peg.1280'"
  },
  {
    "'g.545.peg.1257'": "'262727.1.peg.591'"
  },
  {
    "'g.545.peg.1257'": "'g.545.peg.118'"
  },
  {
    "'g.545.peg.1257'": "'g.545.peg.29'"
  },
  {
    "'g.545.peg.1257'": "'g.545.peg.887'"
  },
  {
    "'g.545.peg.1257'": "'g.545.peg.109'"
  },
  {
    "'g.545.peg.1257'": "'g.545.peg.110'"
  },
  {
    "'g.545.peg.1257'": "'g.545.peg.590'"
  },
  {
    "'g.545.peg.1257'": "'g.545.peg.670'"
  },
  {
    "'g.545.peg.1257'": "'g.545.peg.134'"
  },
  {
    "'g.545.peg.1257'": "'g.545.peg.1562'"
  },
  {
    "'g.545.peg.1257'": "'g.545.peg.805'"
  },
  {
    "'g.545.peg.1257'": "'g.545.peg.117'"
  },
  {
    "'g.545.peg.1257'": "'262727.1.peg.93'"
  },
  {
    "'g.545.peg.1257'": "'g.545.peg.1746'"
  },
  {
    "'g.545.peg.1257'": "'g.545.peg.285'"
  },
  {
    "'g.545.peg.1257'": "'g.545.peg.1085'"
  },
  {
    "'g.545.peg.1257'": "'g.545.peg.1242'"
  },
  {
    "'g.545.peg.1257'": "'g.545.peg.1482'"
  },
  {
    "'g.545.peg.1257'": "'g.545.peg.1634'"
  },
  {
    "'g.545.peg.1257'": "'g.545.peg.1737'"
  },
  {
    "'g.545.peg.1257'": "'g.545.peg.315'"
  },
  {
    "'g.545.peg.1257'": "'g.545.peg.471'"
  },
  {
    "'g.545.peg.1257'": "'g.545.peg.513'"
  },
  {
    "'g.545.peg.1257'": "'g.545.peg.515'"
  },
  {
    "'g.545.peg.1257'": "'g.545.peg.599'"
  },
  {
    "'g.545.peg.1257'": "'g.545.peg.613'"
  },
  {
    "'g.545.peg.1257'": "'g.545.peg.664'"
  },
  {
    "'g.545.peg.1257'": "'g.545.peg.73'"
  },
  {
    "'g.545.peg.1257'": "'g.545.peg.918'"
  },
  {
    "'g.545.peg.1257'": "'g.545.peg.94'"
  },
  {
    "'g.545.peg.1257'": "'g.545.peg.940'"
  },
  {
    "'g.545.peg.1257'": "'g.545.peg.10'"
  },
  {
    "'g.545.peg.1257'": "'g.545.peg.1064'"
  },
  {
    "'g.545.peg.1257'": "'g.545.peg.1097'"
  },
  {
    "'g.545.peg.1257'": "'g.545.peg.1132'"
  },
  {
    "'g.545.peg.1257'": "'g.545.peg.1156'"
  },
  {
    "'g.545.peg.1257'": "'g.545.peg.1215'"
  },
  {
    "'g.545.peg.1257'": "'g.545.peg.1220'"
  },
  {
    "'g.545.peg.1257'": "'g.545.peg.1234'"
  },
  {
    "'g.545.peg.1257'": "'g.545.peg.1286'"
  },
  {
    "'g.545.peg.1257'": "'g.545.peg.1292'"
  },
  {
    "'g.545.peg.1257'": "'g.545.peg.1297'"
  },
  {
    "'g.545.peg.1257'": "'g.545.peg.131'"
  },
  {
    "'g.545.peg.1257'": "'g.545.peg.1358'"
  },
  {
    "'g.545.peg.1257'": "'g.545.peg.136'"
  },
  {
    "'g.545.peg.1257'": "'g.545.peg.1410'"
  },
  {
    "'g.545.peg.1257'": "'g.545.peg.142'"
  },
  {
    "'g.545.peg.1257'": "'g.545.peg.1431'"
  },
  {
    "'g.545.peg.1257'": "'g.545.peg.1500'"
  },
  {
    "'g.545.peg.1257'": "'g.545.peg.1524'"
  },
  {
    "'g.545.peg.1257'": "'g.545.peg.1543'"
  },
  {
    "'g.545.peg.1257'": "'g.545.peg.1593'"
  },
  {
    "'g.545.peg.1257'": "'g.545.peg.1594'"
  },
  {
    "'g.545.peg.1257'": "'g.545.peg.1642'"
  },
  {
    "'g.545.peg.1257'": "'g.545.peg.169'"
  },
  {
    "'g.545.peg.1257'": "'g.545.peg.1726'"
  },
  {
    "'g.545.peg.1257'": "'g.545.peg.1753'"
  },
  {
    "'g.545.peg.1257'": "'g.545.peg.179'"
  },
  {
    "'g.545.peg.1257'": "'g.545.peg.182'"
  },
  {
    "'g.545.peg.1257'": "'g.545.peg.185'"
  },
  {
    "'g.545.peg.1257'": "'g.545.peg.190'"
  },
  {
    "'g.545.peg.1257'": "'g.545.peg.199'"
  },
  {
    "'g.545.peg.1257'": "'g.545.peg.207'"
  },
  {
    "'g.545.peg.1257'": "'g.545.peg.208'"
  },
  {
    "'g.545.peg.1257'": "'g.545.peg.213'"
  },
  {
    "'g.545.peg.1257'": "'g.545.peg.260'"
  },
  {
    "'g.545.peg.1257'": "'g.545.peg.304'"
  },
  {
    "'g.545.peg.1257'": "'g.545.peg.307'"
  },
  {
    "'g.545.peg.1257'": "'g.545.peg.319'"
  },
  {
    "'g.545.peg.1257'": "'g.545.peg.32'"
  },
  {
    "'g.545.peg.1257'": "'g.545.peg.334'"
  },
  {
    "'g.545.peg.1257'": "'g.545.peg.343'"
  },
  {
    "'g.545.peg.1257'": "'g.545.peg.370'"
  },
  {
    "'g.545.peg.1257'": "'g.545.peg.376'"
  },
  {
    "'g.545.peg.1257'": "'g.545.peg.428'"
  },
  {
    "'g.545.peg.1257'": "'g.545.peg.456'"
  },
  {
    "'g.545.peg.1257'": "'g.545.peg.466'"
  },
  {
    "'g.545.peg.1257'": "'g.545.peg.527'"
  },
  {
    "'g.545.peg.1257'": "'g.545.peg.534'"
  },
  {
    "'g.545.peg.1257'": "'g.545.peg.55'"
  },
  {
    "'g.545.peg.1257'": "'g.545.peg.558'"
  },
  {
    "'g.545.peg.1257'": "'g.545.peg.593'"
  },
  {
    "'g.545.peg.1257'": "'g.545.peg.594'"
  },
  {
    "'g.545.peg.1257'": "'g.545.peg.605'"
  },
  {
    "'g.545.peg.1257'": "'g.545.peg.650'"
  },
  {
    "'g.545.peg.1257'": "'g.545.peg.658'"
  },
  {
    "'g.545.peg.1257'": "'g.545.peg.66'"
  },
  {
    "'g.545.peg.1257'": "'g.545.peg.663'"
  },
  {
    "'g.545.peg.1257'": "'g.545.peg.689'"
  },
  {
    "'g.545.peg.1257'": "'g.545.peg.710'"
  },
  {
    "'g.545.peg.1257'": "'g.545.peg.721'"
  },
  {
    "'g.545.peg.1257'": "'g.545.peg.771'"
  },
  {
    "'g.545.peg.1257'": "'g.545.peg.803'"
  },
  {
    "'g.545.peg.1257'": "'g.545.peg.821'"
  },
  {
    "'g.545.peg.1257'": "'g.545.peg.835'"
  },
  {
    "'g.545.peg.1257'": "'g.545.peg.86'"
  },
  {
    "'g.545.peg.1257'": "'g.545.peg.930'"
  },
  {
    "'g.545.peg.1257'": "'g.545.peg.942'"
  },
  {
    "'g.545.peg.1257'": "'g.545.peg.999'"
  },
  {
    "'g.545.peg.1257'": "'g.545.peg.47'"
  },
  {
    "'g.545.peg.1257'": "'g.545.peg.1094'"
  },
  {
    "'g.545.peg.1257'": "'g.545.peg.1120'"
  },
  {
    "'g.545.peg.1257'": "'g.545.peg.1196'"
  },
  {
    "'g.545.peg.1257'": "'g.545.peg.1335'"
  },
  {
    "'g.545.peg.1257'": "'g.545.peg.1709'"
  },
  {
    "'g.545.peg.1257'": "'g.545.peg.216'"
  },
  {
    "'g.545.peg.1257'": "'g.545.peg.339'"
  },
  {
    "'g.545.peg.1257'": "'g.545.peg.557'"
  },
  {
    "'g.545.peg.1257'": "'g.545.peg.744'"
  },
  {
    "'g.545.peg.1257'": "'g.545.peg.896'"
  }
]