[
  {
    "'g.545.peg.1460'": "'g.545.peg.1645'",
    "'g.545.peg.1219'": "'g.545.peg.1219'",
    "'262727.1.peg.602'": "'262727.1.peg.602'"
  },
  {
    "'g.545.peg.1460'": "'262727.1.peg.1710'",
    "'g.545.peg.1219'": "'262727.1.peg.1712'",
    "'262727.1.peg.602'": "'g.545.peg.345'"
  },
  {
    "'g.545.peg.1460'": "'262727.1.peg.1214'",
    "'g.545.peg.1219'": "'262727.1.peg.1558'",
    "'262727.1.peg.602'": "'262727.1.peg.1416'"
  },
  {
    "'g.545.peg.1460'": "'262727.1.peg.1214'",
    "'g.545.peg.1219'": "'g.545.peg.1587'",
    "'262727.1.peg.602'": "'262727.1.peg.1416'"
  },
  {
    "'g.545.peg.1460'": "'g.545.peg.906'",
    "'g.545.peg.1219'": "'g.545.peg.196'",
    "'262727.1.peg.602'": "'g.545.peg.1014'"
  },
  {
    "'g.545.peg.1460'": "'g.545.peg.221'",
    "'g.545.peg.1219'": "'g.545.peg.1275'",
    "'262727.1.peg.602'": "'262727.1.peg.83'"
  },
  {
    "'g.545.peg.1460'": "'g.545.peg.1446'",
    "'g.545.peg.1219'": "'g.545.peg.1733'",
    "'262727.1.peg.602'": "'g.545.peg.1699'"
  },
  {
    "'g.545.peg.1460'": "'g.545.peg.1678'",
    "'g.545.peg.1219'": "'g.545.peg.730'",
    "'262727.1.peg.602'": "'g.545.peg.1584'"
  },
  {
    "'g.545.peg.1460'": "'262727.1.peg.674'",
    "'g.545.peg.1219'": "'262727.1.peg.311'",
    "'262727.1.peg.602'": "'262727.1.peg.1514'"
  },
  {
    "'g.545.peg.1460'": "'262727.1.peg.674'",
    "'g.545.peg.1219'": "'262727.1.peg.311'",
    "'262727.1.peg.602'": "'262727.1.peg.1515'"
  },
  {
    "'g.545.peg.1460'": "'262727.1.peg.674'",
    "'g.545.peg.1219'": "'262727.1.peg.311'",
    "'262727.1.peg.602'": "'262727.1.peg.868'"
  },
  {
    "'g.545.peg.1460'": "'262727.1.peg.674'",
    "'g.545.peg.1219'": "'262727.1.peg.312'",
    "'262727.1.peg.602'": "'262727.1.peg.1514'"
  },
  {
    "'g.545.peg.1460'": "'262727.1.peg.674'",
    "'g.545.peg.1219'": "'262727.1.peg.312'",
    "'262727.1.peg.602'": "'262727.1.peg.1515'"
  },
  {
    "'g.545.peg.1460'": "'262727.1.peg.674'",
    "'g.545.peg.1219'": "'262727.1.peg.312'",
    "'262727.1.peg.602'": "'262727.1.peg.868'"
  },
  {
    "'g.545.peg.1460'": "'262727.1.peg.674'",
    "'g.545.peg.1219'": "'262727.1.peg.313'",
    "'262727.1.peg.602'": "'262727.1.peg.1514'"
  },
  {
    "'g.545.peg.1460'": "'262727.1.peg.674'",
    "'g.545.peg.1219'": "'262727.1.peg.313'",
    "'262727.1.peg.602'": "'262727.1.peg.1515'"
  },
  {
    "'g.545.peg.1460'": "'262727.1.peg.674'",
    "'g.545.peg.1219'": "'262727.1.peg.313'",
    "'262727.1.peg.602'": "'262727.1.peg.868'"
  },
  {
    "'g.545.peg.1460'": "'262727.1.peg.674'",
    "'g.545.peg.1219'": "'262727.1.peg.314'",
    "'262727.1.peg.602'": "'262727.1.peg.1514'"
  },
  {
    "'g.545.peg.1460'": "'262727.1.peg.674'",
    "'g.545.peg.1219'": "'262727.1.peg.314'",
    "'262727.1.peg.602'": "'262727.1.peg.1515'"
  },
  {
    "'g.545.peg.1460'": "'262727.1.peg.674'",
    "'g.545.peg.1219'": "'262727.1.peg.314'",
    "'262727.1.peg.602'": "'262727.1.peg.868'"
  },
  {
    "'g.545.peg.1460'": "'g.545.peg.1265'",
    "'g.545.peg.1219'": "'262727.1.peg.722'",
    "'262727.1.peg.602'": "'g.545.peg.957'"
  },
  {
    "'g.545.peg.1460'": "'g.545.peg.1265'",
    "'g.545.peg.1219'": "'262727.1.peg.721'",
    "'262727.1.peg.602'": "'g.545.peg.957'"
  },
  {
    "'g.545.peg.1460'": "'g.545.peg.1569'",
    "'g.545.peg.1219'": "'262727.1.peg.722'",
    "'262727.1.peg.602'": "'g.545.peg.957'"
  },
  {
    "'g.545.peg.1460'": "'g.545.peg.1569'",
    "'g.545.peg.1219'": "'262727.1.peg.721'",
    "'262727.1.peg.602'": "'g.545.peg.957'"
  },
  {
    "'g.545.peg.1460'": "'g.545.peg.1656'",
    "'g.545.peg.1219'": "'262727.1.peg.722'",
    "'262727.1.peg.602'": "'g.545.peg.957'"
  },
  {
    "'g.545.peg.1460'": "'g.545.peg.1656'",
    "'g.545.peg.1219'": "'262727.1.peg.721'",
    "'262727.1.peg.602'": "'g.545.peg.957'"
  },
  {
    "'g.545.peg.1460'": "'g.545.peg.1708'",
    "'g.545.peg.1219'": "'262727.1.peg.722'",
    "'262727.1.peg.602'": "'g.545.peg.957'"
  },
  {
    "'g.545.peg.1460'": "'g.545.peg.1708'",
    "'g.545.peg.1219'": "'262727.1.peg.721'",
    "'262727.1.peg.602'": "'g.545.peg.957'"
  },
  {
    "'g.545.peg.1460'": "'g.545.peg.1298'",
    "'g.545.peg.1219'": "'g.545.peg.974'",
    "'262727.1.peg.602'": "'g.545.peg.269'"
  },
  {
    "'g.545.peg.1460'": "'g.545.peg.1298'",
    "'g.545.peg.1219'": "'g.545.peg.974'",
    "'262727.1.peg.602'": "'g.545.peg.870'"
  },
  {
    "'g.545.peg.1460'": "'g.545.peg.974'",
    "'g.545.peg.1219'": "'g.545.peg.1006'",
    "'262727.1.peg.602'": "'g.545.peg.196'"
  },
  {
    "'g.545.peg.1460'": "'g.545.peg.974'",
    "'g.545.peg.1219'": "'g.545.peg.1100'",
    "'262727.1.peg.602'": "'g.545.peg.196'"
  },
  {
    "'g.545.peg.1460'": "'g.545.peg.974'",
    "'g.545.peg.1219'": "'g.545.peg.1328'",
    "'262727.1.peg.602'": "'g.545.peg.196'"
  },
  {
    "'g.545.peg.1460'": "'g.545.peg.974'",
    "'g.545.peg.1219'": "'g.545.peg.1650'",
    "'262727.1.peg.602'": "'g.545.peg.196'"
  },
  {
    "'g.545.peg.1460'": "'g.545.peg.1281'",
    "'g.545.peg.1219'": "'g.545.peg.1554'",
    "'262727.1.peg.602'": "'g.545.peg.292'"
  },
  {
    "'g.545.peg.1460'": "'262727.1.peg.1070'",
    "'g.545.peg.1219'": "'262727.1.peg.1558'",
    "'262727.1.peg.602'": "'262727.1.peg.1416'"
  },
  {
    "'g.545.peg.1460'": "'262727.1.peg.1070'",
    "'g.545.peg.1219'": "'g.545.peg.1587'",
    "'262727.1.peg.602'": "'262727.1.peg.1416'"
  },
  {
    "'g.545.peg.1460'": "'262727.1.peg.1558'",
    "'g.545.peg.1219'": "'262727.1.peg.143'",
    "'262727.1.peg.602'": "'262727.1.peg.144'"
  },
  {
    "'g.545.peg.1460'": "'262727.1.peg.1558'",
    "'g.545.peg.1219'": "'g.545.peg.114'",
    "'262727.1.peg.602'": "'g.545.peg.261'"
  },
  {
    "'g.545.peg.1460'": "'262727.1.peg.1558'",
    "'g.545.peg.1219'": "'262727.1.peg.1211'",
    "'262727.1.peg.602'": "'262727.1.peg.1416'"
  },
  {
    "'g.545.peg.1460'": "'262727.1.peg.1558'",
    "'g.545.peg.1219'": "'g.545.peg.1718'",
    "'262727.1.peg.602'": "'262727.1.peg.1416'"
  },
  {
    "'g.545.peg.1460'": "'g.545.peg.1587'",
    "'g.545.peg.1219'": "'262727.1.peg.1211'",
    "'262727.1.peg.602'": "'262727.1.peg.1416'"
  },
  {
    "'g.545.peg.1460'": "'g.545.peg.1587'",
    "'g.545.peg.1219'": "'g.545.peg.1718'",
    "'262727.1.peg.602'": "'262727.1.peg.1416'"
  },
  {
    "'g.545.peg.1460'": "'g.545.peg.1301'",
    "'g.545.peg.1219'": "'g.545.peg.761'",
    "'262727.1.peg.602'": "'g.545.peg.1201'"
  },
  {
    "'g.545.peg.1460'": "'262727.1.peg.786'",
    "'g.545.peg.1219'": "'262727.1.peg.837'",
    "'262727.1.peg.602'": "'262727.1.peg.838'"
  },
  {
    "'g.545.peg.1460'": "'g.545.peg.1133'",
    "'g.545.peg.1219'": "'g.545.peg.1145'",
    "'262727.1.peg.602'": "'g.545.peg.1153'"
  },
  {
    "'g.545.peg.1460'": "'262727.1.peg.756'",
    "'g.545.peg.1219'": "'262727.1.peg.757'",
    "'262727.1.peg.602'": "'g.545.peg.345'"
  }
]