[
  {
    "'ACPS1'": "'ADSL1r'"
  },
  {
    "'ACPS1'": "'ADSS'"
  },
  {
    "'ACPS1'": "'ALAALA'"
  },
  {
    "'ACPS1'": "'ANPRT'"
  },
  {
    "'ACPS1'": "'ARGabc'"
  },
  {
    "'ACPS1'": "'ASAD'"
  },
  {
    "'ACPS1'": "'ASP1DC'"
  },
  {
    "'ACPS1'": "'ASPKi'"
  },
  {
    "'ACPS1'": "'BPNT'"
  },
  {
    "'ACPS1'": "'CA2abc'"
  },
  {
    "'ACPS1'": "'CDPMEK'"
  },
  {
    "'ACPS1'": "'CHORS'"
  },
  {
    "'ACPS1'": "'Coabc'"
  },
  {
    "'ACPS1'": "'Cuabc'"
  },
  {
    "'ACPS1'": "'DAPE'"
  },
  {
    "'ACPS1'": "'DDPA'"
  },
  {
    "'ACPS1'": "'DHDPRy'"
  },
  {
    "'ACPS1'": "'DHDPS'"
  },
  {
    "'ACPS1'": "'DHFR'"
  },
  {
    "'ACPS1'": "'DHQS'"
  },
  {
    "'ACPS1'": "'DHQTi'"
  },
  {
    "'ACPS1'": "'DMATT'"
  },
  {
    "'ACPS1'": "'DPCOAK'"
  },
  {
    "'ACPS1'": "'DPRr'"
  },
  {
    "'ACPS1'": "'DTMPK'"
  },
  {
    "'ACPS1'": "'DXPRIr'"
  },
  {
    "'ACPS1'": "'DXPS'"
  },
  {
    "'ACPS1'": "'EX_arg_L(e)'"
  },
  {
    "'ACPS1'": "'EX_biomass(e)'"
  },
  {
    "'ACPS1'": "'EX_ca2(e)'"
  },
  {
    "'ACPS1'": "'EX_cl(e)'"
  },
  {
    "'ACPS1'": "'EX_cobalt2(e)'"
  },
  {
    "'ACPS1'": "'EX_cu2(e)'"
  },
  {
    "'ACPS1'": "'EX_fe2(e)'"
  },
  {
    "'ACPS1'": "'EX_k(e)'"
  },
  {
    "'ACPS1'": "'EX_mg2(e)'"
  },
  {
    "'ACPS1'": "'EX_mn2(e)'"
  },
  {
    "'ACPS1'": "'EX_ribflv(e)'"
  },
  {
    "'ACPS1'": "'EX_so4(e)'"
  },
  {
    "'ACPS1'": "'EX_zn2(e)'"
  },
  {
    "'ACPS1'": "'FE2abc'"
  },
  {
    "'ACPS1'": "'FMNAT'"
  },
  {
    "'ACPS1'": "'FT'"
  },
  {
    "'ACPS1'": "'G1PACT'"
  },
  {
    "'ACPS1'": "'GHMT2r'"
  },
  {
    "'ACPS1'": "'GLUR'"
  },
  {
    "'ACPS1'": "'GMPS2'"
  },
  {
    "'ACPS1'": "'GRTT'"
  },
  {
    "'ACPS1'": "'IGPS'"
  },
  {
    "'ACPS1'": "'IPDPUPT'"
  },
  {
    "'ACPS1'": "'MECDPDH2'"
  },
  {
    "'ACPS1'": "'MECDPS'"
  },
  {
    "'ACPS1'": "'MEPCT'"
  },
  {
    "'ACPS1'": "'METAT'"
  },
  {
    "'ACPS1'": "'MOHMT'"
  },
  {
    "'ACPS1'": "'NAPRT'"
  },
  {
    "'ACPS1'": "'NNATr'"
  },
  {
    "'ACPS1'": "'PANTS'"
  },
  {
    "'ACPS1'": "'PAPPT3'"
  },
  {
    "'ACPS1'": "'PEPGLY'"
  },
  {
    "'ACPS1'": "'PGAMT'"
  },
  {
    "'ACPS1'": "'PLPS'"
  },
  {
    "'ACPS1'": "'PNTK'"
  },
  {
    "'ACPS1'": "'PPCDC'"
  },
  {
    "'ACPS1'": "'PRAI'"
  },
  {
    "'ACPS1'": "'PRPPS'"
  },
  {
    "'ACPS1'": "'PSCVT'"
  },
  {
    "'ACPS1'": "'PTPAT'"
  },
  {
    "'ACPS1'": "'RBFK'"
  },
  {
    "'ACPS1'": "'RIBFLVt2r'"
  },
  {
    "'ACPS1'": "'SHK3Dr'"
  },
  {
    "'ACPS1'": "'SHKK'"
  },
  {
    "'ACPS1'": "'SO4t2'"
  },
  {
    "'ACPS1'": "'TMDS'"
  },
  {
    "'ACPS1'": "'TRDRr'"
  },
  {
    "'ACPS1'": "'UAAGDS'"
  },
  {
    "'ACPS1'": "'UAGCVT_r'"
  },
  {
    "'ACPS1'": "'UAGDP'"
  },
  {
    "'ACPS1'": "'UAGPT3'"
  },
  {
    "'ACPS1'": "'UAMAGS'"
  },
  {
    "'ACPS1'": "'UAMAS'"
  },
  {
    "'ACPS1'": "'UAPGR'"
  },
  {
    "'ACPS1'": "'UDCPDP'"
  },
  {
    "'ACPS1'": "'UGMDDS'"
  },
  {
    "'ACPS1'": "'UMPK'"
  },
  {
    "'ACPS1'": "'URIDK3'"
  },
  {
    "'ACPS1'": "'dreplication'"
  },
  {
    "'ACPS1'": "'pbiosynthesis'"
  },
  {
    "'ACPS1'": "'r2137'"
  },
  {
    "'ACPS1'": "'rtranscription'"
  },
  {
    "'ACPS1'": "'biomass525'"
  }
]