[
  {
    "'LF82_0005'": "'LF82_0604'",
    "'LF82_0604'": "'LF82_0614'"
  },
  {
    "'LF82_0005'": "'LF82_0604'",
    "'LF82_0604'": "'LF82_2243'"
  },
  {
    "'LF82_0005'": "'LF82_0961'",
    "'LF82_0604'": "'LF82_1153'"
  },
  {
    "'LF82_0005'": "'LF82_1108'",
    "'LF82_0604'": "'LF82_1102'"
  },
  {
    "'LF82_0005'": "'LF82_1108'",
    "'LF82_0604'": "'LF82_1110'"
  },
  {
    "'LF82_0005'": "'LF82_1102'",
    "'LF82_0604'": "'LF82_1107'"
  },
  {
    "'LF82_0005'": "'LF82_1110'",
    "'LF82_0604'": "'LF82_1107'"
  },
  {
    "'LF82_0005'": "'LF82_1785'",
    "'LF82_0604'": "'LF82_1783'"
  },
  {
    "'LF82_0005'": "'LF82_0019'",
    "'LF82_0604'": "'LF82_0018'"
  },
  {
    "'LF82_0005'": "'LF82_1673'",
    "'LF82_0604'": "'LF82_1671'"
  },
  {
    "'LF82_0005'": "'LF82_0040'",
    "'LF82_0604'": "'LF82_1474'"
  },
  {
    "'LF82_0005'": "'LF82_0040'",
    "'LF82_0604'": "'LF82_1744'"
  },
  {
    "'LF82_0005'": "'LF82_0040'",
    "'LF82_0604'": "'LF82_1653'"
  },
  {
    "'LF82_0005'": "'LF82_0456'",
    "'LF82_0604'": "'LF82_0455'"
  },
  {
    "'LF82_0005'": "'LF82_0434'",
    "'LF82_0604'": "'LF82_0074'"
  },
  {
    "'LF82_0005'": "'LF82_0891'",
    "'LF82_0604'": "'LF82_2115'"
  },
  {
    "'LF82_0005'": "'LF82_0891'",
    "'LF82_0604'": "'LF82_2116'"
  },
  {
    "'LF82_0005'": "'LF82_3217'",
    "'LF82_0604'": "'LF82_1671'"
  },
  {
    "'LF82_0005'": "'LF82_0166'",
    "'LF82_0604'": "'LF82_0165'"
  },
  {
    "'LF82_0005'": "'LF82_1327'",
    "'LF82_0604'": "'LF82_2259'"
  },
  {
    "'LF82_0005'": "'LF82_0314'",
    "'LF82_0604'": "'LF82_0315'"
  },
  {
    "'LF82_0005'": "'LF82_0980'",
    "'LF82_0604'": "'LF82_0984'"
  },
  {
    "'LF82_0005'": "'LF82_1319'",
    "'LF82_0604'": "'LF82_1268'"
  },
  {
    "'LF82_0005'": "'LF82_0419'",
    "'LF82_0604'": "'LF82_0418'"
  },
  {
    "'LF82_0005'": "'LF82_0323'",
    "'LF82_0604'": "'LF82_1797'"
  },
  {
    "'LF82_0005'": "'LF82_0828'",
    "'LF82_0604'": "'LF82_0831'"
  },
  {
    "'LF82_0005'": "'LF82_0828'",
    "'LF82_0604'": "'LF82_0833'"
  },
  {
    "'LF82_0005'": "'LF82_0828'",
    "'LF82_0604'": "'LF82_0832'"
  },
  {
    "'LF82_0005'": "'LF82_0721'",
    "'LF82_0604'": "'LF82_0727'"
  },
  {
    "'LF82_0005'": "'LF82_1429'",
    "'LF82_0604'": "'LF82_1529'"
  },
  {
    "'LF82_0005'": "'LF82_0801'",
    "'LF82_0604'": "'LF82_0573'"
  },
  {
    "'LF82_0005'": "'LF82_0823'",
    "'LF82_0604'": "'LF82_0877'"
  },
  {
    "'LF82_0005'": "'LF82_0823'",
    "'LF82_0604'": "'LF82_0876'"
  },
  {
    "'LF82_0005'": "'LF82_0905'",
    "'LF82_0604'": "'LF82_1920'"
  },
  {
    "'LF82_0005'": "'LF82_0914'",
    "'LF82_0604'": "'LF82_2323'"
  },
  {
    "'LF82_0005'": "'LF82_0920'",
    "'LF82_0604'": "'LF82_0954'"
  },
  {
    "'LF82_0005'": "'LF82_2443'",
    "'LF82_0604'": "'LF82_0954'"
  },
  {
    "'LF82_0005'": "'LF82_2445'",
    "'LF82_0604'": "'LF82_0954'"
  },
  {
    "'LF82_0005'": "'LF82_2444'",
    "'LF82_0604'": "'LF82_0954'"
  },
  {
    "'LF82_0005'": "'LF82_1123'",
    "'LF82_0604'": "'LF82_2200'"
  },
  {
    "'LF82_0005'": "'LF82_1123'",
    "'LF82_0604'": "'LF82_2201'"
  },
  {
    "'LF82_0005'": "'LF82_1123'",
    "'LF82_0604'": "'LF82_2202'"
  },
  {
    "'LF82_0005'": "'LF82_1123'",
    "'LF82_0604'": "'LF82_2205'"
  },
  {
    "'LF82_0005'": "'LF82_1123'",
    "'LF82_0604'": "'LF82_2203'"
  },
  {
    "'LF82_0005'": "'LF82_1123'",
    "'LF82_0604'": "'LF82_2199'"
  },
  {
    "'LF82_0005'": "'LF82_1120'",
    "'LF82_0604'": "'LF82_2200'"
  },
  {
    "'LF82_0005'": "'LF82_1120'",
    "'LF82_0604'": "'LF82_2201'"
  },
  {
    "'LF82_0005'": "'LF82_1120'",
    "'LF82_0604'": "'LF82_2202'"
  },
  {
    "'LF82_0005'": "'LF82_1120'",
    "'LF82_0604'": "'LF82_2205'"
  },
  {
    "'LF82_0005'": "'LF82_1120'",
    "'LF82_0604'": "'LF82_2203'"
  },
  {
    "'LF82_0005'": "'LF82_1120'",
    "'LF82_0604'": "'LF82_2199'"
  },
  {
    "'LF82_0005'": "'LF82_1320'",
    "'LF82_0604'": "'LF82_1323'"
  },
  {
    "'LF82_0005'": "'LF82_0426'",
    "'LF82_0604'": "'LF82_1373'"
  },
  {
    "'LF82_0005'": "'LF82_0426'",
    "'LF82_0604'": "'LF82_1372'"
  },
  {
    "'LF82_0005'": "'LF82_0426'",
    "'LF82_0604'": "'LF82_1374'"
  },
  {
    "'LF82_0005'": "'LF82_1373'",
    "'LF82_0604'": "'LF82_0409'"
  },
  {
    "'LF82_0005'": "'LF82_1373'",
    "'LF82_0604'": "'LF82_0425'"
  },
  {
    "'LF82_0005'": "'LF82_1372'",
    "'LF82_0604'": "'LF82_0409'"
  },
  {
    "'LF82_0005'": "'LF82_1372'",
    "'LF82_0604'": "'LF82_0425'"
  },
  {
    "'LF82_0005'": "'LF82_1374'",
    "'LF82_0604'": "'LF82_0409'"
  },
  {
    "'LF82_0005'": "'LF82_1374'",
    "'LF82_0604'": "'LF82_0425'"
  },
  {
    "'LF82_0005'": "'LF82_1668'",
    "'LF82_0604'": "'LF82_1762'"
  },
  {
    "'LF82_0005'": "'LF82_1668'",
    "'LF82_0604'": "'LF82_1760'"
  },
  {
    "'LF82_0005'": "'LF82_1668'",
    "'LF82_0604'": "'LF82_1761'"
  },
  {
    "'LF82_0005'": "'LF82_1668'",
    "'LF82_0604'": "'LF82_1759'"
  },
  {
    "'LF82_0005'": "'LF82_1744'",
    "'LF82_0604'": "'LF82_1653'"
  },
  {
    "'LF82_0005'": "'LF82_2870'",
    "'LF82_0604'": "'LF82_0144'"
  },
  {
    "'LF82_0005'": "'LF82_0148'",
    "'LF82_0604'": "'LF82_0149'"
  },
  {
    "'LF82_0005'": "'LF82_2231'",
    "'LF82_0604'": "'LF82_1101'"
  }
]