[
  {
    "'LF82_0612'": "'LF82_0608'"
  },
  {
    "'LF82_0612'": "'LF82_0605'"
  },
  {
    "'LF82_0612'": "'LF82_2261'"
  },
  {
    "'LF82_0612'": "'LF82_1409'"
  },
  {
    "'LF82_0612'": "'LF82_0021'"
  },
  {
    "'LF82_0612'": "'s0001'"
  },
  {
    "'LF82_0612'": "'LF82_0008'"
  },
  {
    "'LF82_0612'": "'LF82_0011'"
  },
  {
    "'LF82_0612'": "'LF82_0010'"
  },
  {
    "'LF82_0612'": "'LF82_0009'"
  },
  {
    "'LF82_0612'": "'LF82_0117'"
  },
  {
    "'LF82_0612'": "'LF82_0116'"
  },
  {
    "'LF82_0612'": "'LF82_0609'"
  },
  {
    "'LF82_0612'": "'LF82_0120'"
  },
  {
    "'LF82_0612'": "'LF82_1222'"
  },
  {
    "'LF82_0612'": "'LF82_3474'"
  },
  {
    "'LF82_0612'": "'LF82_3691'"
  },
  {
    "'LF82_0612'": "'LF82_1223'"
  },
  {
    "'LF82_0612'": "'LF82_3475'"
  },
  {
    "'LF82_0612'": "'LF82_0119'"
  },
  {
    "'LF82_0612'": "'LF82_1588'"
  },
  {
    "'LF82_0612'": "'LF82_1587'"
  },
  {
    "'LF82_0612'": "'LF82_1586'"
  },
  {
    "'LF82_0612'": "'LF82_0411'"
  },
  {
    "'LF82_0612'": "'LF82_1774'"
  },
  {
    "'LF82_0612'": "'LF82_1773'"
  },
  {
    "'LF82_0612'": "'LF82_1672'"
  },
  {
    "'LF82_0612'": "'LF82_0118'"
  },
  {
    "'LF82_0612'": "'LF82_1779'"
  },
  {
    "'LF82_0612'": "'LF82_1780'"
  },
  {
    "'LF82_0612'": "'LF82_1777'"
  },
  {
    "'LF82_0612'": "'LF82_0233'"
  },
  {
    "'LF82_0612'": "'LF82_2246'"
  },
  {
    "'LF82_0612'": "'LF82_2312'"
  },
  {
    "'LF82_0612'": "'LF82_2313'"
  },
  {
    "'LF82_0612'": "'LF82_0237'"
  },
  {
    "'LF82_0612'": "'LF82_1880'"
  },
  {
    "'LF82_0612'": "'LF82_0122'"
  },
  {
    "'LF82_0612'": "'LF82_0121'"
  },
  {
    "'LF82_0612'": "'LF82_0161'"
  },
  {
    "'LF82_0612'": "'LF82_1594'"
  },
  {
    "'LF82_0612'": "'LF82_1791'"
  },
  {
    "'LF82_0612'": "'LF82_1433'"
  },
  {
    "'LF82_0612'": "'LF82_0174'"
  },
  {
    "'LF82_0612'": "'LF82_1003'"
  },
  {
    "'LF82_0612'": "'LF82_1377'"
  },
  {
    "'LF82_0612'": "'LF82_1370'"
  },
  {
    "'LF82_0612'": "'LF82_0422'"
  },
  {
    "'LF82_0612'": "'LF82_0234'"
  },
  {
    "'LF82_0612'": "'LF82_3690'"
  },
  {
    "'LF82_0612'": "'LF82_3731'"
  },
  {
    "'LF82_0612'": "'LF82_1128'"
  },
  {
    "'LF82_0612'": "'LF82_1636'"
  },
  {
    "'LF82_0612'": "'LF82_2338'"
  },
  {
    "'LF82_0612'": "'LF82_0142'"
  },
  {
    "'LF82_0612'": "'LF82_2348'"
  },
  {
    "'LF82_0612'": "'LF82_1398'"
  },
  {
    "'LF82_0612'": "'LF82_1367'"
  },
  {
    "'LF82_0612'": "'LF82_1365'"
  },
  {
    "'LF82_0612'": "'LF82_0875'"
  },
  {
    "'LF82_0612'": "'LF82_1796'"
  },
  {
    "'LF82_0612'": "'LF82_1238'"
  },
  {
    "'LF82_0612'": "'LF82_0441'"
  },
  {
    "'LF82_0612'": "'LF82_0284'"
  },
  {
    "'LF82_0612'": "'LF82_1878'"
  },
  {
    "'LF82_0612'": "'LF82_0236'"
  },
  {
    "'LF82_0612'": "'LF82_0902'"
  },
  {
    "'LF82_0612'": "'LF82_1104'"
  },
  {
    "'LF82_0612'": "'LF82_0438'"
  },
  {
    "'LF82_0612'": "'LF82_0437'"
  },
  {
    "'LF82_0612'": "'LF82_0723'"
  },
  {
    "'LF82_0612'": "'LF82_0722'"
  },
  {
    "'LF82_0612'": "'LF82_1792'"
  },
  {
    "'LF82_0612'": "'LF82_0728'"
  },
  {
    "'LF82_0612'": "'LF82_0141'"
  },
  {
    "'LF82_0612'": "'LF82_0143'"
  },
  {
    "'LF82_0612'": "'LF82_1125'"
  },
  {
    "'LF82_0612'": "'LF82_1131'"
  },
  {
    "'LF82_0612'": "'LF82_0332'"
  },
  {
    "'LF82_0612'": "'LF82_1103'"
  },
  {
    "'LF82_0612'": "'LF82_2273'"
  },
  {
    "'LF82_0612'": "'LF82_0535'"
  },
  {
    "'LF82_0612'": "'LF82_0536'"
  },
  {
    "'LF82_0612'": "'LF82_0610'"
  },
  {
    "'LF82_0612'": "'LF82_0417'"
  },
  {
    "'LF82_0612'": "'LF82_0416'"
  },
  {
    "'LF82_0612'": "'LF82_0982'"
  },
  {
    "'LF82_0612'": "'LF82_1882'"
  },
  {
    "'LF82_0612'": "'LF82_0845'"
  },
  {
    "'LF82_0612'": "'LF82_0983'"
  },
  {
    "'LF82_0612'": "'LF82_0919'"
  },
  {
    "'LF82_0612'": "'LF82_0064'"
  },
  {
    "'LF82_0612'": "'LF82_0844'"
  },
  {
    "'LF82_0612'": "'LF82_0846'"
  },
  {
    "'LF82_0612'": "'LF82_1778'"
  },
  {
    "'LF82_0612'": "'LF82_1422'"
  },
  {
    "'LF82_0612'": "'LF82_0975'"
  },
  {
    "'LF82_0612'": "'LF82_0888'"
  },
  {
    "'LF82_0612'": "'LF82_0953'"
  },
  {
    "'LF82_0612'": "'LF82_0725'"
  },
  {
    "'LF82_0612'": "'LF82_1877'"
  },
  {
    "'LF82_0612'": "'LF82_2346'"
  },
  {
    "'LF82_0612'": "'LF82_0264'"
  },
  {
    "'LF82_0612'": "'LF82_1001'"
  },
  {
    "'LF82_0612'": "'LF82_0999'"
  },
  {
    "'LF82_0612'": "'LF82_0977'"
  },
  {
    "'LF82_0612'": "'LF82_2247'"
  },
  {
    "'LF82_0612'": "'LF82_0726'"
  },
  {
    "'LF82_0612'": "'LF82_2260'"
  },
  {
    "'LF82_0612'": "'LF82_1317'"
  },
  {
    "'LF82_0612'": "'LF82_1000'"
  },
  {
    "'LF82_0612'": "'LF82_1122'"
  },
  {
    "'LF82_0612'": "'LF82_0396'"
  },
  {
    "'LF82_0612'": "'LF82_1086'"
  },
  {
    "'LF82_0612'": "'LF82_1004'"
  },
  {
    "'LF82_0612'": "'LF82_1002'"
  },
  {
    "'LF82_0612'": "'LF82_2311'"
  },
  {
    "'LF82_0612'": "'LF82_1105'"
  },
  {
    "'LF82_0612'": "'LF82_1179'"
  },
  {
    "'LF82_0612'": "'LF82_1181'"
  },
  {
    "'LF82_0612'": "'LF82_1180'"
  },
  {
    "'LF82_0612'": "'LF82_1178'"
  },
  {
    "'LF82_0612'": "'LF82_1151'"
  },
  {
    "'LF82_0612'": "'LF82_1152'"
  },
  {
    "'LF82_0612'": "'LF82_1150'"
  },
  {
    "'LF82_0612'": "'LF82_1225'"
  },
  {
    "'LF82_0612'": "'LF82_0235'"
  },
  {
    "'LF82_0612'": "'LF82_0606'"
  },
  {
    "'LF82_0612'": "'LF82_1130'"
  },
  {
    "'LF82_0612'": "'LF82_1129'"
  },
  {
    "'LF82_0612'": "'LF82_1127'"
  },
  {
    "'LF82_0612'": "'LF82_1326'"
  },
  {
    "'LF82_0612'": "'LF82_1368'"
  },
  {
    "'LF82_0612'": "'LF82_2419'"
  },
  {
    "'LF82_0612'": "'LF82_1592'"
  },
  {
    "'LF82_0612'": "'LF82_1379'"
  },
  {
    "'LF82_0612'": "'LF82_2714'"
  },
  {
    "'LF82_0612'": "'LF82_1369'"
  },
  {
    "'LF82_0612'": "'LF82_1378'"
  },
  {
    "'LF82_0612'": "'LF82_1321'"
  },
  {
    "'LF82_0612'": "'LF82_1437'"
  },
  {
    "'LF82_0612'": "'LF82_1436'"
  },
  {
    "'LF82_0612'": "'LF82_1435'"
  },
  {
    "'LF82_0612'": "'LF82_1434'"
  },
  {
    "'LF82_0612'": "'LF82_0123'"
  },
  {
    "'LF82_0612'": "'LF82_1126'"
  },
  {
    "'LF82_0612'": "'LF82_2117'"
  },
  {
    "'LF82_0612'": "'LF82_1795'"
  },
  {
    "'LF82_0612'": "'LF82_2349'"
  },
  {
    "'LF82_0612'": "'LF82_2354'"
  },
  {
    "'LF82_0612'": "'LF82_1794'"
  },
  {
    "'LF82_0612'": "'LF82_1728'"
  },
  {
    "'LF82_0612'": "'LF82_1593'"
  },
  {
    "'LF82_0612'": "'LF82_1388'"
  },
  {
    "'LF82_0612'": "'LF82_0415'"
  },
  {
    "'LF82_0612'": "'LF82_1605'"
  },
  {
    "'LF82_0612'": "'LF82_1608'"
  },
  {
    "'LF82_0612'": "'LF82_1606'"
  },
  {
    "'LF82_0612'": "'LF82_0843'"
  },
  {
    "'LF82_0612'": "'LF82_0238'"
  },
  {
    "'LF82_0612'": "'LF82_0330'"
  },
  {
    "'LF82_0612'": "'LF82_0976'"
  },
  {
    "'LF82_0612'": "'LF82_0470'"
  },
  {
    "'LF82_0612'": "'LF82_0981'"
  },
  {
    "'LF82_0612'": "'LF82_1776'"
  },
  {
    "'LF82_0612'": "'LF82_1782'"
  },
  {
    "'LF82_0612'": "'LF82_1005'"
  },
  {
    "'LF82_0612'": "'LF82_1775'"
  },
  {
    "'LF82_0612'": "'LF82_1781'"
  },
  {
    "'LF82_0612'": "'LF82_0998'"
  },
  {
    "'LF82_0612'": "'LF82_0140'"
  },
  {
    "'LF82_0612'": "'LF82_1745'"
  },
  {
    "'LF82_0612'": "'LF82_1758'"
  },
  {
    "'LF82_0612'": "'LF82_0331'"
  },
  {
    "'LF82_0612'": "'LF82_1432'"
  },
  {
    "'LF82_0612'": "'LF82_1879'"
  },
  {
    "'LF82_0612'": "'LF82_1881'"
  },
  {
    "'LF82_0612'": "'LF82_1237'"
  },
  {
    "'LF82_0612'": "'LF82_0420'"
  },
  {
    "'LF82_0612'": "'LF82_0412'"
  },
  {
    "'LF82_0612'": "'LF82_0440'"
  },
  {
    "'LF82_0612'": "'LF82_0413'"
  },
  {
    "'LF82_0612'": "'LF82_0414'"
  },
  {
    "'LF82_0612'": "'LF82_1318'"
  },
  {
    "'LF82_0612'": "'LF82_1229'"
  },
  {
    "'LF82_0612'": "'LF82_0439'"
  },
  {
    "'LF82_0612'": "'LF82_2258'"
  },
  {
    "'LF82_0612'": "'LF82_2252'"
  },
  {
    "'LF82_0612'": "'LF82_2251'"
  },
  {
    "'LF82_0612'": "'LF82_2249'"
  },
  {
    "'LF82_0612'": "'LF82_2271'"
  },
  {
    "'LF82_0612'": "'LF82_2267'"
  },
  {
    "'LF82_0612'": "'LF82_2254'"
  },
  {
    "'LF82_0612'": "'LF82_2248'"
  },
  {
    "'LF82_0612'": "'LF82_2310'"
  },
  {
    "'LF82_0612'": "'LF82_2309'"
  },
  {
    "'LF82_0612'": "'LF82_2250'"
  },
  {
    "'LF82_0612'": "'LF82_1227'"
  },
  {
    "'LF82_0612'": "'LF82_1419'"
  },
  {
    "'LF82_0612'": "'LF82_1224'"
  },
  {
    "'LF82_0612'": "'LF82_1415'"
  },
  {
    "'LF82_0612'": "'LF82_1421'"
  },
  {
    "'LF82_0612'": "'LF82_1418'"
  },
  {
    "'LF82_0612'": "'LF82_1417'"
  },
  {
    "'LF82_0612'": "'LF82_1416'"
  },
  {
    "'LF82_0612'": "'LF82_1132'"
  },
  {
    "'LF82_0612'": "'LF82_1420'"
  },
  {
    "'LF82_0612'": "'LF82_1226'"
  },
  {
    "'LF82_0612'": "'LF82_0978'"
  },
  {
    "'LF82_0612'": "'LF82_0979'"
  },
  {
    "'LF82_0612'": "'LF82_1228'"
  }
]