[
  {
    "'ECS88_0191'": "'ECS88_1107'"
  },
  {
    "'ECS88_0191'": "'ECS88_2471'"
  },
  {
    "'ECS88_0191'": "'ECS88_0004'"
  },
  {
    "'ECS88_0191'": "'ECS88_0170'"
  },
  {
    "'ECS88_0191'": "'ECS88_1108'"
  },
  {
    "'ECS88_0191'": "'s0001'"
  },
  {
    "'ECS88_0191'": "'ECS88_3632'"
  },
  {
    "'ECS88_0191'": "'ECS88_0196'"
  },
  {
    "'ECS88_0191'": "'ECS88_3631'"
  },
  {
    "'ECS88_0191'": "'ECS88_2463'"
  },
  {
    "'ECS88_0191'": "'ECS88_4414'"
  },
  {
    "'ECS88_0191'": "'ECS88_3113'"
  },
  {
    "'ECS88_0191'": "'ECS88_1105'"
  },
  {
    "'ECS88_0191'": "'ECS88_4412'"
  },
  {
    "'ECS88_0191'": "'ECS88_4848'"
  },
  {
    "'ECS88_0191'": "'ECS88_4849'"
  },
  {
    "'ECS88_0191'": "'ECS88_3582'"
  },
  {
    "'ECS88_0191'": "'ECS88_3583'"
  },
  {
    "'ECS88_0191'": "'ECS88_3584'"
  },
  {
    "'ECS88_0191'": "'ECS88_3750'"
  },
  {
    "'ECS88_0191'": "'ECS88_1110'"
  },
  {
    "'ECS88_0191'": "'ECS88_3751'"
  },
  {
    "'ECS88_0191'": "'ECS88_1864'"
  },
  {
    "'ECS88_0191'": "'ECS88_3021'"
  },
  {
    "'ECS88_0191'": "'ECS88_1146'"
  },
  {
    "'ECS88_0191'": "'ECS88_4763'"
  },
  {
    "'ECS88_0191'": "'ECS88_3406'"
  },
  {
    "'ECS88_0191'": "'ECS88_4413'"
  },
  {
    "'ECS88_0191'": "'ECS88_4467'"
  },
  {
    "'ECS88_0191'": "'ECS88_0521'"
  },
  {
    "'ECS88_0191'": "'ECS88_0522'"
  },
  {
    "'ECS88_0191'": "'ECS88_0791'"
  },
  {
    "'ECS88_0191'": "'ECS88_4455'"
  },
  {
    "'ECS88_0191'": "'ECS88_1398'"
  },
  {
    "'ECS88_0191'": "'ECS88_1399'"
  },
  {
    "'ECS88_0191'": "'ECS88_0793'"
  },
  {
    "'ECS88_0191'": "'ECS88_0409'"
  },
  {
    "'ECS88_0191'": "'ECS88_4415'"
  },
  {
    "'ECS88_0191'": "'ECS88_3555'"
  },
  {
    "'ECS88_0191'": "'ECS88_3831'"
  },
  {
    "'ECS88_0191'": "'ECS88_0141'"
  },
  {
    "'ECS88_0191'": "'ECS88_4835'"
  },
  {
    "'ECS88_0191'": "'ECS88_2748'"
  },
  {
    "'ECS88_0191'": "'ECS88_0956'"
  },
  {
    "'ECS88_0191'": "'ECS88_2118'"
  },
  {
    "'ECS88_0191'": "'ECS88_0844'"
  },
  {
    "'ECS88_0191'": "'ECS88_4307'"
  },
  {
    "'ECS88_0191'": "'ECS88_4808'"
  },
  {
    "'ECS88_0191'": "'ECS88_0792'"
  },
  {
    "'ECS88_0191'": "'ECS88_3578'"
  },
  {
    "'ECS88_0191'": "'ECS88_3437'"
  },
  {
    "'ECS88_0191'": "'ECS88_1276'"
  },
  {
    "'ECS88_0191'": "'ECS88_2786'"
  },
  {
    "'ECS88_0191'": "'ECS88_2785'"
  },
  {
    "'ECS88_0191'": "'ECS88_2477'"
  },
  {
    "'ECS88_0191'": "'ECS88_4512'"
  },
  {
    "'ECS88_0191'": "'ECS88_0942'"
  },
  {
    "'ECS88_0191'": "'ECS88_0798'"
  },
  {
    "'ECS88_0191'": "'ECS88_0800'"
  },
  {
    "'ECS88_0191'": "'ECS88_0745'"
  },
  {
    "'ECS88_0191'": "'ECS88_3048'"
  },
  {
    "'ECS88_0191'": "'ECS88_3135'"
  },
  {
    "'ECS88_0191'": "'ECS88_4235'"
  },
  {
    "'ECS88_0191'": "'ECS88_0185'"
  },
  {
    "'ECS88_0191'": "'ECS88_3444'"
  },
  {
    "'ECS88_0191'": "'ECS88_0795'"
  },
  {
    "'ECS88_0191'": "'ECS88_4063'"
  },
  {
    "'ECS88_0191'": "'ECS88_4194'"
  },
  {
    "'ECS88_0191'": "'ECS88_0031'"
  },
  {
    "'ECS88_0191'": "'ECS88_2660'"
  },
  {
    "'ECS88_0191'": "'ECS88_2462'"
  },
  {
    "'ECS88_0191'": "'ECS88_3456'"
  },
  {
    "'ECS88_0191'": "'ECS88_1076'"
  },
  {
    "'ECS88_0191'": "'ECS88_3559'"
  },
  {
    "'ECS88_0191'": "'ECS88_3774'"
  },
  {
    "'ECS88_0191'": "'ECS88_1743'"
  },
  {
    "'ECS88_0191'": "'ECS88_0416'"
  },
  {
    "'ECS88_0191'": "'ECS88_0028'"
  },
  {
    "'ECS88_0191'": "'ECS88_0106'"
  },
  {
    "'ECS88_0191'": "'ECS88_4197'"
  },
  {
    "'ECS88_0191'": "'ECS88_1112'"
  },
  {
    "'ECS88_0191'": "'ECS88_0183'"
  },
  {
    "'ECS88_0191'": "'ECS88_0415'"
  },
  {
    "'ECS88_0191'": "'ECS88_1430'"
  },
  {
    "'ECS88_0191'": "'ECS88_3028'"
  },
  {
    "'ECS88_0191'": "'ECS88_3027'"
  },
  {
    "'ECS88_0191'": "'ECS88_0472'"
  },
  {
    "'ECS88_0191'": "'ECS88_0024'"
  },
  {
    "'ECS88_0191'": "'ECS88_4152'"
  },
  {
    "'ECS88_0191'": "'ECS88_0165'"
  },
  {
    "'ECS88_0191'": "'ECS88_4025'"
  },
  {
    "'ECS88_0191'": "'ECS88_1511'"
  },
  {
    "'ECS88_0191'": "'ECS88_4151'"
  },
  {
    "'ECS88_0191'": "'ECS88_4320'"
  },
  {
    "'ECS88_0191'": "'ECS88_2459'"
  },
  {
    "'ECS88_0191'": "'ECS88_4426'"
  },
  {
    "'ECS88_0191'": "'ECS88_1278'"
  },
  {
    "'ECS88_0191'": "'ECS88_2592'"
  },
  {
    "'ECS88_0191'": "'ECS88_2679'"
  },
  {
    "'ECS88_0191'": "'ECS88_2300'"
  },
  {
    "'ECS88_0191'": "'ECS88_1417'"
  },
  {
    "'ECS88_0191'": "'ECS88_4513'"
  },
  {
    "'ECS88_0191'": "'ECS88_0135'"
  },
  {
    "'ECS88_0191'": "'ECS88_2119'"
  },
  {
    "'ECS88_0191'": "'ECS88_2121'"
  },
  {
    "'ECS88_0191'": "'ECS88_4227'"
  },
  {
    "'ECS88_0191'": "'ECS88_2245'"
  },
  {
    "'ECS88_0191'": "'ECS88_0152'"
  },
  {
    "'ECS88_0191'": "'ECS88_0003'"
  },
  {
    "'ECS88_0191'": "'ECS88_4478'"
  },
  {
    "'ECS88_0191'": "'ECS88_2120'"
  },
  {
    "'ECS88_0191'": "'ECS88_2706'"
  },
  {
    "'ECS88_0191'": "'ECS88_4230'"
  },
  {
    "'ECS88_0191'": "'ECS88_1151'"
  },
  {
    "'ECS88_0191'": "'ECS88_2122'"
  },
  {
    "'ECS88_0191'": "'ECS88_2124'"
  },
  {
    "'ECS88_0191'": "'ECS88_1397'"
  },
  {
    "'ECS88_0191'": "'ECS88_4193'"
  },
  {
    "'ECS88_0191'": "'ECS88_0078'"
  },
  {
    "'ECS88_0191'": "'ECS88_0077'"
  },
  {
    "'ECS88_0191'": "'ECS88_0076'"
  },
  {
    "'ECS88_0191'": "'ECS88_0079'"
  },
  {
    "'ECS88_0191'": "'ECS88_0946'"
  },
  {
    "'ECS88_0191'": "'ECS88_3581'"
  },
  {
    "'ECS88_0191'": "'ECS88_1283'"
  },
  {
    "'ECS88_0191'": "'ECS88_0193'"
  },
  {
    "'ECS88_0191'": "'ECS88_0794'"
  },
  {
    "'ECS88_0191'": "'ECS88_1106'"
  },
  {
    "'ECS88_0191'": "'ECS88_2691'"
  },
  {
    "'ECS88_0191'": "'ECS88_3016'"
  },
  {
    "'ECS88_0191'": "'ECS88_3017'"
  },
  {
    "'ECS88_0191'": "'ECS88_3224'"
  },
  {
    "'ECS88_0191'": "'ECS88_0801'"
  },
  {
    "'ECS88_0191'": "'ECS88_4047'"
  },
  {
    "'ECS88_0191'": "'ECS88_0144'"
  },
  {
    "'ECS88_0191'": "'ECS88_0010'"
  },
  {
    "'ECS88_0191'": "'ECS88_1083'"
  },
  {
    "'ECS88_0191'": "'ECS88_0802'"
  },
  {
    "'ECS88_0191'": "'ECS88_0843'"
  },
  {
    "'ECS88_0191'": "'ECS88_4397'"
  },
  {
    "'ECS88_0191'": "'ECS88_2801'"
  },
  {
    "'ECS88_0191'": "'ECS88_1792'"
  },
  {
    "'ECS88_0191'": "'ECS88_0681'"
  },
  {
    "'ECS88_0191'": "'ECS88_0111'"
  },
  {
    "'ECS88_0191'": "'ECS88_4841'"
  },
  {
    "'ECS88_0191'": "'ECS88_3569'"
  },
  {
    "'ECS88_0191'": "'ECS88_0935'"
  },
  {
    "'ECS88_0191'": "'ECS88_1422'"
  },
  {
    "'ECS88_0191'": "'ECS88_4291'"
  },
  {
    "'ECS88_0191'": "'ECS88_2458'"
  },
  {
    "'ECS88_0191'": "'ECS88_4056'"
  },
  {
    "'ECS88_0191'": "'ECS88_0381'"
  },
  {
    "'ECS88_0191'": "'ECS88_0143'"
  },
  {
    "'ECS88_0191'": "'ECS88_0090'"
  },
  {
    "'ECS88_0191'": "'ECS88_3026'"
  },
  {
    "'ECS88_0191'": "'ECS88_0057'"
  },
  {
    "'ECS88_0191'": "'ECS88_2737'"
  },
  {
    "'ECS88_0191'": "'ECS88_2468'"
  },
  {
    "'ECS88_0191'": "'ECS88_3558'"
  },
  {
    "'ECS88_0191'": "'ECS88_3799'"
  },
  {
    "'ECS88_0191'": "'ECS88_4438'"
  },
  {
    "'ECS88_0191'": "'ECS88_0366'"
  },
  {
    "'ECS88_0191'": "'ECS88_4053'"
  },
  {
    "'ECS88_0191'": "'ECS88_4298'"
  },
  {
    "'ECS88_0191'": "'ECS88_4466'"
  },
  {
    "'ECS88_0191'": "'ECS88_2671'"
  },
  {
    "'ECS88_0191'": "'ECS88_2125'"
  },
  {
    "'ECS88_0191'": "'ECS88_2658'"
  },
  {
    "'ECS88_0191'": "'ECS88_2729'"
  },
  {
    "'ECS88_0191'": "'ECS88_2123'"
  },
  {
    "'ECS88_0191'": "'ECS88_0936'"
  },
  {
    "'ECS88_0191'": "'ECS88_4748'"
  },
  {
    "'ECS88_0191'": "'ECS88_2760'"
  },
  {
    "'ECS88_0191'": "'ECS88_4048'"
  },
  {
    "'ECS88_0191'": "'ECS88_0766'"
  },
  {
    "'ECS88_0191'": "'ECS88_1711'"
  },
  {
    "'ECS88_0191'": "'ECS88_0410'"
  },
  {
    "'ECS88_0191'": "'ECS88_2954'"
  },
  {
    "'ECS88_0191'": "'ECS88_3022'"
  },
  {
    "'ECS88_0191'": "'ECS88_3023'"
  },
  {
    "'ECS88_0191'": "'ECS88_2652'"
  },
  {
    "'ECS88_0191'": "'ECS88_4024'"
  },
  {
    "'ECS88_0191'": "'ECS88_3759'"
  },
  {
    "'ECS88_0191'": "'ECS88_4390'"
  },
  {
    "'ECS88_0191'": "'ECS88_0943'"
  },
  {
    "'ECS88_0191'": "'ECS88_0175'"
  },
  {
    "'ECS88_0191'": "'ECS88_4450'"
  },
  {
    "'ECS88_0191'": "'ECS88_4452'"
  },
  {
    "'ECS88_0191'": "'ECS88_0419'"
  },
  {
    "'ECS88_0191'": "'ECS88_4453'"
  },
  {
    "'ECS88_0191'": "'ECS88_2644'"
  },
  {
    "'ECS88_0191'": "'ECS88_3122'"
  },
  {
    "'ECS88_0191'": "'ECS88_0412'"
  },
  {
    "'ECS88_0191'": "'ECS88_4454'"
  },
  {
    "'ECS88_0191'": "'ECS88_1395'"
  },
  {
    "'ECS88_0191'": "'ECS88_1396'"
  },
  {
    "'ECS88_0191'": "'ECS88_4451'"
  },
  {
    "'ECS88_0191'": "'ECS88_0190'"
  },
  {
    "'ECS88_0191'": "'ECS88_0088'"
  },
  {
    "'ECS88_0191'": "'ECS88_0192'"
  },
  {
    "'ECS88_0191'": "'ECS88_3571'"
  },
  {
    "'ECS88_0191'": "'ECS88_0093'"
  },
  {
    "'ECS88_0191'": "'ECS88_0091'"
  },
  {
    "'ECS88_0191'": "'ECS88_0094'"
  },
  {
    "'ECS88_0191'": "'ECS88_4436'"
  },
  {
    "'ECS88_0191'": "'ECS88_0184'"
  },
  {
    "'ECS88_0191'": "'ECS88_0089'"
  },
  {
    "'ECS88_0191'": "'ECS88_0100'"
  },
  {
    "'ECS88_0191'": "'ECS88_4226'"
  },
  {
    "'ECS88_0191'": "'ECS88_4458'"
  },
  {
    "'ECS88_0191'": "'ECS88_0524'"
  }
]