[
  {
    "'ECS88_0975'": "'ECS88_4562'",
    "'ECS88_0258'": "'ECS88_0125'",
    "'ECS88_4247'": "'ECS88_0754'"
  },
  {
    "'ECS88_0975'": "'ECS88_4562'",
    "'ECS88_0258'": "'ECS88_0125'",
    "'ECS88_4247'": "'ECS88_0753'"
  },
  {
    "'ECS88_0975'": "'ECS88_4562'",
    "'ECS88_0258'": "'ECS88_0752'",
    "'ECS88_4247'": "'ECS88_0754'"
  },
  {
    "'ECS88_0975'": "'ECS88_4562'",
    "'ECS88_0258'": "'ECS88_0752'",
    "'ECS88_4247'": "'ECS88_0753'"
  },
  {
    "'ECS88_0975'": "'ECS88_4562'",
    "'ECS88_0258'": "'ECS88_0751'",
    "'ECS88_4247'": "'ECS88_0754'"
  },
  {
    "'ECS88_0975'": "'ECS88_4562'",
    "'ECS88_0258'": "'ECS88_0751'",
    "'ECS88_4247'": "'ECS88_0753'"
  },
  {
    "'ECS88_0975'": "'ECS88_0471'",
    "'ECS88_0258'": "'ECS88_5064'",
    "'ECS88_4247'": "'ECS88_3765'"
  },
  {
    "'ECS88_0975'": "'ECS88_0125'",
    "'ECS88_0258'": "'ECS88_2721'",
    "'ECS88_4247'": "'ECS88_0529'"
  },
  {
    "'ECS88_0975'": "'ECS88_0125'",
    "'ECS88_0258'": "'scpC'",
    "'ECS88_4247'": "'ECS88_0754'"
  },
  {
    "'ECS88_0975'": "'ECS88_0125'",
    "'ECS88_0258'": "'scpC'",
    "'ECS88_4247'": "'ECS88_0753'"
  },
  {
    "'ECS88_0975'": "'ECS88_0125'",
    "'ECS88_0258'": "'ECS88_0529'",
    "'ECS88_4247'": "'ECS88_3192'"
  },
  {
    "'ECS88_0975'": "'ECS88_0125'",
    "'ECS88_0258'": "'ECS88_0529'",
    "'ECS88_4247'": "'ECS88_5069'"
  },
  {
    "'ECS88_0975'": "'ECS88_0752'",
    "'ECS88_0258'": "'scpC'",
    "'ECS88_4247'": "'ECS88_0754'"
  },
  {
    "'ECS88_0975'": "'ECS88_0752'",
    "'ECS88_0258'": "'scpC'",
    "'ECS88_4247'": "'ECS88_0753'"
  },
  {
    "'ECS88_0975'": "'ECS88_0751'",
    "'ECS88_0258'": "'scpC'",
    "'ECS88_4247'": "'ECS88_0754'"
  },
  {
    "'ECS88_0975'": "'ECS88_0751'",
    "'ECS88_0258'": "'scpC'",
    "'ECS88_4247'": "'ECS88_0753'"
  },
  {
    "'ECS88_0975'": "'ECS88_0891'",
    "'ECS88_0258'": "'ECS88_2721'",
    "'ECS88_4247'": "'ECS88_4034'"
  },
  {
    "'ECS88_0975'": "'ECS88_0891'",
    "'ECS88_0258'": "'ECS88_2721'",
    "'ECS88_4247'": "'ECS88_4033'"
  },
  {
    "'ECS88_0975'": "'ECS88_2721'",
    "'ECS88_0258'": "'ECS88_3182'",
    "'ECS88_4247'": "'ECS88_0529'"
  },
  {
    "'ECS88_0975'": "'ECS88_2721'",
    "'ECS88_0258'": "'ECS88_3184'",
    "'ECS88_4247'": "'ECS88_0529'"
  },
  {
    "'ECS88_0975'": "'ECS88_2721'",
    "'ECS88_0258'": "'ECS88_3183'",
    "'ECS88_4247'": "'ECS88_0529'"
  },
  {
    "'ECS88_0975'": "'ECS88_2721'",
    "'ECS88_0258'": "'ECS88_4480'",
    "'ECS88_4247'": "'ECS88_4411'"
  },
  {
    "'ECS88_0975'": "'ECS88_2721'",
    "'ECS88_0258'": "'ECS88_4411'",
    "'ECS88_4247'": "'ECS88_0749'"
  },
  {
    "'ECS88_0975'": "'ECS88_2721'",
    "'ECS88_0258'": "'ECS88_4411'",
    "'ECS88_4247'": "'ECS88_0750'"
  },
  {
    "'ECS88_0975'": "'ECS88_2721'",
    "'ECS88_0258'": "'ECS88_4411'",
    "'ECS88_4247'": "'ECS88_0748'"
  },
  {
    "'ECS88_0975'": "'ECS88_2721'",
    "'ECS88_0258'": "'ECS88_4411'",
    "'ECS88_4247'": "'ECS88_0747'"
  },
  {
    "'ECS88_0975'": "'ECS88_2574'",
    "'ECS88_0258'": "'ECS88_2437'",
    "'ECS88_4247'": "'ECS88_3991'"
  },
  {
    "'ECS88_0975'": "'ECS88_0515'",
    "'ECS88_0258'": "'ECS88_4480'",
    "'ECS88_4247'": "'ECS88_4411'"
  },
  {
    "'ECS88_0975'": "'ECS88_0515'",
    "'ECS88_0258'": "'ECS88_4411'",
    "'ECS88_4247'": "'ECS88_0749'"
  },
  {
    "'ECS88_0975'": "'ECS88_0515'",
    "'ECS88_0258'": "'ECS88_4411'",
    "'ECS88_4247'": "'ECS88_0750'"
  },
  {
    "'ECS88_0975'": "'ECS88_0515'",
    "'ECS88_0258'": "'ECS88_4411'",
    "'ECS88_4247'": "'ECS88_0748'"
  },
  {
    "'ECS88_0975'": "'ECS88_0515'",
    "'ECS88_0258'": "'ECS88_4411'",
    "'ECS88_4247'": "'ECS88_0747'"
  },
  {
    "'ECS88_0975'": "'ECS88_0511'",
    "'ECS88_0258'": "'ECS88_4480'",
    "'ECS88_4247'": "'ECS88_4411'"
  },
  {
    "'ECS88_0975'": "'ECS88_0511'",
    "'ECS88_0258'": "'ECS88_4411'",
    "'ECS88_4247'": "'ECS88_0749'"
  },
  {
    "'ECS88_0975'": "'ECS88_0511'",
    "'ECS88_0258'": "'ECS88_4411'",
    "'ECS88_4247'": "'ECS88_0750'"
  },
  {
    "'ECS88_0975'": "'ECS88_0511'",
    "'ECS88_0258'": "'ECS88_4411'",
    "'ECS88_4247'": "'ECS88_0748'"
  },
  {
    "'ECS88_0975'": "'ECS88_0511'",
    "'ECS88_0258'": "'ECS88_4411'",
    "'ECS88_4247'": "'ECS88_0747'"
  },
  {
    "'ECS88_0975'": "'ECS88_4158'",
    "'ECS88_0258'": "'ECS88_1832'",
    "'ECS88_4247'": "'ECS88_1906'"
  },
  {
    "'ECS88_0975'": "'ECS88_4158'",
    "'ECS88_0258'": "'ECS88_1832'",
    "'ECS88_4247'": "'ECS88_1907'"
  },
  {
    "'ECS88_0975'": "'ECS88_4158'",
    "'ECS88_0258'": "'ECS88_1832'",
    "'ECS88_4247'": "'ECS88_4369'"
  },
  {
    "'ECS88_0975'": "'ECS88_4158'",
    "'ECS88_0258'": "'ECS88_1906'",
    "'ECS88_4247'": "'ECS88_3202'"
  },
  {
    "'ECS88_0975'": "'ECS88_4158'",
    "'ECS88_0258'": "'ECS88_1907'",
    "'ECS88_4247'": "'ECS88_3202'"
  },
  {
    "'ECS88_0975'": "'ECS88_4158'",
    "'ECS88_0258'": "'ECS88_3202'",
    "'ECS88_4247'": "'ECS88_4369'"
  },
  {
    "'ECS88_0975'": "'ECS88_4159'",
    "'ECS88_0258'": "'ECS88_1832'",
    "'ECS88_4247'": "'ECS88_1906'"
  },
  {
    "'ECS88_0975'": "'ECS88_4159'",
    "'ECS88_0258'": "'ECS88_1832'",
    "'ECS88_4247'": "'ECS88_1907'"
  },
  {
    "'ECS88_0975'": "'ECS88_4159'",
    "'ECS88_0258'": "'ECS88_1832'",
    "'ECS88_4247'": "'ECS88_4369'"
  },
  {
    "'ECS88_0975'": "'ECS88_4159'",
    "'ECS88_0258'": "'ECS88_1906'",
    "'ECS88_4247'": "'ECS88_3202'"
  },
  {
    "'ECS88_0975'": "'ECS88_4159'",
    "'ECS88_0258'": "'ECS88_1907'",
    "'ECS88_4247'": "'ECS88_3202'"
  },
  {
    "'ECS88_0975'": "'ECS88_4159'",
    "'ECS88_0258'": "'ECS88_3202'",
    "'ECS88_4247'": "'ECS88_4369'"
  },
  {
    "'ECS88_0975'": "'ECS88_4153'",
    "'ECS88_0258'": "'ECS88_1832'",
    "'ECS88_4247'": "'ECS88_1906'"
  },
  {
    "'ECS88_0975'": "'ECS88_4153'",
    "'ECS88_0258'": "'ECS88_1832'",
    "'ECS88_4247'": "'ECS88_1907'"
  },
  {
    "'ECS88_0975'": "'ECS88_4153'",
    "'ECS88_0258'": "'ECS88_1832'",
    "'ECS88_4247'": "'ECS88_4369'"
  },
  {
    "'ECS88_0975'": "'ECS88_4153'",
    "'ECS88_0258'": "'ECS88_1906'",
    "'ECS88_4247'": "'ECS88_3202'"
  },
  {
    "'ECS88_0975'": "'ECS88_4153'",
    "'ECS88_0258'": "'ECS88_1907'",
    "'ECS88_4247'": "'ECS88_3202'"
  },
  {
    "'ECS88_0975'": "'ECS88_4153'",
    "'ECS88_0258'": "'ECS88_3202'",
    "'ECS88_4247'": "'ECS88_4369'"
  },
  {
    "'ECS88_0975'": "'ECS88_4154'",
    "'ECS88_0258'": "'ECS88_1832'",
    "'ECS88_4247'": "'ECS88_1906'"
  },
  {
    "'ECS88_0975'": "'ECS88_4154'",
    "'ECS88_0258'": "'ECS88_1832'",
    "'ECS88_4247'": "'ECS88_1907'"
  },
  {
    "'ECS88_0975'": "'ECS88_4154'",
    "'ECS88_0258'": "'ECS88_1832'",
    "'ECS88_4247'": "'ECS88_4369'"
  },
  {
    "'ECS88_0975'": "'ECS88_4154'",
    "'ECS88_0258'": "'ECS88_1906'",
    "'ECS88_4247'": "'ECS88_3202'"
  },
  {
    "'ECS88_0975'": "'ECS88_4154'",
    "'ECS88_0258'": "'ECS88_1907'",
    "'ECS88_4247'": "'ECS88_3202'"
  },
  {
    "'ECS88_0975'": "'ECS88_4154'",
    "'ECS88_0258'": "'ECS88_3202'",
    "'ECS88_4247'": "'ECS88_4369'"
  },
  {
    "'ECS88_0975'": "'ECS88_4155'",
    "'ECS88_0258'": "'ECS88_1832'",
    "'ECS88_4247'": "'ECS88_1906'"
  },
  {
    "'ECS88_0975'": "'ECS88_4155'",
    "'ECS88_0258'": "'ECS88_1832'",
    "'ECS88_4247'": "'ECS88_1907'"
  },
  {
    "'ECS88_0975'": "'ECS88_4155'",
    "'ECS88_0258'": "'ECS88_1832'",
    "'ECS88_4247'": "'ECS88_4369'"
  },
  {
    "'ECS88_0975'": "'ECS88_4155'",
    "'ECS88_0258'": "'ECS88_1906'",
    "'ECS88_4247'": "'ECS88_3202'"
  },
  {
    "'ECS88_0975'": "'ECS88_4155'",
    "'ECS88_0258'": "'ECS88_1907'",
    "'ECS88_4247'": "'ECS88_3202'"
  },
  {
    "'ECS88_0975'": "'ECS88_4155'",
    "'ECS88_0258'": "'ECS88_3202'",
    "'ECS88_4247'": "'ECS88_4369'"
  },
  {
    "'ECS88_0975'": "'ECS88_4156'",
    "'ECS88_0258'": "'ECS88_1832'",
    "'ECS88_4247'": "'ECS88_1906'"
  },
  {
    "'ECS88_0975'": "'ECS88_4156'",
    "'ECS88_0258'": "'ECS88_1832'",
    "'ECS88_4247'": "'ECS88_1907'"
  },
  {
    "'ECS88_0975'": "'ECS88_4156'",
    "'ECS88_0258'": "'ECS88_1832'",
    "'ECS88_4247'": "'ECS88_4369'"
  },
  {
    "'ECS88_0975'": "'ECS88_4156'",
    "'ECS88_0258'": "'ECS88_1906'",
    "'ECS88_4247'": "'ECS88_3202'"
  },
  {
    "'ECS88_0975'": "'ECS88_4156'",
    "'ECS88_0258'": "'ECS88_1907'",
    "'ECS88_4247'": "'ECS88_3202'"
  },
  {
    "'ECS88_0975'": "'ECS88_4156'",
    "'ECS88_0258'": "'ECS88_3202'",
    "'ECS88_4247'": "'ECS88_4369'"
  },
  {
    "'ECS88_0975'": "'ECS88_4157'",
    "'ECS88_0258'": "'ECS88_1832'",
    "'ECS88_4247'": "'ECS88_1906'"
  },
  {
    "'ECS88_0975'": "'ECS88_4157'",
    "'ECS88_0258'": "'ECS88_1832'",
    "'ECS88_4247'": "'ECS88_1907'"
  },
  {
    "'ECS88_0975'": "'ECS88_4157'",
    "'ECS88_0258'": "'ECS88_1832'",
    "'ECS88_4247'": "'ECS88_4369'"
  },
  {
    "'ECS88_0975'": "'ECS88_4157'",
    "'ECS88_0258'": "'ECS88_1906'",
    "'ECS88_4247'": "'ECS88_3202'"
  },
  {
    "'ECS88_0975'": "'ECS88_4157'",
    "'ECS88_0258'": "'ECS88_1907'",
    "'ECS88_4247'": "'ECS88_3202'"
  },
  {
    "'ECS88_0975'": "'ECS88_4157'",
    "'ECS88_0258'": "'ECS88_3202'",
    "'ECS88_4247'": "'ECS88_4369'"
  },
  {
    "'ECS88_0975'": "'ECS88_4160'",
    "'ECS88_0258'": "'ECS88_1832'",
    "'ECS88_4247'": "'ECS88_1906'"
  },
  {
    "'ECS88_0975'": "'ECS88_4160'",
    "'ECS88_0258'": "'ECS88_1832'",
    "'ECS88_4247'": "'ECS88_1907'"
  },
  {
    "'ECS88_0975'": "'ECS88_4160'",
    "'ECS88_0258'": "'ECS88_1832'",
    "'ECS88_4247'": "'ECS88_4369'"
  },
  {
    "'ECS88_0975'": "'ECS88_4160'",
    "'ECS88_0258'": "'ECS88_1906'",
    "'ECS88_4247'": "'ECS88_3202'"
  },
  {
    "'ECS88_0975'": "'ECS88_4160'",
    "'ECS88_0258'": "'ECS88_1907'",
    "'ECS88_4247'": "'ECS88_3202'"
  },
  {
    "'ECS88_0975'": "'ECS88_4160'",
    "'ECS88_0258'": "'ECS88_3202'",
    "'ECS88_4247'": "'ECS88_4369'"
  },
  {
    "'ECS88_0975'": "'ECS88_4242'",
    "'ECS88_0258'": "'ECS88_4832'",
    "'ECS88_4247'": "'ECS88_3879'"
  },
  {
    "'ECS88_0975'": "'ECS88_4242'",
    "'ECS88_0258'": "'ECS88_4832'",
    "'ECS88_4247'": "'ECS88_3881'"
  },
  {
    "'ECS88_0975'": "'ECS88_4242'",
    "'ECS88_0258'": "'ECS88_4832'",
    "'ECS88_4247'": "'ECS88_3880'"
  },
  {
    "'ECS88_0975'": "'ECS88_4242'",
    "'ECS88_0258'": "'ECS88_4832'",
    "'ECS88_4247'": "'ECS88_3882'"
  },
  {
    "'ECS88_0975'": "'ECS88_4242'",
    "'ECS88_0258'": "'ECS88_4832'",
    "'ECS88_4247'": "'ECS88_3883'"
  },
  {
    "'ECS88_0975'": "'ECS88_0348'",
    "'ECS88_0258'": "'ECS88_0938'",
    "'ECS88_4247'": "'ECS88_3014'"
  },
  {
    "'ECS88_0975'": "'ECS88_1755'",
    "'ECS88_0258'": "'ECS88_2787'",
    "'ECS88_4247'": "'ECS88_0770'"
  },
  {
    "'ECS88_0975'": "'ECS88_4203'",
    "'ECS88_0258'": "'ECS88_2757'",
    "'ECS88_4247'": "'ECS88_3905'"
  },
  {
    "'ECS88_0975'": "'ECS88_1658'",
    "'ECS88_0258'": "'ECS88_1657'",
    "'ECS88_4247'": "'ECS88_4411'"
  },
  {
    "'ECS88_0975'": "'ECS88_1832'",
    "'ECS88_0258'": "'ECS88_4480'",
    "'ECS88_4247'": "'ECS88_1753'"
  },
  {
    "'ECS88_0975'": "'ECS88_1832'",
    "'ECS88_0258'": "'ECS88_1753'",
    "'ECS88_4247'": "'ECS88_0749'"
  },
  {
    "'ECS88_0975'": "'ECS88_1832'",
    "'ECS88_0258'": "'ECS88_1753'",
    "'ECS88_4247'": "'ECS88_0750'"
  },
  {
    "'ECS88_0975'": "'ECS88_1832'",
    "'ECS88_0258'": "'ECS88_1753'",
    "'ECS88_4247'": "'ECS88_0748'"
  },
  {
    "'ECS88_0975'": "'ECS88_1832'",
    "'ECS88_0258'": "'ECS88_1753'",
    "'ECS88_4247'": "'ECS88_0747'"
  },
  {
    "'ECS88_0975'": "'ECS88_3047'",
    "'ECS88_0258'": "'ECS88_3790'",
    "'ECS88_4247'": "'ECS88_1753'"
  },
  {
    "'ECS88_0975'": "'ECS88_3182'",
    "'ECS88_0258'": "'ECS88_0529'",
    "'ECS88_4247'": "'ECS88_3192'"
  },
  {
    "'ECS88_0975'": "'ECS88_3182'",
    "'ECS88_0258'": "'ECS88_0529'",
    "'ECS88_4247'": "'ECS88_5069'"
  },
  {
    "'ECS88_0975'": "'ECS88_3184'",
    "'ECS88_0258'": "'ECS88_0529'",
    "'ECS88_4247'": "'ECS88_3192'"
  },
  {
    "'ECS88_0975'": "'ECS88_3184'",
    "'ECS88_0258'": "'ECS88_0529'",
    "'ECS88_4247'": "'ECS88_5069'"
  },
  {
    "'ECS88_0975'": "'ECS88_3183'",
    "'ECS88_0258'": "'ECS88_0529'",
    "'ECS88_4247'": "'ECS88_3192'"
  },
  {
    "'ECS88_0975'": "'ECS88_3183'",
    "'ECS88_0258'": "'ECS88_0529'",
    "'ECS88_4247'": "'ECS88_5069'"
  },
  {
    "'ECS88_0975'": "'ECS88_2128'",
    "'ECS88_0258'": "'ECS88_4912'",
    "'ECS88_4247'": "'ECS88_3771'"
  },
  {
    "'ECS88_0975'": "'ECS88_3905'",
    "'ECS88_0258'": "'ECS88_2382'",
    "'ECS88_4247'": "'ECS88_4828'"
  },
  {
    "'ECS88_0975'": "'ECS88_3905'",
    "'ECS88_0258'": "'ECS88_2383'",
    "'ECS88_4247'": "'ECS88_4828'"
  },
  {
    "'ECS88_0975'": "'ECS88_3146'",
    "'ECS88_0258'": "'ECS88_4480'",
    "'ECS88_4247'": "'ECS88_4411'"
  },
  {
    "'ECS88_0975'": "'ECS88_3146'",
    "'ECS88_0258'": "'ECS88_4411'",
    "'ECS88_4247'": "'ECS88_0749'"
  },
  {
    "'ECS88_0975'": "'ECS88_3146'",
    "'ECS88_0258'": "'ECS88_4411'",
    "'ECS88_4247'": "'ECS88_0750'"
  },
  {
    "'ECS88_0975'": "'ECS88_3146'",
    "'ECS88_0258'": "'ECS88_4411'",
    "'ECS88_4247'": "'ECS88_0748'"
  },
  {
    "'ECS88_0975'": "'ECS88_3146'",
    "'ECS88_0258'": "'ECS88_4411'",
    "'ECS88_4247'": "'ECS88_0747'"
  },
  {
    "'ECS88_0975'": "'ECS88_3147'",
    "'ECS88_0258'": "'ECS88_4480'",
    "'ECS88_4247'": "'ECS88_4411'"
  },
  {
    "'ECS88_0975'": "'ECS88_3147'",
    "'ECS88_0258'": "'ECS88_4411'",
    "'ECS88_4247'": "'ECS88_0749'"
  },
  {
    "'ECS88_0975'": "'ECS88_3147'",
    "'ECS88_0258'": "'ECS88_4411'",
    "'ECS88_4247'": "'ECS88_0750'"
  },
  {
    "'ECS88_0975'": "'ECS88_3147'",
    "'ECS88_0258'": "'ECS88_4411'",
    "'ECS88_4247'": "'ECS88_0748'"
  },
  {
    "'ECS88_0975'": "'ECS88_3147'",
    "'ECS88_0258'": "'ECS88_4411'",
    "'ECS88_4247'": "'ECS88_0747'"
  },
  {
    "'ECS88_0975'": "'ECS88_3145'",
    "'ECS88_0258'": "'ECS88_4480'",
    "'ECS88_4247'": "'ECS88_4411'"
  },
  {
    "'ECS88_0975'": "'ECS88_3145'",
    "'ECS88_0258'": "'ECS88_4411'",
    "'ECS88_4247'": "'ECS88_0749'"
  },
  {
    "'ECS88_0975'": "'ECS88_3145'",
    "'ECS88_0258'": "'ECS88_4411'",
    "'ECS88_4247'": "'ECS88_0750'"
  },
  {
    "'ECS88_0975'": "'ECS88_3145'",
    "'ECS88_0258'": "'ECS88_4411'",
    "'ECS88_4247'": "'ECS88_0748'"
  },
  {
    "'ECS88_0975'": "'ECS88_3145'",
    "'ECS88_0258'": "'ECS88_4411'",
    "'ECS88_4247'": "'ECS88_0747'"
  },
  {
    "'ECS88_0975'": "'ECS88_4480'",
    "'ECS88_0258'": "'ECS88_0529'",
    "'ECS88_4247'": "'ECS88_4411'"
  },
  {
    "'ECS88_0975'": "'ECS88_4480'",
    "'ECS88_0258'": "'ECS88_3192'",
    "'ECS88_4247'": "'ECS88_4411'"
  },
  {
    "'ECS88_0975'": "'ECS88_4480'",
    "'ECS88_0258'": "'ECS88_3202'",
    "'ECS88_4247'": "'ECS88_1753'"
  },
  {
    "'ECS88_0975'": "'ECS88_4480'",
    "'ECS88_0258'": "'ECS88_4411'",
    "'ECS88_4247'": "'ECS88_5069'"
  },
  {
    "'ECS88_0975'": "'ECS88_4480'",
    "'ECS88_0258'": "'ECS88_4411'",
    "'ECS88_4247'": "'ECS88_0504'"
  },
  {
    "'ECS88_0975'": "'ECS88_3350'",
    "'ECS88_0258'": "'ECS88_4479'",
    "'ECS88_4247'": "'ECS88_4411'"
  },
  {
    "'ECS88_0975'": "'ECS88_3782'",
    "'ECS88_0258'": "'ECS88_0159'",
    "'ECS88_4247'": "'ECS88_2695'"
  },
  {
    "'ECS88_0975'": "'ECS88_0780'",
    "'ECS88_0258'": "'ECS88_4367'",
    "'ECS88_4247'": "'ECS88_2614'"
  },
  {
    "'ECS88_0975'": "'ECS88_0781'",
    "'ECS88_0258'": "'ECS88_4367'",
    "'ECS88_4247'": "'ECS88_2614'"
  },
  {
    "'ECS88_0975'": "'ECS88_0779'",
    "'ECS88_0258'": "'ECS88_4367'",
    "'ECS88_4247'": "'ECS88_2614'"
  },
  {
    "'ECS88_0975'": "'ECS88_0529'",
    "'ECS88_0258'": "'ECS88_3507'",
    "'ECS88_4247'": "'ECS88_4407'"
  },
  {
    "'ECS88_0975'": "'ECS88_0529'",
    "'ECS88_0258'": "'ECS88_3507'",
    "'ECS88_4247'": "'ECS88_4406'"
  },
  {
    "'ECS88_0975'": "'ECS88_0529'",
    "'ECS88_0258'": "'ECS88_0930'",
    "'ECS88_4247'": "'ECS88_4407'"
  },
  {
    "'ECS88_0975'": "'ECS88_0529'",
    "'ECS88_0258'": "'ECS88_0930'",
    "'ECS88_4247'": "'ECS88_4406'"
  },
  {
    "'ECS88_0975'": "'ECS88_0529'",
    "'ECS88_0258'": "'ECS88_4411'",
    "'ECS88_4247'": "'ECS88_0749'"
  },
  {
    "'ECS88_0975'": "'ECS88_0529'",
    "'ECS88_0258'": "'ECS88_4411'",
    "'ECS88_4247'": "'ECS88_0750'"
  },
  {
    "'ECS88_0975'": "'ECS88_0529'",
    "'ECS88_0258'": "'ECS88_4411'",
    "'ECS88_4247'": "'ECS88_0748'"
  },
  {
    "'ECS88_0975'": "'ECS88_0529'",
    "'ECS88_0258'": "'ECS88_4411'",
    "'ECS88_4247'": "'ECS88_0747'"
  },
  {
    "'ECS88_0975'": "'ECS88_1418'",
    "'ECS88_0258'": "'ECS88_3455'",
    "'ECS88_4247'": "'ECS88_0858'"
  },
  {
    "'ECS88_0975'": "'ECS88_3192'",
    "'ECS88_0258'": "'ECS88_4411'",
    "'ECS88_4247'": "'ECS88_0749'"
  },
  {
    "'ECS88_0975'": "'ECS88_3192'",
    "'ECS88_0258'": "'ECS88_4411'",
    "'ECS88_4247'": "'ECS88_0750'"
  },
  {
    "'ECS88_0975'": "'ECS88_3192'",
    "'ECS88_0258'": "'ECS88_4411'",
    "'ECS88_4247'": "'ECS88_0748'"
  },
  {
    "'ECS88_0975'": "'ECS88_3192'",
    "'ECS88_0258'": "'ECS88_4411'",
    "'ECS88_4247'": "'ECS88_0747'"
  },
  {
    "'ECS88_0975'": "'ECS88_3202'",
    "'ECS88_0258'": "'ECS88_1753'",
    "'ECS88_4247'": "'ECS88_0749'"
  },
  {
    "'ECS88_0975'": "'ECS88_3202'",
    "'ECS88_0258'": "'ECS88_1753'",
    "'ECS88_4247'": "'ECS88_0750'"
  },
  {
    "'ECS88_0975'": "'ECS88_3202'",
    "'ECS88_0258'": "'ECS88_1753'",
    "'ECS88_4247'": "'ECS88_0748'"
  },
  {
    "'ECS88_0975'": "'ECS88_3202'",
    "'ECS88_0258'": "'ECS88_1753'",
    "'ECS88_4247'": "'ECS88_0747'"
  },
  {
    "'ECS88_0975'": "'ECS88_4411'",
    "'ECS88_0258'": "'ECS88_5069'",
    "'ECS88_4247'": "'ECS88_0749'"
  },
  {
    "'ECS88_0975'": "'ECS88_4411'",
    "'ECS88_0258'": "'ECS88_5069'",
    "'ECS88_4247'": "'ECS88_0750'"
  },
  {
    "'ECS88_0975'": "'ECS88_4411'",
    "'ECS88_0258'": "'ECS88_5069'",
    "'ECS88_4247'": "'ECS88_0748'"
  },
  {
    "'ECS88_0975'": "'ECS88_4411'",
    "'ECS88_0258'": "'ECS88_5069'",
    "'ECS88_4247'": "'ECS88_0747'"
  },
  {
    "'ECS88_0975'": "'ECS88_4411'",
    "'ECS88_0258'": "'ECS88_0749'",
    "'ECS88_4247'": "'ECS88_0504'"
  },
  {
    "'ECS88_0975'": "'ECS88_4411'",
    "'ECS88_0258'": "'ECS88_0750'",
    "'ECS88_4247'": "'ECS88_0504'"
  },
  {
    "'ECS88_0975'": "'ECS88_4411'",
    "'ECS88_0258'": "'ECS88_0748'",
    "'ECS88_4247'": "'ECS88_0504'"
  },
  {
    "'ECS88_0975'": "'ECS88_4411'",
    "'ECS88_0258'": "'ECS88_0747'",
    "'ECS88_4247'": "'ECS88_0504'"
  },
  {
    "'ECS88_0975'": "'ECS88_5064'",
    "'ECS88_0258'": "'ECS88_3765'",
    "'ECS88_4247'": "'ECS88_1275'"
  },
  {
    "'ECS88_0975'": "'ECS88_2382'",
    "'ECS88_0258'": "'ECS88_2942'",
    "'ECS88_4247'": "'ECS88_4828'"
  },
  {
    "'ECS88_0975'": "'ECS88_2382'",
    "'ECS88_0258'": "'ECS88_2941'",
    "'ECS88_4247'": "'ECS88_4828'"
  },
  {
    "'ECS88_0975'": "'ECS88_2383'",
    "'ECS88_0258'": "'ECS88_2942'",
    "'ECS88_4247'": "'ECS88_4828'"
  },
  {
    "'ECS88_0975'": "'ECS88_2383'",
    "'ECS88_0258'": "'ECS88_2941'",
    "'ECS88_4247'": "'ECS88_4828'"
  },
  {
    "'ECS88_0975'": "'ECS88_2942'",
    "'ECS88_0258'": "'ECS88_4828'",
    "'ECS88_4247'": "'ECS88_0917'"
  },
  {
    "'ECS88_0975'": "'ECS88_2941'",
    "'ECS88_0258'": "'ECS88_4828'",
    "'ECS88_4247'": "'ECS88_0917'"
  }
]