'12DGR180ti','3HAD100'
'12DGR180ti','3HAD120'
'12DGR180ti','3HAD140'
'12DGR180ti','3HAD160'
'12DGR180ti','3HAD180'
'12DGR180ti','3HAD40'
'12DGR180ti','3HAD60'
'12DGR180ti','3HAD80'
'12DGR180ti','3OAR100'
'12DGR180ti','3OAR120'
'12DGR180ti','3OAR140'
'12DGR180ti','3OAR180'
'12DGR180ti','3OAR40'
'12DGR180ti','3OAR60'
'12DGR180ti','3OAR80'
'12DGR180ti','3OAS100'
'12DGR180ti','3OAS120'
'12DGR180ti','3OAS140'
'12DGR180ti','3OAS180'
'12DGR180ti','3OAS60'
'12DGR180ti','3OAS80'
'12DGR180ti','ACOATA'
'12DGR180ti','EAR100x'
'12DGR180ti','EAR120x'
'12DGR180ti','EAR140x'
'12DGR180ti','EAR160x'
'12DGR180ti','EAR180x'
'12DGR180ti','EAR40x'
'12DGR180ti','EAR60x'
'12DGR180ti','EAR80x'
'12DGR180ti','KAS14'
'12DGR180ti','PAPA180'
'2DMMQ8abc','FRD3'
'2S6HCC','AMMQT7rev'
'2S6HCC','DHNAOT7'
'2S6HCC','EX_mqn7(e)'
'2S6HCC','MK7te'
'3HAD100','DAGK180'
'3HAD100','EX_12dgr180(e)'
'3HAD120','DAGK180'
'3HAD120','EX_12dgr180(e)'
'3HAD140','DAGK180'
'3HAD140','EX_12dgr180(e)'
'3HAD160','DAGK180'
'3HAD160','EX_12dgr180(e)'
'3HAD180','DAGK180'
'3HAD180','EX_12dgr180(e)'
'3HAD40','DAGK180'
'3HAD40','EX_12dgr180(e)'
'3HAD60','DAGK180'
'3HAD60','EX_12dgr180(e)'
'3HAD80','DAGK180'
'3HAD80','EX_12dgr180(e)'
'3OAR100','DAGK180'
'3OAR100','EX_12dgr180(e)'
'3OAR120','DAGK180'
'3OAR120','EX_12dgr180(e)'
'3OAR140','DAGK180'
'3OAR140','EX_12dgr180(e)'
'3OAR180','DAGK180'
'3OAR180','EX_12dgr180(e)'
'3OAR40','DAGK180'
'3OAR40','EX_12dgr180(e)'
'3OAR60','DAGK180'
'3OAR60','EX_12dgr180(e)'
'3OAR80','DAGK180'
'3OAR80','EX_12dgr180(e)'
'3OAS100','DAGK180'
'3OAS100','EX_12dgr180(e)'
'3OAS120','DAGK180'
'3OAS120','EX_12dgr180(e)'
'3OAS140','DAGK180'
'3OAS140','EX_12dgr180(e)'
'3OAS180','DAGK180'
'3OAS180','EX_12dgr180(e)'
'3OAS60','DAGK180'
'3OAS60','EX_12dgr180(e)'
'3OAS80','DAGK180'
'3OAS80','EX_12dgr180(e)'
'4HBZCL','EX_q8(e)'
'4HBZCL','Q8abc'
'ACCOACL','MALCOAPYRCT'
'ACEDIPIT','DAPMDH'
'ACEDIPIT','L2A6OD2s'
'ACNAMabc','UAGDP'
'ACNML','UAGDP'
'ACOATA','DAGK180'
'ACOATA','EX_12dgr180(e)'
'ADK10','NDPK4'
'ADK2','PPA2'
'ADK3','NDPK1'
'ADMDC','EX_spmd(e)'
'ADMDC','SPMDabc'
'ADOCBIK','ADOCBIK2'
'AHMMPS','AMPMS2'
'ALAHIS1c','EX_his_L(e)'
'ALAHIS1c','HISt2r'
'ALAHISabc','EX_his_L(e)'
'ALAHISabc','HISt2r'
'ALAR','DALAt2r'
'ALAR','EX_ala_D(e)'
'ALATHR1c','EX_thr_L(e)'
'ALATHR1c','THRt2r'
'ALATHRabc','EX_thr_L(e)'
'ALATHRabc','THRt2r'
'AMMQT7rev','FRTT'
'AMMQT7rev','GGTT'
'AMMQT7rev','HEXTT'
'AMMQT7rev','ICHORS'
'AMMQT7rev','NPHS'
'AMMQT7rev','PPTT'
'AMMQT7rev','SUCBZL'
'AMMQT7rev','SUCBZS'
'AMPMS2','HMPK1'
'ANPRT','EX_trp_L(e)'
'ANPRT','TRPt2r'
'APAT','DAPMDH'
'APAT','L2A6OD2s'
'APRAUR','EX_ribflv(e)'
'APRAUR','RIBFLVt2r'
'ARGSL','EX_arg_L(e)'
'ARGSSr','EX_arg_L(e)'
'ASPO6','NAPRT'
'BTNCLi','MALCOAPYRCT'
'COBALTt5','Coabc'
'CPPPGO','CPPPGO2'
'CPPPGO2','EX_o2(e)'
'CPPPGO2','O2t'
'CYTK1','NTD4'
'CYTK2','TRDRr'
'DADNK','TRDRr'
'DAGK180','EAR100x'
'DAGK180','EAR120x'
'DAGK180','EAR140x'
'DAGK180','EAR160x'
'DAGK180','EAR180x'
'DAGK180','EAR40x'
'DAGK180','EAR60x'
'DAGK180','EAR80x'
'DAGK180','KAS14'
'DAPDAi','DAPMDH'
'DAPDAi','L2A6OD2s'
'DAPDC','EX_lys_L(e)'
'DAPDC','LYSt2r'
'DAPE','DAPMDH'
'DAPE','L2A6OD2s'
'DB4PS','EX_ribflv(e)'
'DB4PS','RIBFLVt2r'
'DGK1','TRDRr'
'DHNAOT7','FRTT'
'DHNAOT7','GGTT'
'DHNAOT7','HEXTT'
'DHNAOT7','ICHORS'
'DHNAOT7','NPHS'
'DHNAOT7','PPTT'
'DHNAOT7','SUCBZL'
'DHNAOT7','SUCBZS'
'DHNPA','DHNPA2'
'DHNPA','DHPS2'
'DHNPA','HPPK2'
'DMPPS','DMPPS2r'
'DMQMT','EX_q8(e)'
'DMQMT','Q8abc'
'DM_GCALD','EX_gcald(e)'
'DM_GCALD','GCALDt'
'EAR100x','EX_12dgr180(e)'
'EAR120x','EX_12dgr180(e)'
'EAR140x','EX_12dgr180(e)'
'EAR160x','EX_12dgr180(e)'
'EAR180x','EX_12dgr180(e)'
'EAR40x','EX_12dgr180(e)'
'EAR60x','EX_12dgr180(e)'
'EAR80x','EX_12dgr180(e)'
'EX_12dgr180(e)','KAS14'
'EX_12dgr180(e)','PAPA180'
'EX_2dmmq8(e)','FRD3'
'EX_acnam(e)','UAGDP'
'EX_alahis(e)','EX_his_L(e)'
'EX_alahis(e)','HISt2r'
'EX_alathr(e)','EX_thr_L(e)'
'EX_alathr(e)','THRt2r'
'EX_arg_L(e)','EX_orn(e)'
'EX_arg_L(e)','r1667'
'EX_mqn7(e)','FRTT'
'EX_mqn7(e)','GGTT'
'EX_mqn7(e)','HEXTT'
'EX_mqn7(e)','ICHORS'
'EX_mqn7(e)','NPHS'
'EX_mqn7(e)','PPTT'
'EX_mqn7(e)','SUCBZL'
'EX_mqn7(e)','SUCBZS'
'EX_nac(e)','NAPRT'
'EX_nmn(e)','NNATr'
'EX_no3(e)','FRD2'
'EX_o2(e)','NAPRT'
'EX_o2(e)','PPPGO3'
'EX_ptrc(e)','ORNDC'
'EX_q8(e)','FRTT'
'EX_q8(e)','GGTT'
'EX_q8(e)','HBZOPT'
'EX_q8(e)','HEXTT'
'EX_q8(e)','OHPHM'
'EX_q8(e)','OMBZLM'
'EX_q8(e)','OMMBLHX3'
'EX_q8(e)','OMPHHX3'
'EX_q8(e)','OPHBDC'
'EX_q8(e)','OPHHX3'
'EX_q8(e)','PPTT'
'EX_q8(e)','TYRL'
'EX_ribflv(e)','PMDPHT'
'EX_ribflv(e)','RBFSa'
'EX_ribflv(e)','RBFSb'
'EX_ser_L(e)','PGCDr'
'EX_ser_L(e)','PSERT'
'EX_ser_L(e)','PSP_L'
'EX_sheme(e)','P1CM'
'EX_sheme(e)','SHCHD2'
'EX_sheme(e)','SHCHF'
'EX_sheme(e)','UPP3MT3'
'EX_spmd(e)','SPMS'
'EX_thymd(e)','TMDSf2'
'EX_trp_L(e)','IGPS'
'EX_trp_L(e)','PRAI'
'FRD2','NO3R2'
'FRD2','NO3t2'
'FRTT','MK7te'
'FRTT','Q8abc'
'FTHFL','MTHFC'
'FTHFL','MTHFD'
'GALT','GALU'
'GARFTi','GART'
'GGTT','MK7te'
'GGTT','Q8abc'
'GK1','GK2'
'GMPS2','GUAPRT'
'H2CO3D','MALCOAPYRCT'
'HBZOPT','Q8abc'
'HEXTT','MK7te'
'HEXTT','Q8abc'
'HKt','Kt1r'
'ICHORS','MK7te'
'IGPS','TRPt2r'
'IPDPS','IPDPS2'
'MG2abc','MGt5'
'MK7te','NPHS'
'MK7te','PPTT'
'MK7te','SUCBZL'
'MK7te','SUCBZS'
'NACt2r','NAPRT'
'NADK','NADK2'
'NAPRT','NNDPR'
'NAPRT','O2t'
'NAPRT','QULNS'
'NAPRT','THIORDXi'
'NAPRT','TRDRr'
'NDPK2','UTPATPT'
'NMNAT','NNATr'
'NMNP','NNATr'
'O2t','PPPGO3'
'OHPHM','Q8abc'
'OMBZLM','Q8abc'
'OMMBLHX3','Q8abc'
'OMPHHX3','Q8abc'
'OPHBDC','Q8abc'
'OPHHX3','Q8abc'
'ORNDC','PTRCabc'
'P1CM','SHEMEabc'
'PGCDr','SERt2r'
'PMDPHT','RIBFLVt2r'
'PPNCL3','r0671'
'PPPGO3','PPPH'
'PPTT','Q8abc'
'PRAI','TRPt2r'
'PSERT','SERt2r'
'PSP_L','SERt2r'
'Q8abc','TYRL'
'RBFSa','RIBFLVt2r'
'RBFSb','RIBFLVt2r'
'RPE','TKT1'
'RPE','TKT2'
'RPI','TKT2'
'SHCHD2','SHEMEabc'
'SHCHF','SHEMEabc'
'SHEMEabc','UPP3MT3'
'SPMDabc','SPMS'
'THMDt2r','TMDSf2'
'TKT1','TKT2'
'TRDRr','r0345'
'TRDRr','r0456'
'UAG2EMA','UAGDP'
