[
  {
    "'C_RS01000'": "'C_RS05570'"
  },
  {
    "'C_RS01000'": "'C_RS13600'"
  },
  {
    "'C_RS01000'": "'C_RS00025'"
  },
  {
    "'C_RS01000'": "'C_RS00900'"
  },
  {
    "'C_RS01000'": "'C_RS06400'"
  },
  {
    "'C_RS01000'": "'s0001'"
  },
  {
    "'C_RS01000'": "'C_RS13565'"
  },
  {
    "'C_RS01000'": "'C_RS19020'"
  },
  {
    "'C_RS01000'": "'C_RS19015'"
  },
  {
    "'C_RS01000'": "'C_RS01025'"
  },
  {
    "'C_RS01000'": "'C_RS23245'"
  },
  {
    "'C_RS01000'": "'C_RS16190'"
  },
  {
    "'C_RS01000'": "'C_RS06385'"
  },
  {
    "'C_RS01000'": "'C_RS23235'"
  },
  {
    "'C_RS01000'": "'C_RS18775'"
  },
  {
    "'C_RS01000'": "'C_RS25310'"
  },
  {
    "'C_RS01000'": "'C_RS25315'"
  },
  {
    "'C_RS01000'": "'C_RS18770'"
  },
  {
    "'C_RS01000'": "'C_RS18780'"
  },
  {
    "'C_RS01000'": "'C_RS19580'"
  },
  {
    "'C_RS01000'": "'C_RS06410'"
  },
  {
    "'C_RS01000'": "'C_RS19585'"
  },
  {
    "'C_RS01000'": "'C_RS10490'"
  },
  {
    "'C_RS01000'": "'C_RS15755'"
  },
  {
    "'C_RS01000'": "'C_RS07045'"
  },
  {
    "'C_RS01000'": "'C_RS24865'"
  },
  {
    "'C_RS01000'": "'C_RS17850'"
  },
  {
    "'C_RS01000'": "'C_RS23240'"
  },
  {
    "'C_RS01000'": "'C_RS23500'"
  },
  {
    "'C_RS01000'": "'C_RS02940'"
  },
  {
    "'C_RS01000'": "'C_RS02945'"
  },
  {
    "'C_RS01000'": "'C_RS04040'"
  },
  {
    "'C_RS01000'": "'C_RS23440'"
  },
  {
    "'C_RS01000'": "'C_RS04050'"
  },
  {
    "'C_RS01000'": "'C_RS02420'"
  },
  {
    "'C_RS01000'": "'C_RS23250'"
  },
  {
    "'C_RS01000'": "'C_RS18635'"
  },
  {
    "'C_RS01000'": "'C_RS19975'"
  },
  {
    "'C_RS01000'": "'C_RS00755'"
  },
  {
    "'C_RS01000'": "'C_RS25235'"
  },
  {
    "'C_RS01000'": "'C_RS14710'"
  },
  {
    "'C_RS01000'": "'C_RS05035'"
  },
  {
    "'C_RS01000'": "'C_RS12080'"
  },
  {
    "'C_RS01000'": "'C_RS04310'"
  },
  {
    "'C_RS01000'": "'C_RS22695'"
  },
  {
    "'C_RS01000'": "'C_RS25090'"
  },
  {
    "'C_RS01000'": "'C_RS04045'"
  },
  {
    "'C_RS01000'": "'C_RS18755'"
  },
  {
    "'C_RS01000'": "'C_RS18005'"
  },
  {
    "'C_RS01000'": "'C_RS07780'"
  },
  {
    "'C_RS01000'": "'C_RS14840'"
  },
  {
    "'C_RS01000'": "'C_RS14835'"
  },
  {
    "'C_RS01000'": "'C_RS13630'"
  },
  {
    "'C_RS01000'": "'C_RS23725'"
  },
  {
    "'C_RS01000'": "'C_RS04965'"
  },
  {
    "'C_RS01000'": "'C_RS04090'"
  },
  {
    "'C_RS01000'": "'C_RS04080'"
  },
  {
    "'C_RS01000'": "'C_RS03750'"
  },
  {
    "'C_RS01000'": "'C_RS15885'"
  },
  {
    "'C_RS01000'": "'C_RS16305'"
  },
  {
    "'C_RS01000'": "'C_RS22345'"
  },
  {
    "'C_RS01000'": "'C_RS00975'"
  },
  {
    "'C_RS01000'": "'C_RS18035'"
  },
  {
    "'C_RS01000'": "'C_RS04060'"
  },
  {
    "'C_RS01000'": "'C_RS21110'"
  },
  {
    "'C_RS01000'": "'C_RS22145'"
  },
  {
    "'C_RS01000'": "'C_RS00170'"
  },
  {
    "'C_RS01000'": "'C_RS14285'"
  },
  {
    "'C_RS01000'": "'C_RS13560'"
  },
  {
    "'C_RS01000'": "'C_RS18110'"
  },
  {
    "'C_RS01000'": "'C_RS06240'"
  },
  {
    "'C_RS01000'": "'C_RS18660'"
  },
  {
    "'C_RS01000'": "'C_RS19700'"
  },
  {
    "'C_RS01000'": "'C_RS09870'"
  },
  {
    "'C_RS01000'": "'C_RS02455'"
  },
  {
    "'C_RS01000'": "'C_RS00150'"
  },
  {
    "'C_RS01000'": "'C_RS00575'"
  },
  {
    "'C_RS01000'": "'ilvC'"
  },
  {
    "'C_RS01000'": "'C_RS06420'"
  },
  {
    "'C_RS01000'": "'dxr'"
  },
  {
    "'C_RS01000'": "'C_RS02450'"
  },
  {
    "'C_RS01000'": "'C_RS08245'"
  },
  {
    "'C_RS01000'": "'C_RS15790'"
  },
  {
    "'C_RS01000'": "'C_RS15785'"
  },
  {
    "'C_RS01000'": "'C_RS02735'"
  },
  {
    "'C_RS01000'": "'C_RS00130'"
  },
  {
    "'C_RS01000'": "'C_RS21950'"
  },
  {
    "'C_RS01000'": "'C_RS00875'"
  },
  {
    "'C_RS01000'": "'C_RS20925'"
  },
  {
    "'C_RS01000'": "'C_RS08645'"
  },
  {
    "'C_RS01000'": "'C_RS21945'"
  },
  {
    "'C_RS01000'": "'C_RS22765'"
  },
  {
    "'C_RS01000'": "'C_RS13545'"
  },
  {
    "'C_RS01000'": "'C_RS23305'"
  },
  {
    "'C_RS01000'": "'C_RS07790'"
  },
  {
    "'C_RS01000'": "'C_RS13930'"
  },
  {
    "'C_RS01000'": "'C_RS14375'"
  },
  {
    "'C_RS01000'": "'C_RS12740'"
  },
  {
    "'C_RS01000'": "'C_RS08180'"
  },
  {
    "'C_RS01000'": "'C_RS23730'"
  },
  {
    "'C_RS01000'": "'C_RS00730'"
  },
  {
    "'C_RS01000'": "'C_RS12085'"
  },
  {
    "'C_RS01000'": "'C_RS12095'"
  },
  {
    "'C_RS01000'": "'C_RS22315'"
  },
  {
    "'C_RS01000'": "'C_RS12475'"
  },
  {
    "'C_RS01000'": "'C_RS00815'"
  },
  {
    "'C_RS01000'": "'C_RS00020'"
  },
  {
    "'C_RS01000'": "'C_RS23545'"
  },
  {
    "'C_RS01000'": "'C_RS12090'"
  },
  {
    "'C_RS01000'": "'C_RS14505'"
  },
  {
    "'C_RS01000'": "'C_RS22325'"
  },
  {
    "'C_RS01000'": "'C_RS07070'"
  },
  {
    "'C_RS01000'": "'C_RS12110'"
  },
  {
    "'C_RS01000'": "'C_RS12100'"
  },
  {
    "'C_RS01000'": "'C_RS22140'"
  },
  {
    "'C_RS01000'": "'C_RS00415'"
  },
  {
    "'C_RS01000'": "'C_RS00410'"
  },
  {
    "'C_RS01000'": "'C_RS00405'"
  },
  {
    "'C_RS01000'": "'C_RS00420'"
  },
  {
    "'C_RS01000'": "'C_RS04985'"
  },
  {
    "'C_RS01000'": "'C_RS18765'"
  },
  {
    "'C_RS01000'": "'C_RS07815'"
  },
  {
    "'C_RS01000'": "'C_RS01010'"
  },
  {
    "'C_RS01000'": "'C_RS04055'"
  },
  {
    "'C_RS01000'": "'C_RS06390'"
  },
  {
    "'C_RS01000'": "'C_RS14430'"
  },
  {
    "'C_RS01000'": "'C_RS15735'"
  },
  {
    "'C_RS01000'": "'C_RS15740'"
  },
  {
    "'C_RS01000'": "'C_RS16750'"
  },
  {
    "'C_RS01000'": "'C_RS04095'"
  },
  {
    "'C_RS01000'": "'C_RS21035'"
  },
  {
    "'C_RS01000'": "'C_RS00775'"
  },
  {
    "'C_RS01000'": "'C_RS00055'"
  },
  {
    "'C_RS01000'": "'C_RS06275'"
  },
  {
    "'C_RS01000'": "'C_RS04100'"
  },
  {
    "'C_RS01000'": "'C_RS04305'"
  },
  {
    "'C_RS01000'": "'C_RS23155'"
  },
  {
    "'C_RS01000'": "'C_RS14910'"
  },
  {
    "'C_RS01000'": "'C_RS10110'"
  },
  {
    "'C_RS01000'": "'C_RS03395'"
  },
  {
    "'C_RS01000'": "'C_RS00605'"
  },
  {
    "'C_RS01000'": "'C_RS25275'"
  },
  {
    "'C_RS01000'": "'C_RS18710'"
  },
  {
    "'C_RS01000'": "'C_RS04930'"
  },
  {
    "'C_RS01000'": "'C_RS08200'"
  },
  {
    "'C_RS01000'": "'C_RS22625'"
  },
  {
    "'C_RS01000'": "'C_RS13540'"
  },
  {
    "'C_RS01000'": "'C_RS21080'"
  },
  {
    "'C_RS01000'": "'C_RS02280'"
  },
  {
    "'C_RS01000'": "'C_RS00770'"
  },
  {
    "'C_RS01000'": "'C_RS00485'"
  },
  {
    "'C_RS01000'": "'C_RS15780'"
  },
  {
    "'C_RS01000'": "'C_RS14655'"
  },
  {
    "'C_RS01000'": "'C_RS00300'"
  },
  {
    "'C_RS01000'": "'C_RS13585'"
  },
  {
    "'C_RS01000'": "'C_RS18655'"
  },
  {
    "'C_RS01000'": "'C_RS19830'"
  },
  {
    "'C_RS01000'": "'C_RS23340'"
  },
  {
    "'C_RS01000'": "'C_RS02210'"
  },
  {
    "'C_RS01000'": "'C_RS21065'"
  },
  {
    "'C_RS01000'": "'C_RS22660'"
  },
  {
    "'C_RS01000'": "'C_RS23495'"
  },
  {
    "'C_RS01000'": "'C_RS14330'"
  },
  {
    "'C_RS01000'": "'C_RS12115'"
  },
  {
    "'C_RS01000'": "'C_RS14270'"
  },
  {
    "'C_RS01000'": "'C_RS14610'"
  },
  {
    "'C_RS01000'": "'C_RS12105'"
  },
  {
    "'C_RS01000'": "'C_RS04935'"
  },
  {
    "'C_RS01000'": "'C_RS24780'"
  },
  {
    "'C_RS01000'": "'C_RS14770'"
  },
  {
    "'C_RS01000'": "'C_RS21040'"
  },
  {
    "'C_RS01000'": "'C_RS03905'"
  },
  {
    "'C_RS01000'": "'C_RS09715'"
  },
  {
    "'C_RS01000'": "'C_RS02425'"
  },
  {
    "'C_RS01000'": "'C_RS15405'"
  },
  {
    "'C_RS01000'": "'C_RS15765'"
  },
  {
    "'C_RS01000'": "'C_RS15760'"
  },
  {
    "'C_RS01000'": "'C_RS14245'"
  },
  {
    "'C_RS01000'": "'C_RS20920'"
  },
  {
    "'C_RS01000'": "'C_RS19625'"
  },
  {
    "'C_RS01000'": "'C_RS23120'"
  },
  {
    "'C_RS01000'": "'lpxK'"
  },
  {
    "'C_RS01000'": "'C_RS00930'"
  },
  {
    "'C_RS01000'": "'C_RS02465'"
  },
  {
    "'C_RS01000'": "'C_RS23430'"
  },
  {
    "'C_RS01000'": "'C_RS23425'"
  },
  {
    "'C_RS01000'": "'C_RS23415'"
  },
  {
    "'C_RS01000'": "'C_RS14205'"
  },
  {
    "'C_RS01000'": "'C_RS16235'"
  },
  {
    "'C_RS01000'": "'C_RS02435'"
  },
  {
    "'C_RS01000'": "'C_RS23435'"
  },
  {
    "'C_RS01000'": "'C_RS23420'"
  },
  {
    "'C_RS01000'": "'C_RS00995'"
  },
  {
    "'C_RS01000'": "'C_RS00475'"
  },
  {
    "'C_RS01000'": "'C_RS01005'"
  },
  {
    "'C_RS01000'": "'C_RS18720'"
  },
  {
    "'C_RS01000'": "'C_RS00500'"
  },
  {
    "'C_RS01000'": "'C_RS00490'"
  },
  {
    "'C_RS01000'": "'C_RS00505'"
  },
  {
    "'C_RS01000'": "'C_RS23330'"
  },
  {
    "'C_RS01000'": "'C_RS00970'"
  },
  {
    "'C_RS01000'": "'C_RS00480'"
  },
  {
    "'C_RS01000'": "'C_RS00530'"
  },
  {
    "'C_RS01000'": "'C_RS22310'"
  },
  {
    "'C_RS01000'": "'C_RS23455'"
  },
  {
    "'C_RS01000'": "'C_RS02955'"
  }
]