[
  {
    "'ACPS1'": "'ALAALA'"
  },
  {
    "'ACPS1'": "'APRAUR'"
  },
  {
    "'ACPS1'": "'ASAD'"
  },
  {
    "'ACPS1'": "'ASPKi'"
  },
  {
    "'ACPS1'": "'BPNT'"
  },
  {
    "'ACPS1'": "'CAt4i'"
  },
  {
    "'ACPS1'": "'CDPMEK'"
  },
  {
    "'ACPS1'": "'COBALTt5'"
  },
  {
    "'ACPS1'": "'Cuabc'"
  },
  {
    "'ACPS1'": "'DAPE'"
  },
  {
    "'ACPS1'": "'DB4PS'"
  },
  {
    "'ACPS1'": "'DHDPRy'"
  },
  {
    "'ACPS1'": "'DHDPS'"
  },
  {
    "'ACPS1'": "'DHPPDA'"
  },
  {
    "'ACPS1'": "'DMATT'"
  },
  {
    "'ACPS1'": "'DPCOAK'"
  },
  {
    "'ACPS1'": "'DTMPK'"
  },
  {
    "'ACPS1'": "'DXPRIr'"
  },
  {
    "'ACPS1'": "'DXPS'"
  },
  {
    "'ACPS1'": "'EX_biomass(e)'"
  },
  {
    "'ACPS1'": "'EX_ca2(e)'"
  },
  {
    "'ACPS1'": "'EX_cl(e)'"
  },
  {
    "'ACPS1'": "'EX_cobalt2(e)'"
  },
  {
    "'ACPS1'": "'EX_cu2(e)'"
  },
  {
    "'ACPS1'": "'EX_fe2(e)'"
  },
  {
    "'ACPS1'": "'EX_k(e)'"
  },
  {
    "'ACPS1'": "'EX_mg2(e)'"
  },
  {
    "'ACPS1'": "'EX_mn2(e)'"
  },
  {
    "'ACPS1'": "'EX_so4(e)'"
  },
  {
    "'ACPS1'": "'EX_zn2(e)'"
  },
  {
    "'ACPS1'": "'FE2abc'"
  },
  {
    "'ACPS1'": "'FMNAT'"
  },
  {
    "'ACPS1'": "'GLUR'"
  },
  {
    "'ACPS1'": "'GRTT'"
  },
  {
    "'ACPS1'": "'GTPCII'"
  },
  {
    "'ACPS1'": "'MECDPDH2'"
  },
  {
    "'ACPS1'": "'MECDPS'"
  },
  {
    "'ACPS1'": "'MEPCT'"
  },
  {
    "'ACPS1'": "'METAT'"
  },
  {
    "'ACPS1'": "'PAPPT3'"
  },
  {
    "'ACPS1'": "'PEPGLY'"
  },
  {
    "'ACPS1'": "'PMDPHT'"
  },
  {
    "'ACPS1'": "'PNTK'"
  },
  {
    "'ACPS1'": "'PPCDC'"
  },
  {
    "'ACPS1'": "'PTPAT'"
  },
  {
    "'ACPS1'": "'RBFK'"
  },
  {
    "'ACPS1'": "'RBFSa'"
  },
  {
    "'ACPS1'": "'RBFSb'"
  },
  {
    "'ACPS1'": "'SDPDS'"
  },
  {
    "'ACPS1'": "'SDPTA'"
  },
  {
    "'ACPS1'": "'SO4t2'"
  },
  {
    "'ACPS1'": "'SUCOAS'"
  },
  {
    "'ACPS1'": "'THDPS'"
  },
  {
    "'ACPS1'": "'TRDRr'"
  },
  {
    "'ACPS1'": "'UAAGDS'"
  },
  {
    "'ACPS1'": "'UAGCVT_r'"
  },
  {
    "'ACPS1'": "'UAGPT3'"
  },
  {
    "'ACPS1'": "'UAMAGS'"
  },
  {
    "'ACPS1'": "'UAMAS'"
  },
  {
    "'ACPS1'": "'UAPGR'"
  },
  {
    "'ACPS1'": "'UDCPDP'"
  },
  {
    "'ACPS1'": "'UDCPDPS'"
  },
  {
    "'ACPS1'": "'UGMDDS'"
  },
  {
    "'ACPS1'": "'dreplication'"
  },
  {
    "'ACPS1'": "'pbiosynthesis'"
  },
  {
    "'ACPS1'": "'r2137'"
  },
  {
    "'ACPS1'": "'rtranscription'"
  },
  {
    "'ACPS1'": "'biomass525'"
  }
]