[
  {
    "'ECH74115_0190'": "'ECH74115_1472'"
  },
  {
    "'ECH74115_0190'": "'ECH74115_3464'"
  },
  {
    "'ECH74115_0190'": "'ECH74115_0005'"
  },
  {
    "'ECH74115_0190'": "'ECH74115_0169'"
  },
  {
    "'ECH74115_0190'": "'ECH74115_1473'"
  },
  {
    "'ECH74115_0190'": "'s0001'"
  },
  {
    "'ECH74115_0190'": "'ECH74115_0195'"
  },
  {
    "'ECH74115_0190'": "'ECH74115_4572'"
  },
  {
    "'ECH74115_0190'": "'ECH74115_3456'"
  },
  {
    "'ECH74115_0190'": "'ECH74115_4573'"
  },
  {
    "'ECH74115_0190'": "'ECH74115_5419'"
  },
  {
    "'ECH74115_0190'": "'ECH74115_4083'"
  },
  {
    "'ECH74115_0190'": "'ECH74115_1470'"
  },
  {
    "'ECH74115_0190'": "'ECH74115_5417'"
  },
  {
    "'ECH74115_0190'": "'ECH74115_4523'"
  },
  {
    "'ECH74115_0190'": "'ECH74115_4522'"
  },
  {
    "'ECH74115_0190'": "'ECH74115_4521'"
  },
  {
    "'ECH74115_0190'": "'ECH74115_5784'"
  },
  {
    "'ECH74115_0190'": "'ECH74115_5783'"
  },
  {
    "'ECH74115_0190'": "'ECH74115_4669'"
  },
  {
    "'ECH74115_0190'": "'ECH74115_1475'"
  },
  {
    "'ECH74115_0190'": "'ECH74115_4670'"
  },
  {
    "'ECH74115_0190'": "'ECH74115_2541'"
  },
  {
    "'ECH74115_0190'": "'ECH74115_4002'"
  },
  {
    "'ECH74115_0190'": "'ECH74115_1592'"
  },
  {
    "'ECH74115_0190'": "'ECH74115_5693'"
  },
  {
    "'ECH74115_0190'": "'ECH74115_4329'"
  },
  {
    "'ECH74115_0190'": "'ECH74115_5418'"
  },
  {
    "'ECH74115_0190'": "'ECH74115_5476'"
  },
  {
    "'ECH74115_0190'": "'ECH74115_0623'"
  },
  {
    "'ECH74115_0190'": "'ECH74115_0624'"
  },
  {
    "'ECH74115_0190'": "'ECH74115_0922'"
  },
  {
    "'ECH74115_0190'": "'ECH74115_5462'"
  },
  {
    "'ECH74115_0190'": "'ECH74115_1895'"
  },
  {
    "'ECH74115_0190'": "'ECH74115_1896'"
  },
  {
    "'ECH74115_0190'": "'ECH74115_0924'"
  },
  {
    "'ECH74115_0190'": "'ECH74115_0496'"
  },
  {
    "'ECH74115_0190'": "'ECH74115_5420'"
  },
  {
    "'ECH74115_0190'": "'ECH74115_4494'"
  },
  {
    "'ECH74115_0190'": "'ECH74115_4745'"
  },
  {
    "'ECH74115_0190'": "'ECH74115_0139'"
  },
  {
    "'ECH74115_0190'": "'ECH74115_5767'"
  },
  {
    "'ECH74115_0190'": "'ECH74115_3812'"
  },
  {
    "'ECH74115_0190'": "'ECH74115_1089'"
  },
  {
    "'ECH74115_0190'": "'ECH74115_2952'"
  },
  {
    "'ECH74115_0190'": "'ECH74115_0977'"
  },
  {
    "'ECH74115_0190'": "'ECH74115_5297'"
  },
  {
    "'ECH74115_0190'": "'ECH74115_5731'"
  },
  {
    "'ECH74115_0190'": "'ECH74115_0923'"
  },
  {
    "'ECH74115_0190'": "'ECH74115_4518'"
  },
  {
    "'ECH74115_0190'": "'ECH74115_4353'"
  },
  {
    "'ECH74115_0190'": "'ECH74115_1689'"
  },
  {
    "'ECH74115_0190'": "'ECH74115_3839'"
  },
  {
    "'ECH74115_0190'": "'ECH74115_3838'"
  },
  {
    "'ECH74115_0190'": "'ECH74115_3470'"
  },
  {
    "'ECH74115_0190'": "'ECH74115_5520'"
  },
  {
    "'ECH74115_0190'": "'ECH74115_1075'"
  },
  {
    "'ECH74115_0190'": "'ECH74115_0929'"
  },
  {
    "'ECH74115_0190'": "'ECH74115_0931'"
  },
  {
    "'ECH74115_0190'": "'ECH74115_0810'"
  },
  {
    "'ECH74115_0190'": "'ECH74115_4040'"
  },
  {
    "'ECH74115_0190'": "'ECH74115_4107'"
  },
  {
    "'ECH74115_0190'": "'ECH74115_5248'"
  },
  {
    "'ECH74115_0190'": "'ECH74115_0185'"
  },
  {
    "'ECH74115_0190'": "'ECH74115_4355'"
  },
  {
    "'ECH74115_0190'": "'ECH74115_0926'"
  },
  {
    "'ECH74115_0190'": "'ECH74115_5020'"
  },
  {
    "'ECH74115_0190'": "'ECH74115_5205'"
  },
  {
    "'ECH74115_0190'": "'ECH74115_0033'"
  },
  {
    "'ECH74115_0190'": "'ECH74115_3700'"
  },
  {
    "'ECH74115_0190'": "'ECH74115_3455'"
  },
  {
    "'ECH74115_0190'": "'ECH74115_4370'"
  },
  {
    "'ECH74115_0190'": "'ECH74115_1441'"
  },
  {
    "'ECH74115_0190'": "'ECH74115_4499'"
  },
  {
    "'ECH74115_0190'": "'ECH74115_4693'"
  },
  {
    "'ECH74115_0190'": "'ECH74115_2409'"
  },
  {
    "'ECH74115_0190'": "'ECH74115_0504'"
  },
  {
    "'ECH74115_0190'": "'ECH74115_0031'"
  },
  {
    "'ECH74115_0190'": "'ECH74115_0110'"
  },
  {
    "'ECH74115_0190'": "'ECH74115_5208'"
  },
  {
    "'ECH74115_0190'": "'ECH74115_1477'"
  },
  {
    "'ECH74115_0190'": "'ECH74115_0183'"
  },
  {
    "'ECH74115_0190'": "'ECH74115_0503'"
  },
  {
    "'ECH74115_0190'": "'ECH74115_1925'"
  },
  {
    "'ECH74115_0190'": "'ECH74115_4018'"
  },
  {
    "'ECH74115_0190'": "'ECH74115_4017'"
  },
  {
    "'ECH74115_0190'": "'ECH74115_0568'"
  },
  {
    "'ECH74115_0190'": "'ECH74115_0027'"
  },
  {
    "'ECH74115_0190'": "'ECH74115_5166'"
  },
  {
    "'ECH74115_0190'": "'ECH74115_0164'"
  },
  {
    "'ECH74115_0190'": "'ECH74115_4981'"
  },
  {
    "'ECH74115_0190'": "'ECH74115_2021'"
  },
  {
    "'ECH74115_0190'": "'ECH74115_5165'"
  },
  {
    "'ECH74115_0190'": "'ECH74115_3452'"
  },
  {
    "'ECH74115_0190'": "'ECH74115_5431'"
  },
  {
    "'ECH74115_0190'": "'ECH74115_1691'"
  },
  {
    "'ECH74115_0190'": "'ECH74115_3632'"
  },
  {
    "'ECH74115_0190'": "'ECH74115_3731'"
  },
  {
    "'ECH74115_0190'": "'ECH74115_3287'"
  },
  {
    "'ECH74115_0190'": "'ECH74115_1911'"
  },
  {
    "'ECH74115_0190'": "'ECH74115_5521'"
  },
  {
    "'ECH74115_0190'": "'ECH74115_2953'"
  },
  {
    "'ECH74115_0190'": "'ECH74115_2955'"
  },
  {
    "'ECH74115_0190'": "'ECH74115_5243'"
  },
  {
    "'ECH74115_0190'": "'ECH74115_3082'"
  },
  {
    "'ECH74115_0190'": "'ECH74115_0151'"
  },
  {
    "'ECH74115_0190'": "'ECH74115_0004'"
  },
  {
    "'ECH74115_0190'": "'ECH74115_5483'"
  },
  {
    "'ECH74115_0190'": "'ECH74115_2954'"
  },
  {
    "'ECH74115_0190'": "'ECH74115_3762'"
  },
  {
    "'ECH74115_0190'": "'ECH74115_5245'"
  },
  {
    "'ECH74115_0190'": "'ECH74115_1598'"
  },
  {
    "'ECH74115_0190'": "'ECH74115_2958'"
  },
  {
    "'ECH74115_0190'": "'ECH74115_2956'"
  },
  {
    "'ECH74115_0190'": "'ECH74115_1894'"
  },
  {
    "'ECH74115_0190'": "'ECH74115_5204'"
  },
  {
    "'ECH74115_0190'": "'ECH74115_0080'"
  },
  {
    "'ECH74115_0190'": "'ECH74115_0079'"
  },
  {
    "'ECH74115_0190'": "'ECH74115_0078'"
  },
  {
    "'ECH74115_0190'": "'ECH74115_0081'"
  },
  {
    "'ECH74115_0190'": "'ECH74115_1079'"
  },
  {
    "'ECH74115_0190'": "'ECH74115_4520'"
  },
  {
    "'ECH74115_0190'": "'ECH74115_1696'"
  },
  {
    "'ECH74115_0190'": "'ECH74115_0192'"
  },
  {
    "'ECH74115_0190'": "'ECH74115_0925'"
  },
  {
    "'ECH74115_0190'": "'ECH74115_1471'"
  },
  {
    "'ECH74115_0190'": "'ECH74115_3740'"
  },
  {
    "'ECH74115_0190'": "'ECH74115_3997'"
  },
  {
    "'ECH74115_0190'": "'ECH74115_3998'"
  },
  {
    "'ECH74115_0190'": "'ECH74115_4244'"
  },
  {
    "'ECH74115_0190'": "'ECH74115_0932'"
  },
  {
    "'ECH74115_0190'": "'ECH74115_5003'"
  },
  {
    "'ECH74115_0190'": "'ECH74115_0143'"
  },
  {
    "'ECH74115_0190'": "'ECH74115_0010'"
  },
  {
    "'ECH74115_0190'": "'ECH74115_1448'"
  },
  {
    "'ECH74115_0190'": "'ECH74115_0933'"
  },
  {
    "'ECH74115_0190'": "'ECH74115_0976'"
  },
  {
    "'ECH74115_0190'": "'ECH74115_5402'"
  },
  {
    "'ECH74115_0190'": "'ECH74115_3855'"
  },
  {
    "'ECH74115_0190'": "'ECH74115_2458'"
  },
  {
    "'ECH74115_0190'": "'ECH74115_0728'"
  },
  {
    "'ECH74115_0190'": "'ECH74115_0115'"
  },
  {
    "'ECH74115_0190'": "'ECH74115_5775'"
  },
  {
    "'ECH74115_0190'": "'ECH74115_4509'"
  },
  {
    "'ECH74115_0190'": "'ECH74115_1068'"
  },
  {
    "'ECH74115_0190'": "'ECH74115_1916'"
  },
  {
    "'ECH74115_0190'": "'ECH74115_3451'"
  },
  {
    "'ECH74115_0190'": "'ECH74115_5282'"
  },
  {
    "'ECH74115_0190'": "'ECH74115_5012'"
  },
  {
    "'ECH74115_0190'": "'ECH74115_0460'"
  },
  {
    "'ECH74115_0190'": "'ECH74115_0142'"
  },
  {
    "'ECH74115_0190'": "'ECH74115_0095'"
  },
  {
    "'ECH74115_0190'": "'ECH74115_4016'"
  },
  {
    "'ECH74115_0190'": "'ECH74115_3800'"
  },
  {
    "'ECH74115_0190'": "'ECH74115_0058'"
  },
  {
    "'ECH74115_0190'": "'ECH74115_3460'"
  },
  {
    "'ECH74115_0190'": "'ECH74115_4498'"
  },
  {
    "'ECH74115_0190'": "'ECH74115_4719'"
  },
  {
    "'ECH74115_0190'": "'ECH74115_5439'"
  },
  {
    "'ECH74115_0190'": "'ECH74115_0444'"
  },
  {
    "'ECH74115_0190'": "'ECH74115_5009'"
  },
  {
    "'ECH74115_0190'": "'ECH74115_5289'"
  },
  {
    "'ECH74115_0190'": "'ECH74115_5474'"
  },
  {
    "'ECH74115_0190'": "'ECH74115_3722'"
  },
  {
    "'ECH74115_0190'": "'ECH74115_2959'"
  },
  {
    "'ECH74115_0190'": "'ECH74115_3698'"
  },
  {
    "'ECH74115_0190'": "'ECH74115_3792'"
  },
  {
    "'ECH74115_0190'": "'ECH74115_2957'"
  },
  {
    "'ECH74115_0190'": "'ECH74115_1069'"
  },
  {
    "'ECH74115_0190'": "'ECH74115_5676'"
  },
  {
    "'ECH74115_0190'": "'ECH74115_3822'"
  },
  {
    "'ECH74115_0190'": "'ECH74115_5004'"
  },
  {
    "'ECH74115_0190'": "'ECH74115_0852'"
  },
  {
    "'ECH74115_0190'": "'ECH74115_2375'"
  },
  {
    "'ECH74115_0190'": "'ECH74115_0497'"
  },
  {
    "'ECH74115_0190'": "'ECH74115_3932'"
  },
  {
    "'ECH74115_0190'": "'ECH74115_4003'"
  },
  {
    "'ECH74115_0190'": "'ECH74115_4004'"
  },
  {
    "'ECH74115_0190'": "'ECH74115_3693'"
  },
  {
    "'ECH74115_0190'": "'ECH74115_4980'"
  },
  {
    "'ECH74115_0190'": "'ECH74115_4679'"
  },
  {
    "'ECH74115_0190'": "'ECH74115_5399'"
  },
  {
    "'ECH74115_0190'": "'ECH74115_1076'"
  },
  {
    "'ECH74115_0190'": "'ECH74115_0174'"
  },
  {
    "'ECH74115_0190'": "'ECH74115_5457'"
  },
  {
    "'ECH74115_0190'": "'ECH74115_5460'"
  },
  {
    "'ECH74115_0190'": "'ECH74115_5459'"
  },
  {
    "'ECH74115_0190'": "'ECH74115_0507'"
  },
  {
    "'ECH74115_0190'": "'ECH74115_3686'"
  },
  {
    "'ECH74115_0190'": "'ECH74115_4093'"
  },
  {
    "'ECH74115_0190'": "'ECH74115_0499'"
  },
  {
    "'ECH74115_0190'": "'ECH74115_5461'"
  },
  {
    "'ECH74115_0190'": "'ECH74115_1892'"
  },
  {
    "'ECH74115_0190'": "'ECH74115_1893'"
  },
  {
    "'ECH74115_0190'": "'ECH74115_5458'"
  },
  {
    "'ECH74115_0190'": "'ECH74115_0189'"
  },
  {
    "'ECH74115_0190'": "'ECH74115_0093'"
  },
  {
    "'ECH74115_0190'": "'ECH74115_0191'"
  },
  {
    "'ECH74115_0190'": "'ECH74115_4511'"
  },
  {
    "'ECH74115_0190'": "'ECH74115_0098'"
  },
  {
    "'ECH74115_0190'": "'ECH74115_0096'"
  },
  {
    "'ECH74115_0190'": "'ECH74115_0099'"
  },
  {
    "'ECH74115_0190'": "'ECH74115_5437'"
  },
  {
    "'ECH74115_0190'": "'ECH74115_0184'"
  },
  {
    "'ECH74115_0190'": "'ECH74115_0094'"
  },
  {
    "'ECH74115_0190'": "'ECH74115_0104'"
  },
  {
    "'ECH74115_0190'": "'ECH74115_5242'"
  },
  {
    "'ECH74115_0190'": "'ECH74115_5466'"
  },
  {
    "'ECH74115_0190'": "'ECH74115_0625'"
  }
]