g.1959.peg.1604,g.1959.peg.1661
g.1959.peg.1682,g.1959.peg.1565
g.1959.peg.729,g.1959.peg.1565
521097.5.peg.482,g.1959.peg.1088
g.1959.peg.1088,521097.5.peg.1214
g.1959.peg.1088,521097.5.peg.1531
g.1959.peg.1088,521097.5.peg.709
g.1959.peg.1088,521097.5.peg.613
g.1959.peg.1088,521097.5.peg.1841
g.1959.peg.1088,g.1959.peg.344
g.1959.peg.1088,521097.5.peg.15
g.1959.peg.1088,521097.5.peg.896
g.1959.peg.1088,521097.5.peg.1562
g.1959.peg.1088,521097.5.peg.1506
g.1959.peg.1088,521097.5.peg.1257
g.1959.peg.16,g.1959.peg.32
g.1959.peg.274,g.1959.peg.1655
g.1959.peg.1420,521097.5.peg.1022
g.1959.peg.1121,g.1959.peg.1565
g.1959.peg.1773,g.1959.peg.1565
521097.5.peg.1441,521097.5.peg.233
521097.5.peg.1441,521097.5.peg.234
521097.5.peg.1441,521097.5.peg.235
521097.5.peg.1442,521097.5.peg.233
521097.5.peg.1442,521097.5.peg.234
521097.5.peg.1442,521097.5.peg.235
g.1959.peg.18,g.1959.peg.23
g.1959.peg.477,521097.5.peg.1013
g.1959.peg.477,521097.5.peg.2089
g.1959.peg.477,521097.5.peg.1507
521097.5.peg.1013,g.1959.peg.1832
g.1959.peg.1832,521097.5.peg.2089
g.1959.peg.1832,521097.5.peg.1507
g.1959.peg.344,g.1959.peg.1565
g.1959.peg.2008,g.1959.peg.407
g.1959.peg.318,521097.5.peg.2149
g.1959.peg.1848,521097.5.peg.407
521097.5.peg.1022,g.1959.peg.811
g.1959.peg.1261,g.1959.peg.267
521097.5.peg.1555,521097.5.peg.1997
g.1959.peg.792,g.1959.peg.979
