EX_ac_e,AKGDH,ENO
EX_ac_e,AKGDH,GAPD
EX_ac_e,AKGDH,PGK
EX_ac_e,AKGDH,PGM
EX_ac_e,ENO,FUM
EX_ac_e,ENO,SUCDi
EX_ac_e,ENO,SUCOAS
EX_ac_e,FUM,GAPD
EX_ac_e,FUM,PGK
EX_ac_e,FUM,PGM
EX_ac_e,GAPD,SUCDi
EX_ac_e,GAPD,SUCOAS
EX_ac_e,PGK,SUCDi
EX_ac_e,PGK,SUCOAS
EX_ac_e,PGM,SUCDi
EX_ac_e,PGM,SUCOAS
EX_co2_e,EX_fe2_e,EX_h_e
EX_co2_e,EX_fe3_e,EX_h_e
EX_co2_e,EX_for_e,ENO
EX_co2_e,EX_for_e,GAPD
EX_co2_e,EX_for_e,PGK
EX_co2_e,EX_for_e,PGM
EX_co2_e,EX_h_e,EX_o2_e
EX_co2_e,EX_h_e,FE2tex
EX_co2_e,EX_h_e,FE3tex
EX_co2_e,EX_h_e,FEROpp
EX_co2_e,EX_h_e,O2tex
EX_co2_e,ENO,FORtex
EX_co2_e,ENO,FORtppi
EX_co2_e,ENO,PFL
EX_co2_e,FORtex,GAPD
EX_co2_e,FORtex,PGK
EX_co2_e,FORtex,PGM
EX_co2_e,FORtppi,GAPD
EX_co2_e,FORtppi,PGK
EX_co2_e,FORtppi,PGM
EX_co2_e,GAPD,PFL
EX_co2_e,PFL,PGK
EX_co2_e,PFL,PGM
EX_cytd_e,CYTD,CYTK1
EX_fe2_e,EX_h_e,CO2tex
EX_fe3_e,EX_h_e,CO2tex
EX_fe3_e,FEROpp,FESD1s
EX_fe3_e,FEROpp,FESR
EX_fe3_e,FEROpp,O2tpp
EX_for_e,EX_h2o_e,ENO
EX_for_e,EX_h2o_e,GAPD
EX_for_e,EX_h2o_e,PGK
EX_for_e,EX_h2o_e,PGM
EX_for_e,CO2tex,ENO
EX_for_e,CO2tex,GAPD
EX_for_e,CO2tex,PGK
EX_for_e,CO2tex,PGM
EX_for_e,ENO,H2Otex
EX_for_e,ENO,H2Otpp
EX_for_e,GAPD,H2Otex
EX_for_e,GAPD,H2Otpp
EX_for_e,H2Otex,PGK
EX_for_e,H2Otex,PGM
EX_for_e,H2Otpp,PGK
EX_for_e,H2Otpp,PGM
EX_glyc_e,EX_h_e,EX_h2o_e
EX_glyc_e,EX_h_e,H2Otex
EX_h_e,EX_h2o_e,ENO
EX_h_e,EX_h2o_e,GAPD
EX_h_e,EX_h2o_e,GLYCtex
EX_h_e,EX_h2o_e,PGK
EX_h_e,EX_h2o_e,PGM
EX_h_e,EX_o2_e,CO2tex
EX_h_e,EX_o2_e,CO2tpp
EX_h_e,EX_o2_e,PDH
EX_h_e,CO2tex,FE2tex
EX_h_e,CO2tex,FE3tex
EX_h_e,CO2tex,FEROpp
EX_h_e,CO2tex,O2tex
EX_h_e,CO2tpp,O2tex
EX_h_e,ENO,H2Otex
EX_h_e,GAPD,H2Otex
EX_h_e,GLYCtex,H2Otex
EX_h_e,H2Otex,PGK
EX_h_e,H2Otex,PGM
EX_h_e,O2tex,PDH
EX_h2o_e,ENO,FORtex
EX_h2o_e,ENO,FORtppi
EX_h2o_e,ENO,PFL
EX_h2o_e,FORtex,GAPD
EX_h2o_e,FORtex,PGK
EX_h2o_e,FORtex,PGM
EX_h2o_e,FORtppi,GAPD
EX_h2o_e,FORtppi,PGK
EX_h2o_e,FORtppi,PGM
EX_h2o_e,GAPD,PFL
EX_h2o_e,PFL,PGK
EX_h2o_e,PFL,PGM
EX_meoh_e,GAPD,Htex
EX_meoh_e,GAPD,I2FE2SS
EX_meoh_e,GAPD,I2FE2SS2
EX_meoh_e,GAPD,I2FE2ST
EX_meoh_e,GAPD,I4FE4SR
EX_meoh_e,GAPD,I4FE4ST
EX_meoh_e,GAPD,IMPD
EX_meoh_e,GAPD,IPDPS
EX_meoh_e,GAPD,LDH_D
EX_meoh_e,GAPD,LDH_D2
EX_meoh_e,GAPD,MDH
EX_meoh_e,GAPD,MECDPDH5
EX_meoh_e,GAPD,MG2tpp
EX_meoh_e,GAPD,MGSA
EX_meoh_e,GAPD,MN2tpp
EX_meoh_e,GAPD,MNt2pp
EX_meoh_e,GAPD,MOX
EX_meoh_e,GAPD,MTHFC
EX_meoh_e,GAPD,MTHFD
EX_meoh_e,GAPD,NADH10
EX_meoh_e,GAPD,NADH16pp
EX_meoh_e,GAPD,NDPK1
EX_meoh_e,GAPD,NDPK3
EX_meoh_e,GAPD,NI2tpp
EX_meoh_e,GAPD,OPHHX
EX_meoh_e,GAPD,PAPSR
EX_meoh_e,GAPD,PDH
EX_meoh_e,GAPD,PDX5POi
EX_meoh_e,GAPD,PFK
EX_meoh_e,GAPD,PFL
EX_meoh_e,GAPD,PGCD
EX_meoh_e,GAPD,PGI
EX_meoh_e,GAPD,PGL
EX_meoh_e,GAPD,PGM
EX_meoh_e,GAPD,PIt2rpp
EX_meoh_e,GAPD,POR5
EX_meoh_e,GAPD,PPK
EX_meoh_e,GAPD,PPM
EX_meoh_e,GAPD,PPPGO
EX_meoh_e,GAPD,PRASCSi_copy1
EX_meoh_e,GAPD,PRPPS
EX_meoh_e,GAPD,PSERT
EX_meoh_e,GAPD,PSP_L
EX_meoh_e,GAPD,PTAr
EX_meoh_e,GAPD,PUNP1
EX_meoh_e,GAPD,RNDR4
EX_meoh_e,GAPD,RNTR1c2
EX_meoh_e,GAPD,RNTR2c2
EX_meoh_e,GAPD,RNTR3c2
EX_meoh_e,GAPD,RPE
EX_meoh_e,GAPD,RPI
EX_meoh_e,GAPD,SO4t2pp
EX_meoh_e,GAPD,SUCOAS
EX_meoh_e,GAPD,TALA
EX_meoh_e,GAPD,THD2pp
EX_meoh_e,GAPD,THRt2pp
EX_meoh_e,GAPD,THRt4pp
EX_meoh_e,GAPD,TKT1
EX_meoh_e,GAPD,TKT2
EX_meoh_e,GAPD,TRDR
EX_meoh_e,GAPD,TRPS1
EX_meoh_e,GAPD,VALTA
EX_meoh_e,GAPD,ZN2tpp
EX_meoh_e,GAPD,URIDK2r
EX_meoh_e,GAPD,MECDPDH2
EX_meoh_e,GAPD,PRASCSi_copy2
EX_meoh_e,GAPD,SK_thf_c
EX_meoh_e,GARFT,GHMT2r
EX_meoh_e,GARFT,GLCptspp
EX_meoh_e,GARFT,GLU5K
EX_meoh_e,GARFT,GLUDy
EX_meoh_e,GARFT,GLUt2rpp
EX_meoh_e,GARFT,GLUt4pp
EX_meoh_e,GARFT,GTHOr
EX_meoh_e,GARFT,GTHPi_copy1
EX_meoh_e,GARFT,H2Otex
EX_meoh_e,GARFT,H2Otpp
EX_meoh_e,GARFT,HACD1
EX_meoh_e,GARFT,HACD2
EX_meoh_e,GARFT,HACD3
EX_meoh_e,GARFT,HACD4
EX_meoh_e,GARFT,HACD5
EX_meoh_e,GARFT,HACD6
EX_meoh_e,GARFT,HACD7
EX_meoh_e,GARFT,Htex
EX_meoh_e,GARFT,I2FE2SS
EX_meoh_e,GARFT,I2FE2SS2
EX_meoh_e,GARFT,I2FE2ST
EX_meoh_e,GARFT,I4FE4SR
EX_meoh_e,GARFT,I4FE4ST
EX_meoh_e,GARFT,IMPD
EX_meoh_e,GARFT,IPDPS
EX_meoh_e,GARFT,MDH2
EX_meoh_e,GARFT,MECDPDH5
EX_meoh_e,GARFT,MG2tpp
EX_meoh_e,GARFT,MN2tpp
EX_meoh_e,GARFT,MOX
EX_meoh_e,GARFT,MTHFC
EX_meoh_e,GARFT,MTHFD
EX_meoh_e,GARFT,NADH10
EX_meoh_e,GARFT,NADH16pp
EX_meoh_e,GARFT,NDPK1
EX_meoh_e,GARFT,NDPK3
EX_meoh_e,GARFT,NDPK6
EX_meoh_e,GARFT,NI2tpp
EX_meoh_e,GARFT,O2tex
EX_meoh_e,GARFT,O2tpp
EX_meoh_e,GARFT,OPHHX
EX_meoh_e,GARFT,PAPSR
EX_meoh_e,GARFT,PDH
EX_meoh_e,GARFT,PDX5POi
EX_meoh_e,GARFT,PFK
EX_meoh_e,GARFT,PFL
EX_meoh_e,GARFT,PGCD
EX_meoh_e,GARFT,PGI
EX_meoh_e,GARFT,PGK
EX_meoh_e,GARFT,PGM
EX_meoh_e,GARFT,PIt2rpp
EX_meoh_e,GARFT,POR5
EX_meoh_e,GARFT,PPK
EX_meoh_e,GARFT,PPM
EX_meoh_e,GARFT,PPPGO
EX_meoh_e,GARFT,PRASCSi_copy1
EX_meoh_e,GARFT,PRPPS
EX_meoh_e,GARFT,PSERT
EX_meoh_e,GARFT,PSP_L
EX_meoh_e,GARFT,PTAr
EX_meoh_e,GARFT,PUNP1
EX_meoh_e,GARFT,RNDR4
EX_meoh_e,GARFT,RNTR1c2
EX_meoh_e,GARFT,RNTR2c2
EX_meoh_e,GARFT,RNTR3c2
EX_meoh_e,GARFT,RNTR4c2
EX_meoh_e,GARFT,RPE
EX_meoh_e,GARFT,RPI
EX_meoh_e,GARFT,SO4t2pp
EX_meoh_e,GARFT,SUCOAS
EX_meoh_e,GARFT,TALA
EX_meoh_e,GARFT,THD2pp
EX_meoh_e,GARFT,THRt2rpp
EX_meoh_e,GARFT,THRt4pp
EX_meoh_e,GARFT,TKT1
EX_meoh_e,GARFT,TKT2
EX_meoh_e,GARFT,TPI
EX_meoh_e,GARFT,TRDR
EX_meoh_e,GARFT,TRPS1
EX_meoh_e,GARFT,VALTA
EX_meoh_e,GARFT,ZN2tpp
EX_meoh_e,GARFT,URIDK2r
EX_meoh_e,GARFT,MECDPDH2
EX_meoh_e,GARFT,PRASCSi_copy2
EX_meoh_e,GARFT,SK_thf_c
EX_meoh_e,GART,GHMT2r
EX_meoh_e,GART,GLCptspp
EX_meoh_e,GART,GLU5K
EX_meoh_e,GART,GLUDy
EX_meoh_e,GART,GLUt2rpp
EX_meoh_e,GART,GLUt4pp
EX_meoh_e,GART,GTHOr
EX_meoh_e,GART,GTHPi_copy1
EX_meoh_e,GART,H2Otex
EX_meoh_e,GART,H2Otpp
EX_meoh_e,GART,HACD1
EX_meoh_e,GART,HACD2
EX_meoh_e,GART,HACD3
EX_meoh_e,GART,HACD4
EX_meoh_e,GART,HACD5
EX_meoh_e,GART,HACD6
EX_meoh_e,GART,HACD7
EX_meoh_e,GART,Htex
EX_meoh_e,GART,I2FE2SS
EX_meoh_e,GART,I2FE2SS2
EX_meoh_e,GART,I2FE2ST
EX_meoh_e,GART,I4FE4SR
EX_meoh_e,GART,I4FE4ST
EX_meoh_e,GART,IMPD
EX_meoh_e,GART,IPDPS
EX_meoh_e,GART,MDH2
EX_meoh_e,GART,MECDPDH5
EX_meoh_e,GART,MG2tpp
EX_meoh_e,GART,MN2tpp
EX_meoh_e,GART,MOX
EX_meoh_e,GART,MTHFC
EX_meoh_e,GART,MTHFD
EX_meoh_e,GART,NADH10
EX_meoh_e,GART,NADH16pp
EX_meoh_e,GART,NDPK1
EX_meoh_e,GART,NDPK3
EX_meoh_e,GART,NDPK6
EX_meoh_e,GART,NI2tpp
EX_meoh_e,GART,O2tex
EX_meoh_e,GART,O2tpp
EX_meoh_e,GART,OPHHX
EX_meoh_e,GART,PAPSR
EX_meoh_e,GART,PDH
EX_meoh_e,GART,PDX5POi
EX_meoh_e,GART,PFK
EX_meoh_e,GART,PFL
EX_meoh_e,GART,PGCD
EX_meoh_e,GART,PGI
EX_meoh_e,GART,PGK
EX_meoh_e,GART,PGM
EX_meoh_e,GART,PIt2rpp
EX_meoh_e,GART,POR5
EX_meoh_e,GART,PPK
EX_o2_e,DHBS,FE3abcpp
EX_o2_e,DHBS,FE3tex
EX_o2_e,DHBSH,FE3abcpp
EX_o2_e,DHBSH,FE3tex
EX_o2_e,DHORD5,DHORDfum
EX_o2_e,DHORDfum,FRD2
EX_o2_e,ENTCS,FE3abcpp
EX_o2_e,ENTCS,FE3tex
EX_o2_e,ENTERES2,FE3abcpp
EX_o2_e,ENTERES2,FE3tex
EX_o2_e,FE3abcpp,FEENTERabcpp
EX_o2_e,FE3abcpp,FEENTERexs
EX_o2_e,FE3abcpp,FEENTERtex
EX_o2_e,FE3abcpp,FEENTERtonex
EX_o2_e,FE3abcpp,FEENTERtpp
EX_o2_e,FE3abcpp,SERASr
EX_o2_e,FE3tex,FEENTERabcpp
EX_o2_e,FE3tex,FEENTERexs
EX_o2_e,FE3tex,FEENTERtex
EX_o2_e,FE3tex,FEENTERtonex
EX_o2_e,FE3tex,FEENTERtpp
EX_o2_e,FE3tex,SERASr
EX_o2_e,G6PDH2r,RPE
EX_o2_e,G6PDH2r,TKT2
EX_o2_e,MOX,PDX5PO2
EX_o2_e,PGL,RPE
EX_o2_e,PGL,TKT2
EX_succ_e,PPPGO,SUCDi
EX_succ_e,SUCDi,SUCOAS
3HAD140,AACPS1,AACPS3
3HAD140,AACPS1,ACACT7r
3HAD140,AACPS1,ACOAD7f
3HAD140,AACPS1,ECOAH7
3HAD140,AACPS1,FACOAE160
3HAD140,AACPS1,HACD7
3HAD140,AACPS3,FACOAE140
3HAD140,ACACT1r,FACOAL120t2pp
3HAD140,ACACT2r,FACOAL120t2pp
3HAD140,ACACT3r,FACOAL120t2pp
3HAD140,ACACT4r,FACOAL120t2pp
3HAD140,ACACT5r,FACOAL120t2pp
3HAD140,ACACT7r,FACOAE140
3HAD140,ACOAD1f,FACOAL120t2pp
3HAD140,ACOAD2f,FACOAL120t2pp
3HAD140,ACOAD3f,FACOAL120t2pp
3HAD140,ACOAD4f,FACOAL120t2pp
3HAD140,ACOAD5f,FACOAL120t2pp
3HAD140,ACOAD7f,FACOAE140
3HAD140,ECOAH1,FACOAL120t2pp
3HAD140,ECOAH2,FACOAL120t2pp
3HAD140,ECOAH3,FACOAL120t2pp
3HAD140,ECOAH4,FACOAL120t2pp
3HAD140,ECOAH5,FACOAL120t2pp
3HAD140,ECOAH7,FACOAE140
3HAD140,FACOAE140,FACOAE160
3HAD140,FACOAE140,HACD7
3HAD140,FACOAL120t2pp,HACD1
3HAD140,FACOAL120t2pp,HACD2
3HAD140,FACOAL120t2pp,HACD3
3HAD140,FACOAL120t2pp,HACD4
3HAD140,FACOAL120t2pp,HACD5
3HAD160,ACACT6r,FACOAL140t2pp
3HAD160,ACOAD6f,FACOAL140t2pp
3HAD160,ECOAH6,FACOAL140t2pp
3HAD160,FACOAL140t2pp,HACD6
3OAR160,ACACT6r,FACOAL140t2pp
3OAR160,ACOAD6f,FACOAL140t2pp
3OAR160,ECOAH6,FACOAL140t2pp
3OAR160,FACOAL140t2pp,HACD6
3OAS160,ACACT6r,FACOAL140t2pp
3OAS160,ACOAD6f,FACOAL140t2pp
3OAS160,ECOAH6,FACOAL140t2pp
3OAS160,FACOAL140t2pp,HACD6
AACPS3,EAR160x,EAR160y
AACPS7,EAR120x,EAR120y
AACPS9,EAR40x,EAR40y
AACPS9,EAR60x,EAR60y
AACPS9,EAR80x,EAR80y
AACPS9,KAS14,KAS15
ACACT1r,EAR100x,EAR100y
ACACT1r,EAR120x,EAR120y
ACACT1r,EAR40x,EAR40y
ACACT1r,EAR60x,EAR60y
ACACT1r,EAR80x,EAR80y
ACACT1r,KAS14,KAS15
ACACT2r,EAR100x,EAR100y
ACACT2r,EAR120x,EAR120y
ACACT2r,EAR40x,EAR40y
ACACT2r,EAR60x,EAR60y
ACACT2r,EAR80x,EAR80y
ACACT2r,KAS14,KAS15
ACACT3r,EAR100x,EAR100y
ACACT3r,EAR120x,EAR120y
ACACT3r,EAR40x,EAR40y
ACACT3r,EAR60x,EAR60y
ACACT3r,EAR80x,EAR80y
ACACT3r,KAS14,KAS15
ACACT4r,EAR100x,EAR100y
ACACT4r,EAR120x,EAR120y
ACACT5r,EAR120x,EAR120y
ACACT6r,EAR140x,EAR140y
ACACT7r,EAR160x,EAR160y
ACKr,AKGDH,ENO
ACKr,AKGDH,GAPD
ACKr,AKGDH,PGK
ACKr,AKGDH,PGM
ACKr,ENO,FUM
ACKr,ENO,SUCDi
ACKr,ENO,SUCOAS
ACKr,FUM,GAPD
ACKr,FUM,PGK
ACKr,FUM,PGM
ACKr,GAPD,SUCDi
ACKr,GAPD,SUCOAS
ACKr,PGK,SUCDi
ACKr,PGK,SUCOAS
ACKr,PGM,SUCDi
ACKr,PGM,SUCOAS
ACOAD1f,EAR100x,EAR100y
ACOAD1f,EAR120x,EAR120y
ACOAD1f,EAR40x,EAR40y
ACOAD1f,EAR60x,EAR60y
ACOAD1f,EAR80x,EAR80y
ACOAD1f,KAS14,KAS15
ACOAD2f,EAR100x,EAR100y
ACOAD2f,EAR120x,EAR120y
ACOAD2f,EAR40x,EAR40y
ACOAD2f,EAR60x,EAR60y
ACOAD2f,EAR80x,EAR80y
ACOAD2f,KAS14,KAS15
ACOAD3f,EAR100x,EAR100y
ACOAD3f,EAR120x,EAR120y
ACOAD3f,EAR40x,EAR40y
ACOAD3f,EAR60x,EAR60y
ACOAD3f,EAR80x,EAR80y
ACOAD3f,KAS14,KAS15
ACOAD4f,EAR100x,EAR100y
ACOAD4f,EAR120x,EAR120y
ACOAD5f,EAR120x,EAR120y
ACOAD6f,EAR140x,EAR140y
ACOAD7f,EAR160x,EAR160y
ACt2rpp,AKGDH,ENO
ACt2rpp,AKGDH,GAPD
ACt2rpp,AKGDH,PGK
ACt2rpp,AKGDH,PGM
ACt2rpp,ENO,FUM
ACt2rpp,ENO,SUCDi
ACt2rpp,ENO,SUCOAS
ACt2rpp,FUM,GAPD
ACt2rpp,FUM,PGK
ACt2rpp,FUM,PGM
ACt2rpp,GAPD,SUCDi
ACt2rpp,GAPD,SUCOAS
ACt2rpp,PGK,SUCDi
ACt2rpp,PGK,SUCOAS
ACt2rpp,PGM,SUCDi
ACt2rpp,PGM,SUCOAS
ACtex,AKGDH,ENO
ACtex,AKGDH,GAPD
ACtex,AKGDH,PGK
ACtex,AKGDH,PGM
ACtex,ENO,FUM
ACtex,ENO,SUCDi
ACtex,ENO,SUCOAS
ACtex,FUM,GAPD
ACtex,FUM,PGK
ACtex,FUM,PGM
ACtex,GAPD,SUCDi
ACtex,GAPD,SUCOAS
ACtex,PGK,SUCDi
ACtex,PGK,SUCOAS
ACtex,PGM,SUCDi
ACtex,PGM,SUCOAS
ADK1,ADK3,PPM
ADK1,ADK3,PRPPS
ADK1,ADK3,R15BPK
ADK1,ADK3,R1PK
ADK1,NDPK1,PPM
ADK1,NDPK1,PRPPS
ADK1,NDPK1,R15BPK
ADK1,NDPK1,R1PK
AKGDH,ENO,PTAr
AKGDH,GAPD,PTAr
AKGDH,PGK,PTAr
AKGDH,PGM,PTAr
CBMKr,CYTBO3_4pp,OPMEACPD
CO2tex,ENO,FORtex
CO2tex,ENO,FORtppi
CO2tex,ENO,PFL
CO2tex,FORtex,GAPD
CO2tex,FORtex,PGK
CO2tex,FORtex,PGM
CO2tex,FORtppi,GAPD
CO2tex,FORtppi,PGK
CO2tex,FORtppi,PGM
CO2tex,GAPD,PFL
CO2tex,PFL,PGK
CO2tex,PFL,PGM
CO2tpp,ENO,FORtppi
CO2tpp,ENO,PFL
CO2tpp,FORtppi,GAPD
CO2tpp,FORtppi,PGK
CO2tpp,FORtppi,PGM
CO2tpp,GAPD,PFL
CO2tpp,PFL,PGK
CO2tpp,PFL,PGM
CYTD,CYTDtex,CYTK1
CYTD,CYTK1,RPI
CYTD,CYTK1,CYTDt2pp_copy2
CYTD,NDPK3,RPI
DBTS,DCTPD,NDPK3
DBTS,DHAtex,TPI
DBTS,DHAtpp,TPI
DBTS,DHORD5,I4FE4SR
DBTS,DHORD5,I4FE4ST
DBTS,DHORD5,IMPD
DBTS,DHORD5,IPDPS
DBTS,DHORD5,MDH2
DBTS,DHORD5,MG2t3_2pp
DBTS,DHORD5,MNt2pp
DBTS,DHORD5,MOX
DBTS,DHORD5,MTHFC
DBTS,DHORD5,MTHFD
DBTS,DHORD5,NADH10
DBTS,DHORD5,NADH16pp
DBTS,DHORD5,NDPK1
DBTS,DHORD5,PDH
DBTS,DHORD5,PDX5POi
DBTS,DHORD5,PFL
DBTS,DHORD5,PGM
DBTS,DHORD5,PPPGO
DBTS,DHORD5,PROt2rpp
DBTS,DHORD5,PROt4pp
DBTS,DHORD5,PRPPS
DBTS,DHORD5,PSERT
DBTS,DHORD5,PSP_L
DBTS,DHORD5,SO4t2pp
DBTS,DHORD5,TALA
DBTS,DHORD5,THD2pp
DBTS,DHORD5,TKT2
DBTS,DHORD5,TPI
DBTS,DHORD5,TRDR
DBTS,DHORD5,TRPS1
DBTS,DHORD5,VALTA
DBTS,DHORD5,ZN2tpp
DBTS,DHORD5,FADRx_copy2
DBTS,DHORD5,URIDK2r
DBTS,DHORD5,MECDPDH2
DBTS,DHORD5,PRASCSi_copy2
DBTS,DHORD5,SK_thf_c
DBTS,DHORDfum,O2tex
DBTS,DHORDfum,O2tpp
DBTS,DUTPDP,URIDK2r
DBTS,EAR121y,PGK
DBTS,EAR141y,PGK
DBTS,EAR161y,PGK
DBTS,EDA,O2tex
DBTS,EDA,O2tpp
DBTS,EDA,PGM
DBTS,EDA,TPI
DBTS,EDD,O2tex
DBTS,EDD,O2tpp
DBTS,EDD,PGM
DBTS,EDD,TPI
DBTS,ETOHtex,MTHFC
DBTS,ETOHtex,MTHFD
DBTS,ETOHtex,NADH10
DBTS,ETOHtex,NADH16pp
DBTS,ETOHtex,NDPK1
DBTS,ETOHtex,O2tex
DBTS,ETOHtex,O2tpp
DBTS,ETOHtex,PAPSR
DBTS,ETOHtex,PDH
DBTS,ETOHtex,PDX5POi
DBTS,ETOHtex,PGCD
DBTS,ETOHtex,POR5
DBTS,ETOHtex,PPK
DBTS,ETOHtex,PTAr
DBTS,ETOHtex,PUNP1
DBTS,ETOHtex,RNDR4
DBTS,ETOHtex,RNTR1c2
DBTS,ETOHtex,RNTR2c2
DBTS,ETOHtex,RNTR3c2
DBTS,ETOHtrpp,MTHFC
DBTS,ETOHtrpp,MTHFD
DBTS,ETOHtrpp,NADH10
DBTS,ETOHtrpp,NADH16pp
DBTS,ETOHtrpp,NDPK1
DBTS,ETOHtrpp,O2tex
DBTS,ETOHtrpp,O2tpp
DBTS,ETOHtrpp,PAPSR
DBTS,ETOHtrpp,PDH
DBTS,ETOHtrpp,PDX5POi
DBTS,ETOHtrpp,PGCD
DBTS,ETOHtrpp,POR5
DBTS,ETOHtrpp,PPK
DBTS,ETOHtrpp,PTAr
DBTS,ETOHtrpp,PUNP1
DBTS,ETOHtrpp,RNDR4
DBTS,ETOHtrpp,RNTR1c2
DBTS,ETOHtrpp,RNTR2c2
DBTS,ETOHtrpp,RNTR3c2
DBTS,FADRx_copy1,I4FE4SR
DBTS,FADRx_copy1,I4FE4ST
DBTS,FADRx_copy1,IMPD
DBTS,FADRx_copy1,IPDPS
DBTS,FADRx_copy1,MDH2
DBTS,FADRx_copy1,MG2t3_2pp
DBTS,FADRx_copy1,MNt2pp
DBTS,FADRx_copy1,MOX
DBTS,FADRx_copy1,MTHFC
DBTS,FADRx_copy1,MTHFD
DBTS,FADRx_copy1,NADH10
DBTS,FADRx_copy1,NADH16pp
DBTS,FADRx_copy1,NDPK1
DBTS,FADRx_copy1,NDPK3
DBTS,FADRx_copy1,NI2tpp
DBTS,FADRx_copy1,O2tex
DBTS,FADRx_copy1,O2tpp
DBTS,FADRx_copy1,OPHHX
DBTS,FADRx_copy1,PAPSR
DBTS,FADRx_copy1,PDH
DBTS,FADRx_copy1,PDX5POi
DBTS,FADRx_copy1,PFK
DBTS,FADRx_copy1,PFL
DBTS,FADRx_copy1,PGCD
DBTS,FADRx_copy1,PGI
DBTS,FADRx_copy1,PGM
DBTS,FADRx_copy1,PTAr
DBTS,FADRx_copy1,PUNP1
DBTS,FADRx_copy1,RNDR4
DBTS,FADRx_copy1,RNTR1c2
DBTS,FADRx_copy1,RNTR2c2
DBTS,FADRx_copy1,RNTR3c2
DBTS,FADRx_copy1,RPE
DBTS,FADRx_copy1,RPI
DBTS,FADRx_copy1,SO4t2pp
DBTS,FADRx_copy1,SUCOAS
DBTS,FADRx_copy1,TALA
DBTS,FADRx_copy1,THD2pp
DBTS,FADRx_copy1,TKT1
DBTS,FADRx_copy1,TKT2
DBTS,FADRx_copy1,TRDR
DBTS,FADRx_copy1,TRPS1
DBTS,FADRx_copy1,VALTA
DBTS,FADRx_copy1,ZN2tpp
DBTS,FADRx_copy1,FADRx_copy2
DBTS,FADRx_copy1,URIDK2r
DBTS,FADRx_copy1,MECDPDH2
DBTS,FADRx_copy1,PRASCSi_copy2
DBTS,FADRx_copy1,SK_thf_c
DBTS,FADRx2,PGK
DBTS,FADRx2,TPI
DBTS,FBA3,O2tex
DBTS,FBA3,O2tpp
DBTS,FBA3,RPE
DBTS,FBA3,TKT2
DBTS,FE2tpp,I4FE4SR
DBTS,FE2tpp,I4FE4ST
DBTS,FE2tpp,IMPD
DBTS,FE2tpp,IPDPS
DBTS,FE2tpp,MDH2
DBTS,FE2tpp,MG2t3_2pp
DBTS,FE2tpp,MNt2pp
DBTS,FE2tpp,MOX
DBTS,FE2tpp,MTHFC
DBTS,FE2tpp,MTHFD
DBTS,FE2tpp,NADH10
DBTS,FE2tpp,NADH16pp
DBTS,FE2tpp,NDPK1
DBTS,FE2tpp,NDPK3
DBTS,FE2tpp,NI2tpp
DBTS,FE2tpp,O2tex
DBTS,FE2tpp,O2tpp
DBTS,FE2tpp,OPHHX
DBTS,FE2tpp,PAPSR
DBTS,FE2tpp,PDH
DBTS,FE2tpp,PDX5POi
DBTS,FE2tpp,PFK
DBTS,FE2tpp,PGCD
DBTS,FE2tpp,PGI
DBTS,FE2tpp,PIt2rpp
DBTS,FE2tpp,POR5
DBTS,FE2tpp,PPK
DBTS,FE2tpp,PPM
DBTS,FE2tpp,PPPGO
DBTS,FE2tpp,PROt2rpp
DBTS,FE2tpp,PROt4pp
DBTS,FE2tpp,PRPPS
DBTS,FE2tpp,PSERT
DBTS,FE2tpp,PSP_L
DBTS,FE2tpp,PTAr
DBTS,FE2tpp,PUNP1
DBTS,FE2tpp,RNDR4
DBTS,FE2tpp,RNTR1c2
DBTS,FE2tpp,RNTR2c2
DBTS,FE2tpp,RNTR3c2
DBTS,FE2tpp,RPE
DBTS,FE2tpp,TALA
DBTS,FE3abcpp,O2tex
DBTS,FE3abcpp,O2tpp
DBTS,FE3tex,O2tex
DBTS,FEROpp,O2tpp
DBTS,FLDR2,POR5
DBTS,FLDR2,PTAr
DBTS,FLDR2,RPE
DBTS,FLDR2,SUCOAS
DBTS,FLDR2,TALA
DBTS,FLDR2,TKT1
DBTS,FLDR2,TKT2
DBTS,FRD2,O2tex
DBTS,FRD2,O2tpp
DBTS,FTHFLi,MTHFC
DBTS,FTHFLi,MTHFD
DBTS,FTHFLi,PGCD
DBTS,FTHFLi,PSERT
DBTS,FTHFLi,PSP_L
DBTS,G6PDH2r,O2tex
DBTS,G6PDH2r,O2tpp
DBTS,G6PDH2r,PGK
DBTS,G6PDH2r,RPE
DBTS,G6PDH2r,TALA
DBTS,G6PDH2r,THD2pp
DBTS,G6PDH2r,TKT1
DBTS,G6PDH2r,TKT2
DBTS,G6PDH2r,TPI
DBTS,GLCDpp,PGK
DBTS,GLCDpp,PGM
DBTS,GLCDpp,TPI
DBTS,GLCNt2rpp,PGK
DBTS,GLCNt2rpp,PGM
DBTS,GLCNt2rpp,TPI
DBTS,GLCt2pp,PFK
DBTS,GLCt2pp,PGI
DBTS,GLCt2pp,PGK
DBTS,GLCt2pp,PGM
DBTS,GLYCL,PFL
DBTS,GLYCL,PGM
DBTS,GLYCL,PTAr
DBTS,GLYCL,THD2pp
DBTS,GLYOX3,PGK
DBTS,GND,O2tex
DBTS,GND,O2tpp
DBTS,GND,TALA
DBTS,GND,THD2pp
DBTS,GND,TKT1
DBTS,GNK,PGK
DBTS,GNK,PGM
DBTS,GNK,TPI
DBTS,GTHOr,I4FE4SR
DBTS,GTHOr,I4FE4ST
DBTS,GTHOr,IMPD
DBTS,GTHOr,IPDPS
DBTS,GTHOr,MDH2
DBTS,GTHOr,MG2t3_2pp
DBTS,GTHOr,MNt2pp
DBTS,GTHOr,MTHFC
DBTS,GTHOr,MTHFD
DBTS,GTHOr,NADH10
DBTS,GTHOr,NADH16pp
DBTS,GTHOr,NDPK1
DBTS,GTHOr,NDPK3
DBTS,GTHOr,NI2tpp
DBTS,GTHOr,PFL
DBTS,GTHOr,PGCD
DBTS,GTHOr,PGI
DBTS,GTHOr,PGK
DBTS,GTHOr,PGM
DBTS,GTHOr,PIt2rpp
DBTS,GTHOr,POR5
DBTS,GTHOr,PSERT
DBTS,GTHOr,PSP_L
DBTS,GTHOr,PTAr
DBTS,GTHOr,PUNP1
DBTS,GTHOr,RNDR4
DBTS,GTHOr,RNTR1c2
DBTS,GTHOr,RNTR2c2
DBTS,GTHOr,RNTR3c2
DBTS,GTHOr,RPE
DBTS,GTHOr,RPI
DBTS,GTHOr,SO4t2pp
DBTS,GTHOr,SUCOAS
DBTS,GTHOr,TALA
DBTS,GTHOr,TKT2
DBTS,GTHOr,TPI
DBTS,GTHPi_copy1,I4FE4SR
DBTS,GTHPi_copy1,I4FE4ST
DBTS,GTHPi_copy1,IMPD
DBTS,GTHPi_copy1,IPDPS
DBTS,GTHPi_copy1,MDH2
DBTS,GTHPi_copy1,MG2t3_2pp
DBTS,GTHPi_copy1,MNt2pp
DBTS,GTHPi_copy1,MTHFC
DBTS,GTHPi_copy1,MTHFD
DBTS,GTHPi_copy1,NADH10
DBTS,GTHPi_copy1,NADH16pp
DBTS,GTHPi_copy1,NDPK1
DBTS,GTHPi_copy1,NDPK3
DBTS,GTHPi_copy1,NI2tpp
DBTS,GTHPi_copy1,PFL
DBTS,GTHPi_copy1,PGCD
DBTS,GTHPi_copy1,PGI
DBTS,GTHPi_copy1,PGK
DBTS,GTHPi_copy1,PIt2rpp
DBTS,GTHPi_copy1,POR5
DBTS,GTHPi_copy1,PSERT
DBTS,GTHPi_copy1,PSP_L
DBTS,GTHPi_copy1,PTAr
DBTS,GTHPi_copy1,RPI
DBTS,GTHPi_copy1,SO4t2pp
DBTS,GTHPi_copy1,SUCOAS
DBTS,GTHPi_copy1,TALA
DBTS,GTHPi_copy1,TKT2
DBTS,GTHPi_copy1,TPI
DBTS,HEX1,PFK
DBTS,HEX1,PGK
DBTS,HEX1,PGM
DBTS,HEX7,PGI
DBTS,I4FE4SR,IMPD
DBTS,I4FE4SR,IPDPS
DBTS,I4FE4SR,MDH2
DBTS,I4FE4SR,MECDPDH5
DBTS,I4FE4SR,MG2t3_2pp
DBTS,I4FE4SR,MG2tpp
DBTS,I4FE4SR,MN2tpp
DBTS,I4FE4SR,MNt2pp
DBTS,I4FE4SR,MOX
DBTS,I4FE4SR,MTHFC
DBTS,I4FE4SR,MTHFD
DBTS,I4FE4SR,NADH10
DBTS,I4FE4SR,NADH16pp
DBTS,I4FE4SR,NADH5
DBTS,I4FE4SR,NDPK1
DBTS,I4FE4SR,NDPK3
DBTS,I4FE4SR,NI2tpp
DBTS,I4FE4SR,O2tex
DBTS,I4FE4SR,O2tpp
DBTS,I4FE4SR,OPHHX
DBTS,I4FE4SR,PAPSR
DBTS,I4FE4SR,PDH
DBTS,I4FE4SR,PDX5POi
DBTS,I4FE4SR,PFK
DBTS,I4FE4SR,PFL
DBTS,I4FE4SR,PGCD
DBTS,I4FE4SR,PGI
DBTS,I4FE4SR,PGK
DBTS,I4FE4SR,PGM
DBTS,I4FE4SR,PIt2rpp
DBTS,I4FE4SR,POR5
DBTS,I4FE4SR,PPK
DBTS,I4FE4SR,PPM
DBTS,I4FE4SR,PPPGO
DBTS,I4FE4SR,PRASCSi_copy1
DBTS,I4FE4SR,PROt2rpp
DBTS,I4FE4SR,PROt4pp
DBTS,I4FE4SR,PRPPS
DBTS,I4FE4SR,PSERT
DBTS,I4FE4SR,PSP_L
DBTS,I4FE4SR,PTAr
DBTS,I4FE4SR,PUNP1
DBTS,I4FE4SR,RNDR4
DBTS,I4FE4SR,RNTR1c2
DBTS,I4FE4SR,RNTR2c2
DBTS,I4FE4SR,RNTR3c2
DBTS,I4FE4SR,RPE
DBTS,I4FE4SR,RPI
DBTS,I4FE4SR,SO4t2pp
DBTS,I4FE4SR,SSALy
DBTS,I4FE4SR,SUCDi
DBTS,I4FE4SR,SUCOAS
DBTS,I4FE4SR,TALA
DBTS,I4FE4SR,THD2pp
DBTS,I4FE4SR,THRt2pp
DBTS,I4FE4SR,THRt4pp
DBTS,I4FE4SR,TKT1
DBTS,I4FE4SR,TKT2
DBTS,I4FE4SR,TPI
DBTS,I4FE4SR,TRDR
DBTS,I4FE4SR,TRPS1
DBTS,I4FE4SR,VALTA
DBTS,I4FE4SR,ZN2tpp
DBTS,I4FE4SR,EX_4hphac_e
DBTS,I4FE4SR,CMCMSAD
DBTS,I4FE4SR,DHEDAA
DBTS,I4FE4SR,4HOXPACt2pp
DBTS,I4FE4SR,DHPDO
DBTS,I4FE4SR,OPTCCL
DBTS,I4FE4SR,HPA3MO
DBTS,I4FE4SR,CMHMI
DBTS,I4FE4SR,FADRx_copy2
DBTS,I4FE4SR,URIDK2r
DBTS,I4FE4SR,MECDPDH2
DBTS,I4FE4SR,PRASCSi_copy2
DBTS,I4FE4SR,HPAtex
DBTS,I4FE4SR,2HH24DDH1_copy2
DBTS,I4FE4SR,SK_thf_c
DBTS,I4FE4ST,IMPD
DBTS,I4FE4ST,IPDPS
DBTS,I4FE4ST,MDH2
DBTS,I4FE4ST,MECDPDH5
DBTS,I4FE4ST,MG2t3_2pp
DBTS,I4FE4ST,MG2tpp
DBTS,I4FE4ST,MN2tpp
DBTS,I4FE4ST,MNt2pp
DBTS,I4FE4ST,MOX
DBTS,I4FE4ST,MTHFC
DBTS,I4FE4ST,MTHFD
DBTS,I4FE4ST,NADH10
DBTS,I4FE4ST,NADH16pp
DBTS,I4FE4ST,NADH5
DBTS,I4FE4ST,NDPK1
DBTS,I4FE4ST,NDPK3
DBTS,I4FE4ST,NI2tpp
DBTS,I4FE4ST,O2tex
DBTS,I4FE4ST,O2tpp
DBTS,I4FE4ST,OPHHX
DBTS,I4FE4ST,PAPSR
DBTS,I4FE4ST,PDH
DBTS,I4FE4ST,PDX5POi
DBTS,I4FE4ST,PFK
DBTS,I4FE4ST,PFL
DBTS,I4FE4ST,PGCD
DBTS,I4FE4ST,PGI
DBTS,I4FE4ST,PGK
DBTS,I4FE4ST,PGM
DBTS,I4FE4ST,PIt2rpp
DBTS,I4FE4ST,POR5
DBTS,I4FE4ST,PPK
DBTS,I4FE4ST,PPM
DBTS,I4FE4ST,PPPGO
DBTS,I4FE4ST,PRASCSi_copy1
DBTS,I4FE4ST,PROt2rpp
DBTS,I4FE4ST,PROt4pp
DBTS,I4FE4ST,PRPPS
DBTS,I4FE4ST,PSERT
DBTS,I4FE4ST,PSP_L
DBTS,I4FE4ST,PTAr
DBTS,I4FE4ST,PUNP1
DBTS,I4FE4ST,RNDR4
DBTS,I4FE4ST,RNTR1c2
DBTS,I4FE4ST,RNTR2c2
DBTS,I4FE4ST,RNTR3c2
DBTS,I4FE4ST,RPE
DBTS,I4FE4ST,RPI
DBTS,I4FE4ST,SBTPD
DBTS,I4FE4ST,SBTptspp
DBTS,I4FE4ST,SBTtex
DBTS,I4FE4ST,SO4t2pp
DBTS,I4FE4ST,SUCOAS
DBTS,I4FE4ST,TALA
DBTS,I4FE4ST,THD2pp
DBTS,I4FE4ST,THRt2pp
DBTS,I4FE4ST,THRt4pp
DBTS,I4FE4ST,TKT1
DBTS,I4FE4ST,TKT2
DBTS,I4FE4ST,TPI
DBTS,I4FE4ST,TRDR
DBTS,I4FE4ST,TRPS1
DBTS,I4FE4ST,VALTA
DBTS,I4FE4ST,ZN2tpp
DBTS,I4FE4ST,FADRx_copy2
DBTS,I4FE4ST,URIDK2r
DBTS,I4FE4ST,MECDPDH2
DBTS,I4FE4ST,PRASCSi_copy2
DBTS,I4FE4ST,SK_thf_c
DBTS,IMPD,IPDPS
DBTS,IMPD,M1PD
DBTS,IMPD,MDH2
DBTS,IMPD,MECDPDH5
DBTS,IMPD,MG2t3_2pp
DBTS,IMPD,MG2tpp
DBTS,IMPD,MN2tpp
DBTS,IMPD,MNLptspp
DBTS,IMPD,MNLtex
DBTS,IMPD,MNt2pp
DBTS,IMPD,MOX
DBTS,IMPD,MTHFC
DBTS,IMPD,MTHFD
DBTS,IMPD,NADH10
DBTS,IMPD,NADH16pp
DBTS,IMPD,NADH5
DBTS,IMPD,NDPK1
DBTS,IMPD,NDPK3
DBTS,IMPD,NI2tpp
DBTS,IMPD,NTD11
DBTS,IMPD,O2tex
DBTS,IMPD,O2tpp
DBTS,IMPD,OPHHX
DBTS,IMPD,PAPSR
DBTS,IMPD,PDH
DBTS,IMPD,PDX5POi
DBTS,IMPD,PFK
DBTS,IMPD,PFL
DBTS,IMPD,PGCD
DBTS,IMPD,PGI
DBTS,IMPD,PGK
DBTS,IMPD,PGM
DBTS,IMPD,PIt2rpp
DBTS,IMPD,POR5
DBTS,IMPD,PPK
DBTS,IMPD,PPM
DBTS,IMPD,PPPGO
DBTS,IMPD,PRASCSi_copy1
DBTS,IMPD,PROt2rpp
DBTS,IMPD,PROt4pp
DBTS,IMPD,PRPPS
DBTS,IMPD,PSERT
DBTS,IMPD,PSP_L
DBTS,IMPD,PTAr
DBTS,IMPD,PUNP1
DBTS,IMPD,PUNP5
DBTS,IMPD,R15BPK
DBTS,IMPD,R1PK
DBTS,IMPD,RNDR4
DBTS,IMPD,RNTR1c2
DBTS,IMPD,RNTR2c2
DBTS,IMPD,RNTR3c2
DBTS,IMPD,RPE
DBTS,IMPD,RPI
DBTS,IMPD,SO4t2pp
DBTS,IMPD,SUCOAS
DBTS,IMPD,TALA
DBTS,IMPD,THD2pp
DBTS,IMPD,THRt2pp
DBTS,IMPD,THRt4pp
DBTS,IMPD,TKT1
DBTS,IMPD,TKT2
DBTS,IMPD,TPI
DBTS,IMPD,TRDR
DBTS,IMPD,TRPS1
DBTS,IMPD,VALTA
DBTS,IMPD,ZN2tpp
DBTS,IMPD,FADRx_copy2
DBTS,IMPD,URIDK2r
DBTS,IMPD,MECDPDH2
DBTS,IMPD,PRASCSi_copy2
DBTS,IMPD,SK_thf_c
DBTS,IPDPS,M1PD
DBTS,IPDPS,MDH2
DBTS,IPDPS,MECDPDH5
DBTS,IPDPS,MG2t3_2pp
DBTS,IPDPS,MG2tpp
DBTS,IPDPS,MN2tpp
DBTS,IPDPS,MNLptspp
DBTS,IPDPS,MNLtex
DBTS,IPDPS,MNt2pp
DBTS,IPDPS,MOX
DBTS,IPDPS,MTHFC
DBTS,IPDPS,MTHFD
DBTS,IPDPS,NADH10
DBTS,IPDPS,NADH16pp
DBTS,IPDPS,NADH5
DBTS,IPDPS,NDPK1
DBTS,IPDPS,NDPK3
DBTS,IPDPS,NI2tpp
DBTS,IPDPS,O2tex
DBTS,IPDPS,O2tpp
DBTS,IPDPS,OPHHX
DBTS,IPDPS,PAPSR
DBTS,IPDPS,PDH
DBTS,IPDPS,PDX5POi
DBTS,IPDPS,PFK
DBTS,IPDPS,PFL
DBTS,IPDPS,PGCD
DBTS,IPDPS,PGI
DBTS,IPDPS,PGK
DBTS,IPDPS,PGM
DBTS,IPDPS,PIt2rpp
DBTS,IPDPS,POR5
DBTS,IPDPS,PPK
DBTS,IPDPS,PPM
DBTS,IPDPS,PPPGO
DBTS,IPDPS,PRASCSi_copy1
DBTS,IPDPS,PROt2rpp
DBTS,IPDPS,PROt4pp
DBTS,IPDPS,PRPPS
DBTS,IPDPS,PSERT
DBTS,IPDPS,PSP_L
DBTS,IPDPS,PTAr
DBTS,IPDPS,PUNP1
DBTS,IPDPS,RNDR4
DBTS,IPDPS,RNTR1c2
DBTS,IPDPS,RNTR2c2
DBTS,IPDPS,RNTR3c2
DBTS,IPDPS,RPE
DBTS,IPDPS,RPI
DBTS,IPDPS,SO4t2pp
DBTS,IPDPS,SUCOAS
DBTS,IPDPS,TALA
DBTS,IPDPS,THD2pp
DBTS,IPDPS,THRt2pp
DBTS,IPDPS,THRt4pp
DBTS,IPDPS,TKT1
DBTS,IPDPS,TKT2
DBTS,IPDPS,TPI
DBTS,IPDPS,TRDR
DBTS,IPDPS,TRPS1
DBTS,IPDPS,VALTA
DBTS,IPDPS,ZN2tpp
DBTS,IPDPS,FADRx_copy2
DBTS,IPDPS,URIDK2r
DBTS,IPDPS,MECDPDH2
DBTS,IPDPS,PRASCSi_copy2
DBTS,IPDPS,SK_thf_c
DBTS,L_LACD2,TKT1
DBTS,L_LACD3,SO4t2pp
DBTS,LCADi,SO4t2pp
DBTS,LCADi,TKT1
DBTS,LDH_D,O2tex
DBTS,LDH_D,O2tpp
DBTS,LDH_D,PFL
DBTS,LDH_D,PGK
DBTS,LDH_D2,PGK
DBTS,LEUt2rpp,O2tex
DBTS,LEUt2rpp,O2tpp
DBTS,LEUt2rpp,OPHHX
DBTS,LEUt2rpp,PAPSR
DBTS,LEUt2rpp,PDH
DBTS,LEUt2rpp,PDX5POi
DBTS,LEUt2rpp,PFK
DBTS,LEUt2rpp,PGCD
DBTS,LEUt2rpp,PGI
DBTS,LEUt2rpp,PGM
DBTS,LEUt2rpp,TRDR
DBTS,LEUt2rpp,TRPS1
DBTS,LEUt2rpp,VALTA
DBTS,LEUt2rpp,ZN2tpp
DBTS,LEUt2rpp,FADRx_copy2
DBTS,LEUt2rpp,URIDK2r
DBTS,LEUt2rpp,MECDPDH2
DBTS,LEUt2rpp,PRASCSi_copy2
DBTS,LEUt2rpp,SK_thf_c
DBTS,M1PD,MDH2
DBTS,M1PD,MG2t3_2pp
DBTS,M1PD,MNt2pp
DBTS,M1PD,MOX
DBTS,M1PD,TKT2
DBTS,MALS,SK_thf_c
DBTS,MALt2_3pp,THD2pp
DBTS,MALt3pp,THD2pp
DBTS,MDH,O2tex
DBTS,MDH,O2tpp
DBTS,MDH,PFL
DBTS,MDH,PGK
DBTS,MDH,TPI
DBTS,MDH2,MECDPDH5
DBTS,MDH2,MG2tpp
DBTS,MDH2,MN2tpp
DBTS,MDH2,MNLptspp
DBTS,MDH2,MNLtex
DBTS,MDH2,MOX
DBTS,MDH2,MTHFC
DBTS,MDH2,MTHFD
DBTS,MDH2,NADH10
DBTS,MDH2,NADH5
DBTS,MDH2,NDPK1
DBTS,MDH2,NDPK3
DBTS,MDH2,NI2tpp
DBTS,MDH2,O2tex
DBTS,MDH2,O2tpp
DBTS,MDH2,OPHHX
DBTS,MDH2,PAPSR
DBTS,MDH2,PDH
DBTS,MDH2,PDX5POi
DBTS,MDH2,PFK
DBTS,MDH2,PFL
DBTS,MDH2,PGCD
DBTS,MDH2,PGI
DBTS,MDH2,PGK
DBTS,MDH2,PGM
DBTS,MDH2,PIt2rpp
DBTS,MDH2,POR5
DBTS,MDH2,PPK
DBTS,MDH2,PPM
DBTS,MDH2,PPPGO
DBTS,MDH2,PRASCSi_copy1
DBTS,MDH2,PROt2rpp
DBTS,MDH2,PROt4pp
DBTS,MDH2,PRPPS
DBTS,MDH2,PSERT
DBTS,MDH2,PSP_L
DBTS,MDH2,PTAr
DBTS,MDH2,PUNP1
DBTS,MDH2,RNDR4
DBTS,MDH2,RNTR1c2
DBTS,MDH2,RNTR2c2
DBTS,MDH2,RNTR3c2
DBTS,MDH2,RPE
DBTS,MDH2,RPI
DBTS,MDH2,SO4t2pp
DBTS,MDH2,SUCOAS
DBTS,MDH2,TALA
DBTS,MDH2,THD2pp
DBTS,MDH2,THRt2pp
DBTS,MDH2,THRt4pp
DBTS,MDH2,TKT1
DBTS,MDH2,TKT2
DBTS,MDH2,TPI
DBTS,MDH2,TRDR
DBTS,MDH2,TRPS1
DBTS,MDH2,VALTA
DBTS,MDH2,ZN2tpp
DBTS,MDH2,FADRx_copy2
DBTS,MDH2,URIDK2r
DBTS,MDH2,MECDPDH2
DBTS,MDH2,PRASCSi_copy2
DBTS,MDH2,SK_thf_c
DBTS,MDH3,SK_thf_c
DBTS,MECDPDH5,MG2t3_2pp
DBTS,MECDPDH5,MNt2pp
DBTS,MECDPDH5,MOX
DBTS,MECDPDH5,MTHFC
DBTS,MECDPDH5,MTHFD
DBTS,MECDPDH5,NADH10
DBTS,MECDPDH5,NADH16pp
DBTS,MECDPDH5,NDPK1
DBTS,MECDPDH5,O2tex
DBTS,MECDPDH5,O2tpp
DBTS,MECDPDH5,PDH
DBTS,MECDPDH5,PGK
DBTS,MECDPDH5,PGM
DBTS,MECDPDH5,PIt2rpp
DBTS,MECDPDH5,PSERT
DBTS,MECDPDH5,PSP_L
DBTS,MECDPDH5,TRDR
DBTS,MECDPDH5,TRPS1
DBTS,MECDPDH5,VALTA
DBTS,MECDPDH5,ZN2tpp
DBTS,MECDPDH5,FADRx_copy2
DBTS,MECDPDH5,URIDK2r
DBTS,MG2t3_2pp,MG2tpp
DBTS,MG2t3_2pp,MN2tpp
DBTS,MG2t3_2pp,MNLptspp
DBTS,MG2t3_2pp,MNLtex
DBTS,MG2t3_2pp,MOX
DBTS,MG2t3_2pp,MTHFC
DBTS,MG2t3_2pp,MTHFD
DBTS,MG2t3_2pp,NADH10
DBTS,MG2t3_2pp,NADH5
DBTS,MG2t3_2pp,NDPK1
DBTS,MG2t3_2pp,NDPK3
DBTS,MG2t3_2pp,NI2tpp
DBTS,MG2t3_2pp,O2tex
DBTS,MG2t3_2pp,O2tpp
DBTS,MG2t3_2pp,OPHHX
DBTS,MG2t3_2pp,PAPSR
DBTS,MG2t3_2pp,PDH
DBTS,MG2t3_2pp,PDX5POi
DBTS,MG2t3_2pp,PFK
DBTS,MG2t3_2pp,PFL
DBTS,MG2t3_2pp,PGCD
DBTS,MG2t3_2pp,PGI
DBTS,MG2t3_2pp,PGK
DBTS,MG2t3_2pp,PGM
DBTS,MG2t3_2pp,PIt2rpp
DBTS,MG2t3_2pp,POR5
DBTS,MG2t3_2pp,PPK
DBTS,MG2t3_2pp,PPM
DBTS,MG2t3_2pp,PPPGO
DBTS,MG2t3_2pp,PRASCSi_copy1
DBTS,MG2t3_2pp,PROt2rpp
DBTS,MG2t3_2pp,PROt4pp
DBTS,MG2t3_2pp,PRPPS
DBTS,MG2t3_2pp,PSERT
DBTS,MG2t3_2pp,PSP_L
DBTS,MG2t3_2pp,PTAr
DBTS,MG2t3_2pp,PUNP1
DBTS,MG2t3_2pp,RNDR4
DBTS,MG2t3_2pp,RNTR1c2
DBTS,MG2t3_2pp,RNTR2c2
DBTS,MG2t3_2pp,RNTR3c2
DBTS,MG2t3_2pp,RPE
DBTS,MG2t3_2pp,RPI
DBTS,MG2t3_2pp,SO4t2pp
DBTS,MG2t3_2pp,SUCOAS
DBTS,MG2t3_2pp,TALA
DBTS,MG2t3_2pp,THD2pp
DBTS,MG2t3_2pp,THRt2pp
DBTS,MG2t3_2pp,THRt4pp
DBTS,MG2t3_2pp,TKT1
DBTS,MG2t3_2pp,TKT2
DBTS,MG2t3_2pp,TPI
DBTS,MG2t3_2pp,TRDR
DBTS,MG2t3_2pp,TRPS1
DBTS,MG2t3_2pp,VALTA
DBTS,MG2t3_2pp,ZN2tpp
DBTS,MG2t3_2pp,FADRx_copy2
DBTS,MG2t3_2pp,URIDK2r
DBTS,MG2t3_2pp,MECDPDH2
DBTS,MG2t3_2pp,PRASCSi_copy2
DBTS,MG2t3_2pp,SK_thf_c
DBTS,MG2tpp,MNt2pp
DBTS,MG2tpp,MOX
DBTS,MG2tpp,MTHFC
DBTS,MG2tpp,MTHFD
DBTS,MG2tpp,NADH10
DBTS,MG2tpp,NADH16pp
DBTS,MG2tpp,NDPK1
DBTS,MG2tpp,NDPK3
DBTS,MG2tpp,NI2tpp
DBTS,MG2tpp,OPHHX
DBTS,MG2tpp,PAPSR
DBTS,MG2tpp,PFK
DBTS,MG2tpp,PFL
DBTS,MG2tpp,PGCD
DBTS,MG2tpp,PGI
DBTS,MG2tpp,PGK
DBTS,MG2tpp,PIt2rpp
DBTS,MG2tpp,POR5
DBTS,MG2tpp,PUNP1
DBTS,MG2tpp,RNDR4
DBTS,MG2tpp,RNTR1c2
DBTS,MG2tpp,RNTR2c2
DBTS,MG2tpp,RNTR3c2
DBTS,MG2tpp,RPE
DBTS,MG2tpp,THD2pp
DBTS,MGSA,PGK
DBTS,MN2tpp,MNt2pp
DBTS,MN2tpp,MOX
DBTS,MN2tpp,MTHFC
DBTS,MN2tpp,MTHFD
DBTS,MN2tpp,NADH10
DBTS,MN2tpp,NADH16pp
DBTS,MN2tpp,NDPK1
DBTS,MN2tpp,NDPK3
DBTS,MN2tpp,NI2tpp
DBTS,MN2tpp,O2tex
DBTS,MN2tpp,O2tpp
DBTS,MN2tpp,OPHHX
DBTS,MN2tpp,PAPSR
DBTS,MN2tpp,PDH
DBTS,MN2tpp,PDX5POi
DBTS,MN2tpp,PFK
DBTS,MN2tpp,PGCD
DBTS,MN2tpp,PGI
DBTS,MN2tpp,PIt2rpp
DBTS,MN2tpp,POR5
DBTS,MN2tpp,PPK
DBTS,MN2tpp,PPM
DBTS,MN2tpp,PPPGO
DBTS,MN2tpp,PROt2rpp
DBTS,MN2tpp,PROt4pp
DBTS,MN2tpp,PRPPS
DBTS,MN2tpp,PSERT
DBTS,MN2tpp,PSP_L
DBTS,MN2tpp,PTAr
DBTS,MN2tpp,PUNP1
DBTS,MN2tpp,RNDR4
DBTS,MN2tpp,RNTR1c2
DBTS,MN2tpp,RNTR2c2
DBTS,MN2tpp,RNTR3c2
DBTS,MN2tpp,RPE
DBTS,MN2tpp,TALA
DBTS,MNLptspp,MNt2pp
DBTS,MNLptspp,MOX
DBTS,MNLptspp,TKT2
DBTS,MNLtex,MNt2pp
DBTS,MNLtex,MOX
DBTS,MNLtex,TKT2
DBTS,MNt2pp,MOX
DBTS,MNt2pp,MTHFC
DBTS,MNt2pp,MTHFD
DBTS,MNt2pp,NADH10
DBTS,MNt2pp,NADH5
DBTS,MNt2pp,NDPK1
DBTS,MNt2pp,NDPK3
DBTS,MNt2pp,NI2tpp
DBTS,MNt2pp,O2tex
DBTS,MNt2pp,O2tpp
DBTS,MNt2pp,OPHHX
DBTS,MNt2pp,PAPSR
DBTS,MNt2pp,PDH
DBTS,MNt2pp,PDX5POi
DBTS,MNt2pp,PFK
DBTS,MNt2pp,PFL
DBTS,MNt2pp,PGCD
DBTS,MNt2pp,PGI
DBTS,MNt2pp,PGK
DBTS,MNt2pp,PGM
DBTS,MNt2pp,PIt2rpp
DBTS,MNt2pp,POR5
DBTS,MNt2pp,PPK
DBTS,MNt2pp,PPM
DBTS,MNt2pp,PPPGO
DBTS,MNt2pp,PRASCSi_copy1
DBTS,MNt2pp,PRPPS
DBTS,MNt2pp,PSERT
DBTS,MNt2pp,PSP_L
DBTS,MNt2pp,PTAr
DBTS,MNt2pp,PUNP1
DBTS,MNt2pp,RNDR4
DBTS,MNt2pp,RNTR1c2
DBTS,MNt2pp,RNTR2c2
DBTS,MNt2pp,RNTR3c2
DBTS,MNt2pp,RPE
DBTS,MNt2pp,RPI
DBTS,MNt2pp,SO4t2pp
DBTS,MNt2pp,SUCOAS
DBTS,MNt2pp,TALA
DBTS,MNt2pp,THD2pp
DBTS,MNt2pp,THRt2pp
DBTS,MNt2pp,THRt4pp
DBTS,MNt2pp,TKT1
DBTS,MNt2pp,TKT2
DBTS,MNt2pp,TPI
DBTS,MNt2pp,TRDR
DBTS,MNt2pp,TRPS1
DBTS,MNt2pp,VALTA
DBTS,MNt2pp,ZN2tpp
DBTS,MNt2pp,FADRx_copy2
DBTS,MNt2pp,URIDK2r
DBTS,MNt2pp,MECDPDH2
DBTS,MNt2pp,PRASCSi_copy2
DBTS,MNt2pp,SK_thf_c
DBTS,MOX,MTHFC
DBTS,MOX,MTHFD
DBTS,MOX,NADH10
DBTS,MOX,NADH16pp
DBTS,MOX,NADH5
DBTS,MOX,NDPK1
DBTS,MOX,NDPK3
DBTS,MOX,NDPK6
DBTS,MOX,NI2tpp
DBTS,MOX,O2tex
DBTS,MOX,O2tpp
DBTS,MOX,OPHHX
DBTS,MOX,PAPSR
DBTS,MOX,PDH
DBTS,MOX,PDX5POi
DBTS,MOX,PFK
DBTS,MOX,PFL
DBTS,MOX,PGCD
DBTS,MOX,PGI
DBTS,MOX,PGK
DBTS,MOX,PGM
DBTS,MOX,PIt2rpp
DBTS,MOX,POR5
DBTS,MOX,PPK
DBTS,MOX,PPM
DBTS,MOX,PPPGO
DBTS,MOX,PRASCSi_copy1
DBTS,MOX,PROt2rpp
DBTS,MOX,PROt4pp
DBTS,MOX,PRPPS
DBTS,MOX,PSERT
DBTS,MOX,PSP_L
DBTS,MOX,PTAr
DBTS,MOX,PUNP1
DBTS,MOX,PYAM5PO
DBTS,MOX,RNDR4
DBTS,MOX,RNTR1c2
DBTS,MOX,RNTR2c2
DBTS,MOX,RNTR3c2
DBTS,MOX,RNTR4c2
DBTS,MOX,RPE
DBTS,MOX,RPI
DBTS,MOX,SO4t2pp
DBTS,MOX,SUCOAS
DBTS,MOX,TALA
DBTS,MOX,THD2pp
DBTS,MOX,THRt2pp
DBTS,MOX,THRt4pp
DBTS,MOX,TKT1
DBTS,MOX,TKT2
DBTS,MOX,TPI
DBTS,MOX,TRDR
DBTS,MOX,TRPS1
DBTS,MOX,VALTA
DBTS,MOX,ZN2tpp
DBTS,MOX,FADRx_copy2
DBTS,MOX,URIDK2r
DBTS,MOX,MECDPDH2
DBTS,MOX,PRASCSi_copy2
DBTS,MOX,SK_thf_c
DBTS,MTHFC,NADH10
DBTS,MTHFC,NADH16pp
DBTS,MTHFC,NADH5
DBTS,MTHFC,NDPK1
DBTS,MTHFC,NDPK3
DBTS,MTHFC,NI2tpp
DBTS,MTHFC,O2tex
DBTS,MTHFC,O2tpp
DBTS,MTHFC,OPHHX
DBTS,MTHFC,PAPSR
DBTS,MTHFC,PDH
DBTS,MTHFC,PDX5POi
DBTS,MTHFC,PFK
DBTS,MTHFC,PGCD
DBTS,MTHFC,PGI
DBTS,MTHFC,PGK
DBTS,MTHFC,PGM
DBTS,MTHFC,PIt2rpp
DBTS,MTHFC,POR5
DBTS,MTHFC,PPK
DBTS,MTHFC,PPM
DBTS,MTHFC,PPPGO
DBTS,MTHFC,PRASCSi_copy1
DBTS,MTHFC,PROt2rpp
DBTS,MTHFC,PROt4pp
DBTS,MTHFC,PRPPS
DBTS,MTHFC,PSERT
DBTS,MTHFC,PSP_L
DBTS,MTHFC,PTAr
DBTS,MTHFC,PUNP1
DBTS,MTHFC,RNDR4
DBTS,MTHFC,RNTR1c2
DBTS,MTHFC,RNTR2c2
DBTS,MTHFC,RNTR3c2
DBTS,MTHFC,RPE
DBTS,MTHFC,RPI
DBTS,MTHFC,SO4t2pp
DBTS,MTHFC,SUCOAS
DBTS,MTHFC,TALA
DBTS,MTHFC,THD2pp
DBTS,MTHFC,THRA
DBTS,MTHFC,THRt2pp
DBTS,MTHFC,THRt4pp
DBTS,MTHFC,TKT1
DBTS,MTHFC,TKT2
DBTS,MTHFC,TPI
DBTS,MTHFC,TRDR
DBTS,MTHFC,TRPS1
DBTS,MTHFC,VALTA
DBTS,MTHFC,ZN2tpp
DBTS,MTHFC,FADRx_copy2
DBTS,MTHFC,URIDK2r
DBTS,MTHFC,MECDPDH2
DBTS,MTHFC,PRASCSi_copy2
DBTS,MTHFC,SK_thf_c
DBTS,MTHFD,NADH10
DBTS,MTHFD,NADH16pp
DBTS,MTHFD,NADH5
DBTS,MTHFD,NDPK1
DBTS,MTHFD,NDPK3
DBTS,MTHFD,NI2tpp
DBTS,MTHFD,O2tex
DBTS,MTHFD,O2tpp
DBTS,MTHFD,OPHHX
DBTS,MTHFD,PAPSR
DBTS,MTHFD,PDH
DBTS,MTHFD,PDX5POi
DBTS,MTHFD,PFK
DBTS,MTHFD,PGCD
DBTS,MTHFD,PGI
DBTS,MTHFD,PGK
DBTS,MTHFD,PGM
DBTS,MTHFD,PIt2rpp
DBTS,MTHFD,POR5
DBTS,MTHFD,PPK
DBTS,MTHFD,PPM
DBTS,MTHFD,PPPGO
DBTS,MTHFD,PRASCSi_copy1
DBTS,MTHFD,PROt2rpp
DBTS,MTHFD,PROt4pp
DBTS,MTHFD,PRPPS
DBTS,MTHFD,PSERT
DBTS,MTHFD,PSP_L
DBTS,MTHFD,PTAr
DBTS,MTHFD,PUNP1
DBTS,MTHFD,RNDR4
DBTS,MTHFD,RNTR1c2
DBTS,MTHFD,RNTR2c2
DBTS,MTHFD,RNTR3c2
DBTS,MTHFD,RPE
DBTS,MTHFD,RPI
DBTS,MTHFD,SO4t2pp
DBTS,MTHFD,SUCOAS
DBTS,MTHFD,TALA
DBTS,MTHFD,THD2pp
DBTS,MTHFD,THRA
DBTS,MTHFD,THRt2pp
DBTS,MTHFD,THRt4pp
DBTS,MTHFD,TKT1
DBTS,MTHFD,TKT2
DBTS,MTHFD,TPI
DBTS,MTHFD,TRDR
DBTS,MTHFD,TRPS1
DBTS,MTHFD,VALTA
DBTS,MTHFD,ZN2tpp
DBTS,MTHFD,FADRx_copy2
DBTS,MTHFD,URIDK2r
DBTS,MTHFD,MECDPDH2
DBTS,MTHFD,PRASCSi_copy2
DBTS,MTHFD,SK_thf_c
DBTS,NADH10,NADH16pp
DBTS,NADH10,NADH5
DBTS,NADH10,NDPK1
DBTS,NADH10,NDPK3
DBTS,NADH10,NI2tpp
DBTS,NADH10,O2tex
DBTS,NADH10,O2tpp
DBTS,NADH10,OPHHX
DBTS,NADH10,PAPSR
DBTS,NADH10,PDH
DBTS,NADH10,PDX5POi
DBTS,NADH10,PFK
DBTS,NADH10,PFL
DBTS,NADH10,PGCD
DBTS,NADH10,PGI
DBTS,NADH10,PGK
DBTS,NADH10,PGM
DBTS,NADH10,PIt2rpp
DBTS,NADH10,POR5
DBTS,NADH10,PPK
DBTS,NADH10,PPM
DBTS,NADH10,PPPGO
DBTS,NADH10,PRASCSi_copy1
DBTS,NADH10,PROt2rpp
DBTS,NADH10,PROt4pp
DBTS,NADH10,PRPPS
DBTS,NADH10,PSERT
DBTS,NADH10,PSP_L
DBTS,NADH10,PTAr
DBTS,NADH10,PUNP1
DBTS,NADH10,RNDR4
DBTS,NADH10,RNTR1c2
DBTS,NADH10,RNTR2c2
DBTS,NADH10,RNTR3c2
DBTS,NADH10,RPE
DBTS,NADH10,RPI
DBTS,NADH10,SO4t2pp
DBTS,NADH10,SUCOAS
DBTS,NADH10,TALA
DBTS,NADH10,THD2pp
DBTS,NADH10,THRt2pp
DBTS,NADH10,THRt4pp
DBTS,NADH10,TKT1
DBTS,NADH10,TKT2
DBTS,NADH10,TPI
DBTS,NADH10,TRDR
DBTS,NADH10,TRPS1
DBTS,NADH10,VALTA
DBTS,NADH10,ZN2tpp
DBTS,NADH10,FADRx_copy2
DBTS,NADH10,URIDK2r
DBTS,NADH10,MECDPDH2
DBTS,NADH10,PRASCSi_copy2
DBTS,NADH10,SK_thf_c
DBTS,NADH16pp,NADH5
DBTS,NADH16pp,NDPK1
DBTS,NADH16pp,NDPK3
DBTS,NADH16pp,NDPK6
DBTS,NADH16pp,NI2tpp
DBTS,NADH16pp,O2tex
DBTS,NADH16pp,O2tpp
DBTS,NADH16pp,OPHHX
DBTS,NADH16pp,PAPSR
DBTS,NADH16pp,PDH
DBTS,NADH16pp,PDX5POi
DBTS,NADH16pp,PFK
DBTS,NADH16pp,PFL
DBTS,NADH16pp,PGCD
DBTS,NADH16pp,PGI
DBTS,NADH16pp,PGK
DBTS,NADH16pp,PGM
DBTS,NADH16pp,PIt2rpp
DBTS,NADH16pp,POR5
DBTS,NADH16pp,PPK
DBTS,NADH16pp,PPM
DBTS,NADH16pp,PPPGO
DBTS,NADH16pp,PRASCSi_copy1
DBTS,NADH16pp,PROt2rpp
DBTS,NADH16pp,PROt4pp
DBTS,NADH16pp,PRPPS
DBTS,NADH16pp,PSERT
DBTS,NADH16pp,PSP_L
DBTS,NADH16pp,PTAr
DBTS,NADH16pp,PUNP1
DBTS,NADH16pp,RNDR4
DBTS,NADH16pp,RNTR1c2
DBTS,NADH16pp,RNTR2c2
DBTS,NADH16pp,RNTR3c2
DBTS,NADH16pp,RNTR4c2
DBTS,NADH16pp,RPE
DBTS,NADH16pp,RPI
DBTS,NADH16pp,SO4t2pp
DBTS,NADH16pp,SUCOAS
DBTS,NADH16pp,TALA
DBTS,NADH16pp,THD2pp
DBTS,NADH16pp,THRt2pp
DBTS,NADH16pp,THRt4pp
DBTS,NADH16pp,TKT1
DBTS,NADH16pp,TKT2
DBTS,NADH16pp,TPI
DBTS,NADH16pp,TRDR
DBTS,NADH16pp,TRPS1
DBTS,NADH16pp,VALTA
DBTS,NADH16pp,ZN2tpp
DBTS,NADH16pp,FADRx_copy2
DBTS,NADH16pp,URIDK2r
DBTS,NADH16pp,MECDPDH2
DBTS,NADH16pp,PRASCSi_copy2
DBTS,NADH16pp,SK_thf_c
DBTS,NADH17pp,NDPK3
DBTS,NADH17pp,NI2tpp
DBTS,NADH17pp,O2tex
DBTS,NADH17pp,O2tpp
DBTS,NADH5,NDPK1
DBTS,NADH5,PGCD
DBTS,NADH5,PGI
DBTS,NADH5,PIt2rpp
DBTS,NADH5,POR5
DBTS,NADH5,PUNP1
DBTS,NADH5,RNDR4
DBTS,NADH5,RNTR1c2
DBTS,NADH5,RNTR2c2
DBTS,NADH5,RNTR3c2
DBTS,NADH5,RPE
DBTS,NADH5,SO4t2pp
DBTS,NADH5,SUCOAS
DBTS,NADH5,TALA
DBTS,NADH5,TKT1
DBTS,NADPHQR2,TPI
DBTS,NDPK1,NDPK3
DBTS,NDPK1,NDPK6
DBTS,NDPK1,NI2tpp
DBTS,NDPK1,O2tex
DBTS,NDPK1,O2tpp
DBTS,NDPK1,OPHHX
DBTS,NDPK1,PAPSR
DBTS,NDPK1,PDH
DBTS,NDPK1,PDX5POi
DBTS,NDPK1,PFK
DBTS,NDPK1,PFL
DBTS,NDPK1,PGCD
DBTS,NDPK1,PGI
DBTS,NDPK1,PGK
DBTS,NDPK1,PGM
DBTS,NDPK1,PIt2rpp
DBTS,NDPK1,POR5
DBTS,NDPK1,PPK
DBTS,NDPK1,PPM
DBTS,NDPK1,PPPGO
DBTS,NDPK1,PRASCSi_copy1
DBTS,NDPK1,PROt2rpp
DBTS,NDPK1,PROt4pp
DBTS,NDPK1,PRPPS
DBTS,NDPK1,PSERT
DBTS,NDPK1,PSP_L
DBTS,NDPK1,PTAr
DBTS,NDPK1,PUNP1
DBTS,NDPK1,RNDR4
DBTS,NDPK1,RNTR1c2
DBTS,NDPK1,RNTR2c2
DBTS,NDPK1,RNTR3c2
DBTS,NDPK1,RNTR4c2
DBTS,NDPK1,RPE
DBTS,NDPK1,RPI
DBTS,NDPK1,SO4t2pp
DBTS,NDPK1,SUCOAS
DBTS,NDPK1,TALA
DBTS,NDPK1,THD2pp
DBTS,NDPK1,THRt2pp
DBTS,NDPK1,THRt4pp
DBTS,NDPK1,TKT1
DBTS,NDPK1,TKT2
DBTS,NDPK1,TPI
DBTS,NDPK1,TRDR
DBTS,NDPK1,TRPS1
DBTS,NDPK1,VALTA
DBTS,NDPK1,ZN2tpp
DBTS,NDPK1,FADRx_copy2
DBTS,NDPK1,URIDK2r
DBTS,NDPK1,MECDPDH2
DBTS,NDPK1,PRASCSi_copy2
DBTS,NDPK1,SK_thf_c
DBTS,NDPK3,NDPK6
DBTS,NDPK3,NDPK7
DBTS,NDPK3,NI2tpp
DBTS,NDPK3,NTD4
DBTS,NDPK3,O2tex
DBTS,NDPK3,O2tpp
DBTS,NDPK3,OPHHX
DBTS,NDPK3,PAPSR
DBTS,NDPK3,PDH
DBTS,NDPK3,PDX5POi
DBTS,NDPK3,PFK
DBTS,NDPK3,PFL
DBTS,NDPK3,PGCD
DBTS,NDPK3,PGI
DBTS,NDPK3,PGK
DBTS,NDPK3,PGM
DBTS,NDPK3,PIt2rpp
DBTS,NDPK3,POR5
DBTS,NDPK3,PPK
DBTS,NDPK3,PPM
DBTS,NDPK3,PPPGO
DBTS,NDPK3,PRASCSi_copy1
DBTS,NDPK3,PROt2rpp
DBTS,NDPK3,PROt4pp
DBTS,NDPK3,PRPPS
DBTS,NDPK3,PSERT
DBTS,NDPK3,PSP_L
DBTS,NDPK3,PTAr
DBTS,NDPK3,PUNP1
DBTS,NDPK3,RNDR3
DBTS,NDPK3,RNDR4
DBTS,NDPK3,RNTR1c2
DBTS,NDPK3,RNTR2c2
DBTS,NDPK3,RNTR3c2
DBTS,NDPK3,RPE
DBTS,NDPK3,RPI
DBTS,NDPK3,SO4t2pp
DBTS,NDPK3,SUCOAS
DBTS,NDPK3,TALA
DBTS,NDPK3,THD2pp
DBTS,NDPK3,THRt2rpp
DBTS,NDPK3,THRt4pp
DBTS,NDPK3,TKT1
DBTS,NDPK3,TKT2
DBTS,NDPK3,TPI
DBTS,NDPK3,TRDR
DBTS,NDPK3,TRPS1
DBTS,NDPK3,URIK2
DBTS,NDPK3,VALTA
DBTS,NDPK3,ZN2tpp
DBTS,NDPK3,FADRx_copy2
DBTS,NDPK3,URIDK2r
DBTS,NDPK3,MECDPDH2
DBTS,NDPK3,PRASCSi_copy2
DBTS,NDPK3,SK_thf_c
DBTS,NDPK5,PTAr
DBTS,NDPK5,SUCOAS
DBTS,NDPK5,TALA
DBTS,NDPK5,TKT2
DBTS,NDPK6,O2tex
DBTS,NDPK6,O2tpp
DBTS,NDPK6,PDH
DBTS,NDPK6,PDX5POi
DBTS,NDPK6,PFK
DBTS,NDPK6,PSERT
DBTS,NDPK6,PSP_L
DBTS,NDPK6,PUNP1
DBTS,NDPK6,RNDR4
DBTS,NDPK6,THD2pp
DBTS,NDPK6,TRDR
DBTS,NDPK7,PTAr
DBTS,NDPK7,SUCOAS
DBTS,NDPK7,TALA
DBTS,NDPK7,TKT2
DBTS,NI2tpp,O2tex
DBTS,NI2tpp,O2tpp
DBTS,NI2tpp,OPHHX
DBTS,NI2tpp,PAPSR
DBTS,NI2tpp,PDH
DBTS,NI2tpp,PDX5POi
DBTS,NI2tpp,PFK
DBTS,NI2tpp,PFL
DBTS,NI2tpp,PGCD
DBTS,NI2tpp,PGI
DBTS,NI2tpp,PGK
DBTS,NI2tpp,PGM
DBTS,NI2tpp,PIt2rpp
DBTS,NI2tpp,POR5
DBTS,NI2tpp,PPK
DBTS,NI2tpp,PPM
DBTS,NI2tpp,PPPGO
DBTS,NI2tpp,PRASCSi_copy1
DBTS,NI2tpp,PROt2rpp
DBTS,NI2tpp,PROt4pp
DBTS,NI2tpp,PRPPS
DBTS,NI2tpp,PSERT
DBTS,NI2tpp,PSP_L
DBTS,NI2tpp,PTAr
DBTS,NI2tpp,PUNP1
DBTS,NI2tpp,RNDR4
DBTS,NI2tpp,RNTR1c2
DBTS,NI2tpp,RNTR2c2
DBTS,NI2tpp,RNTR3c2
DBTS,NI2tpp,RPE
DBTS,NI2tpp,RPI
DBTS,NI2tpp,SO4t2pp
DBTS,NI2tpp,SUCOAS
DBTS,NI2tpp,TALA
DBTS,NI2tpp,THD2pp
DBTS,NI2tpp,THRt2rpp
DBTS,NI2tpp,THRt4pp
DBTS,NI2tpp,TKT1
DBTS,NI2tpp,TKT2
DBTS,NI2tpp,TPI
DBTS,NI2tpp,TRDR
DBTS,NI2tpp,TRPS1
DBTS,NI2tpp,VALTA
DBTS,NI2tpp,ZN2tpp
DBTS,NI2tpp,FADRx_copy2
DBTS,NI2tpp,URIDK2r
DBTS,NI2tpp,MECDPDH2
DBTS,NI2tpp,PRASCSi_copy2
DBTS,NI2tpp,SK_thf_c
DBTS,O2tex,O2tpp
DBTS,O2tex,OPHHX
DBTS,O2tex,PAPSR
DBTS,O2tex,PDH
DBTS,O2tex,PDX5POi
DBTS,O2tex,PFK
DBTS,O2tex,PFK_3
DBTS,O2tex,PFL
DBTS,O2tex,PGCD
DBTS,O2tex,PGI
DBTS,O2tex,PGL
DBTS,O2tex,PIt2rpp
DBTS,O2tex,POR5
DBTS,O2tex,PPK
DBTS,O2tex,PPM
DBTS,O2tex,PPPGO
DBTS,O2tex,PRASCSi_copy1
DBTS,O2tex,PROt2rpp
DBTS,O2tex,PROt4pp
DBTS,O2tex,PRPPS
DBTS,O2tex,PSERT
DBTS,O2tex,PSP_L
DBTS,O2tex,PTAr
DBTS,O2tex,PUNP1
DBTS,O2tex,RNDR4
DBTS,O2tex,RNTR1c2
DBTS,O2tex,RNTR2c2
DBTS,O2tex,RNTR3c2
DBTS,O2tex,RNTR4c2
DBTS,O2tex,RPE
DBTS,O2tex,RPI
DBTS,O2tex,SO4t2pp
DBTS,O2tex,SUCOAS
DBTS,O2tex,TALA
DBTS,O2tex,TARTRt7pp
DBTS,O2tex,THD2pp
DBTS,O2tex,TKT1
DBTS,O2tex,TKT2
DBTS,O2tex,TPI
DBTS,O2tex,TRDR
DBTS,O2tex,TRPS1
DBTS,O2tex,VALTA
DBTS,O2tex,ZN2tpp
DBTS,O2tex,TARTRtpp
DBTS,O2tex,LEUt4rpp
DBTS,O2tex,FADRx_copy2
DBTS,O2tex,URIDK2r
DBTS,O2tex,MECDPDH2
DBTS,O2tex,PRASCSi_copy2
DBTS,O2tex,SK_thf_c
DBTS,O2tpp,OPHHX
DBTS,O2tpp,PAPSR
DBTS,O2tpp,PDH
DBTS,O2tpp,PDX5POi
DBTS,O2tpp,PFK
DBTS,O2tpp,PFK_3
DBTS,O2tpp,PFL
DBTS,O2tpp,PGCD
DBTS,O2tpp,PGI
DBTS,O2tpp,PGL
DBTS,O2tpp,PIt2rpp
DBTS,O2tpp,POR5
DBTS,O2tpp,PPK
DBTS,O2tpp,PPM
DBTS,O2tpp,PPPGO
DBTS,O2tpp,PRASCSi_copy1
DBTS,O2tpp,PROt2rpp
DBTS,O2tpp,PROt4pp
DBTS,O2tpp,PRPPS
DBTS,O2tpp,PSERT
DBTS,O2tpp,PSP_L
DBTS,O2tpp,PTAr
DBTS,O2tpp,PUNP1
DBTS,O2tpp,RNDR4
DBTS,O2tpp,RNTR1c2
DBTS,O2tpp,RNTR2c2
DBTS,O2tpp,RNTR3c2
DBTS,O2tpp,RNTR4c2
DBTS,O2tpp,RPE
DBTS,O2tpp,RPI
DBTS,O2tpp,SO4t2pp
DBTS,O2tpp,SUCOAS
DBTS,O2tpp,TALA
DBTS,O2tpp,TARTRt7pp
DBTS,O2tpp,THD2pp
DBTS,O2tpp,TKT1
DBTS,O2tpp,TKT2
DBTS,O2tpp,TPI
DBTS,O2tpp,TRDR
DBTS,O2tpp,TRPS1
DBTS,O2tpp,VALTA
DBTS,O2tpp,ZN2tpp
DBTS,O2tpp,TARTRtpp
DBTS,O2tpp,LEUt4rpp
DBTS,O2tpp,FADRx_copy2
DBTS,O2tpp,URIDK2r
DBTS,O2tpp,MECDPDH2
DBTS,O2tpp,PRASCSi_copy2
DBTS,O2tpp,SK_thf_c
DBTS,OPHHX,PAPSR
DBTS,OPHHX,PDH
DBTS,OPHHX,PDX5POi
DBTS,OPHHX,PFK
DBTS,OPHHX,PFL
DBTS,OPHHX,PGCD
DBTS,OPHHX,PGI
DBTS,OPHHX,PGK
DBTS,OPHHX,PGM
DBTS,OPHHX,PIt2rpp
DBTS,OPHHX,POR5
DBTS,OPHHX,PPK
DBTS,OPHHX,PPM
DBTS,OPHHX,PPPGO
DBTS,OPHHX,PRASCSi_copy1
DBTS,OPHHX,PROt2rpp
DBTS,OPHHX,PROt4pp
DBTS,OPHHX,PRPPS
DBTS,OPHHX,PSERT
DBTS,OPHHX,PSP_L
DBTS,OPHHX,PTAr
DBTS,OPHHX,PUNP1
DBTS,OPHHX,RNDR4
DBTS,OPHHX,RNTR1c2
DBTS,OPHHX,RNTR2c2
DBTS,OPHHX,RNTR3c2
DBTS,OPHHX,RPE
DBTS,OPHHX,RPI
DBTS,OPHHX,SO4t2pp
DBTS,OPHHX,SUCOAS
DBTS,OPHHX,TALA
DBTS,OPHHX,THD2pp
DBTS,OPHHX,THIORDXi
DBTS,OPHHX,TKT1
DBTS,OPHHX,TKT2
DBTS,OPHHX,TPI
DBTS,OPHHX,TRDR
DBTS,OPHHX,TRPS1
DBTS,OPHHX,VALTA
DBTS,OPHHX,ZN2tpp
DBTS,OPHHX,LEUt4rpp
DBTS,OPHHX,FADRx_copy2
DBTS,OPHHX,URIDK2r
DBTS,OPHHX,MECDPDH2
DBTS,OPHHX,PRASCSi_copy2
DBTS,OPHHX,SK_thf_c
DBTS,PAPSR,PDH
DBTS,PAPSR,PDX5POi
DBTS,PAPSR,PFK
DBTS,PAPSR,PFL
DBTS,PAPSR,PGCD
DBTS,PAPSR,PGI
DBTS,PAPSR,PGK
DBTS,PAPSR,PGM
DBTS,PAPSR,PIt2rpp
DBTS,PAPSR,POR5
DBTS,PAPSR,PPK
DBTS,PAPSR,PPM
DBTS,PAPSR,PPPGO
DBTS,PAPSR,PRASCSi_copy1
DBTS,PAPSR,PROt2rpp
DBTS,PAPSR,PROt4pp
DBTS,PAPSR,PRPPS
DBTS,PAPSR,PSERT
DBTS,PAPSR,PSP_L
DBTS,PAPSR,PTAr
DBTS,PAPSR,PUNP1
DBTS,PAPSR,RNDR4
DBTS,PAPSR,RNTR1c2
DBTS,PAPSR,RNTR2c2
DBTS,PAPSR,RNTR3c2
DBTS,PAPSR,RPE
DBTS,PAPSR,RPI
DBTS,PAPSR,SO4t2pp
DBTS,PAPSR,SUCOAS
DBTS,PAPSR,TALA
DBTS,PAPSR,THD2pp
DBTS,PAPSR,THIORDXi
DBTS,PAPSR,TKT1
DBTS,PAPSR,TKT2
DBTS,PAPSR,TPI
DBTS,PAPSR,TRDR
DBTS,PAPSR,TRPS1
DBTS,PAPSR,VALTA
DBTS,PAPSR,ZN2tpp
DBTS,PAPSR,LEUt4rpp
DBTS,PAPSR,FADRx_copy2
DBTS,PAPSR,URIDK2r
DBTS,PAPSR,MECDPDH2
DBTS,PAPSR,PRASCSi_copy2
DBTS,PAPSR,SK_thf_c
DBTS,PDH,PDX5POi
DBTS,PDH,PFK
DBTS,PDH,PFL
DBTS,PDH,PGCD
DBTS,PDH,PGI
DBTS,PDH,PGK
DBTS,PDH,PGM
DBTS,PDH,PIt2rpp
DBTS,PDH,POR5
DBTS,PDH,PPK
DBTS,PDH,PPM
DBTS,PDH,PPPGO
DBTS,PDH,PRASCSi_copy1
DBTS,PDH,PROt2rpp
DBTS,PDH,PROt4pp
DBTS,PDH,PRPPS
DBTS,PDH,PSERT
DBTS,PDH,PSP_L
DBTS,PDH,PTAr
DBTS,PDH,PUNP1
DBTS,PDH,RNDR4
DBTS,PDH,RNTR1c2
DBTS,PDH,RNTR2c2
DBTS,PDH,RNTR3c2
DBTS,PDH,RNTR4c2
DBTS,PDH,RPE
DBTS,PDH,RPI
DBTS,PDH,SO4t2pp
DBTS,PDH,SUCOAS
DBTS,PDH,TALA
DBTS,PDH,THD2pp
DBTS,PDH,THIORDXi
DBTS,PDH,TKT1
DBTS,PDH,TKT2
DBTS,PDH,TPI
DBTS,PDH,TRDR
DBTS,PDH,TRPS1
DBTS,PDH,VALTA
DBTS,PDH,ZN2tpp
DBTS,PDH,LEUt4rpp
DBTS,PDH,FADRx_copy2
DBTS,PDH,URIDK2r
DBTS,PDH,MECDPDH2
DBTS,PDH,PRASCSi_copy2
DBTS,PDH,SK_thf_c
DBTS,PDX5POi,PFK
DBTS,PDX5POi,PFL
DBTS,PDX5POi,PGCD
DBTS,PDX5POi,PGI
DBTS,PDX5POi,PGK
DBTS,PDX5POi,PGM
DBTS,PDX5POi,PIt2rpp
DBTS,PDX5POi,POR5
DBTS,PDX5POi,PPK
DBTS,PDX5POi,PPM
DBTS,PDX5POi,PPPGO
DBTS,PDX5POi,PRASCSi_copy1
DBTS,PDX5POi,PROt2rpp
DBTS,PDX5POi,PROt4pp
DBTS,PDX5POi,PRPPS
DBTS,PDX5POi,PSERT
DBTS,PDX5POi,PSP_L
DBTS,PDX5POi,PTAr
DBTS,PDX5POi,PUNP1
DBTS,PDX5POi,RNDR4
DBTS,PDX5POi,RNTR1c2
DBTS,PDX5POi,RNTR2c2
DBTS,PDX5POi,RNTR3c2
DBTS,PDX5POi,RNTR4c2
DBTS,PDX5POi,RPE
DBTS,PDX5POi,RPI
DBTS,PDX5POi,SO4t2pp
DBTS,PDX5POi,SUCOAS
DBTS,PDX5POi,TALA
DBTS,PDX5POi,THD2pp
DBTS,PDX5POi,THIORDXi
DBTS,PDX5POi,TKT1
DBTS,PDX5POi,TKT2
DBTS,PDX5POi,TPI
DBTS,PDX5POi,TRDR
DBTS,PDX5POi,TRPS1
DBTS,PDX5POi,VALTA
DBTS,PDX5POi,ZN2tpp
DBTS,PDX5POi,LEUt4rpp
DBTS,PDX5POi,FADRx_copy2
DBTS,PDX5POi,URIDK2r
DBTS,PDX5POi,MECDPDH2
DBTS,PDX5POi,PRASCSi_copy2
DBTS,PDX5POi,SK_thf_c
DBTS,PFK,PFL
DBTS,PFK,PGCD
DBTS,PFK,PGI
DBTS,PFK,PGK
DBTS,PFK,PGM
DBTS,PFK,PIt2rpp
DBTS,PFK,POR5
DBTS,PFK,PPK
DBTS,PFK,PPM
DBTS,PFK,PPPGO
DBTS,PFK,PRASCSi_copy1
DBTS,PFK,PROt2rpp
DBTS,PFK,PROt4pp
DBTS,PFK,PRPPS
DBTS,PFK,PSERT
DBTS,PFK,PSP_L
DBTS,PFK,PTAr
DBTS,PFK,PUNP1
DBTS,PFK,RNDR4
DBTS,PFK,RNTR1c2
DBTS,PFK,RNTR2c2
DBTS,PFK,RNTR3c2
DBTS,PFK,RNTR4c2
DBTS,PFK,RPE
DBTS,PFK,RPI
DBTS,PFK,SO4t2pp
DBTS,PFK,SUCOAS
DBTS,PFK,TALA
DBTS,PFK,THD2pp
DBTS,PFK,THIORDXi
DBTS,PFK,TKT1
DBTS,PFK,TKT2
DBTS,PFK,TPI
DBTS,PFK,TRDR
DBTS,PFK,TRPS1
DBTS,PFK,VALTA
DBTS,PFK,ZN2tpp
DBTS,PFK,LEUt4rpp
DBTS,PFK,FADRx_copy2
DBTS,PFK,URIDK2r
DBTS,PFK,MECDPDH2
DBTS,PFK,PRASCSi_copy2
DBTS,PFK,SK_thf_c
DBTS,PFK_3,RPE
DBTS,PFK_3,TKT2
DBTS,PFL,PGCD
DBTS,PFL,PGI
DBTS,PFL,PGK
DBTS,PFL,PGM
DBTS,PFL,PIt2rpp
DBTS,PFL,POR5
DBTS,PFL,PPK
DBTS,PFL,PPM
DBTS,PFL,PPPGO
DBTS,PFL,PRASCSi_copy1
DBTS,PFL,PROt2rpp
DBTS,PFL,PROt4pp
DBTS,PFL,PRPPS
DBTS,PFL,PSERT
DBTS,PFL,PSP_L
DBTS,PFL,PTAr
DBTS,PFL,PUNP1
DBTS,PFL,RNDR4
DBTS,PFL,RNTR1c2
DBTS,PFL,RNTR2c2
DBTS,PFL,RNTR3c2
DBTS,PFL,RPE
DBTS,PFL,RPI
DBTS,PFL,SO4t2pp
DBTS,PFL,SUCOAS
DBTS,PFL,TALA
DBTS,PFL,THD2pp
DBTS,PFL,THRt2pp
DBTS,PFL,THRt4pp
DBTS,PFL,TKT1
DBTS,PFL,TKT2
DBTS,PFL,TPI
DBTS,PFL,TRDR
DBTS,PFL,TRPS1
DBTS,PFL,VALTA
DBTS,PFL,ZN2tpp
DBTS,PFL,FADRx_copy2
DBTS,PFL,URIDK2r
DBTS,PFL,MECDPDH2
DBTS,PFL,PRASCSi_copy2
DBTS,PFL,SK_thf_c
DBTS,PGCD,PGI
DBTS,PGCD,PGK
DBTS,PGCD,PGM
DBTS,PGCD,PIt2rpp
DBTS,PGCD,POR5
DBTS,PGCD,PPK
DBTS,PGCD,PPM
DBTS,PGCD,PPPGO
DBTS,PGCD,PRASCSi_copy1
DBTS,PGCD,PROt2rpp
DBTS,PGCD,PROt4pp
DBTS,PGCD,PRPPS
DBTS,PGCD,PTAr
DBTS,PGCD,PUNP1
DBTS,PGCD,RNDR4
DBTS,PGCD,RNTR1c2
DBTS,PGCD,RNTR2c2
DBTS,PGCD,RNTR3c2
DBTS,PGCD,RPE
DBTS,PGCD,RPI
DBTS,PGCD,SO4t2pp
DBTS,PGCD,SUCOAS
DBTS,PGCD,TALA
DBTS,PGCD,THD2pp
DBTS,PGCD,THRA
DBTS,PGCD,TKT1
DBTS,PGCD,TKT2
DBTS,PGCD,TPI
DBTS,PGCD,TRDR
DBTS,PGCD,TRPS1
DBTS,PGCD,VALTA
DBTS,PGCD,ZN2tpp
DBTS,PGCD,LEUt4rpp
DBTS,PGCD,FADRx_copy2
DBTS,PGCD,URIDK2r
DBTS,PGCD,MECDPDH2
DBTS,PGCD,PRASCSi_copy2
DBTS,PGCD,SK_thf_c
DBTS,PGI,PGK
DBTS,PGI,PGM
DBTS,PGI,PIt2rpp
DBTS,PGI,POR5
DBTS,PGI,PPK
DBTS,PGI,PPM
DBTS,PGI,PPPGO
DBTS,PGI,PRASCSi_copy1
DBTS,PGI,PROt2rpp
DBTS,PGI,PROt4pp
DBTS,PGI,PRPPS
DBTS,PGI,PSERT
DBTS,PGI,PSP_L
DBTS,PGI,PTAr
DBTS,PGI,PUNP1
DBTS,PGI,PYK
DBTS,PGI,RNDR4
DBTS,PGI,RNTR1c2
DBTS,PGI,RNTR2c2
DBTS,PGI,RNTR3c2
DBTS,PGI,RPE
DBTS,PGI,RPI
DBTS,PGI,SO4t2pp
DBTS,PGI,SUCOAS
DBTS,PGI,TALA
DBTS,PGI,THD2pp
DBTS,PGI,TKT1
DBTS,PGI,TKT2
DBTS,PGI,TPI
DBTS,PGI,TRDR
DBTS,PGI,TRPS1
DBTS,PGI,VALTA
DBTS,PGI,XYLI2
DBTS,PGI,ZN2tpp
DBTS,PGI,LEUt4rpp
DBTS,PGI,FADRx_copy2
DBTS,PGI,URIDK2r
DBTS,PGI,MECDPDH2
DBTS,PGI,PRASCSi_copy2
DBTS,PGI,SK_thf_c
DBTS,PGK,PGL
DBTS,PGK,PGM
DBTS,PGK,PIt2rpp
DBTS,PGK,POR5
DBTS,PGK,PPK
DBTS,PGK,PPM
DBTS,PGK,PPPGO
DBTS,PGK,PRASCSi_copy1
DBTS,PGK,PROt2rpp
DBTS,PGK,PROt4pp
DBTS,PGK,PRPPS
DBTS,PGK,PSERT
DBTS,PGK,PSP_L
DBTS,PGK,PTAr
DBTS,PGK,PUNP1
DBTS,PGK,RNDR4
DBTS,PGK,RNTR1c2
DBTS,PGK,RNTR2c2
DBTS,PGK,RNTR3c2
DBTS,PGK,RPE
DBTS,PGK,RPI
DBTS,PGK,SO4t2pp
DBTS,PGK,SUCOAS
DBTS,PGK,TALA
DBTS,PGK,THD2pp
DBTS,PGK,THRt2pp
DBTS,PGK,THRt4pp
DBTS,PGK,TKT1
DBTS,PGK,TKT2
DBTS,PGK,TRDR
DBTS,PGK,TRPS1
DBTS,PGK,VALTA
DBTS,PGK,ZN2tpp
DBTS,PGK,FADRx_copy2
DBTS,PGK,URIDK2r
DBTS,PGK,MECDPDH2
DBTS,PGK,PRASCSi_copy2
DBTS,PGK,SK_thf_c
DBTS,PGL,RPE
DBTS,PGL,TALA
DBTS,PGL,THD2pp
DBTS,PGL,TKT1
DBTS,PGL,TKT2
DBTS,PGL,TPI
DBTS,PGM,PIt2rpp
DBTS,PGM,POR5
DBTS,PGM,PPK
DBTS,PGM,PPM
DBTS,PGM,PPPGO
DBTS,PGM,PRASCSi_copy1
DBTS,PGM,PROt2rpp
DBTS,PGM,PROt4pp
DBTS,PGM,PRPPS
DBTS,PGM,PSERT
DBTS,PGM,PSP_L
DBTS,PGM,PTAr
DBTS,PGM,PUNP1
DBTS,PGM,RNDR4
DBTS,PGM,RNTR1c2
DBTS,PGM,RNTR2c2
DBTS,PGM,RNTR3c2
DBTS,PGM,RPE
DBTS,PGM,RPI
DBTS,PGM,SERD_L
DBTS,PGM,SO4t2pp
DBTS,PGM,SUCOAS
DBTS,PGM,TALA
DBTS,PGM,THD2pp
DBTS,PGM,TKT1
DBTS,PGM,TKT2
DBTS,PGM,TPI
DBTS,PGM,TRDR
DBTS,PGM,TRPS1
DBTS,PGM,VALTA
DBTS,PGM,ZN2tpp
DBTS,PGM,GTHPi_copy2
DBTS,PGM,LEUt4rpp
DBTS,PGM,FADRx_copy2
DBTS,PGM,URIDK2r
DBTS,PGM,MECDPDH2
DBTS,PGM,PRASCSi_copy2
DBTS,PGM,SK_thf_c
DBTS,PIt2rpp,POR5
DBTS,PIt2rpp,PPK
DBTS,PIt2rpp,PPM
DBTS,PIt2rpp,PPPGO
DBTS,PIt2rpp,PRASCSi_copy1
DBTS,PIt2rpp,PROt2rpp
DBTS,PIt2rpp,PROt4pp
DBTS,PIt2rpp,PRPPS
DBTS,PIt2rpp,PSERT
DBTS,PIt2rpp,PSP_L
DBTS,PIt2rpp,PTAr
DBTS,PIt2rpp,PUNP1
DBTS,PIt2rpp,RNDR4
DBTS,PIt2rpp,RNTR1c2
DBTS,PIt2rpp,RNTR2c2
DBTS,PIt2rpp,RNTR3c2
DBTS,PIt2rpp,RPE
DBTS,PIt2rpp,RPI
DBTS,PIt2rpp,SO4t2pp
DBTS,PIt2rpp,SUCOAS
DBTS,PIt2rpp,TALA
DBTS,PIt2rpp,THD2pp
DBTS,PIt2rpp,THRt2rpp
DBTS,PIt2rpp,THRt4pp
DBTS,PIt2rpp,TKT1
DBTS,PIt2rpp,TKT2
DBTS,PIt2rpp,TPI
DBTS,PIt2rpp,TRDR
DBTS,PIt2rpp,TRPS1
DBTS,PIt2rpp,VALTA
DBTS,PIt2rpp,ZN2tpp
DBTS,PIt2rpp,FADRx_copy2
DBTS,PIt2rpp,URIDK2r
DBTS,PIt2rpp,MECDPDH2
DBTS,PIt2rpp,PRASCSi_copy2
DBTS,PIt2rpp,SK_thf_c
DBTS,POR5,PPK
DBTS,POR5,PPM
DBTS,POR5,PPPGO
DBTS,POR5,PRASCSi_copy1
DBTS,POR5,PROt2rpp
DBTS,POR5,PROt4pp
DBTS,POR5,PRPPS
DBTS,POR5,PSERT
DBTS,POR5,PSP_L
DBTS,POR5,PTAr
DBTS,POR5,PUNP1
DBTS,POR5,RNDR4
DBTS,POR5,RNTR1c2
DBTS,POR5,RNTR2c2
DBTS,POR5,RNTR3c2
DBTS,POR5,RPE
DBTS,POR5,RPI
DBTS,POR5,SO4t2pp
DBTS,POR5,SUCOAS
DBTS,POR5,TALA
DBTS,POR5,THD2pp
DBTS,POR5,THRt2rpp
DBTS,POR5,THRt4pp
DBTS,POR5,TKT1
DBTS,POR5,TKT2
DBTS,POR5,TPI
DBTS,POR5,TRDR
DBTS,POR5,TRPS1
DBTS,POR5,VALTA
DBTS,POR5,ZN2tpp
DBTS,POR5,FADRx_copy2
DBTS,POR5,URIDK2r
DBTS,POR5,MECDPDH2
DBTS,POR5,PRASCSi_copy2
DBTS,POR5,SK_thf_c
DBTS,PPK,PPM
DBTS,PPK,PPPGO
DBTS,PPK,PRASCSi_copy1
DBTS,PPK,PROt2rpp
DBTS,PPK,PROt4pp
DBTS,PPK,PRPPS
DBTS,PPK,PSERT
DBTS,PPK,PSP_L
DBTS,PPK,PTAr
DBTS,PPK,PUNP1
DBTS,PPK,RNDR4
DBTS,PPK,RNTR1c2
DBTS,PPK,RNTR2c2
DBTS,PPK,RNTR3c2
DBTS,PPK,RPE
DBTS,PPK,RPI
DBTS,PPK,SO4t2pp
DBTS,PPK,SUCOAS
DBTS,PPK,TALA
DBTS,PPK,THD2pp
DBTS,PPK,THRt2rpp
DBTS,PPK,THRt4pp
DBTS,PPK,TKT1
DBTS,PPK,TKT2
DBTS,PPK,TPI
DBTS,PPK,TRDR
DBTS,PPK,TRPS1
DBTS,PPK,VALTA
DBTS,PPK,ZN2tpp
DBTS,PPK,FADRx_copy2
DBTS,PPK,URIDK2r
DBTS,PPK,MECDPDH2
DBTS,PPK,PRASCSi_copy2
DBTS,PPK,SK_thf_c
DBTS,PPM,PPPGO
DBTS,PPM,PRASCSi_copy1
DBTS,PPM,PROt2rpp
DBTS,PPM,PROt4pp
DBTS,PPM,PSERT
DBTS,PPM,PSP_L
DBTS,PPM,PTAr
DBTS,PPM,RNDR4
DBTS,PPM,RNTR1c2
DBTS,PPM,RNTR2c2
DBTS,PPM,RNTR3c2
DBTS,PPM,RPE
DBTS,PPM,RPI
DBTS,PPM,SO4t2pp
DBTS,PPM,SUCOAS
DBTS,PPM,TALA
DBTS,PPM,THD2pp
DBTS,PPM,THRt2rpp
DBTS,PPM,THRt4pp
DBTS,PPM,TKT1
DBTS,PPM,TKT2
DBTS,PPM,TPI
DBTS,PPM,TRDR
DBTS,PPM,TRPS1
DBTS,PPM,VALTA
DBTS,PPM,ZN2tpp
DBTS,PPM,FADRx_copy2
DBTS,PPM,URIDK2r
DBTS,PPM,MECDPDH2
DBTS,PPM,PRASCSi_copy2
DBTS,PPM,SK_thf_c
DBTS,PPPGO,PRASCSi_copy1
DBTS,PPPGO,PROt2rpp
DBTS,PPPGO,PROt4pp
DBTS,PPPGO,PRPPS
DBTS,PPPGO,PSERT
DBTS,PPPGO,PSP_L
DBTS,PPPGO,PTAr
DBTS,PPPGO,PUNP1
DBTS,PPPGO,RNDR4
DBTS,PPPGO,RNTR1c2
DBTS,PPPGO,RNTR2c2
DBTS,PPPGO,RNTR3c2
DBTS,PPPGO,RPE
DBTS,PPPGO,RPI
DBTS,PPPGO,SO4t2pp
DBTS,PPPGO,SUCDi
DBTS,PPPGO,SUCOAS
DBTS,PPPGO,TALA
DBTS,PPPGO,THD2pp
DBTS,PPPGO,THRt2rpp
DBTS,PPPGO,THRt4pp
DBTS,PPPGO,TKT1
DBTS,PPPGO,TKT2
DBTS,PPPGO,TPI
DBTS,PPPGO,TRDR
DBTS,PPPGO,TRPS1
DBTS,PPPGO,VALTA
DBTS,PPPGO,ZN2tpp
DBTS,PPPGO,FADRx_copy2
DBTS,PPPGO,URIDK2r
DBTS,PPPGO,MECDPDH2
DBTS,PPPGO,PRASCSi_copy2
DBTS,PPPGO,SK_thf_c
DBTS,PRASCSi_copy1,PROt2rpp
DBTS,PRASCSi_copy1,PROt4pp
DBTS,PRASCSi_copy1,PRPPS
DBTS,PRASCSi_copy1,PSERT
DBTS,PRASCSi_copy1,PSP_L
DBTS,PRASCSi_copy1,PTAr
DBTS,PRASCSi_copy1,PUNP1
DBTS,PRASCSi_copy1,RNDR4
DBTS,PRASCSi_copy1,RNTR1c2
DBTS,PRASCSi_copy1,RNTR2c2
DBTS,PRASCSi_copy1,RNTR3c2
DBTS,PRASCSi_copy1,RPE
DBTS,PRASCSi_copy1,RPI
DBTS,PRASCSi_copy1,SO4t2pp
DBTS,PRASCSi_copy1,SUCOAS
DBTS,PRASCSi_copy1,TALA
DBTS,PRASCSi_copy1,THD2pp
DBTS,PRASCSi_copy1,TKT1
DBTS,PRASCSi_copy1,TKT2
DBTS,PRASCSi_copy1,TPI
DBTS,PRASCSi_copy1,TRDR
DBTS,PRASCSi_copy1,TRPS1
DBTS,PRASCSi_copy1,VALTA
DBTS,PRASCSi_copy1,ZN2tpp
DBTS,PRASCSi_copy1,FADRx_copy2
DBTS,PRASCSi_copy1,URIDK2r
DBTS,PRASCSi_copy1,MECDPDH2
DBTS,PROt2rpp,PRPPS
DBTS,PROt2rpp,PSERT
DBTS,PROt2rpp,PSP_L
DBTS,PROt2rpp,PTAr
DBTS,PROt2rpp,PUNP1
DBTS,PROt2rpp,RNDR4
DBTS,PROt2rpp,RNTR1c2
DBTS,PROt2rpp,RNTR2c2
DBTS,PROt2rpp,RNTR3c2
DBTS,PROt2rpp,RPE
DBTS,PROt2rpp,RPI
DBTS,PROt2rpp,SO4t2pp
DBTS,PROt2rpp,SUCOAS
DBTS,PROt2rpp,TALA
DBTS,PROt2rpp,THD2pp
DBTS,PROt2rpp,THRt2rpp
DBTS,PROt2rpp,THRt4pp
DBTS,PROt2rpp,TKT1
DBTS,PROt2rpp,TKT2
DBTS,PROt2rpp,TPI
DBTS,PROt2rpp,TRDR
DBTS,PROt2rpp,TRPS1
DBTS,PROt2rpp,VALTA
DHBS,FE3abcpp,FESD1s
DHBS,FE3abcpp,FESR
DHBS,FE3abcpp,O2tex
DHBS,FE3abcpp,O2tpp
DHBS,FE3tex,O2tex
DHBSH,FE3abcpp,FESD1s
DHBSH,FE3abcpp,FESR
DHBSH,FE3abcpp,O2tex
DHBSH,FE3abcpp,O2tpp
DHBSH,FE3tex,O2tex
DHORD2,DHORD5,DHORDfum
DHORD5,DHORDfum,O2tex
DHORD5,DHORDfum,O2tpp
DHORDfum,FRD2,O2tex
DHORDfum,FRD2,O2tpp
DRPA,NDPK3,NTD4
DURIK1,DUTPDP,URIDK2r
EAR100x,EAR100y,ECOAH1
EAR100x,EAR100y,ECOAH2
EAR100x,EAR100y,ECOAH3
EAR100x,EAR100y,ECOAH4
EAR100x,EAR100y,HACD1
EAR100x,EAR100y,HACD2
EAR100x,EAR100y,HACD3
EAR100x,EAR100y,HACD4
EAR120x,EAR120y,ECOAH1
EAR120x,EAR120y,ECOAH2
EAR120x,EAR120y,ECOAH3
EAR120x,EAR120y,ECOAH4
EAR120x,EAR120y,ECOAH5
EAR120x,EAR120y,FACOAE120
EAR120x,EAR120y,HACD1
EAR120x,EAR120y,HACD2
EAR120x,EAR120y,HACD3
EAR120x,EAR120y,HACD4
EAR120x,EAR120y,HACD5
EAR140x,EAR140y,ECOAH6
EAR140x,EAR140y,HACD6
EAR160x,EAR160y,ECOAH7
EAR160x,EAR160y,FACOAE160
EAR160x,EAR160y,HACD7
EAR40x,EAR40y,ECOAH1
EAR40x,EAR40y,ECOAH2
EAR40x,EAR40y,ECOAH3
EAR40x,EAR40y,FACOAE80
EAR40x,EAR40y,HACD1
EAR40x,EAR40y,HACD2
EAR40x,EAR40y,HACD3
EAR60x,EAR60y,ECOAH1
EAR60x,EAR60y,ECOAH2
EAR60x,EAR60y,ECOAH3
EAR60x,EAR60y,FACOAE80
EAR60x,EAR60y,HACD1
EAR60x,EAR60y,HACD2
EAR60x,EAR60y,HACD3
EAR80x,EAR80y,ECOAH1
EAR80x,EAR80y,ECOAH2
EAR80x,EAR80y,ECOAH3
EAR80x,EAR80y,FACOAE80
EAR80x,EAR80y,HACD1
EAR80x,EAR80y,HACD2
EAR80x,EAR80y,HACD3
ECOAH1,KAS14,KAS15
ECOAH2,KAS14,KAS15
ECOAH3,KAS14,KAS15
EDA,ENO,GLUDy
EDA,ENO,PGCD
EDA,ENO,PSERT
EDA,ENO,PSP_L
EDA,GLUDy,PGM
EDA,PGCD,PGM
EDA,PGM,PSERT
EDA,PGM,PSP_L
EDD,ENO,GLUDy
EDD,ENO,PGCD
EDD,ENO,PSERT
EDD,ENO,PSP_L
EDD,GLUDy,PGM
EDD,PGCD,PGM
EDD,PGM,PSERT
EDD,PGM,PSP_L
ENO,FORtex,H2Otex
ENO,FORtex,H2Otpp
ENO,FORtppi,H2Otex
ENO,FORtppi,H2Otpp
ENO,FUM,PTAr
ENO,H2Otex,PFL
ENO,H2Otpp,PFL
ENO,PGCD,TPI
ENO,PSERT,TPI
ENO,PSP_L,TPI
ENO,PTAr,SUCDi
ENO,PTAr,SUCOAS
ENTCS,FE3abcpp,FESD1s
ENTCS,FE3abcpp,FESR
ENTCS,FE3abcpp,O2tex
ENTCS,FE3abcpp,O2tpp
ENTCS,FE3tex,O2tex
ENTERES2,FE3abcpp,FESD1s
ENTERES2,FE3abcpp,FESR
ENTERES2,FE3abcpp,O2tex
ENTERES2,FE3abcpp,O2tpp
ENTERES2,FE3tex,O2tex
FACOAE80,KAS14,KAS15
FBA3,RPE,TALA
FBA3,TALA,TKT2
FE3abcpp,FEENTERabcpp,FESD1s
FE3abcpp,FEENTERabcpp,FESR
FE3abcpp,FEENTERabcpp,O2tex
FE3abcpp,FEENTERabcpp,O2tpp
FE3abcpp,FEENTERexs,FESD1s
FE3abcpp,FEENTERexs,FESR
FE3abcpp,FEENTERexs,O2tex
FE3abcpp,FEENTERexs,O2tpp
FE3abcpp,FEENTERtex,FESD1s
FE3abcpp,FEENTERtex,FESR
FE3abcpp,FEENTERtex,O2tex
FE3abcpp,FEENTERtex,O2tpp
FE3abcpp,FEENTERtonex,FESD1s
FE3abcpp,FEENTERtonex,FESR
FE3abcpp,FEENTERtonex,O2tex
FE3abcpp,FEENTERtonex,O2tpp
FE3abcpp,FEENTERtpp,FESD1s
FE3abcpp,FEENTERtpp,FESR
FE3abcpp,FEENTERtpp,O2tex
FE3abcpp,FEENTERtpp,O2tpp
FE3abcpp,FESD1s,SERASr
FE3abcpp,FESR,SERASr
FE3abcpp,O2tex,SERASr
FE3abcpp,O2tpp,SERASr
FE3tex,FEENTERabcpp,O2tex
FE3tex,FEENTERexs,O2tex
FE3tex,FEENTERtex,O2tex
FE3tex,FEENTERtonex,O2tex
FE3tex,FEENTERtpp,O2tex
FE3tex,O2tex,SERASr
FLDR2,NDPK5,POR5
FLDR2,NDPK7,POR5
FLDR2,NDPK8,POR5
FLDR2,POR5,MECDPDH2
FORtex,GAPD,H2Otex
FORtex,GAPD,H2Otpp
FORtex,H2Otex,PGK
FORtex,H2Otex,PGM
FORtex,H2Otpp,PGK
FORtex,H2Otpp,PGM
FORtppi,FTHFLi,GART
FORtppi,GAPD,H2Otex
FORtppi,GAPD,H2Otpp
FORtppi,GAPD,PDH
FORtppi,H2Otex,PGK
FORtppi,H2Otex,PGM
FORtppi,H2Otpp,PGK
FORtppi,H2Otpp,PGM
FORtppi,PDH,PGK
FTHFD,GARFT,PFL
FTHFLi,GARFT,MTHFC
FTHFLi,GARFT,MTHFD
FTHFLi,GART,MTHFC
FTHFLi,GART,MTHFD
FUM,GAPD,PTAr
FUM,PGK,PTAr
FUM,PGM,PTAr
G6PDH2r,GAPD,GLCDpp
G6PDH2r,GAPD,GLCNt2rpp
G6PDH2r,GAPD,GNK
G6PDH2r,GAPD,MGSA
G6PDH2r,GLCDpp,PGK
G6PDH2r,GLCDpp,RPE
G6PDH2r,GLCDpp,TKT2
G6PDH2r,GLCNt2rpp,PGK
G6PDH2r,GLCNt2rpp,RPE
G6PDH2r,GLCNt2rpp,TKT2
G6PDH2r,GNK,PGK
G6PDH2r,GNK,RPE
G6PDH2r,GNK,TKT2
G6PDH2r,MGSA,PGK
G6PDH2r,O2tex,RPE
G6PDH2r,O2tex,TKT2
G6PDH2r,O2tpp,RPE
G6PDH2r,O2tpp,TKT2
GAPD,GLCDpp,GLCt2pp
GAPD,GLCDpp,PGL
GAPD,GLCNt2rpp,GLCt2pp
GAPD,GLCNt2rpp,PGL
GAPD,GLCt2pp,GNK
GAPD,GNK,PGL
GAPD,H2Otex,PFL
GAPD,H2Otpp,PFL
GAPD,MGSA,PGI
GAPD,MGSA,PGL
GAPD,PDH,PFL
GAPD,PTAr,SUCDi
GAPD,PTAr,SUCOAS
GHMT2r,GLYCL,MTHFC
GHMT2r,GLYCL,MTHFD
GHMT2r,GLYCL,PFL
GHMT2r,THRA,THRD
GLCDpp,GLCt2pp,PGK
GLCDpp,PGK,PGL
GLCDpp,PGL,RPE
GLCDpp,PGL,TKT2
GLCNt2rpp,GLCt2pp,PGK
GLCNt2rpp,PGK,PGL
GLCNt2rpp,PGL,RPE
GLCNt2rpp,PGL,TKT2
GLCt2pp,GNK,PGK
GLYCL,MTHFC,PGCD
GLYCL,MTHFC,PSERT
GLYCL,MTHFC,PSP_L
GLYCL,MTHFD,PGCD
GLYCL,MTHFD,PSERT
GLYCL,MTHFD,PSP_L
GLYCL,PFL,PGCD
GLYCL,PFL,PSERT
GLYCL,PFL,PSP_L
GNK,PGK,PGL
GNK,PGL,RPE
GNK,PGL,TKT2
GRXR,RNDR1,RNTR1c2
GRXR,RNDR2,RNTR2c2
GRXR,RNDR3,RNTR3c2
GTHOr,RNDR1,RNTR1c2
GTHOr,RNDR2,RNTR2c2
GTHOr,RNDR3,RNTR3c2
H2Otex,PFL,PGK
H2Otex,PFL,PGM
H2Otpp,PFL,PGK
H2Otpp,PFL,PGM
HACD1,KAS14,KAS15
HACD2,KAS14,KAS15
HACD3,KAS14,KAS15
MG2t3_2pp,MG2tpp,MG2uabcpp
MGSA,PGI,PGK
MGSA,PGK,PGL
MN2tpp,MNt2pp,MNabc_1
MOX,O2tex,PDX5PO2
MOX,O2tpp,PDX5PO2
NDPK3,NTD4,PPM2
NDPK3,NTD4,RPI
O2tex,PGL,RPE
O2tex,PGL,TKT2
O2tpp,PGL,RPE
O2tpp,PGL,TKT2
PDH,PFL,PGK
PFK_3,RPE,TALA
PFK_3,TALA,TKT2
PGCD,PGM,TPI
PGCD,THRA,THRD
PGK,PTAr,SUCDi
PGK,PTAr,SUCOAS
PGM,PSERT,TPI
PGM,PSP_L,TPI
PGM,PTAr,SUCDi
PGM,PTAr,SUCOAS
PPPGO,SUCCtex,SUCDi
PSERT,THRA,THRD
PSP_L,THRA,THRD
RNDR1,RNDR1b,RNTR1c2
RNDR1b,RNTR1c2,TRDR
RNDR2,RNDR2b,RNTR2c2
RNDR2b,RNTR2c2,TRDR
RNDR3,RNDR3b,RNTR3c2
RNDR3b,RNTR3c2,TRDR
SUCCtex,SUCDi,SUCOAS
VALTA,VPAMTr_copy1,VPAMTr_copy2
