[
  {
    "'ECO103_1000'": "'ECO103_4820'",
    "'ECO103_0237'": "'ECO103_0719'",
    "'ECO103_4342'": "'ECO103_0722'"
  },
  {
    "'ECO103_1000'": "'ECO103_4820'",
    "'ECO103_0237'": "'ECO103_0719'",
    "'ECO103_4342'": "'ECO103_0721'"
  },
  {
    "'ECO103_1000'": "'ECO103_4820'",
    "'ECO103_0237'": "'ECO103_0720'",
    "'ECO103_4342'": "'ECO103_0722'"
  },
  {
    "'ECO103_1000'": "'ECO103_4820'",
    "'ECO103_0237'": "'ECO103_0720'",
    "'ECO103_4342'": "'ECO103_0721'"
  },
  {
    "'ECO103_1000'": "'ECO103_4820'",
    "'ECO103_0237'": "'ECO103_0116'",
    "'ECO103_4342'": "'ECO103_0722'"
  },
  {
    "'ECO103_1000'": "'ECO103_4820'",
    "'ECO103_0237'": "'ECO103_0116'",
    "'ECO103_4342'": "'ECO103_0721'"
  },
  {
    "'ECO103_1000'": "'ECO103_0450'",
    "'ECO103_0237'": "'ECO103_4098'",
    "'ECO103_4342'": "'ECO103_5244'"
  },
  {
    "'ECO103_1000'": "'ECO103_0719'",
    "'ECO103_0237'": "'scpC'",
    "'ECO103_4342'": "'ECO103_0722'"
  },
  {
    "'ECO103_1000'": "'ECO103_0719'",
    "'ECO103_0237'": "'scpC'",
    "'ECO103_4342'": "'ECO103_0721'"
  },
  {
    "'ECO103_1000'": "'ECO103_0720'",
    "'ECO103_0237'": "'scpC'",
    "'ECO103_4342'": "'ECO103_0722'"
  },
  {
    "'ECO103_1000'": "'ECO103_0720'",
    "'ECO103_0237'": "'scpC'",
    "'ECO103_4342'": "'ECO103_0721'"
  },
  {
    "'ECO103_1000'": "'ECO103_0116'",
    "'ECO103_0237'": "'ECO103_3072'",
    "'ECO103_4342'": "'ECO103_0501'"
  },
  {
    "'ECO103_1000'": "'ECO103_0116'",
    "'ECO103_0237'": "'ECO103_0501'",
    "'ECO103_4342'": "'ECO103_3488'"
  },
  {
    "'ECO103_1000'": "'ECO103_0116'",
    "'ECO103_0237'": "'ECO103_0501'",
    "'ECO103_4342'": "'ECO103_5249'"
  },
  {
    "'ECO103_1000'": "'ECO103_0116'",
    "'ECO103_0237'": "'scpC'",
    "'ECO103_4342'": "'ECO103_0722'"
  },
  {
    "'ECO103_1000'": "'ECO103_0116'",
    "'ECO103_0237'": "'scpC'",
    "'ECO103_4342'": "'ECO103_0721'"
  },
  {
    "'ECO103_1000'": "'ECO103_0914'",
    "'ECO103_0237'": "'ECO103_3072'",
    "'ECO103_4342'": "'ECO103_4562'"
  },
  {
    "'ECO103_1000'": "'ECO103_0914'",
    "'ECO103_0237'": "'ECO103_3072'",
    "'ECO103_4342'": "'ECO103_4563'"
  },
  {
    "'ECO103_1000'": "'ECO103_3072'",
    "'ECO103_0237'": "'ECO103_3479'",
    "'ECO103_4342'": "'ECO103_0501'"
  },
  {
    "'ECO103_1000'": "'ECO103_3072'",
    "'ECO103_0237'": "'ECO103_3481'",
    "'ECO103_4342'": "'ECO103_0501'"
  },
  {
    "'ECO103_1000'": "'ECO103_3072'",
    "'ECO103_0237'": "'ECO103_3480'",
    "'ECO103_4342'": "'ECO103_0501'"
  },
  {
    "'ECO103_1000'": "'ECO103_3072'",
    "'ECO103_0237'": "'ECO103_4759'",
    "'ECO103_4342'": "'ECO103_4712'"
  },
  {
    "'ECO103_1000'": "'ECO103_3072'",
    "'ECO103_0237'": "'ECO103_4712'",
    "'ECO103_4342'": "'ECO103_0717'"
  },
  {
    "'ECO103_1000'": "'ECO103_3072'",
    "'ECO103_0237'": "'ECO103_4712'",
    "'ECO103_4342'": "'ECO103_0718'"
  },
  {
    "'ECO103_1000'": "'ECO103_3072'",
    "'ECO103_0237'": "'ECO103_4712'",
    "'ECO103_4342'": "'ECO103_0716'"
  },
  {
    "'ECO103_1000'": "'ECO103_3072'",
    "'ECO103_0237'": "'ECO103_4712'",
    "'ECO103_4342'": "'ECO103_0715'"
  },
  {
    "'ECO103_1000'": "'ECO103_2754'",
    "'ECO103_0237'": "'ECO103_2904'",
    "'ECO103_4342'": "'ECO103_4662'"
  },
  {
    "'ECO103_1000'": "'ECO103_4843'",
    "'ECO103_0237'": "'ECO103_4104'",
    "'ECO103_4342'": "'ECO103_3489'"
  },
  {
    "'ECO103_1000'": "'ECO103_0488'",
    "'ECO103_0237'": "'ECO103_4759'",
    "'ECO103_4342'": "'ECO103_4712'"
  },
  {
    "'ECO103_1000'": "'ECO103_0488'",
    "'ECO103_0237'": "'ECO103_4712'",
    "'ECO103_4342'": "'ECO103_0717'"
  },
  {
    "'ECO103_1000'": "'ECO103_0488'",
    "'ECO103_0237'": "'ECO103_4712'",
    "'ECO103_4342'": "'ECO103_0718'"
  },
  {
    "'ECO103_1000'": "'ECO103_0488'",
    "'ECO103_0237'": "'ECO103_4712'",
    "'ECO103_4342'": "'ECO103_0716'"
  },
  {
    "'ECO103_1000'": "'ECO103_0488'",
    "'ECO103_0237'": "'ECO103_4712'",
    "'ECO103_4342'": "'ECO103_0715'"
  },
  {
    "'ECO103_1000'": "'ECO103_0484'",
    "'ECO103_0237'": "'ECO103_4759'",
    "'ECO103_4342'": "'ECO103_4712'"
  },
  {
    "'ECO103_1000'": "'ECO103_0484'",
    "'ECO103_0237'": "'ECO103_4712'",
    "'ECO103_4342'": "'ECO103_0717'"
  },
  {
    "'ECO103_1000'": "'ECO103_0484'",
    "'ECO103_0237'": "'ECO103_4712'",
    "'ECO103_4342'": "'ECO103_0718'"
  },
  {
    "'ECO103_1000'": "'ECO103_0484'",
    "'ECO103_0237'": "'ECO103_4712'",
    "'ECO103_4342'": "'ECO103_0716'"
  },
  {
    "'ECO103_1000'": "'ECO103_0484'",
    "'ECO103_0237'": "'ECO103_4712'",
    "'ECO103_4342'": "'ECO103_0715'"
  },
  {
    "'ECO103_1000'": "'ECO103_4425'",
    "'ECO103_0237'": "'ECO103_1965'",
    "'ECO103_4342'": "'ECO103_2040'"
  },
  {
    "'ECO103_1000'": "'ECO103_4425'",
    "'ECO103_0237'": "'ECO103_1965'",
    "'ECO103_4342'": "'ECO103_2041'"
  },
  {
    "'ECO103_1000'": "'ECO103_4425'",
    "'ECO103_0237'": "'ECO103_1965'",
    "'ECO103_4342'": "'ECO103_4609'"
  },
  {
    "'ECO103_1000'": "'ECO103_4425'",
    "'ECO103_0237'": "'ECO103_2040'",
    "'ECO103_4342'": "'ECO103_3501'"
  },
  {
    "'ECO103_1000'": "'ECO103_4425'",
    "'ECO103_0237'": "'ECO103_2041'",
    "'ECO103_4342'": "'ECO103_3501'"
  },
  {
    "'ECO103_1000'": "'ECO103_4425'",
    "'ECO103_0237'": "'ECO103_3501'",
    "'ECO103_4342'": "'ECO103_4609'"
  },
  {
    "'ECO103_1000'": "'ECO103_4424'",
    "'ECO103_0237'": "'ECO103_1965'",
    "'ECO103_4342'": "'ECO103_2040'"
  },
  {
    "'ECO103_1000'": "'ECO103_4424'",
    "'ECO103_0237'": "'ECO103_1965'",
    "'ECO103_4342'": "'ECO103_2041'"
  },
  {
    "'ECO103_1000'": "'ECO103_4424'",
    "'ECO103_0237'": "'ECO103_1965'",
    "'ECO103_4342'": "'ECO103_4609'"
  },
  {
    "'ECO103_1000'": "'ECO103_4424'",
    "'ECO103_0237'": "'ECO103_2040'",
    "'ECO103_4342'": "'ECO103_3501'"
  },
  {
    "'ECO103_1000'": "'ECO103_4424'",
    "'ECO103_0237'": "'ECO103_2041'",
    "'ECO103_4342'": "'ECO103_3501'"
  },
  {
    "'ECO103_1000'": "'ECO103_4424'",
    "'ECO103_0237'": "'ECO103_3501'",
    "'ECO103_4342'": "'ECO103_4609'"
  },
  {
    "'ECO103_1000'": "'ECO103_4421'",
    "'ECO103_0237'": "'ECO103_1965'",
    "'ECO103_4342'": "'ECO103_2040'"
  },
  {
    "'ECO103_1000'": "'ECO103_4421'",
    "'ECO103_0237'": "'ECO103_1965'",
    "'ECO103_4342'": "'ECO103_2041'"
  },
  {
    "'ECO103_1000'": "'ECO103_4421'",
    "'ECO103_0237'": "'ECO103_1965'",
    "'ECO103_4342'": "'ECO103_4609'"
  },
  {
    "'ECO103_1000'": "'ECO103_4421'",
    "'ECO103_0237'": "'ECO103_2040'",
    "'ECO103_4342'": "'ECO103_3501'"
  },
  {
    "'ECO103_1000'": "'ECO103_4421'",
    "'ECO103_0237'": "'ECO103_2041'",
    "'ECO103_4342'": "'ECO103_3501'"
  },
  {
    "'ECO103_1000'": "'ECO103_4421'",
    "'ECO103_0237'": "'ECO103_3501'",
    "'ECO103_4342'": "'ECO103_4609'"
  },
  {
    "'ECO103_1000'": "'ECO103_4422'",
    "'ECO103_0237'": "'ECO103_1965'",
    "'ECO103_4342'": "'ECO103_2040'"
  },
  {
    "'ECO103_1000'": "'ECO103_4422'",
    "'ECO103_0237'": "'ECO103_1965'",
    "'ECO103_4342'": "'ECO103_2041'"
  },
  {
    "'ECO103_1000'": "'ECO103_4422'",
    "'ECO103_0237'": "'ECO103_1965'",
    "'ECO103_4342'": "'ECO103_4609'"
  },
  {
    "'ECO103_1000'": "'ECO103_4422'",
    "'ECO103_0237'": "'ECO103_2040'",
    "'ECO103_4342'": "'ECO103_3501'"
  },
  {
    "'ECO103_1000'": "'ECO103_4422'",
    "'ECO103_0237'": "'ECO103_2041'",
    "'ECO103_4342'": "'ECO103_3501'"
  },
  {
    "'ECO103_1000'": "'ECO103_4422'",
    "'ECO103_0237'": "'ECO103_3501'",
    "'ECO103_4342'": "'ECO103_4609'"
  },
  {
    "'ECO103_1000'": "'ECO103_4420'",
    "'ECO103_0237'": "'ECO103_1965'",
    "'ECO103_4342'": "'ECO103_2040'"
  },
  {
    "'ECO103_1000'": "'ECO103_4420'",
    "'ECO103_0237'": "'ECO103_1965'",
    "'ECO103_4342'": "'ECO103_2041'"
  },
  {
    "'ECO103_1000'": "'ECO103_4420'",
    "'ECO103_0237'": "'ECO103_1965'",
    "'ECO103_4342'": "'ECO103_4609'"
  },
  {
    "'ECO103_1000'": "'ECO103_4420'",
    "'ECO103_0237'": "'ECO103_2040'",
    "'ECO103_4342'": "'ECO103_3501'"
  },
  {
    "'ECO103_1000'": "'ECO103_4420'",
    "'ECO103_0237'": "'ECO103_2041'",
    "'ECO103_4342'": "'ECO103_3501'"
  },
  {
    "'ECO103_1000'": "'ECO103_4420'",
    "'ECO103_0237'": "'ECO103_3501'",
    "'ECO103_4342'": "'ECO103_4609'"
  },
  {
    "'ECO103_1000'": "'ECO103_4426'",
    "'ECO103_0237'": "'ECO103_1965'",
    "'ECO103_4342'": "'ECO103_2040'"
  },
  {
    "'ECO103_1000'": "'ECO103_4426'",
    "'ECO103_0237'": "'ECO103_1965'",
    "'ECO103_4342'": "'ECO103_2041'"
  },
  {
    "'ECO103_1000'": "'ECO103_4426'",
    "'ECO103_0237'": "'ECO103_1965'",
    "'ECO103_4342'": "'ECO103_4609'"
  },
  {
    "'ECO103_1000'": "'ECO103_4426'",
    "'ECO103_0237'": "'ECO103_2040'",
    "'ECO103_4342'": "'ECO103_3501'"
  },
  {
    "'ECO103_1000'": "'ECO103_4426'",
    "'ECO103_0237'": "'ECO103_2041'",
    "'ECO103_4342'": "'ECO103_3501'"
  },
  {
    "'ECO103_1000'": "'ECO103_4426'",
    "'ECO103_0237'": "'ECO103_3501'",
    "'ECO103_4342'": "'ECO103_4609'"
  },
  {
    "'ECO103_1000'": "'ECO103_4423'",
    "'ECO103_0237'": "'ECO103_1965'",
    "'ECO103_4342'": "'ECO103_2040'"
  },
  {
    "'ECO103_1000'": "'ECO103_4423'",
    "'ECO103_0237'": "'ECO103_1965'",
    "'ECO103_4342'": "'ECO103_2041'"
  },
  {
    "'ECO103_1000'": "'ECO103_4423'",
    "'ECO103_0237'": "'ECO103_1965'",
    "'ECO103_4342'": "'ECO103_4609'"
  },
  {
    "'ECO103_1000'": "'ECO103_4423'",
    "'ECO103_0237'": "'ECO103_2040'",
    "'ECO103_4342'": "'ECO103_3501'"
  },
  {
    "'ECO103_1000'": "'ECO103_4423'",
    "'ECO103_0237'": "'ECO103_2041'",
    "'ECO103_4342'": "'ECO103_3501'"
  },
  {
    "'ECO103_1000'": "'ECO103_4423'",
    "'ECO103_0237'": "'ECO103_3501'",
    "'ECO103_4342'": "'ECO103_4609'"
  },
  {
    "'ECO103_1000'": "'ECO103_4427'",
    "'ECO103_0237'": "'ECO103_1965'",
    "'ECO103_4342'": "'ECO103_2040'"
  },
  {
    "'ECO103_1000'": "'ECO103_4427'",
    "'ECO103_0237'": "'ECO103_1965'",
    "'ECO103_4342'": "'ECO103_2041'"
  },
  {
    "'ECO103_1000'": "'ECO103_4427'",
    "'ECO103_0237'": "'ECO103_1965'",
    "'ECO103_4342'": "'ECO103_4609'"
  },
  {
    "'ECO103_1000'": "'ECO103_4427'",
    "'ECO103_0237'": "'ECO103_2040'",
    "'ECO103_4342'": "'ECO103_3501'"
  },
  {
    "'ECO103_1000'": "'ECO103_4427'",
    "'ECO103_0237'": "'ECO103_2041'",
    "'ECO103_4342'": "'ECO103_3501'"
  },
  {
    "'ECO103_1000'": "'ECO103_4427'",
    "'ECO103_0237'": "'ECO103_3501'",
    "'ECO103_4342'": "'ECO103_4609'"
  },
  {
    "'ECO103_1000'": "'ECO103_4349'",
    "'ECO103_0237'": "'ECO103_5038'",
    "'ECO103_4342'": "'ECO103_4199'"
  },
  {
    "'ECO103_1000'": "'ECO103_4349'",
    "'ECO103_0237'": "'ECO103_5038'",
    "'ECO103_4342'": "'ECO103_4197'"
  },
  {
    "'ECO103_1000'": "'ECO103_4349'",
    "'ECO103_0237'": "'ECO103_5038'",
    "'ECO103_4342'": "'ECO103_4196'"
  },
  {
    "'ECO103_1000'": "'ECO103_4349'",
    "'ECO103_0237'": "'ECO103_5038'",
    "'ECO103_4342'": "'ECO103_4198'"
  },
  {
    "'ECO103_1000'": "'ECO103_4349'",
    "'ECO103_0237'": "'ECO103_5038'",
    "'ECO103_4342'": "'ECO103_4200'"
  },
  {
    "'ECO103_1000'": "'ECO103_0319'",
    "'ECO103_0237'": "'ECO103_0953'",
    "'ECO103_4342'": "'ECO103_3286'"
  },
  {
    "'ECO103_1000'": "'ECO103_0742'",
    "'ECO103_0237'": "'ECO103_3175'",
    "'ECO103_4342'": "'ECO103_1848'"
  },
  {
    "'ECO103_1000'": "'ECO103_3161'",
    "'ECO103_0237'": "'ECO103_4384'",
    "'ECO103_4342'": "'ECO103_4226'"
  },
  {
    "'ECO103_1000'": "'ECO103_1752'",
    "'ECO103_0237'": "'ECO103_1751'",
    "'ECO103_4342'": "'ECO103_4712'"
  },
  {
    "'ECO103_1000'": "'ECO103_1965'",
    "'ECO103_0237'": "'ECO103_4759'",
    "'ECO103_4342'": "'ECO103_1846'"
  },
  {
    "'ECO103_1000'": "'ECO103_1965'",
    "'ECO103_0237'": "'ECO103_1846'",
    "'ECO103_4342'": "'ECO103_0717'"
  },
  {
    "'ECO103_1000'": "'ECO103_1965'",
    "'ECO103_0237'": "'ECO103_1846'",
    "'ECO103_4342'": "'ECO103_0718'"
  },
  {
    "'ECO103_1000'": "'ECO103_1965'",
    "'ECO103_0237'": "'ECO103_1846'",
    "'ECO103_4342'": "'ECO103_0716'"
  },
  {
    "'ECO103_1000'": "'ECO103_1965'",
    "'ECO103_0237'": "'ECO103_1846'",
    "'ECO103_4342'": "'ECO103_0715'"
  },
  {
    "'ECO103_1000'": "'ECO103_3322'",
    "'ECO103_0237'": "'ECO103_4121'",
    "'ECO103_4342'": "'ECO103_1846'"
  },
  {
    "'ECO103_1000'": "'ECO103_2042'",
    "'ECO103_0237'": "'ECO103_4159'",
    "'ECO103_4342'": "'ECO103_4104'"
  },
  {
    "'ECO103_1000'": "'ECO103_3479'",
    "'ECO103_0237'": "'ECO103_0501'",
    "'ECO103_4342'": "'ECO103_3488'"
  },
  {
    "'ECO103_1000'": "'ECO103_3479'",
    "'ECO103_0237'": "'ECO103_0501'",
    "'ECO103_4342'": "'ECO103_5249'"
  },
  {
    "'ECO103_1000'": "'ECO103_3481'",
    "'ECO103_0237'": "'ECO103_0501'",
    "'ECO103_4342'": "'ECO103_3488'"
  },
  {
    "'ECO103_1000'": "'ECO103_3481'",
    "'ECO103_0237'": "'ECO103_0501'",
    "'ECO103_4342'": "'ECO103_5249'"
  },
  {
    "'ECO103_1000'": "'ECO103_3480'",
    "'ECO103_0237'": "'ECO103_0501'",
    "'ECO103_4342'": "'ECO103_3488'"
  },
  {
    "'ECO103_1000'": "'ECO103_3480'",
    "'ECO103_0237'": "'ECO103_0501'",
    "'ECO103_4342'": "'ECO103_5249'"
  },
  {
    "'ECO103_1000'": "'ECO103_4159'",
    "'ECO103_0237'": "'ECO103_0755'",
    "'ECO103_4342'": "'ECO103_4104'"
  },
  {
    "'ECO103_1000'": "'ECO103_4226'",
    "'ECO103_0237'": "'ECO103_2704'",
    "'ECO103_4342'": "'ECO103_5034'"
  },
  {
    "'ECO103_1000'": "'ECO103_4226'",
    "'ECO103_0237'": "'ECO103_2703'",
    "'ECO103_4342'": "'ECO103_5034'"
  },
  {
    "'ECO103_1000'": "'ECO103_3443'",
    "'ECO103_0237'": "'ECO103_4759'",
    "'ECO103_4342'": "'ECO103_4712'"
  },
  {
    "'ECO103_1000'": "'ECO103_3443'",
    "'ECO103_0237'": "'ECO103_4712'",
    "'ECO103_4342'": "'ECO103_0717'"
  },
  {
    "'ECO103_1000'": "'ECO103_3443'",
    "'ECO103_0237'": "'ECO103_4712'",
    "'ECO103_4342'": "'ECO103_0718'"
  },
  {
    "'ECO103_1000'": "'ECO103_3443'",
    "'ECO103_0237'": "'ECO103_4712'",
    "'ECO103_4342'": "'ECO103_0716'"
  },
  {
    "'ECO103_1000'": "'ECO103_3443'",
    "'ECO103_0237'": "'ECO103_4712'",
    "'ECO103_4342'": "'ECO103_0715'"
  },
  {
    "'ECO103_1000'": "'ECO103_3441'",
    "'ECO103_0237'": "'ECO103_4759'",
    "'ECO103_4342'": "'ECO103_4712'"
  },
  {
    "'ECO103_1000'": "'ECO103_3441'",
    "'ECO103_0237'": "'ECO103_4712'",
    "'ECO103_4342'": "'ECO103_0717'"
  },
  {
    "'ECO103_1000'": "'ECO103_3441'",
    "'ECO103_0237'": "'ECO103_4712'",
    "'ECO103_4342'": "'ECO103_0718'"
  },
  {
    "'ECO103_1000'": "'ECO103_3441'",
    "'ECO103_0237'": "'ECO103_4712'",
    "'ECO103_4342'": "'ECO103_0716'"
  },
  {
    "'ECO103_1000'": "'ECO103_3441'",
    "'ECO103_0237'": "'ECO103_4712'",
    "'ECO103_4342'": "'ECO103_0715'"
  },
  {
    "'ECO103_1000'": "'ECO103_3442'",
    "'ECO103_0237'": "'ECO103_4759'",
    "'ECO103_4342'": "'ECO103_4712'"
  },
  {
    "'ECO103_1000'": "'ECO103_3442'",
    "'ECO103_0237'": "'ECO103_4712'",
    "'ECO103_4342'": "'ECO103_0717'"
  },
  {
    "'ECO103_1000'": "'ECO103_3442'",
    "'ECO103_0237'": "'ECO103_4712'",
    "'ECO103_4342'": "'ECO103_0718'"
  },
  {
    "'ECO103_1000'": "'ECO103_3442'",
    "'ECO103_0237'": "'ECO103_4712'",
    "'ECO103_4342'": "'ECO103_0716'"
  },
  {
    "'ECO103_1000'": "'ECO103_3442'",
    "'ECO103_0237'": "'ECO103_4712'",
    "'ECO103_4342'": "'ECO103_0715'"
  },
  {
    "'ECO103_1000'": "'ECO103_4759'",
    "'ECO103_0237'": "'ECO103_0501'",
    "'ECO103_4342'": "'ECO103_4712'"
  },
  {
    "'ECO103_1000'": "'ECO103_4759'",
    "'ECO103_0237'": "'ECO103_3488'",
    "'ECO103_4342'": "'ECO103_4712'"
  },
  {
    "'ECO103_1000'": "'ECO103_4759'",
    "'ECO103_0237'": "'ECO103_3501'",
    "'ECO103_4342'": "'ECO103_1846'"
  },
  {
    "'ECO103_1000'": "'ECO103_4759'",
    "'ECO103_0237'": "'ECO103_4712'",
    "'ECO103_4342'": "'ECO103_5249'"
  },
  {
    "'ECO103_1000'": "'ECO103_4759'",
    "'ECO103_0237'": "'ECO103_4712'",
    "'ECO103_4342'": "'ECO103_0478'"
  },
  {
    "'ECO103_1000'": "'ECO103_4411'",
    "'ECO103_0237'": "'ECO103_1351'",
    "'ECO103_4342'": "'ECO103_4316'"
  },
  {
    "'ECO103_1000'": "'ECO103_4411'",
    "'ECO103_0237'": "'ECO103_1351'",
    "'ECO103_4342'": "'ECO103_4021'"
  },
  {
    "'ECO103_1000'": "'ECO103_4411'",
    "'ECO103_0237'": "'ECO103_1351'",
    "'ECO103_4342'": "'ECO103_1455'"
  },
  {
    "'ECO103_1000'": "'ECO103_4758'",
    "'ECO103_0237'": "'ECO103_3652'",
    "'ECO103_4342'": "'ECO103_4712'"
  },
  {
    "'ECO103_1000'": "'ECO103_0753'",
    "'ECO103_0237'": "'ECO103_2943'",
    "'ECO103_4342'": "'ECO103_4611'"
  },
  {
    "'ECO103_1000'": "'ECO103_0752'",
    "'ECO103_0237'": "'ECO103_2943'",
    "'ECO103_4342'": "'ECO103_4611'"
  },
  {
    "'ECO103_1000'": "'ECO103_0751'",
    "'ECO103_0237'": "'ECO103_2943'",
    "'ECO103_4342'": "'ECO103_4611'"
  },
  {
    "'ECO103_1000'": "'ECO103_0501'",
    "'ECO103_0237'": "'ECO103_3861'",
    "'ECO103_4342'": "'ECO103_4707'"
  },
  {
    "'ECO103_1000'": "'ECO103_0501'",
    "'ECO103_0237'": "'ECO103_3861'",
    "'ECO103_4342'": "'ECO103_4708'"
  },
  {
    "'ECO103_1000'": "'ECO103_0501'",
    "'ECO103_0237'": "'ECO103_0945'",
    "'ECO103_4342'": "'ECO103_4707'"
  },
  {
    "'ECO103_1000'": "'ECO103_0501'",
    "'ECO103_0237'": "'ECO103_0945'",
    "'ECO103_4342'": "'ECO103_4708'"
  },
  {
    "'ECO103_1000'": "'ECO103_0501'",
    "'ECO103_0237'": "'ECO103_4712'",
    "'ECO103_4342'": "'ECO103_0717'"
  },
  {
    "'ECO103_1000'": "'ECO103_0501'",
    "'ECO103_0237'": "'ECO103_4712'",
    "'ECO103_4342'": "'ECO103_0718'"
  },
  {
    "'ECO103_1000'": "'ECO103_0501'",
    "'ECO103_0237'": "'ECO103_4712'",
    "'ECO103_4342'": "'ECO103_0716'"
  },
  {
    "'ECO103_1000'": "'ECO103_0501'",
    "'ECO103_0237'": "'ECO103_4712'",
    "'ECO103_4342'": "'ECO103_0715'"
  },
  {
    "'ECO103_1000'": "'ECO103_1441'",
    "'ECO103_0237'": "'ECO103_0885'",
    "'ECO103_4342'": "'ECO103_3737'"
  },
  {
    "'ECO103_1000'": "'ECO103_3488'",
    "'ECO103_0237'": "'ECO103_4712'",
    "'ECO103_4342'": "'ECO103_0717'"
  },
  {
    "'ECO103_1000'": "'ECO103_3488'",
    "'ECO103_0237'": "'ECO103_4712'",
    "'ECO103_4342'": "'ECO103_0718'"
  },
  {
    "'ECO103_1000'": "'ECO103_3488'",
    "'ECO103_0237'": "'ECO103_4712'",
    "'ECO103_4342'": "'ECO103_0716'"
  },
  {
    "'ECO103_1000'": "'ECO103_3488'",
    "'ECO103_0237'": "'ECO103_4712'",
    "'ECO103_4342'": "'ECO103_0715'"
  },
  {
    "'ECO103_1000'": "'ECO103_3501'",
    "'ECO103_0237'": "'ECO103_1846'",
    "'ECO103_4342'": "'ECO103_0717'"
  },
  {
    "'ECO103_1000'": "'ECO103_3501'",
    "'ECO103_0237'": "'ECO103_1846'",
    "'ECO103_4342'": "'ECO103_0718'"
  },
  {
    "'ECO103_1000'": "'ECO103_3501'",
    "'ECO103_0237'": "'ECO103_1846'",
    "'ECO103_4342'": "'ECO103_0716'"
  },
  {
    "'ECO103_1000'": "'ECO103_3501'",
    "'ECO103_0237'": "'ECO103_1846'",
    "'ECO103_4342'": "'ECO103_0715'"
  },
  {
    "'ECO103_1000'": "'ECO103_4712'",
    "'ECO103_0237'": "'ECO103_5249'",
    "'ECO103_4342'": "'ECO103_0717'"
  },
  {
    "'ECO103_1000'": "'ECO103_4712'",
    "'ECO103_0237'": "'ECO103_5249'",
    "'ECO103_4342'": "'ECO103_0718'"
  },
  {
    "'ECO103_1000'": "'ECO103_4712'",
    "'ECO103_0237'": "'ECO103_5249'",
    "'ECO103_4342'": "'ECO103_0716'"
  },
  {
    "'ECO103_1000'": "'ECO103_4712'",
    "'ECO103_0237'": "'ECO103_5249'",
    "'ECO103_4342'": "'ECO103_0715'"
  },
  {
    "'ECO103_1000'": "'ECO103_4712'",
    "'ECO103_0237'": "'ECO103_0717'",
    "'ECO103_4342'": "'ECO103_0478'"
  },
  {
    "'ECO103_1000'": "'ECO103_4712'",
    "'ECO103_0237'": "'ECO103_0718'",
    "'ECO103_4342'": "'ECO103_0478'"
  },
  {
    "'ECO103_1000'": "'ECO103_4712'",
    "'ECO103_0237'": "'ECO103_0716'",
    "'ECO103_4342'": "'ECO103_0478'"
  },
  {
    "'ECO103_1000'": "'ECO103_4712'",
    "'ECO103_0237'": "'ECO103_0715'",
    "'ECO103_4342'": "'ECO103_0478'"
  },
  {
    "'ECO103_1000'": "'ECO103_4098'",
    "'ECO103_0237'": "'ECO103_5244'",
    "'ECO103_4342'": "'ECO103_1309'"
  },
  {
    "'ECO103_1000'": "'ECO103_2704'",
    "'ECO103_0237'": "'ECO103_3216'",
    "'ECO103_4342'": "'ECO103_5034'"
  },
  {
    "'ECO103_1000'": "'ECO103_2704'",
    "'ECO103_0237'": "'ECO103_3217'",
    "'ECO103_4342'": "'ECO103_5034'"
  },
  {
    "'ECO103_1000'": "'ECO103_2703'",
    "'ECO103_0237'": "'ECO103_3216'",
    "'ECO103_4342'": "'ECO103_5034'"
  },
  {
    "'ECO103_1000'": "'ECO103_2703'",
    "'ECO103_0237'": "'ECO103_3217'",
    "'ECO103_4342'": "'ECO103_5034'"
  },
  {
    "'ECO103_1000'": "'ECO103_3216'",
    "'ECO103_0237'": "'ECO103_5034'",
    "'ECO103_4342'": "'ECO103_0931'"
  },
  {
    "'ECO103_1000'": "'ECO103_3217'",
    "'ECO103_0237'": "'ECO103_5034'",
    "'ECO103_4342'": "'ECO103_0931'"
  }
]