'23DHMPO','EX_ile_L(e)','KARA2'
'23DHMPO','ILETA','KARA2'
'2AHBUTI','EX_ile_L(e)','KARA2'
'2AHBUTI','ILETA','KARA2'
'ACALD','PFL','PTAr'
'ACALD','PGK','EX_nh4(e)'
'ACALD','PGK','NH4tb'
'ACHBPL','ILEabc','ILEt2r'
'ACKr','ATPS4','PGK'
'ACKr','ATPS4','TPI'
'ACKr','CO2t','PGK'
'ACKr','CO2t','TPI'
'ACKr','EX_co2(e)','PGK'
'ACKr','EX_co2(e)','TPI'
'ACKr','EX_h(e)','PGK'
'ACKr','EX_h(e)','TPI'
'ACKr','PGK','EX_nh4(e)'
'ACKr','PGK','NH4tb'
'ACLS_a','ILEabc','ILEt2r'
'ACLS_a','VALabc','VALt2r'
'ACLS_b','VALabc','VALt2r'
'ADSL2r','ASPTA','CO2t'
'ADSL2r','ASPTA','EX_co2(e)'
'AICART','ASPT','NAPRT'
'AICART','ASPT','EX_nac(e)'
'AICART','ASPT','NACt2r'
'AICART','ASPTA','CO2t'
'AICART','ASPTA','EX_co2(e)'
'AIRC4','ASPTA','CO2t'
'AIRC4','ASPTA','EX_co2(e)'
'ALACI','EX_val_L(e)','KARA1'
'ALCD19','GLYCDx','GLYK'
'ASNS1','ASNS2','EX_asn_L(e)'
'ASNS1','ASNS2','ASNt2r'
'ASPT','IMPC','NAPRT'
'ASPT','IMPC','EX_nac(e)'
'ASPT','IMPC','NACt2r'
'ASPTA','CO2t','EX_hxan(e)'
'ASPTA','CO2t','GARFTi'
'ASPTA','CO2t','GLUPRT'
'ASPTA','CO2t','HYXNt'
'ASPTA','CO2t','IMPC'
'ASPTA','CO2t','LDH_L'
'ASPTA','CO2t','NTD11'
'ASPTA','CO2t','PRAGS'
'ASPTA','CO2t','PRAIS'
'ASPTA','CO2t','PRASCSi'
'ASPTA','CO2t','PRFGS'
'ASPTA','EX_co2(e)','EX_hxan(e)'
'ASPTA','EX_co2(e)','GARFTi'
'ASPTA','EX_co2(e)','GLUPRT'
'ASPTA','EX_co2(e)','HYXNt'
'ASPTA','EX_co2(e)','IMPC'
'ASPTA','EX_co2(e)','LDH_L'
'ASPTA','EX_co2(e)','NTD11'
'ASPTA','EX_co2(e)','PRAGS'
'ASPTA','EX_co2(e)','PRAIS'
'ASPTA','EX_co2(e)','PRASCSi'
'ASPTA','EX_co2(e)','PRFGS'
'ASPTA','EX_asp_L(e)','EX_asn_L(e)'
'ASPTA','EX_asp_L(e)','ASNt2r'
'ASPTA','EX_asp_L(e)','r0127'
'ASPTA','ASPt2r','EX_asn_L(e)'
'ASPTA','ASPt2r','ASNt2r'
'ASPTA','ASPt2r','r0127'
'ATPS4','PGK','EX_ac(e)'
'ATPS4','PGK','ACtr'
'ATPS4','TPI','EX_ac(e)'
'ATPS4','TPI','ACtr'
'CO2t','EX_h2o(e)','PGK'
'CO2t','H2Ot','PGK'
'CO2t','PGK','PTAr'
'CO2t','PGK','EX_nh4(e)'
'CO2t','PGK','NH4tb'
'CO2t','PGK','EX_ac(e)'
'CO2t','PGK','ACtr'
'CO2t','PTAr','TPI'
'CO2t','TPI','EX_ac(e)'
'CO2t','TPI','ACtr'
'CYTD','CYTK2','ADK5'
'CYTD','DRPAr','ADK5'
'CYTD','DURIPP','ADK5'
'CYTD','RNDR3','ADK5'
'CYTD','r0570','ADK5'
'CYTK2','NTD4','ADK5'
'CYTK2','RNDR3','RNTR3'
'DCMPDA','RNDR3','RNTR3'
'DHAD1','VALabc','VALt2r'
'DHAD2','ILEabc','ILEt2r'
'DHORD2','DHORD5','DHORDfum'
'DHORD2','FRD2','DHORDfum'
'DRPAr','NTD4','ADK5'
'DURIPP','NTD4','ADK5'
'EX_co2(e)','EX_h2o(e)','PGK'
'EX_co2(e)','H2Ot','PGK'
'EX_co2(e)','PGK','PTAr'
'EX_co2(e)','PGK','EX_nh4(e)'
'EX_co2(e)','PGK','NH4tb'
'EX_co2(e)','PGK','EX_ac(e)'
'EX_co2(e)','PGK','ACtr'
'EX_co2(e)','PTAr','TPI'
'EX_co2(e)','TPI','EX_ac(e)'
'EX_co2(e)','TPI','ACtr'
'EX_for(e)','GHMT2r','PFL'
'EX_for(e)','MTHFC','PFL'
'EX_for(e)','MTHFD','PFL'
'EX_gal(e)','EX_lcts(e)','UGLT'
'EX_gal(e)','LACZ','UGLT'
'EX_gal(e)','LCTSabc','UGLT'
'EX_gly(e)','EX_glyc3p(e)','GLYt2r'
'EX_gly(e)','GLYC3Pabc','GLYt2r'
'EX_gly(e)','PGK','EX_nh4(e)'
'EX_gly(e)','PGK','NH4tb'
'EX_glyc3p(e)','G3PD1','G3PD2'
'EX_h(e)','PGK','EX_ac(e)'
'EX_h(e)','PGK','ACtr'
'EX_h(e)','TPI','EX_ac(e)'
'EX_h(e)','TPI','ACtr'
'EX_hxan(e)','GLNS','GLUOX'
'EX_lcts(e)','GALabc','UGLT'
'EX_pi(e)','PPA','TPI'
'EX_val_L(e)','KARA1','KARA3'
'FBA3','RPE','TALA'
'FBA3','RPI','TALA'
'FBA3','TALA','TKT2'
'FORt2r','GHMT2r','PFL'
'FORt2r','MTHFC','PFL'
'FORt2r','MTHFD','PFL'
'FTHFL','PGCDr','EX_ser_L(e)'
'FTHFL','PGCDr','SERt2r'
'FTHFL','PSERT','EX_ser_L(e)'
'FTHFL','PSERT','SERt2r'
'FTHFL','EX_ser_L(e)','PSP_L'
'FTHFL','SERt2r','PSP_L'
'FUM','LDH_L','NNDPR'
'FUM','LDH_L','QULNS'
'FUM','LDH_L','ASPO5'
'G3PD1','G3PD2','GLYC3Pabc'
'GALK','GLCTR4r','PGMT'
'GALK','PGMT','EX_sucr(e)'
'GALK','PGMT','SUCRt2'
'GALabc','LACZ','UGLT'
'GALabc','LCTSabc','UGLT'
'GHMT2r','PGCDr','EX_ser_L(e)'
'GHMT2r','PGCDr','SERt2r'
'GHMT2r','PSERT','EX_ser_L(e)'
'GHMT2r','PSERT','SERt2r'
'GHMT2r','EX_ser_L(e)','PSP_L'
'GHMT2r','SERt2r','PSP_L'
'GLCTR4r','UDPG4E','PGMT'
'GLNS','GLUOX','HXPRT'
'GLNS','GLUOX','HYXNt'
'GLYCDx','GLYK','r0392'
'GLYt4r','PPA','TPI'
'HISTDOX','EX_his_L(e)','HISTD'
'HISTDOX','HISt2r','HISTD'
'HISTLOX','EX_his_L(e)','HISTD'
'HISTLOX','HISt2r','HISTD'
'HSK','THRAr','EX_thr_L(e)'
'HSK','THRAr','THRt2r'
'ILETA','ILEabc','ILEt2r'
'ILEabc','ILEt2r','THRD_L'
'LDH_L','ME2','NNDPR'
'LDH_L','ME2','QULNS'
'LDH_L','ME2','ASPO5'
'MTHFC','PGCDr','EX_ser_L(e)'
'MTHFC','PGCDr','SERt2r'
'MTHFC','PSERT','EX_ser_L(e)'
'MTHFC','PSERT','SERt2r'
'MTHFC','EX_ser_L(e)','PSP_L'
'MTHFC','SERt2r','PSP_L'
'MTHFD','PGCDr','EX_ser_L(e)'
'MTHFD','PGCDr','SERt2r'
'MTHFD','PSERT','EX_ser_L(e)'
'MTHFD','PSERT','SERt2r'
'MTHFD','EX_ser_L(e)','PSP_L'
'MTHFD','SERt2r','PSP_L'
'NTD4','RNDR3','ADK5'
'NTD4','r0570','ADK5'
'PFK_3','RPE','TALA'
'PFK_3','RPI','TALA'
'PFK_3','TALA','TKT2'
'PGK','PPA','TKT2'
'PGK','PTAr','EX_nh4(e)'
'PGK','PTAr','NH4tb'
'PGK','THRAr','EX_nh4(e)'
'PGK','THRAr','NH4tb'
'PGK','EX_thr_L(e)','EX_nh4(e)'
'PGK','EX_thr_L(e)','NH4tb'
'PGK','THRt2r','EX_nh4(e)'
'PGK','THRt2r','NH4tb'
'PGK','EX_nh4(e)','EX_ac(e)'
'PGK','EX_nh4(e)','ACtr'
'PGK','EX_nh4(e)','GLYt2r'
'PGK','NH4tb','EX_ac(e)'
'PGK','NH4tb','ACtr'
'PGK','NH4tb','GLYt2r'
'PIt7','PPA','TPI'
'PPND','PPND2','EX_tyr_L(e)'
'PPND','PPND2','TYRt2r'
'RNTR2','NDPK5','ADK9'
'RNTR3','NDPK7','ADK8'
'THRAr','THRS','EX_thr_L(e)'
'THRAr','THRS','THRt2r'
'UDPG4E','PGMT','EX_sucr(e)'
'UDPG4E','PGMT','SUCRt2'
'VALTA','VALabc','VALt2r'
