[
  {
    "'E2348C_RS00955'": "'E2348C_RS06320'"
  },
  {
    "'E2348C_RS00955'": "'E2348C_RS13190'"
  },
  {
    "'E2348C_RS00955'": "'E2348C_RS00020'"
  },
  {
    "'E2348C_RS00955'": "'E2348C_RS00855'"
  },
  {
    "'E2348C_RS00955'": "'E2348C_RS06325'"
  },
  {
    "'E2348C_RS00955'": "'s0001'"
  },
  {
    "'E2348C_RS00955'": "'E2348C_RS13155'"
  },
  {
    "'E2348C_RS00955'": "'E2348C_RS18915'"
  },
  {
    "'E2348C_RS00955'": "'E2348C_RS18910'"
  },
  {
    "'E2348C_RS00955'": "'E2348C_RS00980'"
  },
  {
    "'E2348C_RS00955'": "'E2348C_RS22940'"
  },
  {
    "'E2348C_RS00955'": "'E2348C_RS16565'"
  },
  {
    "'E2348C_RS00955'": "'E2348C_RS06310'"
  },
  {
    "'E2348C_RS00955'": "'E2348C_RS22930'"
  },
  {
    "'E2348C_RS00955'": "'E2348C_RS24685'"
  },
  {
    "'E2348C_RS00955'": "'E2348C_RS18665'"
  },
  {
    "'E2348C_RS00955'": "'E2348C_RS18660'"
  },
  {
    "'E2348C_RS00955'": "'E2348C_RS24680'"
  },
  {
    "'E2348C_RS00955'": "'E2348C_RS18670'"
  },
  {
    "'E2348C_RS00955'": "'E2348C_RS19380'"
  },
  {
    "'E2348C_RS00955'": "'E2348C_RS06335'"
  },
  {
    "'E2348C_RS00955'": "'E2348C_RS19385'"
  },
  {
    "'E2348C_RS00955'": "'E2348C_RS10340'"
  },
  {
    "'E2348C_RS00955'": "'E2348C_RS16200'"
  },
  {
    "'E2348C_RS00955'": "'E2348C_RS06770'"
  },
  {
    "'E2348C_RS00955'": "'E2348C_RS24230'"
  },
  {
    "'E2348C_RS00955'": "'E2348C_RS17775'"
  },
  {
    "'E2348C_RS00955'": "'E2348C_RS22935'"
  },
  {
    "'E2348C_RS00955'": "'E2348C_RS23195'"
  },
  {
    "'E2348C_RS00955'": "'E2348C_RS02385'"
  },
  {
    "'E2348C_RS00955'": "'E2348C_RS02390'"
  },
  {
    "'E2348C_RS00955'": "'E2348C_RS03890'"
  },
  {
    "'E2348C_RS00955'": "'E2348C_RS23135'"
  },
  {
    "'E2348C_RS00955'": "'E2348C_RS07725'"
  },
  {
    "'E2348C_RS00955'": "'E2348C_RS07730'"
  },
  {
    "'E2348C_RS00955'": "'E2348C_RS03900'"
  },
  {
    "'E2348C_RS00955'": "'E2348C_RS01835'"
  },
  {
    "'E2348C_RS00955'": "'E2348C_RS22945'"
  },
  {
    "'E2348C_RS00955'": "'E2348C_RS18525'"
  },
  {
    "'E2348C_RS00955'": "'E2348C_RS19740'"
  },
  {
    "'E2348C_RS00955'": "'E2348C_RS00690'"
  },
  {
    "'E2348C_RS00955'": "'E2348C_RS24605'"
  },
  {
    "'E2348C_RS00955'": "'E2348C_RS15275'"
  },
  {
    "'E2348C_RS00955'": "'E2348C_RS04890'"
  },
  {
    "'E2348C_RS00955'": "'E2348C_RS11580'"
  },
  {
    "'E2348C_RS00955'": "'E2348C_RS04170'"
  },
  {
    "'E2348C_RS00955'": "'E2348C_RS22365'"
  },
  {
    "'E2348C_RS00955'": "'E2348C_RS24465'"
  },
  {
    "'E2348C_RS00955'": "'E2348C_RS03895'"
  },
  {
    "'E2348C_RS00955'": "'E2348C_RS18645'"
  },
  {
    "'E2348C_RS00955'": "'E2348C_RS17915'"
  },
  {
    "'E2348C_RS00955'": "'E2348C_RS07085'"
  },
  {
    "'E2348C_RS00955'": "'E2348C_RS15430'"
  },
  {
    "'E2348C_RS00955'": "'E2348C_RS15425'"
  },
  {
    "'E2348C_RS00955'": "'E2348C_RS13220'"
  },
  {
    "'E2348C_RS00955'": "'E2348C_RS23450'"
  },
  {
    "'E2348C_RS00955'": "'E2348C_RS04820'"
  },
  {
    "'E2348C_RS00955'": "'E2348C_RS03940'"
  },
  {
    "'E2348C_RS00955'": "'E2348C_RS03930'"
  },
  {
    "'E2348C_RS00955'": "'E2348C_RS03180'"
  },
  {
    "'E2348C_RS00955'": "'E2348C_RS16345'"
  },
  {
    "'E2348C_RS00955'": "'E2348C_RS16675'"
  },
  {
    "'E2348C_RS00955'": "'E2348C_RS22050'"
  },
  {
    "'E2348C_RS00955'": "'E2348C_RS00930'"
  },
  {
    "'E2348C_RS00955'": "'E2348C_RS17925'"
  },
  {
    "'E2348C_RS00955'": "'E2348C_RS03910'"
  },
  {
    "'E2348C_RS00955'": "'E2348C_RS20975'"
  },
  {
    "'E2348C_RS00955'": "'E2348C_RS21850'"
  },
  {
    "'E2348C_RS00955'": "'E2348C_RS00155'"
  },
  {
    "'E2348C_RS00955'": "'E2348C_RS14550'"
  },
  {
    "'E2348C_RS00955'": "'E2348C_RS13150'"
  },
  {
    "'E2348C_RS00955'": "'E2348C_RS17990'"
  },
  {
    "'E2348C_RS00955'": "'E2348C_RS06155'"
  },
  {
    "'E2348C_RS00955'": "'E2348C_RS18550'"
  },
  {
    "'E2348C_RS00955'": "'E2348C_RS19500'"
  },
  {
    "'E2348C_RS00955'": "'E2348C_RS09505'"
  },
  {
    "'E2348C_RS00955'": "'E2348C_RS01870'"
  },
  {
    "'E2348C_RS00955'": "'E2348C_RS00145'"
  },
  {
    "'E2348C_RS00955'": "'E2348C_RS00550'"
  },
  {
    "'E2348C_RS00955'": "'E2348C_RS21865'"
  },
  {
    "'E2348C_RS00955'": "'E2348C_RS06345'"
  },
  {
    "'E2348C_RS00955'": "'E2348C_RS00920'"
  },
  {
    "'E2348C_RS00955'": "'E2348C_RS01865'"
  },
  {
    "'E2348C_RS00955'": "'E2348C_RS07885'"
  },
  {
    "'E2348C_RS00955'": "'E2348C_RS16235'"
  },
  {
    "'E2348C_RS00955'": "'E2348C_RS16240'"
  },
  {
    "'E2348C_RS00955'": "'E2348C_RS02150'"
  },
  {
    "'E2348C_RS00955'": "'E2348C_RS00125'"
  },
  {
    "'E2348C_RS00955'": "'E2348C_RS21655'"
  },
  {
    "'E2348C_RS00955'": "'E2348C_RS00830'"
  },
  {
    "'E2348C_RS00955'": "'E2348C_RS20695'"
  },
  {
    "'E2348C_RS00955'": "'E2348C_RS08285'"
  },
  {
    "'E2348C_RS00955'": "'E2348C_RS21650'"
  },
  {
    "'E2348C_RS00955'": "'E2348C_RS22435'"
  },
  {
    "'E2348C_RS00955'": "'E2348C_RS13135'"
  },
  {
    "'E2348C_RS00955'": "'E2348C_RS23000'"
  },
  {
    "'E2348C_RS00955'": "'E2348C_RS07095'"
  },
  {
    "'E2348C_RS00955'": "'E2348C_RS13880'"
  },
  {
    "'E2348C_RS00955'": "'E2348C_RS14900'"
  },
  {
    "'E2348C_RS00955'": "'E2348C_RS12305'"
  },
  {
    "'E2348C_RS00955'": "'E2348C_RS07815'"
  },
  {
    "'E2348C_RS00955'": "'E2348C_RS23455'"
  },
  {
    "'E2348C_RS00955'": "'E2348C_RS00665'"
  },
  {
    "'E2348C_RS00955'": "'E2348C_RS11585'"
  },
  {
    "'E2348C_RS00955'": "'E2348C_RS11595'"
  },
  {
    "'E2348C_RS00955'": "'E2348C_RS22020'"
  },
  {
    "'E2348C_RS00955'": "'E2348C_RS12035'"
  },
  {
    "'E2348C_RS00955'": "'E2348C_RS00750'"
  },
  {
    "'E2348C_RS00955'": "'E2348C_RS00015'"
  },
  {
    "'E2348C_RS00955'": "'E2348C_RS23240'"
  },
  {
    "'E2348C_RS00955'": "'E2348C_RS11590'"
  },
  {
    "'E2348C_RS00955'": "'E2348C_RS15070'"
  },
  {
    "'E2348C_RS00955'": "'E2348C_RS22030'"
  },
  {
    "'E2348C_RS00955'": "'E2348C_RS06795'"
  },
  {
    "'E2348C_RS00955'": "'E2348C_RS11600'"
  },
  {
    "'E2348C_RS00955'": "'E2348C_RS11610'"
  },
  {
    "'E2348C_RS00955'": "'E2348C_RS07720'"
  },
  {
    "'E2348C_RS00955'": "'E2348C_RS21845'"
  },
  {
    "'E2348C_RS00955'": "'E2348C_RS00405'"
  },
  {
    "'E2348C_RS00955'": "'E2348C_RS00395'"
  },
  {
    "'E2348C_RS00955'": "'E2348C_RS00400'"
  },
  {
    "'E2348C_RS00955'": "'E2348C_RS00410'"
  },
  {
    "'E2348C_RS00955'": "'E2348C_RS04840'"
  },
  {
    "'E2348C_RS00955'": "'E2348C_RS18655'"
  },
  {
    "'E2348C_RS00955'": "'E2348C_RS07120'"
  },
  {
    "'E2348C_RS00955'": "'E2348C_RS00965'"
  },
  {
    "'E2348C_RS00955'": "'E2348C_RS03905'"
  },
  {
    "'E2348C_RS00955'": "'E2348C_RS06315'"
  },
  {
    "'E2348C_RS00955'": "'E2348C_RS14995'"
  },
  {
    "'E2348C_RS00955'": "'E2348C_RS16180'"
  },
  {
    "'E2348C_RS00955'": "'E2348C_RS16185'"
  },
  {
    "'E2348C_RS00955'": "'E2348C_RS17130'"
  },
  {
    "'E2348C_RS00955'": "'E2348C_RS03945'"
  },
  {
    "'E2348C_RS00955'": "'E2348C_RS20815'"
  },
  {
    "'E2348C_RS00955'": "'E2348C_RS00705'"
  },
  {
    "'E2348C_RS00955'": "'E2348C_RS00050'"
  },
  {
    "'E2348C_RS00955'": "'E2348C_RS06190'"
  },
  {
    "'E2348C_RS00955'": "'E2348C_RS03950'"
  },
  {
    "'E2348C_RS00955'": "'E2348C_RS04165'"
  },
  {
    "'E2348C_RS00955'": "'E2348C_RS22825'"
  },
  {
    "'E2348C_RS00955'": "'E2348C_RS15570'"
  },
  {
    "'E2348C_RS00955'": "'E2348C_RS09975'"
  },
  {
    "'E2348C_RS00955'": "'E2348C_RS02835'"
  },
  {
    "'E2348C_RS00955'": "'E2348C_RS00580'"
  },
  {
    "'E2348C_RS00955'": "'E2348C_RS24645'"
  },
  {
    "'E2348C_RS00955'": "'E2348C_RS18600'"
  },
  {
    "'E2348C_RS00955'": "'E2348C_RS04785'"
  },
  {
    "'E2348C_RS00955'": "'E2348C_RS07835'"
  },
  {
    "'E2348C_RS00955'": "'E2348C_RS13130'"
  },
  {
    "'E2348C_RS00955'": "'E2348C_RS22295'"
  },
  {
    "'E2348C_RS00955'": "'E2348C_RS20865'"
  },
  {
    "'E2348C_RS00955'": "'E2348C_RS01695'"
  },
  {
    "'E2348C_RS00955'": "'E2348C_RS00700'"
  },
  {
    "'E2348C_RS00955'": "'E2348C_RS00475'"
  },
  {
    "'E2348C_RS00955'": "'E2348C_RS16230'"
  },
  {
    "'E2348C_RS00955'": "'E2348C_RS00285'"
  },
  {
    "'E2348C_RS00955'": "'E2348C_RS15220'"
  },
  {
    "'E2348C_RS00955'": "'E2348C_RS13175'"
  },
  {
    "'E2348C_RS00955'": "'E2348C_RS18545'"
  },
  {
    "'E2348C_RS00955'": "'E2348C_RS19630'"
  },
  {
    "'E2348C_RS00955'": "'E2348C_RS23035'"
  },
  {
    "'E2348C_RS00955'": "'E2348C_RS01625'"
  },
  {
    "'E2348C_RS00955'": "'E2348C_RS20845'"
  },
  {
    "'E2348C_RS00955'": "'E2348C_RS22330'"
  },
  {
    "'E2348C_RS00955'": "'E2348C_RS23190'"
  },
  {
    "'E2348C_RS00955'": "'E2348C_RS14595'"
  },
  {
    "'E2348C_RS00955'": "'E2348C_RS11615'"
  },
  {
    "'E2348C_RS00955'": "'E2348C_RS14535'"
  },
  {
    "'E2348C_RS00955'": "'E2348C_RS15175'"
  },
  {
    "'E2348C_RS00955'": "'E2348C_RS11605'"
  },
  {
    "'E2348C_RS00955'": "'E2348C_RS04790'"
  },
  {
    "'E2348C_RS00955'": "'E2348C_RS24145'"
  },
  {
    "'E2348C_RS00955'": "'E2348C_RS15335'"
  },
  {
    "'E2348C_RS00955'": "'E2348C_RS20820'"
  },
  {
    "'E2348C_RS00955'": "'E2348C_RS03365'"
  },
  {
    "'E2348C_RS00955'": "'E2348C_RS09350'"
  },
  {
    "'E2348C_RS00955'": "'E2348C_RS01840'"
  },
  {
    "'E2348C_RS00955'": "'E2348C_RS15825'"
  },
  {
    "'E2348C_RS00955'": "'E2348C_RS16205'"
  },
  {
    "'E2348C_RS00955'": "'E2348C_RS16210'"
  },
  {
    "'E2348C_RS00955'": "'E2348C_RS14510'"
  },
  {
    "'E2348C_RS00955'": "'E2348C_RS20690'"
  },
  {
    "'E2348C_RS00955'": "'E2348C_RS19425'"
  },
  {
    "'E2348C_RS00955'": "'E2348C_RS22790'"
  },
  {
    "'E2348C_RS00955'": "'E2348C_RS04825'"
  },
  {
    "'E2348C_RS00955'": "'E2348C_RS00880'"
  },
  {
    "'E2348C_RS00955'": "'E2348C_RS23120'"
  },
  {
    "'E2348C_RS00955'": "'E2348C_RS01880'"
  },
  {
    "'E2348C_RS00955'": "'E2348C_RS23125'"
  },
  {
    "'E2348C_RS00955'": "'E2348C_RS23110'"
  },
  {
    "'E2348C_RS00955'": "'E2348C_RS14460'"
  },
  {
    "'E2348C_RS00955'": "'E2348C_RS16610'"
  },
  {
    "'E2348C_RS00955'": "'E2348C_RS01850'"
  },
  {
    "'E2348C_RS00955'": "'E2348C_RS23130'"
  },
  {
    "'E2348C_RS00955'": "'E2348C_RS07715'"
  },
  {
    "'E2348C_RS00955'": "'E2348C_RS07710'"
  },
  {
    "'E2348C_RS00955'": "'E2348C_RS23115'"
  },
  {
    "'E2348C_RS00955'": "'E2348C_RS00950'"
  },
  {
    "'E2348C_RS00955'": "'E2348C_RS00465'"
  },
  {
    "'E2348C_RS00955'": "'E2348C_RS00960'"
  },
  {
    "'E2348C_RS00955'": "'E2348C_RS18610'"
  },
  {
    "'E2348C_RS00955'": "'E2348C_RS00490'"
  },
  {
    "'E2348C_RS00955'": "'E2348C_RS00480'"
  },
  {
    "'E2348C_RS00955'": "'E2348C_RS00495'"
  },
  {
    "'E2348C_RS00955'": "'E2348C_RS23025'"
  },
  {
    "'E2348C_RS00955'": "'E2348C_RS00925'"
  },
  {
    "'E2348C_RS00955'": "'E2348C_RS00470'"
  },
  {
    "'E2348C_RS00955'": "'E2348C_RS00520'"
  },
  {
    "'E2348C_RS00955'": "'E2348C_RS22015'"
  },
  {
    "'E2348C_RS00955'": "'E2348C_RS23150'"
  },
  {
    "'E2348C_RS00955'": "'E2348C_RS02395'"
  }
]