[
  {
    "'UTI89_C0195'": "'UTI89_C1218'"
  },
  {
    "'UTI89_C0195'": "'UTI89_C2608'"
  },
  {
    "'UTI89_C0195'": "'UTI89_C0004'"
  },
  {
    "'UTI89_C0195'": "'UTI89_C0175'"
  },
  {
    "'UTI89_C0195'": "'UTI89_C1220'"
  },
  {
    "'UTI89_C0195'": "'s0001'"
  },
  {
    "'UTI89_C0195'": "'UTI89_C3689'"
  },
  {
    "'UTI89_C0195'": "'UTI89_C2601'"
  },
  {
    "'UTI89_C0195'": "'UTI89_C0200'"
  },
  {
    "'UTI89_C0195'": "'UTI89_C3688'"
  },
  {
    "'UTI89_C0195'": "'UTI89_C4550'"
  },
  {
    "'UTI89_C0195'": "'UTI89_C3219'"
  },
  {
    "'UTI89_C0195'": "'UTI89_C1216'"
  },
  {
    "'UTI89_C0195'": "'UTI89_C4548'"
  },
  {
    "'UTI89_C0195'": "'UTI89_C4869'"
  },
  {
    "'UTI89_C0195'": "'UTI89_C3637'"
  },
  {
    "'UTI89_C0195'": "'UTI89_C3636'"
  },
  {
    "'UTI89_C0195'": "'UTI89_C4868'"
  },
  {
    "'UTI89_C0195'": "'UTI89_C3635'"
  },
  {
    "'UTI89_C0195'": "'UTI89_C3862'"
  },
  {
    "'UTI89_C0195'": "'UTI89_C1222'"
  },
  {
    "'UTI89_C0195'": "'UTI89_C2008'"
  },
  {
    "'UTI89_C0195'": "'UTI89_C3863'"
  },
  {
    "'UTI89_C0195'": "'UTI89_C3121'"
  },
  {
    "'UTI89_C0195'": "'UTI89_C1260'"
  },
  {
    "'UTI89_C0195'": "'UTI89_C4777'"
  },
  {
    "'UTI89_C0195'": "'UTI89_C3444'"
  },
  {
    "'UTI89_C0195'": "'UTI89_C4549'"
  },
  {
    "'UTI89_C0195'": "'UTI89_C3814'"
  },
  {
    "'UTI89_C0195'": "'UTI89_C0550'"
  },
  {
    "'UTI89_C0195'": "'UTI89_C0551'"
  },
  {
    "'UTI89_C0195'": "'UTI89_C0772'"
  },
  {
    "'UTI89_C0195'": "'UTI89_C3825'"
  },
  {
    "'UTI89_C0195'": "'UTI89_C1532'"
  },
  {
    "'UTI89_C0195'": "'UTI89_C1533'"
  },
  {
    "'UTI89_C0195'": "'UTI89_C0774'"
  },
  {
    "'UTI89_C0195'": "'UTI89_C0436'"
  },
  {
    "'UTI89_C0195'": "'UTI89_C4551'"
  },
  {
    "'UTI89_C0195'": "'UTI89_C3604'"
  },
  {
    "'UTI89_C0195'": "'UTI89_C3942'"
  },
  {
    "'UTI89_C0195'": "'UTI89_C0144'"
  },
  {
    "'UTI89_C0195'": "'UTI89_C4851'"
  },
  {
    "'UTI89_C0195'": "'UTI89_C2896'"
  },
  {
    "'UTI89_C0195'": "'UTI89_C1000'"
  },
  {
    "'UTI89_C0195'": "'UTI89_C2292'"
  },
  {
    "'UTI89_C0195'": "'UTI89_C0830'"
  },
  {
    "'UTI89_C0195'": "'UTI89_C4444'"
  },
  {
    "'UTI89_C0195'": "'UTI89_C4823'"
  },
  {
    "'UTI89_C0195'": "'UTI89_C0773'"
  },
  {
    "'UTI89_C0195'": "'UTI89_C3632'"
  },
  {
    "'UTI89_C0195'": "'UTI89_C3477'"
  },
  {
    "'UTI89_C0195'": "'UTI89_C1402'"
  },
  {
    "'UTI89_C0195'": "'UTI89_C2932'"
  },
  {
    "'UTI89_C0195'": "'UTI89_C2933'"
  },
  {
    "'UTI89_C0195'": "'UTI89_C2614'"
  },
  {
    "'UTI89_C0195'": "'UTI89_C4609'"
  },
  {
    "'UTI89_C0195'": "'UTI89_C0985'"
  },
  {
    "'UTI89_C0195'": "'UTI89_C0780'"
  },
  {
    "'UTI89_C0195'": "'UTI89_C0783'"
  },
  {
    "'UTI89_C0195'": "'UTI89_C0715'"
  },
  {
    "'UTI89_C0195'": "'UTI89_C3149'"
  },
  {
    "'UTI89_C0195'": "'UTI89_C3242'"
  },
  {
    "'UTI89_C0195'": "'UTI89_C4372'"
  },
  {
    "'UTI89_C0195'": "'UTI89_C0190'"
  },
  {
    "'UTI89_C0195'": "'UTI89_C3483'"
  },
  {
    "'UTI89_C0195'": "'UTI89_C0776'"
  },
  {
    "'UTI89_C0195'": "'UTI89_C4193'"
  },
  {
    "'UTI89_C0195'": "'UTI89_C4327'"
  },
  {
    "'UTI89_C0195'": "'UTI89_C0034'"
  },
  {
    "'UTI89_C0195'": "'UTI89_C2805'"
  },
  {
    "'UTI89_C0195'": "'UTI89_C2600'"
  },
  {
    "'UTI89_C0195'": "'UTI89_C3494'"
  },
  {
    "'UTI89_C0195'": "'UTI89_C1187'"
  },
  {
    "'UTI89_C0195'": "'UTI89_C3609'"
  },
  {
    "'UTI89_C0195'": "'UTI89_C3887'"
  },
  {
    "'UTI89_C0195'": "'UTI89_C1885'"
  },
  {
    "'UTI89_C0195'": "'UTI89_C0444'"
  },
  {
    "'UTI89_C0195'": "'UTI89_C0031'"
  },
  {
    "'UTI89_C0195'": "'UTI89_C0111'"
  },
  {
    "'UTI89_C0195'": "'UTI89_C4330'"
  },
  {
    "'UTI89_C0195'": "'UTI89_C1225'"
  },
  {
    "'UTI89_C0195'": "'UTI89_C0188'"
  },
  {
    "'UTI89_C0195'": "'UTI89_C0443'"
  },
  {
    "'UTI89_C0195'": "'UTI89_C1561'"
  },
  {
    "'UTI89_C0195'": "'UTI89_C3128'"
  },
  {
    "'UTI89_C0195'": "'UTI89_C3127'"
  },
  {
    "'UTI89_C0195'": "'UTI89_C0503'"
  },
  {
    "'UTI89_C0195'": "'UTI89_C0027'"
  },
  {
    "'UTI89_C0195'": "'UTI89_C4282'"
  },
  {
    "'UTI89_C0195'": "'UTI89_C0170'"
  },
  {
    "'UTI89_C0195'": "'UTI89_C4149'"
  },
  {
    "'UTI89_C0195'": "'UTI89_C1637'"
  },
  {
    "'UTI89_C0195'": "'UTI89_C4281'"
  },
  {
    "'UTI89_C0195'": "'UTI89_C4459'"
  },
  {
    "'UTI89_C0195'": "'UTI89_C2596'"
  },
  {
    "'UTI89_C0195'": "'UTI89_C4562'"
  },
  {
    "'UTI89_C0195'": "'UTI89_C1404'"
  },
  {
    "'UTI89_C0195'": "'UTI89_C2731'"
  },
  {
    "'UTI89_C0195'": "'UTI89_C2825'"
  },
  {
    "'UTI89_C0195'": "'UTI89_C2427'"
  },
  {
    "'UTI89_C0195'": "'UTI89_C1548'"
  },
  {
    "'UTI89_C0195'": "'UTI89_C4610'"
  },
  {
    "'UTI89_C0195'": "'UTI89_C0139'"
  },
  {
    "'UTI89_C0195'": "'UTI89_C2293'"
  },
  {
    "'UTI89_C0195'": "'UTI89_C2295'"
  },
  {
    "'UTI89_C0195'": "'UTI89_C4364'"
  },
  {
    "'UTI89_C0195'": "'UTI89_C2377'"
  },
  {
    "'UTI89_C0195'": "'UTI89_C0156'"
  },
  {
    "'UTI89_C0195'": "'UTI89_C0003'"
  },
  {
    "'UTI89_C0195'": "'UTI89_C4572'"
  },
  {
    "'UTI89_C0195'": "'UTI89_C2294'"
  },
  {
    "'UTI89_C0195'": "'UTI89_C2852'"
  },
  {
    "'UTI89_C0195'": "'UTI89_C4366'"
  },
  {
    "'UTI89_C0195'": "'UTI89_C1266'"
  },
  {
    "'UTI89_C0195'": "'UTI89_C2296'"
  },
  {
    "'UTI89_C0195'": "'UTI89_C2298'"
  },
  {
    "'UTI89_C0195'": "'UTI89_C1531'"
  },
  {
    "'UTI89_C0195'": "'UTI89_C4326'"
  },
  {
    "'UTI89_C0195'": "'UTI89_C0080'"
  },
  {
    "'UTI89_C0195'": "'UTI89_C0078'"
  },
  {
    "'UTI89_C0195'": "'UTI89_C0079'"
  },
  {
    "'UTI89_C0195'": "'UTI89_C0081'"
  },
  {
    "'UTI89_C0195'": "'UTI89_C0989'"
  },
  {
    "'UTI89_C0195'": "'UTI89_C3634'"
  },
  {
    "'UTI89_C0195'": "'UTI89_C1409'"
  },
  {
    "'UTI89_C0195'": "'UTI89_C0197'"
  },
  {
    "'UTI89_C0195'": "'UTI89_C0775'"
  },
  {
    "'UTI89_C0195'": "'UTI89_C1217'"
  },
  {
    "'UTI89_C0195'": "'UTI89_C2836'"
  },
  {
    "'UTI89_C0195'": "'UTI89_C3117'"
  },
  {
    "'UTI89_C0195'": "'UTI89_C3118'"
  },
  {
    "'UTI89_C0195'": "'UTI89_C3331'"
  },
  {
    "'UTI89_C0195'": "'UTI89_C0784'"
  },
  {
    "'UTI89_C0195'": "'UTI89_C4176'"
  },
  {
    "'UTI89_C0195'": "'UTI89_C0148'"
  },
  {
    "'UTI89_C0195'": "'UTI89_C0010'"
  },
  {
    "'UTI89_C0195'": "'UTI89_C1194'"
  },
  {
    "'UTI89_C0195'": "'UTI89_C0785'"
  },
  {
    "'UTI89_C0195'": "'UTI89_C0829'"
  },
  {
    "'UTI89_C0195'": "'UTI89_C4531'"
  },
  {
    "'UTI89_C0195'": "'UTI89_C2949'"
  },
  {
    "'UTI89_C0195'": "'UTI89_C1934'"
  },
  {
    "'UTI89_C0195'": "'UTI89_C0642'"
  },
  {
    "'UTI89_C0195'": "'UTI89_C0117'"
  },
  {
    "'UTI89_C0195'": "'UTI89_C4860'"
  },
  {
    "'UTI89_C0195'": "'UTI89_C3621'"
  },
  {
    "'UTI89_C0195'": "'UTI89_C0978'"
  },
  {
    "'UTI89_C0195'": "'UTI89_C1552'"
  },
  {
    "'UTI89_C0195'": "'UTI89_C4428'"
  },
  {
    "'UTI89_C0195'": "'UTI89_C2595'"
  },
  {
    "'UTI89_C0195'": "'UTI89_C4186'"
  },
  {
    "'UTI89_C0195'": "'UTI89_C0405'"
  },
  {
    "'UTI89_C0195'": "'UTI89_C0147'"
  },
  {
    "'UTI89_C0195'": "'UTI89_C0096'"
  },
  {
    "'UTI89_C0195'": "'UTI89_C3126'"
  },
  {
    "'UTI89_C0195'": "'UTI89_C2885'"
  },
  {
    "'UTI89_C0195'": "'UTI89_C0059'"
  },
  {
    "'UTI89_C0195'": "'UTI89_C2605'"
  },
  {
    "'UTI89_C0195'": "'UTI89_C3608'"
  },
  {
    "'UTI89_C0195'": "'UTI89_C3913'"
  },
  {
    "'UTI89_C0195'": "'UTI89_C3802'"
  },
  {
    "'UTI89_C0195'": "'UTI89_C0388'"
  },
  {
    "'UTI89_C0195'": "'UTI89_C4183'"
  },
  {
    "'UTI89_C0195'": "'UTI89_C4435'"
  },
  {
    "'UTI89_C0195'": "'UTI89_C3815'"
  },
  {
    "'UTI89_C0195'": "'UTI89_C2815'"
  },
  {
    "'UTI89_C0195'": "'UTI89_C2299'"
  },
  {
    "'UTI89_C0195'": "'UTI89_C2803'"
  },
  {
    "'UTI89_C0195'": "'UTI89_C2877'"
  },
  {
    "'UTI89_C0195'": "'UTI89_C2297'"
  },
  {
    "'UTI89_C0195'": "'UTI89_C0979'"
  },
  {
    "'UTI89_C0195'": "'UTI89_C4760'"
  },
  {
    "'UTI89_C0195'": "'UTI89_C2908'"
  },
  {
    "'UTI89_C0195'": "'UTI89_C4177'"
  },
  {
    "'UTI89_C0195'": "'UTI89_C0747'"
  },
  {
    "'UTI89_C0195'": "'UTI89_C1853'"
  },
  {
    "'UTI89_C0195'": "'UTI89_C0437'"
  },
  {
    "'UTI89_C0195'": "'UTI89_C3049'"
  },
  {
    "'UTI89_C0195'": "'UTI89_C3122'"
  },
  {
    "'UTI89_C0195'": "'UTI89_C3123'"
  },
  {
    "'UTI89_C0195'": "'UTI89_C2798'"
  },
  {
    "'UTI89_C0195'": "'UTI89_C4148'"
  },
  {
    "'UTI89_C0195'": "'UTI89_C3872'"
  },
  {
    "'UTI89_C0195'": "'UTI89_C4524'"
  },
  {
    "'UTI89_C0195'": "'UTI89_C0986'"
  },
  {
    "'UTI89_C0195'": "'UTI89_C0180'"
  },
  {
    "'UTI89_C0195'": "'UTI89_C3828'"
  },
  {
    "'UTI89_C0195'": "'UTI89_C3827'"
  },
  {
    "'UTI89_C0195'": "'UTI89_C0446'"
  },
  {
    "'UTI89_C0195'": "'UTI89_C3830'"
  },
  {
    "'UTI89_C0195'": "'UTI89_C2789'"
  },
  {
    "'UTI89_C0195'": "'UTI89_C3229'"
  },
  {
    "'UTI89_C0195'": "'UTI89_C0440'"
  },
  {
    "'UTI89_C0195'": "'UTI89_C3826'"
  },
  {
    "'UTI89_C0195'": "'UTI89_C1529'"
  },
  {
    "'UTI89_C0195'": "'UTI89_C1530'"
  },
  {
    "'UTI89_C0195'": "'UTI89_C3829'"
  },
  {
    "'UTI89_C0195'": "'UTI89_C0194'"
  },
  {
    "'UTI89_C0195'": "'UTI89_C0094'"
  },
  {
    "'UTI89_C0195'": "'UTI89_C0196'"
  },
  {
    "'UTI89_C0195'": "'UTI89_C3623'"
  },
  {
    "'UTI89_C0195'": "'UTI89_C0099'"
  },
  {
    "'UTI89_C0195'": "'UTI89_C0097'"
  },
  {
    "'UTI89_C0195'": "'UTI89_C0100'"
  },
  {
    "'UTI89_C0195'": "'UTI89_C3804'"
  },
  {
    "'UTI89_C0195'": "'UTI89_C0189'"
  },
  {
    "'UTI89_C0195'": "'UTI89_C0095'"
  },
  {
    "'UTI89_C0195'": "'UTI89_C0105'"
  },
  {
    "'UTI89_C0195'": "'UTI89_C4363'"
  },
  {
    "'UTI89_C0195'": "'UTI89_C3822'"
  },
  {
    "'UTI89_C0195'": "'UTI89_C0553'"
  }
]