[
  {
    "'STM1067'": "'STM1195'"
  },
  {
    "'STM1067'": "'STM2378'"
  },
  {
    "'STM1067'": "'STM1197'"
  },
  {
    "'STM1067'": "'STM0207'"
  },
  {
    "'STM1067'": "'STM1196'"
  },
  {
    "'STM1067'": "'s0001'"
  },
  {
    "'STM1067'": "'STM3379'"
  },
  {
    "'STM1067'": "'STM3380'"
  },
  {
    "'STM1067'": "'STM0232'"
  },
  {
    "'STM1067'": "'STM2366'"
  },
  {
    "'STM1067'": "'STM4122'"
  },
  {
    "'STM1067'": "'STM2992'"
  },
  {
    "'STM1067'": "'STM4120'"
  },
  {
    "'STM1067'": "'STM3468'"
  },
  {
    "'STM1067'": "'STM1198'"
  },
  {
    "'STM1067'": "'STM3469'"
  },
  {
    "'STM1067'": "'STM1824'"
  },
  {
    "'STM1067'": "'STM0488'"
  },
  {
    "'STM1067'": "'STM0165'"
  },
  {
    "'STM1067'": "'STM2933'"
  },
  {
    "'STM1067'": "'STM1232'"
  },
  {
    "'STM1067'": "'STM4366'"
  },
  {
    "'STM1067'": "'STM3710'"
  },
  {
    "'STM1067'": "'STM3173'"
  },
  {
    "'STM1067'": "'STM4121'"
  },
  {
    "'STM1067'": "'STM4176'"
  },
  {
    "'STM1067'": "'STM0533'"
  },
  {
    "'STM1067'": "'STM0534'"
  },
  {
    "'STM1067'": "'STM1724'"
  },
  {
    "'STM1067'": "'STM1723'"
  },
  {
    "'STM1067'": "'STM0416'"
  },
  {
    "'STM1067'": "'STM4123'"
  },
  {
    "'STM1067'": "'STM3539'"
  },
  {
    "'STM1067'": "'STM0180'"
  },
  {
    "'STM1067'": "'STM4459'"
  },
  {
    "'STM1067'": "'STM4460'"
  },
  {
    "'STM1067'": "'STM2641'"
  },
  {
    "'STM1067'": "'STM0998'"
  },
  {
    "'STM1067'": "'STM2071'"
  },
  {
    "'STM1067'": "'STM3314'"
  },
  {
    "'STM1067'": "'STM3190'"
  },
  {
    "'STM1067'": "'STM2384'"
  },
  {
    "'STM1067'": "'STM0984'"
  },
  {
    "'STM1067'": "'STM0730'"
  },
  {
    "'STM1067'": "'STM2953'"
  },
  {
    "'STM1067'": "'STM3013'"
  },
  {
    "'STM1067'": "'STM3947'"
  },
  {
    "'STM1067'": "'STM0222'"
  },
  {
    "'STM1067'": "'STM3195'"
  },
  {
    "'STM1067'": "'STM3740'"
  },
  {
    "'STM1067'": "'STM3904'"
  },
  {
    "'STM1067'": "'STM0064'"
  },
  {
    "'STM1067'": "'STM2489'"
  },
  {
    "'STM1067'": "'STM0087'"
  },
  {
    "'STM1067'": "'STM2365'"
  },
  {
    "'STM1067'": "'STM3206'"
  },
  {
    "'STM1067'": "'STM1058'"
  },
  {
    "'STM1067'": "'STM1163'"
  },
  {
    "'STM1067'": "'STM3295'"
  },
  {
    "'STM1067'": "'STM3486'"
  },
  {
    "'STM1067'": "'STM1358'"
  },
  {
    "'STM1067'": "'STM0140'"
  },
  {
    "'STM1067'": "'STM1200'"
  },
  {
    "'STM1067'": "'STM1700'"
  },
  {
    "'STM1067'": "'STM3713'"
  },
  {
    "'STM1067'": "'STM3926'"
  },
  {
    "'STM1067'": "'STM1155'"
  },
  {
    "'STM1067'": "'STM1889'"
  },
  {
    "'STM1067'": "'STM0045'"
  },
  {
    "'STM1067'": "'STM3862'"
  },
  {
    "'STM1067'": "'STM0202'"
  },
  {
    "'STM1067'": "'STM4235'"
  },
  {
    "'STM1067'": "'STM3700'"
  },
  {
    "'STM1067'": "'STM3719'"
  },
  {
    "'STM1067'": "'STM1752'"
  },
  {
    "'STM1067'": "'STM2098'"
  },
  {
    "'STM1067'": "'STM3861'"
  },
  {
    "'STM1067'": "'STM3535'"
  },
  {
    "'STM1067'": "'STM3722'"
  },
  {
    "'STM1067'": "'STM3718'"
  },
  {
    "'STM1067'": "'STM3717'"
  },
  {
    "'STM1067'": "'STM3536'"
  },
  {
    "'STM1067'": "'STM4007'"
  },
  {
    "'STM1067'": "'STM2362'"
  },
  {
    "'STM1067'": "'STM4131'"
  },
  {
    "'STM1067'": "'STM1777'"
  },
  {
    "'STM1067'": "'STM2415'"
  },
  {
    "'STM1067'": "'STM3200'"
  },
  {
    "'STM1067'": "'STM0248'"
  },
  {
    "'STM1067'": "'STM2510'"
  },
  {
    "'STM1067'": "'STM2193'"
  },
  {
    "'STM1067'": "'STM1711'"
  },
  {
    "'STM1067'": "'STM0171'"
  },
  {
    "'STM1067'": "'STM3721'"
  },
  {
    "'STM1067'": "'STM3716'"
  },
  {
    "'STM1067'": "'STM3712'"
  },
  {
    "'STM1067'": "'STM3711'"
  },
  {
    "'STM1067'": "'STM3723'"
  },
  {
    "'STM1067'": "'STM3714'"
  },
  {
    "'STM1067'": "'STM2072'"
  },
  {
    "'STM1067'": "'STM2074'"
  },
  {
    "'STM1067'": "'STM3938'"
  },
  {
    "'STM1067'": "'STM0183'"
  },
  {
    "'STM1067'": "'STM0003'"
  },
  {
    "'STM1067'": "'STM4182'"
  },
  {
    "'STM1067'": "'STM2073'"
  },
  {
    "'STM1067'": "'STM1238'"
  },
  {
    "'STM1067'": "'STM2077'"
  },
  {
    "'STM1067'": "'STM2075'"
  },
  {
    "'STM1067'": "'STM1725'"
  },
  {
    "'STM1067'": "'STM3903'"
  },
  {
    "'STM1067'": "'STM2511'"
  },
  {
    "'STM1067'": "'STM0112'"
  },
  {
    "'STM1067'": "'STM0113'"
  },
  {
    "'STM1067'": "'STM3909'"
  },
  {
    "'STM1067'": "'STM0988'"
  },
  {
    "'STM1067'": "'STM3316'"
  },
  {
    "'STM1067'": "'STM1772'"
  },
  {
    "'STM1067'": "'STM4248'"
  },
  {
    "'STM1067'": "'STM0229'"
  },
  {
    "'STM1067'": "'STM1467'"
  },
  {
    "'STM1067'": "'STM1194'"
  },
  {
    "'STM1067'": "'STM3090'"
  },
  {
    "'STM1067'": "'STM3724'"
  },
  {
    "'STM1067'": "'STM3715'"
  },
  {
    "'STM1067'": "'STM0182'"
  },
  {
    "'STM1067'": "'STM4105'"
  },
  {
    "'STM1067'": "'STM2683'"
  },
  {
    "'STM1067'": "'STM1310'"
  },
  {
    "'STM1067'": "'STM0645'"
  },
  {
    "'STM1067'": "'STM0145'"
  },
  {
    "'STM1067'": "'STM1707'"
  },
  {
    "'STM1067'": "'STM3733'"
  },
  {
    "'STM1067'": "'STM0386'"
  },
  {
    "'STM1067'": "'STM0181'"
  },
  {
    "'STM1067'": "'STM1710'"
  },
  {
    "'STM1067'": "'STM0125'"
  },
  {
    "'STM1067'": "'STM2946'"
  },
  {
    "'STM1067'": "'STM3294'"
  },
  {
    "'STM1067'": "'STM1945'"
  },
  {
    "'STM1067'": "'STM4139'"
  },
  {
    "'STM1067'": "'STM0372'"
  },
  {
    "'STM1067'": "'STM3730'"
  },
  {
    "'STM1067'": "'STM2669'"
  },
  {
    "'STM1067'": "'STM2667'"
  },
  {
    "'STM1067'": "'STM4175'"
  },
  {
    "'STM1067'": "'STM2078'"
  },
  {
    "'STM1067'": "'STM2487'"
  },
  {
    "'STM1067'": "'STM2565'"
  },
  {
    "'STM1067'": "'STM2076'"
  },
  {
    "'STM1067'": "'STM1780'"
  },
  {
    "'STM1067'": "'STM0978'"
  },
  {
    "'STM1067'": "'STM4348'"
  },
  {
    "'STM1067'": "'STM2652'"
  },
  {
    "'STM1067'": "'STM3725'"
  },
  {
    "'STM1067'": "'STM0756'"
  },
  {
    "'STM1067'": "'STM1426'"
  },
  {
    "'STM1067'": "'STM0417'"
  },
  {
    "'STM1067'": "'STM3720'"
  },
  {
    "'STM1067'": "'STM2817'"
  },
  {
    "'STM1067'": "'STM0310'"
  },
  {
    "'STM1067'": "'STM2935'"
  },
  {
    "'STM1067'": "'STM2934'"
  },
  {
    "'STM1067'": "'STM2483'"
  },
  {
    "'STM1067'": "'STM3699'"
  },
  {
    "'STM1067'": "'STM3477'"
  },
  {
    "'STM1067'": "'STM0166'"
  },
  {
    "'STM1067'": "'STM2094'"
  },
  {
    "'STM1067'": "'STM2096'"
  },
  {
    "'STM1067'": "'STM0985'"
  },
  {
    "'STM1067'": "'STM0213'"
  },
  {
    "'STM1067'": "'STM0004'"
  },
  {
    "'STM1067'": "'STM3001'"
  },
  {
    "'STM1067'": "'STM1726'"
  },
  {
    "'STM1067'": "'STM1727'"
  },
  {
    "'STM1067'": "'STM0226'"
  },
  {
    "'STM1067'": "'STM0123'"
  },
  {
    "'STM1067'": "'STM0228'"
  },
  {
    "'STM1067'": "'STM3307'"
  },
  {
    "'STM1067'": "'STM0128'"
  },
  {
    "'STM1067'": "'STM0126'"
  },
  {
    "'STM1067'": "'STM0129'"
  },
  {
    "'STM1067'": "'STM4137'"
  },
  {
    "'STM1067'": "'STM0776'"
  },
  {
    "'STM1067'": "'STM0124'"
  },
  {
    "'STM1067'": "'STM0134'"
  },
  {
    "'STM1067'": "'STM3937'"
  },
  {
    "'STM1067'": "'STM0535'"
  },
  {
    "'STM1067'": "'STM2082'"
  },
  {
    "'STM1067'": "'STM2085'"
  },
  {
    "'STM1067'": "'STM2086'"
  },
  {
    "'STM1067'": "'STM2087'"
  },
  {
    "'STM1067'": "'STM1332'"
  },
  {
    "'STM1067'": "'STM2092'"
  },
  {
    "'STM1067'": "'STM2091'"
  },
  {
    "'STM1067'": "'STM2093'"
  },
  {
    "'STM1067'": "'STM2090'"
  },
  {
    "'STM1067'": "'STM2089'"
  },
  {
    "'STM1067'": "'STM2232'"
  },
  {
    "'STM1067'": "'STM3290_S'"
  },
  {
    "'STM1067'": "'STM2499_S'"
  }
]