[
  {
    "'ECNA114_2896'": "'ECNA114_1032'",
    "'ECNA114_1032'": "'ECNA114_4155'"
  },
  {
    "'ECNA114_2896'": "'ECNA114_1032'",
    "'ECNA114_1032'": "'ECNA114_0431'"
  },
  {
    "'ECNA114_2896'": "'ECNA114_3276'",
    "'ECNA114_1032'": "'ECNA114_2740'"
  },
  {
    "'ECNA114_2896'": "'ECNA114_3826'",
    "'ECNA114_1032'": "'ECNA114_0071'"
  },
  {
    "'ECNA114_2896'": "'ECNA114_3826'",
    "'ECNA114_1032'": "'ECNA114_0072'"
  },
  {
    "'ECNA114_2896'": "'ECNA114_0071'",
    "'ECNA114_1032'": "'ECNA114_3825'"
  },
  {
    "'ECNA114_2896'": "'ECNA114_0072'",
    "'ECNA114_1032'": "'ECNA114_3825'"
  },
  {
    "'ECNA114_2896'": "'ECNA114_1896'",
    "'ECNA114_1032'": "'ECNA114_2574'"
  },
  {
    "'ECNA114_2896'": "'ECNA114_0110'",
    "'ECNA114_1032'": "'ECNA114_1467'"
  },
  {
    "'ECNA114_2896'": "'ECNA114_1147'",
    "'ECNA114_1032'": "'ECNA114_4198'"
  },
  {
    "'ECNA114_2896'": "'ECNA114_0453'",
    "'ECNA114_1032'": "'ECNA114_2596'"
  },
  {
    "'ECNA114_2896'": "'ECNA114_0453'",
    "'ECNA114_1032'": "'ECNA114_1372'"
  },
  {
    "'ECNA114_2896'": "'ECNA114_0453'",
    "'ECNA114_1032'": "'ECNA114_4277'"
  },
  {
    "'ECNA114_2896'": "'ECNA114_0085'",
    "'ECNA114_1032'": "'ECNA114_0356'"
  },
  {
    "'ECNA114_2896'": "'ECNA114_1328'",
    "'ECNA114_1032'": "'ECNA114_4213'"
  },
  {
    "'ECNA114_2896'": "'ECNA114_2624'",
    "'ECNA114_1032'": "'ECNA114_2955'"
  },
  {
    "'ECNA114_2896'": "'ECNA114_2624'",
    "'ECNA114_1032'": "'ECNA114_4629'"
  },
  {
    "'ECNA114_2896'": "'ECNA114_3152'",
    "'ECNA114_1032'": "'ECNA114_4198'"
  },
  {
    "'ECNA114_2896'": "'ECNA114_0603'",
    "'ECNA114_1032'": "'ECNA114_3893'"
  },
  {
    "'ECNA114_2896'": "'ECNA114_4646'",
    "'ECNA114_1032'": "'ECNA114_4079'"
  },
  {
    "'ECNA114_2896'": "'ECNA114_1638'",
    "'ECNA114_1032'": "'ECNA114_0146'"
  },
  {
    "'ECNA114_2896'": "'ECNA114_2511'",
    "'ECNA114_1032'": "'ECNA114_3967'"
  },
  {
    "'ECNA114_2896'": "'ECNA114_3089'",
    "'ECNA114_1032'": "'ECNA114_1669'"
  },
  {
    "'ECNA114_2896'": "'ECNA114_2491'",
    "'ECNA114_1032'": "'ECNA114_2497'"
  },
  {
    "'ECNA114_2896'": "'ECNA114_0996'",
    "'ECNA114_1032'": "'ECNA114_0160'"
  },
  {
    "'ECNA114_2896'": "'ECNA114_3050'",
    "'ECNA114_1032'": "'ECNA114_3054'"
  },
  {
    "'ECNA114_2896'": "'ECNA114_3050'",
    "'ECNA114_1032'": "'ECNA114_3053'"
  },
  {
    "'ECNA114_2896'": "'ECNA114_3050'",
    "'ECNA114_1032'": "'ECNA114_3055'"
  },
  {
    "'ECNA114_2896'": "'ECNA114_0036'",
    "'ECNA114_1032'": "'ECNA114_1653'"
  },
  {
    "'ECNA114_2896'": "'ECNA114_1929'",
    "'ECNA114_1032'": "'ECNA114_0092'"
  },
  {
    "'ECNA114_2896'": "'ECNA114_2967'",
    "'ECNA114_1032'": "'ECNA114_1825'"
  },
  {
    "'ECNA114_2896'": "'ECNA114_1807'",
    "'ECNA114_1032'": "'ECNA114_3293'"
  },
  {
    "'ECNA114_2896'": "'ECNA114_1807'",
    "'ECNA114_1032'": "'ECNA114_3292'"
  },
  {
    "'ECNA114_2896'": "'ECNA114_3610'",
    "'ECNA114_1032'": "'ECNA114_0838'"
  },
  {
    "'ECNA114_2896'": "'ECNA114_0258'",
    "'ECNA114_1032'": "'ECNA114_2583'"
  },
  {
    "'ECNA114_2896'": "'ECNA114_2907'",
    "'ECNA114_1032'": "'ECNA114_2583'"
  },
  {
    "'ECNA114_2896'": "'ECNA114_2908'",
    "'ECNA114_1032'": "'ECNA114_2583'"
  },
  {
    "'ECNA114_2896'": "'ECNA114_2909'",
    "'ECNA114_1032'": "'ECNA114_2583'"
  },
  {
    "'ECNA114_2896'": "'ECNA114_2608'",
    "'ECNA114_1032'": "'ECNA114_1726'"
  },
  {
    "'ECNA114_2896'": "'ECNA114_2608'",
    "'ECNA114_1032'": "'ECNA114_1730'"
  },
  {
    "'ECNA114_2896'": "'ECNA114_2608'",
    "'ECNA114_1032'": "'ECNA114_1728'"
  },
  {
    "'ECNA114_2896'": "'ECNA114_2608'",
    "'ECNA114_1032'": "'ECNA114_1727'"
  },
  {
    "'ECNA114_2896'": "'ECNA114_2608'",
    "'ECNA114_1032'": "'ECNA114_1729'"
  },
  {
    "'ECNA114_2896'": "'ECNA114_2608'",
    "'ECNA114_1032'": "'ECNA114_1731'"
  },
  {
    "'ECNA114_2896'": "'ECNA114_2607'",
    "'ECNA114_1032'": "'ECNA114_1726'"
  },
  {
    "'ECNA114_2896'": "'ECNA114_2607'",
    "'ECNA114_1032'": "'ECNA114_1730'"
  },
  {
    "'ECNA114_2896'": "'ECNA114_2607'",
    "'ECNA114_1032'": "'ECNA114_1728'"
  },
  {
    "'ECNA114_2896'": "'ECNA114_2607'",
    "'ECNA114_1032'": "'ECNA114_1727'"
  },
  {
    "'ECNA114_2896'": "'ECNA114_2607'",
    "'ECNA114_1032'": "'ECNA114_1729'"
  },
  {
    "'ECNA114_2896'": "'ECNA114_2607'",
    "'ECNA114_1032'": "'ECNA114_1731'"
  },
  {
    "'ECNA114_2896'": "'ECNA114_4121'",
    "'ECNA114_1032'": "'ECNA114_4168'"
  },
  {
    "'ECNA114_2896'": "'ECNA114_0695'",
    "'ECNA114_1032'": "'ECNA114_2498'"
  },
  {
    "'ECNA114_2896'": "'ECNA114_0695'",
    "'ECNA114_1032'": "'ECNA114_2500'"
  },
  {
    "'ECNA114_2896'": "'ECNA114_0695'",
    "'ECNA114_1032'": "'ECNA114_2499'"
  },
  {
    "'ECNA114_2896'": "'ECNA114_2498'",
    "'ECNA114_1032'": "'ECNA114_0694'"
  },
  {
    "'ECNA114_2896'": "'ECNA114_2498'",
    "'ECNA114_1032'": "'ECNA114_0696'"
  },
  {
    "'ECNA114_2896'": "'ECNA114_2500'",
    "'ECNA114_1032'": "'ECNA114_0694'"
  },
  {
    "'ECNA114_2896'": "'ECNA114_2500'",
    "'ECNA114_1032'": "'ECNA114_0696'"
  },
  {
    "'ECNA114_2896'": "'ECNA114_0694'",
    "'ECNA114_1032'": "'ECNA114_2499'"
  },
  {
    "'ECNA114_2896'": "'ECNA114_0696'",
    "'ECNA114_1032'": "'ECNA114_2499'"
  },
  {
    "'ECNA114_2896'": "'ECNA114_3070'",
    "'ECNA114_1032'": "'ECNA114_3877'"
  },
  {
    "'ECNA114_2896'": "'ECNA114_3070'",
    "'ECNA114_1032'": "'ECNA114_3876'"
  },
  {
    "'ECNA114_2896'": "'ECNA114_3070'",
    "'ECNA114_1032'": "'ECNA114_3874'"
  },
  {
    "'ECNA114_2896'": "'ECNA114_3070'",
    "'ECNA114_1032'": "'ECNA114_3875'"
  },
  {
    "'ECNA114_2896'": "'ECNA114_1372'",
    "'ECNA114_1032'": "'ECNA114_4277'"
  },
  {
    "'ECNA114_2896'": "'ECNA114_1739'",
    "'ECNA114_1032'": "'ECNA114_3356'"
  },
  {
    "'ECNA114_2896'": "'ECNA114_3487'",
    "'ECNA114_1032'": "'ECNA114_0364'"
  },
  {
    "'ECNA114_2896'": "'ECNA114_4342'",
    "'ECNA114_1032'": "'ECNA114_39121'"
  }
]