[
  {
    "'ECNA114_0170'": "'ECNA114_1150'"
  },
  {
    "'ECNA114_0170'": "'ECNA114_2414'"
  },
  {
    "'ECNA114_0170'": "'ECNA114_4648'"
  },
  {
    "'ECNA114_0170'": "'ECNA114_0150'"
  },
  {
    "'ECNA114_0170'": "'ECNA114_1151'"
  },
  {
    "'ECNA114_0170'": "'s0001'"
  },
  {
    "'ECNA114_0170'": "'ECNA114_3326'"
  },
  {
    "'ECNA114_0170'": "'ECNA114_3327'"
  },
  {
    "'ECNA114_0170'": "'ECNA114_0175'"
  },
  {
    "'ECNA114_0170'": "'ECNA114_2406'"
  },
  {
    "'ECNA114_0170'": "'ECNA114_4099'"
  },
  {
    "'ECNA114_0170'": "'ECNA114_2876'"
  },
  {
    "'ECNA114_0170'": "'ECNA114_1148'"
  },
  {
    "'ECNA114_0170'": "'ECNA114_4097'"
  },
  {
    "'ECNA114_0170'": "'ECNA114_4485'"
  },
  {
    "'ECNA114_0170'": "'ECNA114_3278'"
  },
  {
    "'ECNA114_0170'": "'ECNA114_3279'"
  },
  {
    "'ECNA114_0170'": "'ECNA114_3280'"
  },
  {
    "'ECNA114_0170'": "'ECNA114_4486'"
  },
  {
    "'ECNA114_0170'": "'ECNA114_3462'"
  },
  {
    "'ECNA114_0170'": "'ECNA114_1153'"
  },
  {
    "'ECNA114_0170'": "'ECNA114_1857'"
  },
  {
    "'ECNA114_0170'": "'ECNA114_3463'"
  },
  {
    "'ECNA114_0170'": "'ECNA114_2789'"
  },
  {
    "'ECNA114_0170'": "'ECNA114_1189'"
  },
  {
    "'ECNA114_0170'": "'ECNA114_4393'"
  },
  {
    "'ECNA114_0170'": "'ECNA114_3105'"
  },
  {
    "'ECNA114_0170'": "'ECNA114_4098'"
  },
  {
    "'ECNA114_0170'": "'ECNA114_3416'"
  },
  {
    "'ECNA114_0170'": "'ECNA114_1429'"
  },
  {
    "'ECNA114_0170'": "'ECNA114_1430'"
  },
  {
    "'ECNA114_0170'": "'ECNA114_0706'"
  },
  {
    "'ECNA114_0170'": "'ECNA114_3429'"
  },
  {
    "'ECNA114_0170'": "'ECNA114_1451'"
  },
  {
    "'ECNA114_0170'": "'ECNA114_1452'"
  },
  {
    "'ECNA114_0170'": "'ECNA114_0708'"
  },
  {
    "'ECNA114_0170'": "'ECNA114_0391'"
  },
  {
    "'ECNA114_0170'": "'ECNA114_4100'"
  },
  {
    "'ECNA114_0170'": "'ECNA114_3252'"
  },
  {
    "'ECNA114_0170'": "'ECNA114_3543'"
  },
  {
    "'ECNA114_0170'": "'ECNA114_0123'"
  },
  {
    "'ECNA114_0170'": "'ECNA114_4468'"
  },
  {
    "'ECNA114_0170'": "'ECNA114_2647'"
  },
  {
    "'ECNA114_0170'": "'ECNA114_1014'"
  },
  {
    "'ECNA114_0170'": "'ECNA114_0887'"
  },
  {
    "'ECNA114_0170'": "'ECNA114_0769'"
  },
  {
    "'ECNA114_0170'": "'ECNA114_3955'"
  },
  {
    "'ECNA114_0170'": "'ECNA114_4437'"
  },
  {
    "'ECNA114_0170'": "'ECNA114_0707'"
  },
  {
    "'ECNA114_0170'": "'ECNA114_3275'"
  },
  {
    "'ECNA114_0170'": "'ECNA114_3134'"
  },
  {
    "'ECNA114_0170'": "'ECNA114_1373'"
  },
  {
    "'ECNA114_0170'": "'ECNA114_2668'"
  },
  {
    "'ECNA114_0170'": "'ECNA114_2667'"
  },
  {
    "'ECNA114_0170'": "'ECNA114_2420'"
  },
  {
    "'ECNA114_0170'": "'ECNA114_4196'"
  },
  {
    "'ECNA114_0170'": "'ECNA114_1000'"
  },
  {
    "'ECNA114_0170'": "'ECNA114_0715'"
  },
  {
    "'ECNA114_0170'": "'ECNA114_0713'"
  },
  {
    "'ECNA114_0170'": "'ECNA114_0656'"
  },
  {
    "'ECNA114_0170'": "'ECNA114_2817'"
  },
  {
    "'ECNA114_0170'": "'ECNA114_2898'"
  },
  {
    "'ECNA114_0170'": "'ECNA114_3946'"
  },
  {
    "'ECNA114_0170'": "'ECNA114_0165'"
  },
  {
    "'ECNA114_0170'": "'ECNA114_3140'"
  },
  {
    "'ECNA114_0170'": "'ECNA114_0710'"
  },
  {
    "'ECNA114_0170'": "'ECNA114_3792'"
  },
  {
    "'ECNA114_0170'": "'ECNA114_3911'"
  },
  {
    "'ECNA114_0170'": "'ECNA114_0016'"
  },
  {
    "'ECNA114_0170'": "'ECNA114_2563'"
  },
  {
    "'ECNA114_0170'": "'ECNA114_2405'"
  },
  {
    "'ECNA114_0170'": "'ECNA114_3151'"
  },
  {
    "'ECNA114_0170'": "'ECNA114_1120'"
  },
  {
    "'ECNA114_0170'": "'ECNA114_3256'"
  },
  {
    "'ECNA114_0170'": "'ECNA114_3486'"
  },
  {
    "'ECNA114_0170'": "'ECNA114_1740'"
  },
  {
    "'ECNA114_0170'": "'ECNA114_0398'"
  },
  {
    "'ECNA114_0170'": "'ECNA114_0013'"
  },
  {
    "'ECNA114_0170'": "'ECNA114_0095'"
  },
  {
    "'ECNA114_0170'": "'ECNA114_3914'"
  },
  {
    "'ECNA114_0170'": "'ECNA114_1155'"
  },
  {
    "'ECNA114_0170'": "'ECNA114_0162'"
  },
  {
    "'ECNA114_0170'": "'ECNA114_0397'"
  },
  {
    "'ECNA114_0170'": "'ECNA114_1480'"
  },
  {
    "'ECNA114_0170'": "'ECNA114_2794'"
  },
  {
    "'ECNA114_0170'": "'ECNA114_2795'"
  },
  {
    "'ECNA114_0170'": "'ECNA114_0454'"
  },
  {
    "'ECNA114_0170'": "'ECNA114_0009'"
  },
  {
    "'ECNA114_0170'": "'ECNA114_3879'"
  },
  {
    "'ECNA114_0170'": "'ECNA114_0145'"
  },
  {
    "'ECNA114_0170'": "'ECNA114_3761'"
  },
  {
    "'ECNA114_0170'": "'ECNA114_1556'"
  },
  {
    "'ECNA114_0170'": "'ECNA114_3878'"
  },
  {
    "'ECNA114_0170'": "'ECNA114_3970'"
  },
  {
    "'ECNA114_0170'": "'ECNA114_2402'"
  },
  {
    "'ECNA114_0170'": "'ECNA114_4109'"
  },
  {
    "'ECNA114_0170'": "'ECNA114_1375'"
  },
  {
    "'ECNA114_0170'": "'ECNA114_2478'"
  },
  {
    "'ECNA114_0170'": "'ECNA114_2582'"
  },
  {
    "'ECNA114_0170'": "'folE'"
  },
  {
    "'ECNA114_0170'": "'ECNA114_1468'"
  },
  {
    "'ECNA114_0170'": "'ECNA114_4197'"
  },
  {
    "'ECNA114_0170'": "'ECNA114_0118'"
  },
  {
    "'ECNA114_0170'": "'ECNA114_0886'"
  },
  {
    "'ECNA114_0170'": "'ECNA114_0884'"
  },
  {
    "'ECNA114_0170'": "'ECNA114_3941'"
  },
  {
    "'ECNA114_0170'": "'ECNA114_2194'"
  },
  {
    "'ECNA114_0170'": "'ECNA114_0131'"
  },
  {
    "'ECNA114_0170'": "'ECNA114_4647'"
  },
  {
    "'ECNA114_0170'": "'ECNA114_4162'"
  },
  {
    "'ECNA114_0170'": "'ECNA114_0885'"
  },
  {
    "'ECNA114_0170'": "'ECNA114_2609'"
  },
  {
    "'ECNA114_0170'": "'ECNA114_3943'"
  },
  {
    "'ECNA114_0170'": "'ECNA114_1194'"
  },
  {
    "'ECNA114_0170'": "'ECNA114_0881'"
  },
  {
    "'ECNA114_0170'": "'ECNA114_0883'"
  },
  {
    "'ECNA114_0170'": "'ECNA114_1450'"
  },
  {
    "'ECNA114_0170'": "'ECNA114_3910'"
  },
  {
    "'ECNA114_0170'": "'ECNA114_0068'"
  },
  {
    "'ECNA114_0170'": "'ECNA114_0067'"
  },
  {
    "'ECNA114_0170'": "'ECNA114_0066'"
  },
  {
    "'ECNA114_0170'": "'ECNA114_0069'"
  },
  {
    "'ECNA114_0170'": "'ECNA114_1004'"
  },
  {
    "'ECNA114_0170'": "'ECNA114_3277'"
  },
  {
    "'ECNA114_0170'": "'ECNA114_1380'"
  },
  {
    "'ECNA114_0170'": "'ECNA114_0172'"
  },
  {
    "'ECNA114_0170'": "'ECNA114_0709'"
  },
  {
    "'ECNA114_0170'": "'ECNA114_1149'"
  },
  {
    "'ECNA114_0170'": "'ECNA114_2593'"
  },
  {
    "'ECNA114_0170'": "'ECNA114_2784'"
  },
  {
    "'ECNA114_0170'": "'ECNA114_2785'"
  },
  {
    "'ECNA114_0170'": "'ECNA114_2989'"
  },
  {
    "'ECNA114_0170'": "'ECNA114_0716'"
  },
  {
    "'ECNA114_0170'": "'ECNA114_3778'"
  },
  {
    "'ECNA114_0170'": "'ECNA114_0127'"
  },
  {
    "'ECNA114_0170'": "'ECNA114_4653'"
  },
  {
    "'ECNA114_0170'": "'ECNA114_1127'"
  },
  {
    "'ECNA114_0170'": "'ECNA114_0717'"
  },
  {
    "'ECNA114_0170'": "'ECNA114_0768'"
  },
  {
    "'ECNA114_0170'": "'ECNA114_4082'"
  },
  {
    "'ECNA114_0170'": "'ECNA114_2683'"
  },
  {
    "'ECNA114_0170'": "'ECNA114_1785'"
  },
  {
    "'ECNA114_0170'": "'ECNA114_0579'"
  },
  {
    "'ECNA114_0170'": "'ECNA114_0100'"
  },
  {
    "'ECNA114_0170'": "'ECNA114_4477'"
  },
  {
    "'ECNA114_0170'": "'ECNA114_3266'"
  },
  {
    "'ECNA114_0170'": "'ECNA114_0939'"
  },
  {
    "'ECNA114_0170'": "'ECNA114_1472'"
  },
  {
    "'ECNA114_0170'": "'ECNA114_4152'"
  },
  {
    "'ECNA114_0170'": "'ECNA114_2401'"
  },
  {
    "'ECNA114_0170'": "'ECNA114_3787'"
  },
  {
    "'ECNA114_0170'": "'ECNA114_0362'"
  },
  {
    "'ECNA114_0170'": "'ECNA114_0126'"
  },
  {
    "'ECNA114_0170'": "'ECNA114_0080'"
  },
  {
    "'ECNA114_0170'": "'ECNA114_2793'"
  },
  {
    "'ECNA114_0170'": "'ECNA114_0042'"
  },
  {
    "'ECNA114_0170'": "'ECNA114_2637'"
  },
  {
    "'ECNA114_0170'": "'ECNA114_2411'"
  },
  {
    "'ECNA114_0170'": "'ECNA114_3255'"
  },
  {
    "'ECNA114_0170'": "'ECNA114_3520'"
  },
  {
    "'ECNA114_0170'": "'ECNA114_0346'"
  },
  {
    "'ECNA114_0170'": "'ECNA114_3784'"
  },
  {
    "'ECNA114_0170'": "'ECNA114_4159'"
  },
  {
    "'ECNA114_0170'": "'ECNA114_3417'"
  },
  {
    "'ECNA114_0170'": "'ECNA114_2573'"
  },
  {
    "'ECNA114_0170'": "'ECNA114_0880'"
  },
  {
    "'ECNA114_0170'": "'ECNA114_2561'"
  },
  {
    "'ECNA114_0170'": "'ECNA114_2630'"
  },
  {
    "'ECNA114_0170'": "'ECNA114_0882'"
  },
  {
    "'ECNA114_0170'": "'ECNA114_0940'"
  },
  {
    "'ECNA114_0170'": "'ECNA114_4379'"
  },
  {
    "'ECNA114_0170'": "'ECNA114_2658'"
  },
  {
    "'ECNA114_0170'": "'ECNA114_3779'"
  },
  {
    "'ECNA114_0170'": "'ECNA114_0680'"
  },
  {
    "'ECNA114_0170'": "'ECNA114_1710'"
  },
  {
    "'ECNA114_0170'": "'ECNA114_0392'"
  },
  {
    "'ECNA114_0170'": "'ECNA114_2722'"
  },
  {
    "'ECNA114_0170'": "'ECNA114_2791'"
  },
  {
    "'ECNA114_0170'": "'ECNA114_2790'"
  },
  {
    "'ECNA114_0170'": "'ECNA114_2556'"
  },
  {
    "'ECNA114_0170'": "'ECNA114_3760'"
  },
  {
    "'ECNA114_0170'": "'ECNA114_3470'"
  },
  {
    "'ECNA114_0170'": "'ECNA114_4078'"
  },
  {
    "'ECNA114_0170'": "'ECNA114_1001'"
  },
  {
    "'ECNA114_0170'": "'ECNA114_0155'"
  },
  {
    "'ECNA114_0170'": "'thiS'"
  },
  {
    "'ECNA114_0170'": "'ECNA114_3432'"
  },
  {
    "'ECNA114_0170'": "'thiF'"
  },
  {
    "'ECNA114_0170'": "'ECNA114_0400'"
  },
  {
    "'ECNA114_0170'": "'ECNA114_2531'"
  },
  {
    "'ECNA114_0170'": "'ECNA114_2885'"
  },
  {
    "'ECNA114_0170'": "'ECNA114_0394'"
  },
  {
    "'ECNA114_0170'": "'ECNA114_3430'"
  },
  {
    "'ECNA114_0170'": "'ECNA114_1448'"
  },
  {
    "'ECNA114_0170'": "'ECNA114_1449'"
  },
  {
    "'ECNA114_0170'": "'ECNA114_3431'"
  },
  {
    "'ECNA114_0170'": "'ECNA114_0169'"
  },
  {
    "'ECNA114_0170'": "'ECNA114_0078'"
  },
  {
    "'ECNA114_0170'": "'ECNA114_0171'"
  },
  {
    "'ECNA114_0170'": "'ECNA114_3268'"
  },
  {
    "'ECNA114_0170'": "'ECNA114_0083'"
  },
  {
    "'ECNA114_0170'": "'ECNA114_0081'"
  },
  {
    "'ECNA114_0170'": "'ECNA114_0084'"
  },
  {
    "'ECNA114_0170'": "'ECNA114_0163'"
  },
  {
    "'ECNA114_0170'": "'ECNA114_0079'"
  },
  {
    "'ECNA114_0170'": "'ECNA114_0089'"
  },
  {
    "'ECNA114_0170'": "'ECNA114_3940'"
  },
  {
    "'ECNA114_0170'": "'ECNA114_3426'"
  },
  {
    "'ECNA114_0170'": "'ECNA114_1432'"
  }
]