[
  {
    "'ECNA114_1032'": "'ECNA114_4245'",
    "'ECNA114_0203'": "'ECNA114_0662'",
    "'ECNA114_4112'": "'ECNA114_0663'"
  },
  {
    "'ECNA114_1032'": "'ECNA114_4245'",
    "'ECNA114_0203'": "'ECNA114_0662'",
    "'ECNA114_4112'": "'ECNA114_0664'"
  },
  {
    "'ECNA114_1032'": "'ECNA114_4245'",
    "'ECNA114_0203'": "'ECNA114_0661'",
    "'ECNA114_4112'": "'ECNA114_0663'"
  },
  {
    "'ECNA114_1032'": "'ECNA114_4245'",
    "'ECNA114_0203'": "'ECNA114_0661'",
    "'ECNA114_4112'": "'ECNA114_0664'"
  },
  {
    "'ECNA114_1032'": "'ECNA114_4245'",
    "'ECNA114_0203'": "'ECNA114_0108'",
    "'ECNA114_4112'": "'ECNA114_0663'"
  },
  {
    "'ECNA114_1032'": "'ECNA114_4245'",
    "'ECNA114_0203'": "'ECNA114_0108'",
    "'ECNA114_4112'": "'ECNA114_0664'"
  },
  {
    "'ECNA114_1032'": "'ECNA114_0453'",
    "'ECNA114_0203'": "'ECNA114_4625'",
    "'ECNA114_4112'": "'ECNA114_3476'"
  },
  {
    "'ECNA114_1032'": "'ECNA114_0662'",
    "'ECNA114_0203'": "'ECNA114_2960'",
    "'ECNA114_4112'": "'ECNA114_0663'"
  },
  {
    "'ECNA114_1032'": "'ECNA114_0662'",
    "'ECNA114_0203'": "'ECNA114_2960'",
    "'ECNA114_4112'": "'ECNA114_0664'"
  },
  {
    "'ECNA114_1032'": "'ECNA114_0661'",
    "'ECNA114_0203'": "'ECNA114_2960'",
    "'ECNA114_4112'": "'ECNA114_0663'"
  },
  {
    "'ECNA114_1032'": "'ECNA114_0661'",
    "'ECNA114_0203'": "'ECNA114_2960'",
    "'ECNA114_4112'": "'ECNA114_0664'"
  },
  {
    "'ECNA114_1032'": "'ECNA114_0108'",
    "'ECNA114_0203'": "'ECNA114_2624'",
    "'ECNA114_4112'": "'ECNA114_1437'"
  },
  {
    "'ECNA114_1032'": "'ECNA114_0108'",
    "'ECNA114_0203'": "'ECNA114_2960'",
    "'ECNA114_4112'": "'ECNA114_0663'"
  },
  {
    "'ECNA114_1032'": "'ECNA114_0108'",
    "'ECNA114_0203'": "'ECNA114_2960'",
    "'ECNA114_4112'": "'ECNA114_0664'"
  },
  {
    "'ECNA114_1032'": "'ECNA114_0108'",
    "'ECNA114_0203'": "'ECNA114_1437'",
    "'ECNA114_4112'": "'ECNA114_2955'"
  },
  {
    "'ECNA114_1032'": "'ECNA114_0108'",
    "'ECNA114_0203'": "'ECNA114_1437'",
    "'ECNA114_4112'": "'ECNA114_4629'"
  },
  {
    "'ECNA114_1032'": "'ECNA114_0812'",
    "'ECNA114_0203'": "'ECNA114_2624'",
    "'ECNA114_4112'": "'ECNA114_3771'"
  },
  {
    "'ECNA114_1032'": "'ECNA114_0812'",
    "'ECNA114_0203'": "'ECNA114_2624'",
    "'ECNA114_4112'": "'ECNA114_3770'"
  },
  {
    "'ECNA114_1032'": "'ECNA114_2624'",
    "'ECNA114_0203'": "'ECNA114_2945'",
    "'ECNA114_4112'": "'ECNA114_1437'"
  },
  {
    "'ECNA114_1032'": "'ECNA114_2624'",
    "'ECNA114_0203'": "'ECNA114_2947'",
    "'ECNA114_4112'": "'ECNA114_1437'"
  },
  {
    "'ECNA114_1032'": "'ECNA114_2624'",
    "'ECNA114_0203'": "'ECNA114_2946'",
    "'ECNA114_4112'": "'ECNA114_1437'"
  },
  {
    "'ECNA114_1032'": "'ECNA114_2624'",
    "'ECNA114_0203'": "'ECNA114_4164'",
    "'ECNA114_4112'": "'ECNA114_4096'"
  },
  {
    "'ECNA114_1032'": "'ECNA114_2624'",
    "'ECNA114_0203'": "'ECNA114_4096'",
    "'ECNA114_4112'": "'ECNA114_0657'"
  },
  {
    "'ECNA114_1032'": "'ECNA114_2624'",
    "'ECNA114_0203'": "'ECNA114_4096'",
    "'ECNA114_4112'": "'ECNA114_0659'"
  },
  {
    "'ECNA114_1032'": "'ECNA114_2624'",
    "'ECNA114_0203'": "'ECNA114_4096'",
    "'ECNA114_4112'": "'ECNA114_0658'"
  },
  {
    "'ECNA114_1032'": "'ECNA114_2624'",
    "'ECNA114_0203'": "'ECNA114_4096'",
    "'ECNA114_4112'": "'ECNA114_0660'"
  },
  {
    "'ECNA114_1032'": "'ECNA114_2380'",
    "'ECNA114_0203'": "'ECNA114_2461'",
    "'ECNA114_4112'": "'ECNA114_3724'"
  },
  {
    "'ECNA114_1032'": "'ECNA114_0493'",
    "'ECNA114_0203'": "'ECNA114_4164'",
    "'ECNA114_4112'": "'ECNA114_4096'"
  },
  {
    "'ECNA114_1032'": "'ECNA114_0493'",
    "'ECNA114_0203'": "'ECNA114_4096'",
    "'ECNA114_4112'": "'ECNA114_0657'"
  },
  {
    "'ECNA114_1032'": "'ECNA114_0493'",
    "'ECNA114_0203'": "'ECNA114_4096'",
    "'ECNA114_4112'": "'ECNA114_0659'"
  },
  {
    "'ECNA114_1032'": "'ECNA114_0493'",
    "'ECNA114_0203'": "'ECNA114_4096'",
    "'ECNA114_4112'": "'ECNA114_0658'"
  },
  {
    "'ECNA114_1032'": "'ECNA114_0493'",
    "'ECNA114_0203'": "'ECNA114_4096'",
    "'ECNA114_4112'": "'ECNA114_0660'"
  },
  {
    "'ECNA114_1032'": "'ECNA114_0489'",
    "'ECNA114_0203'": "'ECNA114_4164'",
    "'ECNA114_4112'": "'ECNA114_4096'"
  },
  {
    "'ECNA114_1032'": "'ECNA114_0489'",
    "'ECNA114_0203'": "'ECNA114_4096'",
    "'ECNA114_4112'": "'ECNA114_0657'"
  },
  {
    "'ECNA114_1032'": "'ECNA114_0489'",
    "'ECNA114_0203'": "'ECNA114_4096'",
    "'ECNA114_4112'": "'ECNA114_0659'"
  },
  {
    "'ECNA114_1032'": "'ECNA114_0489'",
    "'ECNA114_0203'": "'ECNA114_4096'",
    "'ECNA114_4112'": "'ECNA114_0658'"
  },
  {
    "'ECNA114_1032'": "'ECNA114_0489'",
    "'ECNA114_0203'": "'ECNA114_4096'",
    "'ECNA114_4112'": "'ECNA114_0660'"
  },
  {
    "'ECNA114_1032'": "'ECNA114_3884'",
    "'ECNA114_0203'": "'ECNA114_1825'",
    "'ECNA114_4112'": "'ECNA114_1897'"
  },
  {
    "'ECNA114_1032'": "'ECNA114_3884'",
    "'ECNA114_0203'": "'ECNA114_1825'",
    "'ECNA114_4112'": "'ECNA114_1898'"
  },
  {
    "'ECNA114_1032'": "'ECNA114_3884'",
    "'ECNA114_0203'": "'ECNA114_1825'",
    "'ECNA114_4112'": "'ECNA114_4058'"
  },
  {
    "'ECNA114_1032'": "'ECNA114_3884'",
    "'ECNA114_0203'": "'ECNA114_1897'",
    "'ECNA114_4112'": "'ECNA114_2966'"
  },
  {
    "'ECNA114_1032'": "'ECNA114_3884'",
    "'ECNA114_0203'": "'ECNA114_1898'",
    "'ECNA114_4112'": "'ECNA114_2966'"
  },
  {
    "'ECNA114_1032'": "'ECNA114_3884'",
    "'ECNA114_0203'": "'ECNA114_2966'",
    "'ECNA114_4112'": "'ECNA114_4058'"
  },
  {
    "'ECNA114_1032'": "'ECNA114_3880'",
    "'ECNA114_0203'": "'ECNA114_1825'",
    "'ECNA114_4112'": "'ECNA114_1897'"
  },
  {
    "'ECNA114_1032'": "'ECNA114_3880'",
    "'ECNA114_0203'": "'ECNA114_1825'",
    "'ECNA114_4112'": "'ECNA114_1898'"
  },
  {
    "'ECNA114_1032'": "'ECNA114_3880'",
    "'ECNA114_0203'": "'ECNA114_1825'",
    "'ECNA114_4112'": "'ECNA114_4058'"
  },
  {
    "'ECNA114_1032'": "'ECNA114_3880'",
    "'ECNA114_0203'": "'ECNA114_1897'",
    "'ECNA114_4112'": "'ECNA114_2966'"
  },
  {
    "'ECNA114_1032'": "'ECNA114_3880'",
    "'ECNA114_0203'": "'ECNA114_1898'",
    "'ECNA114_4112'": "'ECNA114_2966'"
  },
  {
    "'ECNA114_1032'": "'ECNA114_3880'",
    "'ECNA114_0203'": "'ECNA114_2966'",
    "'ECNA114_4112'": "'ECNA114_4058'"
  },
  {
    "'ECNA114_1032'": "'ECNA114_3886'",
    "'ECNA114_0203'": "'ECNA114_1825'",
    "'ECNA114_4112'": "'ECNA114_1897'"
  },
  {
    "'ECNA114_1032'": "'ECNA114_3886'",
    "'ECNA114_0203'": "'ECNA114_1825'",
    "'ECNA114_4112'": "'ECNA114_1898'"
  },
  {
    "'ECNA114_1032'": "'ECNA114_3886'",
    "'ECNA114_0203'": "'ECNA114_1825'",
    "'ECNA114_4112'": "'ECNA114_4058'"
  },
  {
    "'ECNA114_1032'": "'ECNA114_3886'",
    "'ECNA114_0203'": "'ECNA114_1897'",
    "'ECNA114_4112'": "'ECNA114_2966'"
  },
  {
    "'ECNA114_1032'": "'ECNA114_3886'",
    "'ECNA114_0203'": "'ECNA114_1898'",
    "'ECNA114_4112'": "'ECNA114_2966'"
  },
  {
    "'ECNA114_1032'": "'ECNA114_3886'",
    "'ECNA114_0203'": "'ECNA114_2966'",
    "'ECNA114_4112'": "'ECNA114_4058'"
  },
  {
    "'ECNA114_1032'": "'ECNA114_3885'",
    "'ECNA114_0203'": "'ECNA114_1825'",
    "'ECNA114_4112'": "'ECNA114_1897'"
  },
  {
    "'ECNA114_1032'": "'ECNA114_3885'",
    "'ECNA114_0203'": "'ECNA114_1825'",
    "'ECNA114_4112'": "'ECNA114_1898'"
  },
  {
    "'ECNA114_1032'": "'ECNA114_3885'",
    "'ECNA114_0203'": "'ECNA114_1825'",
    "'ECNA114_4112'": "'ECNA114_4058'"
  },
  {
    "'ECNA114_1032'": "'ECNA114_3885'",
    "'ECNA114_0203'": "'ECNA114_1897'",
    "'ECNA114_4112'": "'ECNA114_2966'"
  },
  {
    "'ECNA114_1032'": "'ECNA114_3885'",
    "'ECNA114_0203'": "'ECNA114_1898'",
    "'ECNA114_4112'": "'ECNA114_2966'"
  },
  {
    "'ECNA114_1032'": "'ECNA114_3885'",
    "'ECNA114_0203'": "'ECNA114_2966'",
    "'ECNA114_4112'": "'ECNA114_4058'"
  },
  {
    "'ECNA114_1032'": "'ECNA114_3882'",
    "'ECNA114_0203'": "'ECNA114_1825'",
    "'ECNA114_4112'": "'ECNA114_1897'"
  },
  {
    "'ECNA114_1032'": "'ECNA114_3882'",
    "'ECNA114_0203'": "'ECNA114_1825'",
    "'ECNA114_4112'": "'ECNA114_1898'"
  },
  {
    "'ECNA114_1032'": "'ECNA114_3882'",
    "'ECNA114_0203'": "'ECNA114_1825'",
    "'ECNA114_4112'": "'ECNA114_4058'"
  },
  {
    "'ECNA114_1032'": "'ECNA114_3882'",
    "'ECNA114_0203'": "'ECNA114_1897'",
    "'ECNA114_4112'": "'ECNA114_2966'"
  },
  {
    "'ECNA114_1032'": "'ECNA114_3882'",
    "'ECNA114_0203'": "'ECNA114_1898'",
    "'ECNA114_4112'": "'ECNA114_2966'"
  },
  {
    "'ECNA114_1032'": "'ECNA114_3882'",
    "'ECNA114_0203'": "'ECNA114_2966'",
    "'ECNA114_4112'": "'ECNA114_4058'"
  },
  {
    "'ECNA114_1032'": "'ECNA114_3883'",
    "'ECNA114_0203'": "'ECNA114_1825'",
    "'ECNA114_4112'": "'ECNA114_1897'"
  },
  {
    "'ECNA114_1032'": "'ECNA114_3883'",
    "'ECNA114_0203'": "'ECNA114_1825'",
    "'ECNA114_4112'": "'ECNA114_1898'"
  },
  {
    "'ECNA114_1032'": "'ECNA114_3883'",
    "'ECNA114_0203'": "'ECNA114_1825'",
    "'ECNA114_4112'": "'ECNA114_4058'"
  },
  {
    "'ECNA114_1032'": "'ECNA114_3883'",
    "'ECNA114_0203'": "'ECNA114_1897'",
    "'ECNA114_4112'": "'ECNA114_2966'"
  },
  {
    "'ECNA114_1032'": "'ECNA114_3883'",
    "'ECNA114_0203'": "'ECNA114_1898'",
    "'ECNA114_4112'": "'ECNA114_2966'"
  },
  {
    "'ECNA114_1032'": "'ECNA114_3883'",
    "'ECNA114_0203'": "'ECNA114_2966'",
    "'ECNA114_4112'": "'ECNA114_4058'"
  },
  {
    "'ECNA114_1032'": "'ECNA114_3887'",
    "'ECNA114_0203'": "'ECNA114_1825'",
    "'ECNA114_4112'": "'ECNA114_1897'"
  },
  {
    "'ECNA114_1032'": "'ECNA114_3887'",
    "'ECNA114_0203'": "'ECNA114_1825'",
    "'ECNA114_4112'": "'ECNA114_1898'"
  },
  {
    "'ECNA114_1032'": "'ECNA114_3887'",
    "'ECNA114_0203'": "'ECNA114_1825'",
    "'ECNA114_4112'": "'ECNA114_4058'"
  },
  {
    "'ECNA114_1032'": "'ECNA114_3887'",
    "'ECNA114_0203'": "'ECNA114_1897'",
    "'ECNA114_4112'": "'ECNA114_2966'"
  },
  {
    "'ECNA114_1032'": "'ECNA114_3887'",
    "'ECNA114_0203'": "'ECNA114_1898'",
    "'ECNA114_4112'": "'ECNA114_2966'"
  },
  {
    "'ECNA114_1032'": "'ECNA114_3887'",
    "'ECNA114_0203'": "'ECNA114_2966'",
    "'ECNA114_4112'": "'ECNA114_4058'"
  },
  {
    "'ECNA114_1032'": "'ECNA114_3881'",
    "'ECNA114_0203'": "'ECNA114_1825'",
    "'ECNA114_4112'": "'ECNA114_1897'"
  },
  {
    "'ECNA114_1032'": "'ECNA114_3881'",
    "'ECNA114_0203'": "'ECNA114_1825'",
    "'ECNA114_4112'": "'ECNA114_1898'"
  },
  {
    "'ECNA114_1032'": "'ECNA114_3881'",
    "'ECNA114_0203'": "'ECNA114_1825'",
    "'ECNA114_4112'": "'ECNA114_4058'"
  },
  {
    "'ECNA114_1032'": "'ECNA114_3881'",
    "'ECNA114_0203'": "'ECNA114_1897'",
    "'ECNA114_4112'": "'ECNA114_2966'"
  },
  {
    "'ECNA114_1032'": "'ECNA114_3881'",
    "'ECNA114_0203'": "'ECNA114_1898'",
    "'ECNA114_4112'": "'ECNA114_2966'"
  },
  {
    "'ECNA114_1032'": "'ECNA114_3881'",
    "'ECNA114_0203'": "'ECNA114_2966'",
    "'ECNA114_4112'": "'ECNA114_4058'"
  },
  {
    "'ECNA114_1032'": "'ECNA114_3954'",
    "'ECNA114_0203'": "'ECNA114_4465'",
    "'ECNA114_4112'": "'ECNA114_3585'"
  },
  {
    "'ECNA114_1032'": "'ECNA114_3954'",
    "'ECNA114_0203'": "'ECNA114_4465'",
    "'ECNA114_4112'": "'ECNA114_3589'"
  },
  {
    "'ECNA114_1032'": "'ECNA114_3954'",
    "'ECNA114_0203'": "'ECNA114_4465'",
    "'ECNA114_4112'": "'ECNA114_3586'"
  },
  {
    "'ECNA114_1032'": "'ECNA114_3954'",
    "'ECNA114_0203'": "'ECNA114_4465'",
    "'ECNA114_4112'": "'ECNA114_3588'"
  },
  {
    "'ECNA114_1032'": "'ECNA114_3954'",
    "'ECNA114_0203'": "'ECNA114_4465'",
    "'ECNA114_4112'": "'ECNA114_3587'"
  },
  {
    "'ECNA114_1032'": "'ECNA114_0324'",
    "'ECNA114_0203'": "'ECNA114_0996'",
    "'ECNA114_4112'": "'ECNA114_2782'"
  },
  {
    "'ECNA114_1032'": "'ECNA114_2669'",
    "'ECNA114_0203'": "'ECNA114_0684'",
    "'ECNA114_4112'": "'ECNA114_1752'"
  },
  {
    "'ECNA114_1032'": "'ECNA114_2655'",
    "'ECNA114_0203'": "'ECNA114_3919'",
    "'ECNA114_4112'": "'ECNA114_3610'"
  },
  {
    "'ECNA114_1032'": "'ECNA114_1659'",
    "'ECNA114_0203'": "'ECNA114_1658'",
    "'ECNA114_4112'": "'ECNA114_4096'"
  },
  {
    "'ECNA114_1032'": "'ECNA114_2816'",
    "'ECNA114_0203'": "'ECNA114_3511'",
    "'ECNA114_4112'": "'ECNA114_1749'"
  },
  {
    "'ECNA114_1032'": "'ECNA114_2945'",
    "'ECNA114_0203'": "'ECNA114_1437'",
    "'ECNA114_4112'": "'ECNA114_2955'"
  },
  {
    "'ECNA114_1032'": "'ECNA114_2945'",
    "'ECNA114_0203'": "'ECNA114_1437'",
    "'ECNA114_4112'": "'ECNA114_4629'"
  },
  {
    "'ECNA114_1032'": "'ECNA114_2947'",
    "'ECNA114_0203'": "'ECNA114_1437'",
    "'ECNA114_4112'": "'ECNA114_2955'"
  },
  {
    "'ECNA114_1032'": "'ECNA114_2947'",
    "'ECNA114_0203'": "'ECNA114_1437'",
    "'ECNA114_4112'": "'ECNA114_4629'"
  },
  {
    "'ECNA114_1032'": "'ECNA114_2946'",
    "'ECNA114_0203'": "'ECNA114_1437'",
    "'ECNA114_4112'": "'ECNA114_2955'"
  },
  {
    "'ECNA114_1032'": "'ECNA114_2946'",
    "'ECNA114_0203'": "'ECNA114_1437'",
    "'ECNA114_4112'": "'ECNA114_4629'"
  },
  {
    "'ECNA114_1032'": "'ECNA114_0877'",
    "'ECNA114_0203'": "'ECNA114_4332'",
    "'ECNA114_4112'": "'ECNA114_3483'"
  },
  {
    "'ECNA114_1032'": "'ECNA114_3610'",
    "'ECNA114_0203'": "'ECNA114_2328'",
    "'ECNA114_4112'": "'ECNA114_4460'"
  },
  {
    "'ECNA114_1032'": "'ECNA114_3610'",
    "'ECNA114_0203'": "'ECNA114_2327'",
    "'ECNA114_4112'": "'ECNA114_4460'"
  },
  {
    "'ECNA114_1032'": "'ECNA114_2907'",
    "'ECNA114_0203'": "'ECNA114_4164'",
    "'ECNA114_4112'": "'ECNA114_4096'"
  },
  {
    "'ECNA114_1032'": "'ECNA114_2907'",
    "'ECNA114_0203'": "'ECNA114_4096'",
    "'ECNA114_4112'": "'ECNA114_0657'"
  },
  {
    "'ECNA114_1032'": "'ECNA114_2907'",
    "'ECNA114_0203'": "'ECNA114_4096'",
    "'ECNA114_4112'": "'ECNA114_0659'"
  },
  {
    "'ECNA114_1032'": "'ECNA114_2907'",
    "'ECNA114_0203'": "'ECNA114_4096'",
    "'ECNA114_4112'": "'ECNA114_0658'"
  },
  {
    "'ECNA114_1032'": "'ECNA114_2907'",
    "'ECNA114_0203'": "'ECNA114_4096'",
    "'ECNA114_4112'": "'ECNA114_0660'"
  },
  {
    "'ECNA114_1032'": "'ECNA114_2908'",
    "'ECNA114_0203'": "'ECNA114_4164'",
    "'ECNA114_4112'": "'ECNA114_4096'"
  },
  {
    "'ECNA114_1032'": "'ECNA114_2908'",
    "'ECNA114_0203'": "'ECNA114_4096'",
    "'ECNA114_4112'": "'ECNA114_0657'"
  },
  {
    "'ECNA114_1032'": "'ECNA114_2908'",
    "'ECNA114_0203'": "'ECNA114_4096'",
    "'ECNA114_4112'": "'ECNA114_0659'"
  },
  {
    "'ECNA114_1032'": "'ECNA114_2908'",
    "'ECNA114_0203'": "'ECNA114_4096'",
    "'ECNA114_4112'": "'ECNA114_0658'"
  },
  {
    "'ECNA114_1032'": "'ECNA114_2908'",
    "'ECNA114_0203'": "'ECNA114_4096'",
    "'ECNA114_4112'": "'ECNA114_0660'"
  },
  {
    "'ECNA114_1032'": "'ECNA114_2909'",
    "'ECNA114_0203'": "'ECNA114_4164'",
    "'ECNA114_4112'": "'ECNA114_4096'"
  },
  {
    "'ECNA114_1032'": "'ECNA114_2909'",
    "'ECNA114_0203'": "'ECNA114_4096'",
    "'ECNA114_4112'": "'ECNA114_0657'"
  },
  {
    "'ECNA114_1032'": "'ECNA114_2909'",
    "'ECNA114_0203'": "'ECNA114_4096'",
    "'ECNA114_4112'": "'ECNA114_0659'"
  },
  {
    "'ECNA114_1032'": "'ECNA114_2909'",
    "'ECNA114_0203'": "'ECNA114_4096'",
    "'ECNA114_4112'": "'ECNA114_0658'"
  },
  {
    "'ECNA114_1032'": "'ECNA114_2909'",
    "'ECNA114_0203'": "'ECNA114_4096'",
    "'ECNA114_4112'": "'ECNA114_0660'"
  },
  {
    "'ECNA114_1032'": "'ECNA114_4164'",
    "'ECNA114_0203'": "'ECNA114_1437'",
    "'ECNA114_4112'": "'ECNA114_4096'"
  },
  {
    "'ECNA114_1032'": "'ECNA114_4164'",
    "'ECNA114_0203'": "'ECNA114_2955'",
    "'ECNA114_4112'": "'ECNA114_4096'"
  },
  {
    "'ECNA114_1032'": "'ECNA114_4164'",
    "'ECNA114_0203'": "'ECNA114_4096'",
    "'ECNA114_4112'": "'ECNA114_4629'"
  },
  {
    "'ECNA114_1032'": "'ECNA114_4164'",
    "'ECNA114_0203'": "'ECNA114_4096'",
    "'ECNA114_4112'": "'ECNA114_0483'"
  },
  {
    "'ECNA114_1032'": "'ECNA114_3051'",
    "'ECNA114_0203'": "'ECNA114_4163'",
    "'ECNA114_4112'": "'ECNA114_4096'"
  },
  {
    "'ECNA114_1032'": "'ECNA114_0138'",
    "'ECNA114_0203'": "'ECNA114_3493'",
    "'ECNA114_4112'": "'ECNA114_2597'"
  },
  {
    "'ECNA114_1032'": "'ECNA114_0695'",
    "'ECNA114_0203'": "'ECNA114_4056'",
    "'ECNA114_4112'": "'ECNA114_2501'"
  },
  {
    "'ECNA114_1032'": "'ECNA114_4056'",
    "'ECNA114_0203'": "'ECNA114_0694'",
    "'ECNA114_4112'": "'ECNA114_2501'"
  },
  {
    "'ECNA114_1032'": "'ECNA114_4056'",
    "'ECNA114_0203'": "'ECNA114_0696'",
    "'ECNA114_4112'": "'ECNA114_2501'"
  },
  {
    "'ECNA114_1032'": "'ECNA114_1437'",
    "'ECNA114_0203'": "'ECNA114_4096'",
    "'ECNA114_4112'": "'ECNA114_0657'"
  },
  {
    "'ECNA114_1032'": "'ECNA114_1437'",
    "'ECNA114_0203'": "'ECNA114_4096'",
    "'ECNA114_4112'": "'ECNA114_0659'"
  },
  {
    "'ECNA114_1032'": "'ECNA114_1437'",
    "'ECNA114_0203'": "'ECNA114_4096'",
    "'ECNA114_4112'": "'ECNA114_0658'"
  },
  {
    "'ECNA114_1032'": "'ECNA114_1437'",
    "'ECNA114_0203'": "'ECNA114_4096'",
    "'ECNA114_4112'": "'ECNA114_0660'"
  },
  {
    "'ECNA114_1032'": "'ECNA114_1469'",
    "'ECNA114_0203'": "'ECNA114_0783'",
    "'ECNA114_4112'": "'ECNA114_3150'"
  },
  {
    "'ECNA114_1032'": "'ECNA114_2955'",
    "'ECNA114_0203'": "'ECNA114_4096'",
    "'ECNA114_4112'": "'ECNA114_0657'"
  },
  {
    "'ECNA114_1032'": "'ECNA114_2955'",
    "'ECNA114_0203'": "'ECNA114_4096'",
    "'ECNA114_4112'": "'ECNA114_0659'"
  },
  {
    "'ECNA114_1032'": "'ECNA114_2955'",
    "'ECNA114_0203'": "'ECNA114_4096'",
    "'ECNA114_4112'": "'ECNA114_0658'"
  },
  {
    "'ECNA114_1032'": "'ECNA114_2955'",
    "'ECNA114_0203'": "'ECNA114_4096'",
    "'ECNA114_4112'": "'ECNA114_0660'"
  },
  {
    "'ECNA114_1032'": "'ECNA114_4096'",
    "'ECNA114_0203'": "'ECNA114_4629'",
    "'ECNA114_4112'": "'ECNA114_0657'"
  },
  {
    "'ECNA114_1032'": "'ECNA114_4096'",
    "'ECNA114_0203'": "'ECNA114_4629'",
    "'ECNA114_4112'": "'ECNA114_0659'"
  },
  {
    "'ECNA114_1032'": "'ECNA114_4096'",
    "'ECNA114_0203'": "'ECNA114_4629'",
    "'ECNA114_4112'": "'ECNA114_0658'"
  },
  {
    "'ECNA114_1032'": "'ECNA114_4096'",
    "'ECNA114_0203'": "'ECNA114_4629'",
    "'ECNA114_4112'": "'ECNA114_0660'"
  },
  {
    "'ECNA114_1032'": "'ECNA114_4096'",
    "'ECNA114_0203'": "'ECNA114_0657'",
    "'ECNA114_4112'": "'ECNA114_0483'"
  },
  {
    "'ECNA114_1032'": "'ECNA114_4096'",
    "'ECNA114_0203'": "'ECNA114_0659'",
    "'ECNA114_4112'": "'ECNA114_0483'"
  },
  {
    "'ECNA114_1032'": "'ECNA114_4096'",
    "'ECNA114_0203'": "'ECNA114_0658'",
    "'ECNA114_4112'": "'ECNA114_0483'"
  },
  {
    "'ECNA114_1032'": "'ECNA114_4096'",
    "'ECNA114_0203'": "'ECNA114_0660'",
    "'ECNA114_4112'": "'ECNA114_0483'"
  },
  {
    "'ECNA114_1032'": "'ECNA114_4625'",
    "'ECNA114_0203'": "'ECNA114_3476'",
    "'ECNA114_4112'": "'ECNA114_1372'"
  },
  {
    "'ECNA114_1032'": "'ECNA114_2328'",
    "'ECNA114_0203'": "'ECNA114_2707'",
    "'ECNA114_4112'": "'ECNA114_4460'"
  },
  {
    "'ECNA114_1032'": "'ECNA114_2328'",
    "'ECNA114_0203'": "'ECNA114_2708'",
    "'ECNA114_4112'": "'ECNA114_4460'"
  },
  {
    "'ECNA114_1032'": "'ECNA114_2327'",
    "'ECNA114_0203'": "'ECNA114_2707'",
    "'ECNA114_4112'": "'ECNA114_4460'"
  },
  {
    "'ECNA114_1032'": "'ECNA114_2327'",
    "'ECNA114_0203'": "'ECNA114_2708'",
    "'ECNA114_4112'": "'ECNA114_4460'"
  },
  {
    "'ECNA114_1032'": "'ECNA114_2707'",
    "'ECNA114_0203'": "'ECNA114_4460'",
    "'ECNA114_4112'": "'ECNA114_0838'"
  },
  {
    "'ECNA114_1032'": "'ECNA114_2708'",
    "'ECNA114_0203'": "'ECNA114_4460'",
    "'ECNA114_4112'": "'ECNA114_0838'"
  }
]