[
  {
    "'g.25726.CDS.2710'": "'g.25726.CDS.3069'",
    "'g.25726.CDS.416'": "'1229781.4.peg.781'"
  },
  {
    "'g.25726.CDS.2710'": "'1229781.4.peg.2309'",
    "'g.25726.CDS.416'": "'g.25726.CDS.2532'"
  },
  {
    "'g.25726.CDS.2710'": "'1229781.4.peg.2309'",
    "'g.25726.CDS.416'": "'g.25726.CDS.716'"
  },
  {
    "'g.25726.CDS.2710'": "'1229781.4.peg.2309'",
    "'g.25726.CDS.416'": "'1229781.4.peg.470'"
  },
  {
    "'g.25726.CDS.2710'": "'1229781.4.peg.2309'",
    "'g.25726.CDS.416'": "'g.25726.CDS.1957'"
  },
  {
    "'g.25726.CDS.2710'": "'1229781.4.peg.776'",
    "'g.25726.CDS.416'": "'g.25726.CDS.2842'"
  },
  {
    "'g.25726.CDS.2710'": "'g.25726.CDS.2514'",
    "'g.25726.CDS.416'": "'g.25726.CDS.1145'"
  },
  {
    "'g.25726.CDS.2710'": "'1229781.4.peg.631'",
    "'g.25726.CDS.416'": "'g.25726.CDS.2215'"
  },
  {
    "'g.25726.CDS.2710'": "'1229781.4.peg.2022'",
    "'g.25726.CDS.416'": "'g.25726.CDS.2215'"
  },
  {
    "'g.25726.CDS.2710'": "'g.25726.CDS.2196'",
    "'g.25726.CDS.416'": "'g.25726.CDS.3158'"
  },
  {
    "'g.25726.CDS.2710'": "'g.25726.CDS.2196'",
    "'g.25726.CDS.416'": "'g.25726.CDS.3195'"
  },
  {
    "'g.25726.CDS.2710'": "'g.25726.CDS.2196'",
    "'g.25726.CDS.416'": "'g.25726.CDS.3208'"
  },
  {
    "'g.25726.CDS.2710'": "'1229781.4.peg.1366'",
    "'g.25726.CDS.416'": "'g.25726.CDS.2215'"
  },
  {
    "'g.25726.CDS.2710'": "'g.25726.CDS.2725'",
    "'g.25726.CDS.416'": "'g.25726.CDS.3015'"
  },
  {
    "'g.25726.CDS.2710'": "'g.25726.CDS.2404'",
    "'g.25726.CDS.416'": "'g.25726.CDS.741'"
  },
  {
    "'g.25726.CDS.2710'": "'g.25726.CDS.2877'",
    "'g.25726.CDS.416'": "'g.25726.CDS.2215'"
  },
  {
    "'g.25726.CDS.2710'": "'g.25726.CDS.1157'",
    "'g.25726.CDS.416'": "'g.25726.CDS.2215'"
  },
  {
    "'g.25726.CDS.2710'": "'g.25726.CDS.2486'",
    "'g.25726.CDS.416'": "'g.25726.CDS.2215'"
  },
  {
    "'g.25726.CDS.2710'": "'g.25726.CDS.1088'",
    "'g.25726.CDS.416'": "'g.25726.CDS.3121'"
  },
  {
    "'g.25726.CDS.2710'": "'1229781.4.peg.1398'",
    "'g.25726.CDS.416'": "'g.25726.CDS.2215'"
  },
  {
    "'g.25726.CDS.2710'": "'g.25726.CDS.1631'",
    "'g.25726.CDS.416'": "'g.25726.CDS.2709'"
  },
  {
    "'g.25726.CDS.2710'": "'g.25726.CDS.773'",
    "'g.25726.CDS.416'": "'1229781.4.peg.817'"
  },
  {
    "'g.25726.CDS.2710'": "'g.25726.CDS.773'",
    "'g.25726.CDS.416'": "'1229781.4.peg.815'"
  },
  {
    "'g.25726.CDS.2710'": "'g.25726.CDS.117'",
    "'g.25726.CDS.416'": "'1229781.4.peg.483'"
  },
  {
    "'g.25726.CDS.2710'": "'1229781.4.peg.483'",
    "'g.25726.CDS.416'": "'g.25726.CDS.2081'"
  },
  {
    "'g.25726.CDS.2710'": "'g.25726.CDS.2215'",
    "'g.25726.CDS.416'": "'1229781.4.peg.399'"
  },
  {
    "'g.25726.CDS.2710'": "'g.25726.CDS.2215'",
    "'g.25726.CDS.416'": "'g.25726.CDS.1704'"
  },
  {
    "'g.25726.CDS.2710'": "'g.25726.CDS.2215'",
    "'g.25726.CDS.416'": "'1229781.4.peg.1367'"
  },
  {
    "'g.25726.CDS.2710'": "'1229781.4.peg.161'",
    "'g.25726.CDS.416'": "'1229781.4.peg.1896'"
  },
  {
    "'g.25726.CDS.2710'": "'g.25726.CDS.1428'",
    "'g.25726.CDS.416'": "'g.25726.CDS.908'"
  },
  {
    "'g.25726.CDS.2710'": "'1229781.4.peg.286'",
    "'g.25726.CDS.416'": "'1229781.4.peg.822'"
  },
  {
    "'g.25726.CDS.2710'": "'g.25726.CDS.1570'",
    "'g.25726.CDS.416'": "'g.25726.CDS.585'"
  },
  {
    "'g.25726.CDS.2710'": "'g.25726.CDS.1071'",
    "'g.25726.CDS.416'": "'g.25726.CDS.2141'"
  },
  {
    "'g.25726.CDS.2710'": "'g.25726.CDS.1175'",
    "'g.25726.CDS.416'": "'g.25726.CDS.2581'"
  }
]