[
  {
    "'23DHMPO'": "'23DHMPO'",
    "'3MOPt2r'": "'EX_3mop(e)'",
    "'KARA2'": "'KARA2'"
  },
  {
    "'23DHMPO'": "'2AHBUTI'",
    "'3MOPt2r'": "'3MOPt2r'",
    "'KARA2'": "'KARA2'"
  },
  {
    "'23DHMPO'": "'2AHBUTI'",
    "'3MOPt2r'": "'EX_3mop(e)'",
    "'KARA2'": "'KARA2'"
  },
  {
    "'23DHMPO'": "'2DMMQ8abc'",
    "'3MOPt2r'": "'ASAD'",
    "'KARA2'": "'SHSL4r'"
  },
  {
    "'23DHMPO'": "'2DMMQ8abc'",
    "'3MOPt2r'": "'ASPKi'",
    "'KARA2'": "'SHSL4r'"
  },
  {
    "'23DHMPO'": "'2DMMQ8abc'",
    "'3MOPt2r'": "'HSERTA'",
    "'KARA2'": "'SHSL4r'"
  },
  {
    "'23DHMPO'": "'2INSD'",
    "'3MOPt2r'": "'ASP1DC'",
    "'KARA2'": "'MMSAD5'"
  },
  {
    "'23DHMPO'": "'2MEBCOADH'",
    "'3MOPt2r'": "'3MOPDC2'",
    "'KARA2'": "'OIVD1r'"
  },
  {
    "'23DHMPO'": "'2MEBCOADH'",
    "'3MOPt2r'": "'LPAMMBT2'",
    "'KARA2'": "'OIVD1r'"
  },
  {
    "'23DHMPO'": "'3HAD160'",
    "'3MOPt2r'": "'FACOAL140'",
    "'KARA2'": "'TDCOATA'"
  },
  {
    "'23DHMPO'": "'3HAD160'",
    "'3MOPt2r'": "'G3PAT140'",
    "'KARA2'": "'TDCOATA'"
  },
  {
    "'23DHMPO'": "'3HAD160'",
    "'3MOPt2r'": "'LPLIPAL1A140'",
    "'KARA2'": "'TDCOATA'"
  },
  {
    "'23DHMPO'": "'3MEBCOADH'",
    "'3MOPt2r'": "'3MOBS'",
    "'KARA2'": "'LEUTA'"
  },
  {
    "'23DHMPO'": "'3MEBCOADH'",
    "'3MOPt2r'": "'3MOPDC2'",
    "'KARA2'": "'OIVD3'"
  },
  {
    "'23DHMPO'": "'3MEBCOADH'",
    "'3MOPt2r'": "'IPMDr'",
    "'KARA2'": "'LEUTA'"
  },
  {
    "'23DHMPO'": "'3MEBCOADH'",
    "'3MOPt2r'": "'IPPMIa'",
    "'KARA2'": "'LEUTA'"
  },
  {
    "'23DHMPO'": "'3MEBCOADH'",
    "'3MOPt2r'": "'IPPMIb'",
    "'KARA2'": "'LEUTA'"
  },
  {
    "'23DHMPO'": "'3MEBCOADH'",
    "'3MOPt2r'": "'LEUTA'",
    "'KARA2'": "'OMCDC'"
  },
  {
    "'23DHMPO'": "'3MEBCOADH'",
    "'3MOPt2r'": "'LPAMMBT2'",
    "'KARA2'": "'OIVD3'"
  },
  {
    "'23DHMPO'": "'3MOPDC2'",
    "'3MOPt2r'": "'OIVD1r'",
    "'KARA2'": "'OIVD3'"
  },
  {
    "'23DHMPO'": "'3MOPt2r'",
    "'3MOPt2r'": "'ACLS_a'",
    "'KARA2'": "'LPAMS'"
  },
  {
    "'23DHMPO'": "'3OAR160'",
    "'3MOPt2r'": "'ACACT7r'",
    "'KARA2'": "'KAS_HP'"
  },
  {
    "'23DHMPO'": "'3OAR160'",
    "'3MOPt2r'": "'ACOAD7i'",
    "'KARA2'": "'KAS_HP'"
  },
  {
    "'23DHMPO'": "'3OAR160'",
    "'3MOPt2r'": "'ECOAH7'",
    "'KARA2'": "'KAS_HP'"
  },
  {
    "'23DHMPO'": "'3OAR160'",
    "'3MOPt2r'": "'HACD7'",
    "'KARA2'": "'KAS_HP'"
  },
  {
    "'23DHMPO'": "'3OAR160'",
    "'3MOPt2r'": "'KAS_HP'",
    "'KARA2'": "'PMTCOATA'"
  },
  {
    "'23DHMPO'": "'3OAS160'",
    "'3MOPt2r'": "'ACACT7r'",
    "'KARA2'": "'KAS_HP'"
  },
  {
    "'23DHMPO'": "'3OAS160'",
    "'3MOPt2r'": "'ACOAD7i'",
    "'KARA2'": "'KAS_HP'"
  },
  {
    "'23DHMPO'": "'3OAS160'",
    "'3MOPt2r'": "'ECOAH7'",
    "'KARA2'": "'KAS_HP'"
  },
  {
    "'23DHMPO'": "'3OAS160'",
    "'3MOPt2r'": "'HACD7'",
    "'KARA2'": "'KAS_HP'"
  },
  {
    "'23DHMPO'": "'3OAS160'",
    "'3MOPt2r'": "'KAS_HP'",
    "'KARA2'": "'PMTCOATA'"
  },
  {
    "'23DHMPO'": "'ACCOACL'",
    "'3MOPt2r'": "'MALCOAPYRCT'",
    "'KARA2'": "'MMSAD5'"
  },
  {
    "'23DHMPO'": "'ACGApts'",
    "'3MOPt2r'": "'EX_gam(e)'",
    "'KARA2'": "'GF6PTA'"
  },
  {
    "'23DHMPO'": "'ACGApts'",
    "'3MOPt2r'": "'GAMpts'",
    "'KARA2'": "'GF6PTA'"
  },
  {
    "'23DHMPO'": "'ACGK'",
    "'3MOPt2r'": "'ARGt2'",
    "'KARA2'": "'EX_orn(e)'"
  },
  {
    "'23DHMPO'": "'ACGK'",
    "'3MOPt2r'": "'ARGt2'",
    "'KARA2'": "'ORNt2r'"
  },
  {
    "'23DHMPO'": "'ACGK'",
    "'3MOPt2r'": "'EX_arg_L(e)'",
    "'KARA2'": "'EX_orn(e)'"
  },
  {
    "'23DHMPO'": "'ACGK'",
    "'3MOPt2r'": "'EX_arg_L(e)'",
    "'KARA2'": "'ORNt2r'"
  },
  {
    "'23DHMPO'": "'ACKr'",
    "'3MOPt2r'": "'ACS'",
    "'KARA2'": "'ACt2r'"
  },
  {
    "'23DHMPO'": "'ACKr'",
    "'3MOPt2r'": "'ACS'",
    "'KARA2'": "'EX_ac(e)'"
  },
  {
    "'23DHMPO'": "'ACKr'",
    "'3MOPt2r'": "'ATPS4'",
    "'KARA2'": "'PGK'"
  },
  {
    "'23DHMPO'": "'ACLS_a'",
    "'3MOPt2r'": "'EX_3mop(e)'",
    "'KARA2'": "'LPAMS'"
  },
  {
    "'23DHMPO'": "'ACLS_a'",
    "'3MOPt2r'": "'EX_val_L(e)'",
    "'KARA2'": "'LPAMS'"
  },
  {
    "'23DHMPO'": "'ACLS_a'",
    "'3MOPt2r'": "'LPAMS'",
    "'KARA2'": "'VALt2r'"
  },
  {
    "'23DHMPO'": "'ACLS_b'",
    "'3MOPt2r'": "'VALTA'",
    "'KARA2'": "'VPAMTr'"
  },
  {
    "'23DHMPO'": "'ACOTA'",
    "'3MOPt2r'": "'ARGt2'",
    "'KARA2'": "'EX_orn(e)'"
  },
  {
    "'23DHMPO'": "'ACOTA'",
    "'3MOPt2r'": "'ARGt2'",
    "'KARA2'": "'ORNt2r'"
  },
  {
    "'23DHMPO'": "'ACOTA'",
    "'3MOPt2r'": "'EX_arg_L(e)'",
    "'KARA2'": "'EX_orn(e)'"
  },
  {
    "'23DHMPO'": "'ACOTA'",
    "'3MOPt2r'": "'EX_arg_L(e)'",
    "'KARA2'": "'ORNt2r'"
  },
  {
    "'23DHMPO'": "'ACS'",
    "'3MOPt2r'": "'ACt2r'",
    "'KARA2'": "'PTAr'"
  },
  {
    "'23DHMPO'": "'ACS'",
    "'3MOPt2r'": "'EX_ac(e)'",
    "'KARA2'": "'PTAr'"
  },
  {
    "'23DHMPO'": "'ACt2r'",
    "'3MOPt2r'": "'ATPS4'",
    "'KARA2'": "'PGK'"
  },
  {
    "'23DHMPO'": "'ADK2'",
    "'3MOPt2r'": "'GLKKpppi'",
    "'KARA2'": "'PPA2'"
  },
  {
    "'23DHMPO'": "'ADK7'",
    "'3MOPt2r'": "'GK1'",
    "'KARA2'": "'NDPK8'"
  },
  {
    "'23DHMPO'": "'ADK7'",
    "'3MOPt2r'": "'GK2'",
    "'KARA2'": "'NDPK8'"
  },
  {
    "'23DHMPO'": "'ADNCNT3tc'",
    "'3MOPt2r'": "'ADSL2r'",
    "'KARA2'": "'HXPRT'"
  },
  {
    "'23DHMPO'": "'ADNCNT3tc'",
    "'3MOPt2r'": "'AICART'",
    "'KARA2'": "'HXPRT'"
  },
  {
    "'23DHMPO'": "'ADNCNT3tc'",
    "'3MOPt2r'": "'AIRC4'",
    "'KARA2'": "'HXPRT'"
  },
  {
    "'23DHMPO'": "'ADNCNT3tc'",
    "'3MOPt2r'": "'GARFTi'",
    "'KARA2'": "'HXPRT'"
  },
  {
    "'23DHMPO'": "'ADNCNT3tc'",
    "'3MOPt2r'": "'GLUPRT'",
    "'KARA2'": "'HXPRT'"
  },
  {
    "'23DHMPO'": "'ADNCNT3tc'",
    "'3MOPt2r'": "'H2CO3D'",
    "'KARA2'": "'HXPRT'"
  },
  {
    "'23DHMPO'": "'ADNCNT3tc'",
    "'3MOPt2r'": "'HXPRT'",
    "'KARA2'": "'IMPC'"
  },
  {
    "'23DHMPO'": "'ADNCNT3tc'",
    "'3MOPt2r'": "'HXPRT'",
    "'KARA2'": "'PRAGS'"
  },
  {
    "'23DHMPO'": "'ADNCNT3tc'",
    "'3MOPt2r'": "'HXPRT'",
    "'KARA2'": "'PRAIS'"
  },
  {
    "'23DHMPO'": "'ADNCNT3tc'",
    "'3MOPt2r'": "'HXPRT'",
    "'KARA2'": "'PRASCSi'"
  },
  {
    "'23DHMPO'": "'ADNCNT3tc'",
    "'3MOPt2r'": "'HXPRT'",
    "'KARA2'": "'PRFGS'"
  },
  {
    "'23DHMPO'": "'ADNK1'",
    "'3MOPt2r'": "'ADPT'",
    "'KARA2'": "'ADSL1r'"
  },
  {
    "'23DHMPO'": "'ADNK1'",
    "'3MOPt2r'": "'ADPT'",
    "'KARA2'": "'ADSS'"
  },
  {
    "'23DHMPO'": "'ADSL2r'",
    "'3MOPt2r'": "'EX_adn(e)'",
    "'KARA2'": "'HXPRT'"
  },
  {
    "'23DHMPO'": "'AGDC'",
    "'3MOPt2r'": "'EX_gam(e)'",
    "'KARA2'": "'GF6PTA'"
  },
  {
    "'23DHMPO'": "'AGDC'",
    "'3MOPt2r'": "'GAMpts'",
    "'KARA2'": "'GF6PTA'"
  },
  {
    "'23DHMPO'": "'AGMT'",
    "'3MOPt2r'": "'EX_ptrc(e)'",
    "'KARA2'": "'ORNDC'"
  },
  {
    "'23DHMPO'": "'AGMT'",
    "'3MOPt2r'": "'ORNDC'",
    "'KARA2'": "'PTRCabc'"
  },
  {
    "'23DHMPO'": "'AGPAT180'",
    "'3MOPt2r'": "'FACOAL180i'",
    "'KARA2'": "'STCOATA'"
  },
  {
    "'23DHMPO'": "'AGPAT180'",
    "'3MOPt2r'": "'LPLIPAL1A180'",
    "'KARA2'": "'STCOATA'"
  },
  {
    "'23DHMPO'": "'AGPR'",
    "'3MOPt2r'": "'ARGt2'",
    "'KARA2'": "'EX_orn(e)'"
  },
  {
    "'23DHMPO'": "'AGPR'",
    "'3MOPt2r'": "'ARGt2'",
    "'KARA2'": "'ORNt2r'"
  },
  {
    "'23DHMPO'": "'AGPR'",
    "'3MOPt2r'": "'EX_arg_L(e)'",
    "'KARA2'": "'EX_orn(e)'"
  },
  {
    "'23DHMPO'": "'AGPR'",
    "'3MOPt2r'": "'EX_arg_L(e)'",
    "'KARA2'": "'ORNt2r'"
  },
  {
    "'23DHMPO'": "'AHC'",
    "'3MOPt2r'": "'AHCYSNS'",
    "'KARA2'": "'EX_mqn8(e)'"
  },
  {
    "'23DHMPO'": "'AHC'",
    "'3MOPt2r'": "'AHCYSNS'",
    "'KARA2'": "'MK8t'"
  },
  {
    "'23DHMPO'": "'AHC'",
    "'3MOPt2r'": "'DM_dhptd(c)'",
    "'KARA2'": "'EX_mqn8(e)'"
  },
  {
    "'23DHMPO'": "'AHC'",
    "'3MOPt2r'": "'DM_dhptd(c)'",
    "'KARA2'": "'MK8t'"
  },
  {
    "'23DHMPO'": "'AHC'",
    "'3MOPt2r'": "'EX_mqn8(e)'",
    "'KARA2'": "'RHCCE'"
  },
  {
    "'23DHMPO'": "'AHC'",
    "'3MOPt2r'": "'MK8t'",
    "'KARA2'": "'RHCCE'"
  },
  {
    "'23DHMPO'": "'AICART'",
    "'3MOPt2r'": "'ALAHIS1c'",
    "'KARA2'": "'EX_his_L(e)'"
  },
  {
    "'23DHMPO'": "'AICART'",
    "'3MOPt2r'": "'ALAHIS1c'",
    "'KARA2'": "'HISt2r'"
  },
  {
    "'23DHMPO'": "'AICART'",
    "'3MOPt2r'": "'ALAHISabc'",
    "'KARA2'": "'EX_his_L(e)'"
  },
  {
    "'23DHMPO'": "'AICART'",
    "'3MOPt2r'": "'ALAHISabc'",
    "'KARA2'": "'HISt2r'"
  },
  {
    "'23DHMPO'": "'AICART'",
    "'3MOPt2r'": "'EX_adn(e)'",
    "'KARA2'": "'HXPRT'"
  },
  {
    "'23DHMPO'": "'AICART'",
    "'3MOPt2r'": "'EX_alahis(e)'",
    "'KARA2'": "'EX_his_L(e)'"
  },
  {
    "'23DHMPO'": "'AICART'",
    "'3MOPt2r'": "'EX_alahis(e)'",
    "'KARA2'": "'HISt2r'"
  },
  {
    "'23DHMPO'": "'AIRC4'",
    "'3MOPt2r'": "'EX_adn(e)'",
    "'KARA2'": "'HXPRT'"
  },
  {
    "'23DHMPO'": "'ALACI'",
    "'3MOPt2r'": "'EX_val_L(e)'",
    "'KARA2'": "'KARA1'"
  },
  {
    "'23DHMPO'": "'ALACI'",
    "'3MOPt2r'": "'KARA1'",
    "'KARA2'": "'VALt2r'"
  },
  {
    "'23DHMPO'": "'ALAHIS1c'",
    "'3MOPt2r'": "'ATPPRT'",
    "'KARA2'": "'EX_his_L(e)'"
  },
  {
    "'23DHMPO'": "'ALAHIS1c'",
    "'3MOPt2r'": "'ATPPRT'",
    "'KARA2'": "'HISt2r'"
  },
  {
    "'23DHMPO'": "'ALAHIS1c'",
    "'3MOPt2r'": "'EX_his_L(e)'",
    "'KARA2'": "'HISTP'"
  },
  {
    "'23DHMPO'": "'ALAHIS1c'",
    "'3MOPt2r'": "'EX_his_L(e)'",
    "'KARA2'": "'HSTPTr'"
  },
  {
    "'23DHMPO'": "'ALAHIS1c'",
    "'3MOPt2r'": "'EX_his_L(e)'",
    "'KARA2'": "'IG3PS'"
  },
  {
    "'23DHMPO'": "'ALAHIS1c'",
    "'3MOPt2r'": "'EX_his_L(e)'",
    "'KARA2'": "'IGPDH'"
  },
  {
    "'23DHMPO'": "'ALAHIS1c'",
    "'3MOPt2r'": "'EX_his_L(e)'",
    "'KARA2'": "'IMPC'"
  },
  {
    "'23DHMPO'": "'ALAHIS1c'",
    "'3MOPt2r'": "'EX_his_L(e)'",
    "'KARA2'": "'PRAMPC'"
  },
  {
    "'23DHMPO'": "'ALAHIS1c'",
    "'3MOPt2r'": "'EX_his_L(e)'",
    "'KARA2'": "'PRATPP'"
  },
  {
    "'23DHMPO'": "'ALAHIS1c'",
    "'3MOPt2r'": "'EX_his_L(e)'",
    "'KARA2'": "'PRMICI'"
  },
  {
    "'23DHMPO'": "'ALAHIS1c'",
    "'3MOPt2r'": "'HISTP'",
    "'KARA2'": "'HISt2r'"
  },
  {
    "'23DHMPO'": "'ALAHIS1c'",
    "'3MOPt2r'": "'HISt2r'",
    "'KARA2'": "'HSTPTr'"
  },
  {
    "'23DHMPO'": "'ALAHIS1c'",
    "'3MOPt2r'": "'HISt2r'",
    "'KARA2'": "'IG3PS'"
  },
  {
    "'23DHMPO'": "'ALAHIS1c'",
    "'3MOPt2r'": "'HISt2r'",
    "'KARA2'": "'IGPDH'"
  },
  {
    "'23DHMPO'": "'ALAHIS1c'",
    "'3MOPt2r'": "'HISt2r'",
    "'KARA2'": "'IMPC'"
  },
  {
    "'23DHMPO'": "'ALAHIS1c'",
    "'3MOPt2r'": "'HISt2r'",
    "'KARA2'": "'PRAMPC'"
  },
  {
    "'23DHMPO'": "'ALAHIS1c'",
    "'3MOPt2r'": "'HISt2r'",
    "'KARA2'": "'PRATPP'"
  },
  {
    "'23DHMPO'": "'ALAHIS1c'",
    "'3MOPt2r'": "'HISt2r'",
    "'KARA2'": "'PRMICI'"
  },
  {
    "'23DHMPO'": "'ALAHISabc'",
    "'3MOPt2r'": "'ATPPRT'",
    "'KARA2'": "'EX_his_L(e)'"
  },
  {
    "'23DHMPO'": "'ALAHISabc'",
    "'3MOPt2r'": "'ATPPRT'",
    "'KARA2'": "'HISt2r'"
  },
  {
    "'23DHMPO'": "'ALAHISabc'",
    "'3MOPt2r'": "'EX_his_L(e)'",
    "'KARA2'": "'HISTP'"
  },
  {
    "'23DHMPO'": "'ALAHISabc'",
    "'3MOPt2r'": "'EX_his_L(e)'",
    "'KARA2'": "'HSTPTr'"
  },
  {
    "'23DHMPO'": "'ALAHISabc'",
    "'3MOPt2r'": "'EX_his_L(e)'",
    "'KARA2'": "'IG3PS'"
  },
  {
    "'23DHMPO'": "'ALAHISabc'",
    "'3MOPt2r'": "'EX_his_L(e)'",
    "'KARA2'": "'IGPDH'"
  },
  {
    "'23DHMPO'": "'ALAHISabc'",
    "'3MOPt2r'": "'EX_his_L(e)'",
    "'KARA2'": "'IMPC'"
  },
  {
    "'23DHMPO'": "'ALAHISabc'",
    "'3MOPt2r'": "'EX_his_L(e)'",
    "'KARA2'": "'PRAMPC'"
  },
  {
    "'23DHMPO'": "'ALAHISabc'",
    "'3MOPt2r'": "'EX_his_L(e)'",
    "'KARA2'": "'PRATPP'"
  },
  {
    "'23DHMPO'": "'ALAHISabc'",
    "'3MOPt2r'": "'EX_his_L(e)'",
    "'KARA2'": "'PRMICI'"
  },
  {
    "'23DHMPO'": "'ALAHISabc'",
    "'3MOPt2r'": "'HISTP'",
    "'KARA2'": "'HISt2r'"
  },
  {
    "'23DHMPO'": "'ALAHISabc'",
    "'3MOPt2r'": "'HISt2r'",
    "'KARA2'": "'HSTPTr'"
  },
  {
    "'23DHMPO'": "'ALAHISabc'",
    "'3MOPt2r'": "'HISt2r'",
    "'KARA2'": "'IG3PS'"
  },
  {
    "'23DHMPO'": "'ALAHISabc'",
    "'3MOPt2r'": "'HISt2r'",
    "'KARA2'": "'IGPDH'"
  },
  {
    "'23DHMPO'": "'ALAHISabc'",
    "'3MOPt2r'": "'HISt2r'",
    "'KARA2'": "'IMPC'"
  },
  {
    "'23DHMPO'": "'ALAHISabc'",
    "'3MOPt2r'": "'HISt2r'",
    "'KARA2'": "'PRAMPC'"
  },
  {
    "'23DHMPO'": "'ALAHISabc'",
    "'3MOPt2r'": "'HISt2r'",
    "'KARA2'": "'PRATPP'"
  },
  {
    "'23DHMPO'": "'ALAHISabc'",
    "'3MOPt2r'": "'HISt2r'",
    "'KARA2'": "'PRMICI'"
  },
  {
    "'23DHMPO'": "'AMMQLT8'",
    "'3MOPt2r'": "'AMMQT8r'",
    "'KARA2'": "'EX_mqn8(e)'"
  },
  {
    "'23DHMPO'": "'AMMQLT8'",
    "'3MOPt2r'": "'AMMQT8r'",
    "'KARA2'": "'MK8t'"
  },
  {
    "'23DHMPO'": "'AMMQT8r'",
    "'3MOPt2r'": "'EX_mqn8(e)'",
    "'KARA2'": "'NADH9'"
  },
  {
    "'23DHMPO'": "'AMMQT8r'",
    "'3MOPt2r'": "'MK8t'",
    "'KARA2'": "'NADH9'"
  },
  {
    "'23DHMPO'": "'ANS'",
    "'3MOPt2r'": "'ANS2'",
    "'KARA2'": "'EX_trp_L(e)'"
  },
  {
    "'23DHMPO'": "'ANS'",
    "'3MOPt2r'": "'ANS2'",
    "'KARA2'": "'TRPt2r'"
  },
  {
    "'23DHMPO'": "'ARGDC'",
    "'3MOPt2r'": "'EX_ptrc(e)'",
    "'KARA2'": "'ORNDC'"
  },
  {
    "'23DHMPO'": "'ARGDC'",
    "'3MOPt2r'": "'ORNDC'",
    "'KARA2'": "'PTRCabc'"
  },
  {
    "'23DHMPO'": "'ARGt2'",
    "'3MOPt2r'": "'HYPSUCORNS'",
    "'KARA2'": "'OCBT'"
  },
  {
    "'23DHMPO'": "'ARGt2'",
    "'3MOPt2r'": "'OCBT'",
    "'KARA2'": "'SUCCITRDSs'"
  },
  {
    "'23DHMPO'": "'ARGt2'",
    "'3MOPt2r'": "'OCBT'",
    "'KARA2'": "'SUCORNTC'"
  },
  {
    "'23DHMPO'": "'ASAD'",
    "'3MOPt2r'": "'EX_2dmmq8(e)'",
    "'KARA2'": "'SHSL4r'"
  },
  {
    "'23DHMPO'": "'ASAD'",
    "'3MOPt2r'": "'METAT'",
    "'KARA2'": "'SHSL4r'"
  },
  {
    "'23DHMPO'": "'ASP1DC'",
    "'3MOPt2r'": "'D5KGK'",
    "'KARA2'": "'MMSAD5'"
  },
  {
    "'23DHMPO'": "'ASP1DC'",
    "'3MOPt2r'": "'D5KGPA'",
    "'KARA2'": "'MMSAD5'"
  },
  {
    "'23DHMPO'": "'ASP1DC'",
    "'3MOPt2r'": "'INS2D'",
    "'KARA2'": "'MMSAD5'"
  },
  {
    "'23DHMPO'": "'ASPKi'",
    "'3MOPt2r'": "'EX_2dmmq8(e)'",
    "'KARA2'": "'SHSL4r'"
  },
  {
    "'23DHMPO'": "'ASPKi'",
    "'3MOPt2r'": "'METAT'",
    "'KARA2'": "'SHSL4r'"
  },
  {
    "'23DHMPO'": "'ASPO5'",
    "'3MOPt2r'": "'ASPO6'",
    "'KARA2'": "'EX_nac(e)'"
  },
  {
    "'23DHMPO'": "'ASPO5'",
    "'3MOPt2r'": "'ASPO6'",
    "'KARA2'": "'NACt2r'"
  },
  {
    "'23DHMPO'": "'ASPO5'",
    "'3MOPt2r'": "'ASPO6'",
    "'KARA2'": "'NAPRT'"
  },
  {
    "'23DHMPO'": "'ASPO5'",
    "'3MOPt2r'": "'EX_nac(e)'",
    "'KARA2'": "'EX_o2(e)'"
  },
  {
    "'23DHMPO'": "'ASPO5'",
    "'3MOPt2r'": "'EX_nac(e)'",
    "'KARA2'": "'O2t'"
  },
  {
    "'23DHMPO'": "'ASPO5'",
    "'3MOPt2r'": "'EX_o2(e)'",
    "'KARA2'": "'NACt2r'"
  },
  {
    "'23DHMPO'": "'ASPO5'",
    "'3MOPt2r'": "'EX_o2(e)'",
    "'KARA2'": "'NAPRT'"
  },
  {
    "'23DHMPO'": "'ASPO5'",
    "'3MOPt2r'": "'NACt2r'",
    "'KARA2'": "'O2t'"
  },
  {
    "'23DHMPO'": "'ASPO5'",
    "'3MOPt2r'": "'NAPRT'",
    "'KARA2'": "'O2t'"
  },
  {
    "'23DHMPO'": "'ATPPRT'",
    "'3MOPt2r'": "'EX_alahis(e)'",
    "'KARA2'": "'EX_his_L(e)'"
  },
  {
    "'23DHMPO'": "'ATPPRT'",
    "'3MOPt2r'": "'EX_alahis(e)'",
    "'KARA2'": "'HISt2r'"
  },
  {
    "'23DHMPO'": "'ATPS4'",
    "'3MOPt2r'": "'EX_ac(e)'",
    "'KARA2'": "'PGK'"
  },
  {
    "'23DHMPO'": "'ATPS4'",
    "'3MOPt2r'": "'PGK'",
    "'KARA2'": "'PTAr'"
  },
  {
    "'23DHMPO'": "'BTNCLi'",
    "'3MOPt2r'": "'MALCOAPYRCT'",
    "'KARA2'": "'MMSAD5'"
  },
  {
    "'23DHMPO'": "'CHORM'",
    "'3MOPt2r'": "'EX_glytyr(e)'",
    "'KARA2'": "'EX_tyr_L(e)'"
  },
  {
    "'23DHMPO'": "'CHORM'",
    "'3MOPt2r'": "'EX_glytyr(e)'",
    "'KARA2'": "'TYRt2r'"
  },
  {
    "'23DHMPO'": "'CHORM'",
    "'3MOPt2r'": "'EX_tyr_L(e)'",
    "'KARA2'": "'GLYTYR1c'"
  },
  {
    "'23DHMPO'": "'CHORM'",
    "'3MOPt2r'": "'EX_tyr_L(e)'",
    "'KARA2'": "'GLYTYRabc'"
  },
  {
    "'23DHMPO'": "'CHORM'",
    "'3MOPt2r'": "'GLYTYR1c'",
    "'KARA2'": "'TYRt2r'"
  },
  {
    "'23DHMPO'": "'CHORM'",
    "'3MOPt2r'": "'GLYTYRabc'",
    "'KARA2'": "'TYRt2r'"
  },
  {
    "'23DHMPO'": "'CHORS'",
    "'3MOPt2r'": "'EX_glytyr(e)'",
    "'KARA2'": "'EX_tyr_L(e)'"
  },
  {
    "'23DHMPO'": "'CHORS'",
    "'3MOPt2r'": "'EX_glytyr(e)'",
    "'KARA2'": "'TYRt2r'"
  },
  {
    "'23DHMPO'": "'CHORS'",
    "'3MOPt2r'": "'EX_tyr_L(e)'",
    "'KARA2'": "'GLYTYR1c'"
  },
  {
    "'23DHMPO'": "'CHORS'",
    "'3MOPt2r'": "'EX_tyr_L(e)'",
    "'KARA2'": "'GLYTYRabc'"
  },
  {
    "'23DHMPO'": "'CHORS'",
    "'3MOPt2r'": "'GLYTYR1c'",
    "'KARA2'": "'TYRt2r'"
  },
  {
    "'23DHMPO'": "'CHORS'",
    "'3MOPt2r'": "'GLYTYRabc'",
    "'KARA2'": "'TYRt2r'"
  },
  {
    "'23DHMPO'": "'CHORS'",
    "'3MOPt2r'": "'RPE'",
    "'KARA2'": "'TALA'"
  },
  {
    "'23DHMPO'": "'CHORS'",
    "'3MOPt2r'": "'RPI'",
    "'KARA2'": "'TALA'"
  },
  {
    "'23DHMPO'": "'CTPS1'",
    "'3MOPt2r'": "'CTPS2'",
    "'KARA2'": "'CYTDt2r'"
  },
  {
    "'23DHMPO'": "'CTPS1'",
    "'3MOPt2r'": "'CTPS2'",
    "'KARA2'": "'CYTK1'"
  },
  {
    "'23DHMPO'": "'CTPS1'",
    "'3MOPt2r'": "'CTPS2'",
    "'KARA2'": "'EX_cytd(e)'"
  },
  {
    "'23DHMPO'": "'CYTD'",
    "'3MOPt2r'": "'CYTDt2r'",
    "'KARA2'": "'CYTK1'"
  },
  {
    "'23DHMPO'": "'CYTD'",
    "'3MOPt2r'": "'CYTK1'",
    "'KARA2'": "'EX_cytd(e)'"
  },
  {
    "'23DHMPO'": "'DDPA'",
    "'3MOPt2r'": "'EX_glytyr(e)'",
    "'KARA2'": "'EX_tyr_L(e)'"
  },
  {
    "'23DHMPO'": "'DDPA'",
    "'3MOPt2r'": "'EX_glytyr(e)'",
    "'KARA2'": "'TYRt2r'"
  },
  {
    "'23DHMPO'": "'DDPA'",
    "'3MOPt2r'": "'EX_tyr_L(e)'",
    "'KARA2'": "'GLYTYR1c'"
  },
  {
    "'23DHMPO'": "'DDPA'",
    "'3MOPt2r'": "'EX_tyr_L(e)'",
    "'KARA2'": "'GLYTYRabc'"
  },
  {
    "'23DHMPO'": "'DDPA'",
    "'3MOPt2r'": "'GLYTYR1c'",
    "'KARA2'": "'TYRt2r'"
  },
  {
    "'23DHMPO'": "'DDPA'",
    "'3MOPt2r'": "'GLYTYRabc'",
    "'KARA2'": "'TYRt2r'"
  },
  {
    "'23DHMPO'": "'DDPA'",
    "'3MOPt2r'": "'RPE'",
    "'KARA2'": "'TALA'"
  },
  {
    "'23DHMPO'": "'DDPA'",
    "'3MOPt2r'": "'RPI'",
    "'KARA2'": "'TALA'"
  },
  {
    "'23DHMPO'": "'DHAD1'",
    "'3MOPt2r'": "'VALTA'",
    "'KARA2'": "'VPAMTr'"
  },
  {
    "'23DHMPO'": "'DHQS'",
    "'3MOPt2r'": "'EX_glytyr(e)'",
    "'KARA2'": "'EX_tyr_L(e)'"
  },
  {
    "'23DHMPO'": "'DHQS'",
    "'3MOPt2r'": "'EX_glytyr(e)'",
    "'KARA2'": "'TYRt2r'"
  },
  {
    "'23DHMPO'": "'DHQS'",
    "'3MOPt2r'": "'EX_tyr_L(e)'",
    "'KARA2'": "'GLYTYR1c'"
  },
  {
    "'23DHMPO'": "'DHQS'",
    "'3MOPt2r'": "'EX_tyr_L(e)'",
    "'KARA2'": "'GLYTYRabc'"
  },
  {
    "'23DHMPO'": "'DHQS'",
    "'3MOPt2r'": "'GLYTYR1c'",
    "'KARA2'": "'TYRt2r'"
  },
  {
    "'23DHMPO'": "'DHQS'",
    "'3MOPt2r'": "'GLYTYRabc'",
    "'KARA2'": "'TYRt2r'"
  },
  {
    "'23DHMPO'": "'DHQS'",
    "'3MOPt2r'": "'RPE'",
    "'KARA2'": "'TALA'"
  },
  {
    "'23DHMPO'": "'DHQS'",
    "'3MOPt2r'": "'RPI'",
    "'KARA2'": "'TALA'"
  },
  {
    "'23DHMPO'": "'DHQTi'",
    "'3MOPt2r'": "'EX_glytyr(e)'",
    "'KARA2'": "'EX_tyr_L(e)'"
  },
  {
    "'23DHMPO'": "'DHQTi'",
    "'3MOPt2r'": "'EX_glytyr(e)'",
    "'KARA2'": "'TYRt2r'"
  },
  {
    "'23DHMPO'": "'DHQTi'",
    "'3MOPt2r'": "'EX_tyr_L(e)'",
    "'KARA2'": "'GLYTYR1c'"
  },
  {
    "'23DHMPO'": "'DHQTi'",
    "'3MOPt2r'": "'EX_tyr_L(e)'",
    "'KARA2'": "'GLYTYRabc'"
  },
  {
    "'23DHMPO'": "'DHQTi'",
    "'3MOPt2r'": "'GLYTYR1c'",
    "'KARA2'": "'TYRt2r'"
  },
  {
    "'23DHMPO'": "'DHQTi'",
    "'3MOPt2r'": "'GLYTYRabc'",
    "'KARA2'": "'TYRt2r'"
  },
  {
    "'23DHMPO'": "'DHQTi'",
    "'3MOPt2r'": "'RPE'",
    "'KARA2'": "'TALA'"
  },
  {
    "'23DHMPO'": "'DHQTi'",
    "'3MOPt2r'": "'RPI'",
    "'KARA2'": "'TALA'"
  },
  {
    "'23DHMPO'": "'DMPPS'",
    "'3MOPt2r'": "'DMPPS2r'",
    "'KARA2'": "'IPDDI'"
  },
  {
    "'23DHMPO'": "'EAR160x'",
    "'3MOPt2r'": "'FACOAL140'",
    "'KARA2'": "'TDCOATA'"
  },
  {
    "'23DHMPO'": "'EAR160x'",
    "'3MOPt2r'": "'G3PAT140'",
    "'KARA2'": "'TDCOATA'"
  },
  {
    "'23DHMPO'": "'EAR160x'",
    "'3MOPt2r'": "'LPLIPAL1A140'",
    "'KARA2'": "'TDCOATA'"
  },
  {
    "'23DHMPO'": "'ENO'",
    "'3MOPt2r'": "'NDPK9'",
    "'KARA2'": "'PEPCK'"
  },
  {
    "'23DHMPO'": "'ENO'",
    "'3MOPt2r'": "'OAACLi'",
    "'KARA2'": "'PEPCK'"
  },
  {
    "'23DHMPO'": "'EX_2dmmq8(e)'",
    "'3MOPt2r'": "'HSERTA'",
    "'KARA2'": "'SHSL4r'"
  },
  {
    "'23DHMPO'": "'EX_acgam(e)'",
    "'3MOPt2r'": "'EX_gam(e)'",
    "'KARA2'": "'GF6PTA'"
  },
  {
    "'23DHMPO'": "'EX_acgam(e)'",
    "'3MOPt2r'": "'GAMpts'",
    "'KARA2'": "'GF6PTA'"
  },
  {
    "'23DHMPO'": "'EX_adn(e)'",
    "'3MOPt2r'": "'GARFTi'",
    "'KARA2'": "'HXPRT'"
  },
  {
    "'23DHMPO'": "'EX_adn(e)'",
    "'3MOPt2r'": "'GLUPRT'",
    "'KARA2'": "'HXPRT'"
  },
  {
    "'23DHMPO'": "'EX_adn(e)'",
    "'3MOPt2r'": "'H2CO3D'",
    "'KARA2'": "'HXPRT'"
  },
  {
    "'23DHMPO'": "'EX_adn(e)'",
    "'3MOPt2r'": "'HXPRT'",
    "'KARA2'": "'IMPC'"
  },
  {
    "'23DHMPO'": "'EX_adn(e)'",
    "'3MOPt2r'": "'HXPRT'",
    "'KARA2'": "'PRAGS'"
  },
  {
    "'23DHMPO'": "'EX_adn(e)'",
    "'3MOPt2r'": "'HXPRT'",
    "'KARA2'": "'PRAIS'"
  },
  {
    "'23DHMPO'": "'EX_adn(e)'",
    "'3MOPt2r'": "'HXPRT'",
    "'KARA2'": "'PRASCSi'"
  },
  {
    "'23DHMPO'": "'EX_adn(e)'",
    "'3MOPt2r'": "'HXPRT'",
    "'KARA2'": "'PRFGS'"
  },
  {
    "'23DHMPO'": "'EX_alahis(e)'",
    "'3MOPt2r'": "'EX_his_L(e)'",
    "'KARA2'": "'HISTP'"
  },
  {
    "'23DHMPO'": "'EX_alahis(e)'",
    "'3MOPt2r'": "'EX_his_L(e)'",
    "'KARA2'": "'HSTPTr'"
  },
  {
    "'23DHMPO'": "'EX_alahis(e)'",
    "'3MOPt2r'": "'EX_his_L(e)'",
    "'KARA2'": "'IG3PS'"
  },
  {
    "'23DHMPO'": "'EX_alahis(e)'",
    "'3MOPt2r'": "'EX_his_L(e)'",
    "'KARA2'": "'IGPDH'"
  },
  {
    "'23DHMPO'": "'EX_alahis(e)'",
    "'3MOPt2r'": "'EX_his_L(e)'",
    "'KARA2'": "'IMPC'"
  },
  {
    "'23DHMPO'": "'EX_alahis(e)'",
    "'3MOPt2r'": "'EX_his_L(e)'",
    "'KARA2'": "'PRAMPC'"
  },
  {
    "'23DHMPO'": "'EX_alahis(e)'",
    "'3MOPt2r'": "'EX_his_L(e)'",
    "'KARA2'": "'PRATPP'"
  },
  {
    "'23DHMPO'": "'EX_alahis(e)'",
    "'3MOPt2r'": "'EX_his_L(e)'",
    "'KARA2'": "'PRMICI'"
  },
  {
    "'23DHMPO'": "'EX_alahis(e)'",
    "'3MOPt2r'": "'HISTP'",
    "'KARA2'": "'HISt2r'"
  },
  {
    "'23DHMPO'": "'EX_alahis(e)'",
    "'3MOPt2r'": "'HISt2r'",
    "'KARA2'": "'HSTPTr'"
  },
  {
    "'23DHMPO'": "'EX_alahis(e)'",
    "'3MOPt2r'": "'HISt2r'",
    "'KARA2'": "'IG3PS'"
  },
  {
    "'23DHMPO'": "'EX_alahis(e)'",
    "'3MOPt2r'": "'HISt2r'",
    "'KARA2'": "'IGPDH'"
  },
  {
    "'23DHMPO'": "'EX_alahis(e)'",
    "'3MOPt2r'": "'HISt2r'",
    "'KARA2'": "'IMPC'"
  },
  {
    "'23DHMPO'": "'EX_alahis(e)'",
    "'3MOPt2r'": "'HISt2r'",
    "'KARA2'": "'PRAMPC'"
  },
  {
    "'23DHMPO'": "'EX_alahis(e)'",
    "'3MOPt2r'": "'HISt2r'",
    "'KARA2'": "'PRATPP'"
  },
  {
    "'23DHMPO'": "'EX_alahis(e)'",
    "'3MOPt2r'": "'HISt2r'",
    "'KARA2'": "'PRMICI'"
  },
  {
    "'23DHMPO'": "'EX_arg_L(e)'",
    "'3MOPt2r'": "'HYPSUCORNS'",
    "'KARA2'": "'OCBT'"
  },
  {
    "'23DHMPO'": "'EX_arg_L(e)'",
    "'3MOPt2r'": "'OCBT'",
    "'KARA2'": "'SUCCITRDSs'"
  },
  {
    "'23DHMPO'": "'EX_arg_L(e)'",
    "'3MOPt2r'": "'OCBT'",
    "'KARA2'": "'SUCORNTC'"
  },
  {
    "'23DHMPO'": "'EX_glyc3p(e)'",
    "'3MOPt2r'": "'PIabc'",
    "'KARA2'": "'PIt6b'"
  },
  {
    "'23DHMPO'": "'EX_glyphe(e)'",
    "'3MOPt2r'": "'EX_phe_L(e)'",
    "'KARA2'": "'PHETA1'"
  },
  {
    "'23DHMPO'": "'EX_glyphe(e)'",
    "'3MOPt2r'": "'EX_phe_L(e)'",
    "'KARA2'": "'PPNDH'"
  },
  {
    "'23DHMPO'": "'EX_glyphe(e)'",
    "'3MOPt2r'": "'PHETA1'",
    "'KARA2'": "'PHEt2r'"
  },
  {
    "'23DHMPO'": "'EX_glyphe(e)'",
    "'3MOPt2r'": "'PHEt2r'",
    "'KARA2'": "'PPNDH'"
  },
  {
    "'23DHMPO'": "'EX_glytyr(e)'",
    "'3MOPt2r'": "'EX_tyr_L(e)'",
    "'KARA2'": "'LARGNAT'"
  },
  {
    "'23DHMPO'": "'EX_glytyr(e)'",
    "'3MOPt2r'": "'EX_tyr_L(e)'",
    "'KARA2'": "'PSCVT'"
  },
  {
    "'23DHMPO'": "'EX_glytyr(e)'",
    "'3MOPt2r'": "'EX_tyr_L(e)'",
    "'KARA2'": "'SHK3Dr'"
  },
  {
    "'23DHMPO'": "'EX_glytyr(e)'",
    "'3MOPt2r'": "'EX_tyr_L(e)'",
    "'KARA2'": "'SHKK'"
  },
  {
    "'23DHMPO'": "'EX_glytyr(e)'",
    "'3MOPt2r'": "'LARGNAT'",
    "'KARA2'": "'TYRt2r'"
  },
  {
    "'23DHMPO'": "'EX_glytyr(e)'",
    "'3MOPt2r'": "'PSCVT'",
    "'KARA2'": "'TYRt2r'"
  },
  {
    "'23DHMPO'": "'EX_glytyr(e)'",
    "'3MOPt2r'": "'SHK3Dr'",
    "'KARA2'": "'TYRt2r'"
  },
  {
    "'23DHMPO'": "'EX_glytyr(e)'",
    "'3MOPt2r'": "'SHKK'",
    "'KARA2'": "'TYRt2r'"
  },
  {
    "'23DHMPO'": "'EX_gua(e)'",
    "'3MOPt2r'": "'EX_rib_D(e)'",
    "'KARA2'": "'RPE'"
  },
  {
    "'23DHMPO'": "'EX_gua(e)'",
    "'3MOPt2r'": "'EX_rib_D(e)'",
    "'KARA2'": "'RPI'"
  },
  {
    "'23DHMPO'": "'EX_gua(e)'",
    "'3MOPt2r'": "'EX_rib_D(e)'",
    "'KARA2'": "'TKT2'"
  },
  {
    "'23DHMPO'": "'EX_gua(e)'",
    "'3MOPt2r'": "'GMPS2'",
    "'KARA2'": "'r1384'"
  },
  {
    "'23DHMPO'": "'EX_gua(e)'",
    "'3MOPt2r'": "'RBK'",
    "'KARA2'": "'RPE'"
  },
  {
    "'23DHMPO'": "'EX_gua(e)'",
    "'3MOPt2r'": "'RBK'",
    "'KARA2'": "'RPI'"
  },
  {
    "'23DHMPO'": "'EX_gua(e)'",
    "'3MOPt2r'": "'RBK'",
    "'KARA2'": "'TKT2'"
  },
  {
    "'23DHMPO'": "'EX_gua(e)'",
    "'3MOPt2r'": "'RIBabc'",
    "'KARA2'": "'RPE'"
  },
  {
    "'23DHMPO'": "'EX_gua(e)'",
    "'3MOPt2r'": "'RIBabc'",
    "'KARA2'": "'RPI'"
  },
  {
    "'23DHMPO'": "'EX_gua(e)'",
    "'3MOPt2r'": "'RIBabc'",
    "'KARA2'": "'TKT2'"
  },
  {
    "'23DHMPO'": "'EX_phe_L(e)'",
    "'3MOPt2r'": "'GLYPHEHYc'",
    "'KARA2'": "'PHETA1'"
  },
  {
    "'23DHMPO'": "'EX_phe_L(e)'",
    "'3MOPt2r'": "'GLYPHEHYc'",
    "'KARA2'": "'PPNDH'"
  },
  {
    "'23DHMPO'": "'EX_phe_L(e)'",
    "'3MOPt2r'": "'GLYPHEabc'",
    "'KARA2'": "'PHETA1'"
  },
  {
    "'23DHMPO'": "'EX_phe_L(e)'",
    "'3MOPt2r'": "'GLYPHEabc'",
    "'KARA2'": "'PPNDH'"
  },
  {
    "'23DHMPO'": "'EX_pi(e)'",
    "'3MOPt2r'": "'GLYC3Pabc'",
    "'KARA2'": "'GLYC3Pt'"
  },
  {
    "'23DHMPO'": "'EX_ptrc(e)'",
    "'3MOPt2r'": "'ORNDC'",
    "'KARA2'": "'UREA'"
  },
  {
    "'23DHMPO'": "'EX_rib_D(e)'",
    "'3MOPt2r'": "'GUAt'",
    "'KARA2'": "'RPE'"
  },
  {
    "'23DHMPO'": "'EX_rib_D(e)'",
    "'3MOPt2r'": "'GUAt'",
    "'KARA2'": "'RPI'"
  },
  {
    "'23DHMPO'": "'EX_rib_D(e)'",
    "'3MOPt2r'": "'GUAt'",
    "'KARA2'": "'TKT2'"
  },
  {
    "'23DHMPO'": "'EX_ser_L(e)'",
    "'3MOPt2r'": "'GHMT2r'",
    "'KARA2'": "'PGCDr'"
  },
  {
    "'23DHMPO'": "'EX_ser_L(e)'",
    "'3MOPt2r'": "'GHMT2r'",
    "'KARA2'": "'PSERT'"
  },
  {
    "'23DHMPO'": "'EX_ser_L(e)'",
    "'3MOPt2r'": "'GHMT2r'",
    "'KARA2'": "'PSP_L'"
  },
  {
    "'23DHMPO'": "'EX_trp_L(e)'",
    "'3MOPt2r'": "'TRPS1'",
    "'KARA2'": "'TRPS2'"
  },
  {
    "'23DHMPO'": "'EX_trp_L(e)'",
    "'3MOPt2r'": "'TRPS1'",
    "'KARA2'": "'TRPS3'"
  },
  {
    "'23DHMPO'": "'EX_tyr_L(e)'",
    "'3MOPt2r'": "'GLYTYR1c'",
    "'KARA2'": "'LARGNAT'"
  },
  {
    "'23DHMPO'": "'EX_tyr_L(e)'",
    "'3MOPt2r'": "'GLYTYR1c'",
    "'KARA2'": "'PSCVT'"
  },
  {
    "'23DHMPO'": "'EX_tyr_L(e)'",
    "'3MOPt2r'": "'GLYTYR1c'",
    "'KARA2'": "'SHK3Dr'"
  },
  {
    "'23DHMPO'": "'EX_tyr_L(e)'",
    "'3MOPt2r'": "'GLYTYR1c'",
    "'KARA2'": "'SHKK'"
  },
  {
    "'23DHMPO'": "'EX_tyr_L(e)'",
    "'3MOPt2r'": "'GLYTYRabc'",
    "'KARA2'": "'LARGNAT'"
  },
  {
    "'23DHMPO'": "'EX_tyr_L(e)'",
    "'3MOPt2r'": "'GLYTYRabc'",
    "'KARA2'": "'PSCVT'"
  },
  {
    "'23DHMPO'": "'EX_tyr_L(e)'",
    "'3MOPt2r'": "'GLYTYRabc'",
    "'KARA2'": "'SHK3Dr'"
  },
  {
    "'23DHMPO'": "'EX_tyr_L(e)'",
    "'3MOPt2r'": "'GLYTYRabc'",
    "'KARA2'": "'SHKK'"
  },
  {
    "'23DHMPO'": "'EX_val_L(e)'",
    "'3MOPt2r'": "'KARA1'",
    "'KARA2'": "'KARA3'"
  },
  {
    "'23DHMPO'": "'EX_val_L(e)'",
    "'3MOPt2r'": "'VALTA'",
    "'KARA2'": "'VPAMTr'"
  },
  {
    "'23DHMPO'": "'FTHFL'",
    "'3MOPt2r'": "'MTHFD'",
    "'KARA2'": "'MTHFD2'"
  },
  {
    "'23DHMPO'": "'GHMT2r'",
    "'3MOPt2r'": "'PGCDr'",
    "'KARA2'": "'SERt2r'"
  },
  {
    "'23DHMPO'": "'GHMT2r'",
    "'3MOPt2r'": "'PSERT'",
    "'KARA2'": "'SERt2r'"
  },
  {
    "'23DHMPO'": "'GHMT2r'",
    "'3MOPt2r'": "'PSP_L'",
    "'KARA2'": "'SERt2r'"
  },
  {
    "'23DHMPO'": "'GLYPHEHYc'",
    "'3MOPt2r'": "'PHETA1'",
    "'KARA2'": "'PHEt2r'"
  },
  {
    "'23DHMPO'": "'GLYPHEHYc'",
    "'3MOPt2r'": "'PHEt2r'",
    "'KARA2'": "'PPNDH'"
  },
  {
    "'23DHMPO'": "'GLYPHEabc'",
    "'3MOPt2r'": "'PHETA1'",
    "'KARA2'": "'PHEt2r'"
  },
  {
    "'23DHMPO'": "'GLYPHEabc'",
    "'3MOPt2r'": "'PHEt2r'",
    "'KARA2'": "'PPNDH'"
  },
  {
    "'23DHMPO'": "'GLYTYR1c'",
    "'3MOPt2r'": "'LARGNAT'",
    "'KARA2'": "'TYRt2r'"
  },
  {
    "'23DHMPO'": "'GLYTYR1c'",
    "'3MOPt2r'": "'PSCVT'",
    "'KARA2'": "'TYRt2r'"
  },
  {
    "'23DHMPO'": "'GLYTYR1c'",
    "'3MOPt2r'": "'SHK3Dr'",
    "'KARA2'": "'TYRt2r'"
  },
  {
    "'23DHMPO'": "'GLYTYR1c'",
    "'3MOPt2r'": "'SHKK'",
    "'KARA2'": "'TYRt2r'"
  },
  {
    "'23DHMPO'": "'GLYTYRabc'",
    "'3MOPt2r'": "'LARGNAT'",
    "'KARA2'": "'TYRt2r'"
  },
  {
    "'23DHMPO'": "'GLYTYRabc'",
    "'3MOPt2r'": "'PSCVT'",
    "'KARA2'": "'TYRt2r'"
  },
  {
    "'23DHMPO'": "'GLYTYRabc'",
    "'3MOPt2r'": "'SHK3Dr'",
    "'KARA2'": "'TYRt2r'"
  },
  {
    "'23DHMPO'": "'GLYTYRabc'",
    "'3MOPt2r'": "'SHKK'",
    "'KARA2'": "'TYRt2r'"
  },
  {
    "'23DHMPO'": "'GUAPRT'",
    "'3MOPt2r'": "'IMPD'",
    "'KARA2'": "'XPPT'"
  },
  {
    "'23DHMPO'": "'GUAt'",
    "'3MOPt2r'": "'RBK'",
    "'KARA2'": "'RPE'"
  },
  {
    "'23DHMPO'": "'GUAt'",
    "'3MOPt2r'": "'RBK'",
    "'KARA2'": "'RPI'"
  },
  {
    "'23DHMPO'": "'GUAt'",
    "'3MOPt2r'": "'RBK'",
    "'KARA2'": "'TKT2'"
  },
  {
    "'23DHMPO'": "'GUAt'",
    "'3MOPt2r'": "'RIBabc'",
    "'KARA2'": "'RPE'"
  },
  {
    "'23DHMPO'": "'GUAt'",
    "'3MOPt2r'": "'RIBabc'",
    "'KARA2'": "'RPI'"
  },
  {
    "'23DHMPO'": "'GUAt'",
    "'3MOPt2r'": "'RIBabc'",
    "'KARA2'": "'TKT2'"
  },
  {
    "'23DHMPO'": "'H2CO3D'",
    "'3MOPt2r'": "'MALCOAPYRCT'",
    "'KARA2'": "'MMSAD5'"
  },
  {
    "'23DHMPO'": "'HKt'",
    "'3MOPt2r'": "'Kt1r'",
    "'KARA2'": "'ZN2t4'"
  },
  {
    "'23DHMPO'": "'HKt'",
    "'3MOPt2r'": "'Kt1r'",
    "'KARA2'": "'ZNabc'"
  },
  {
    "'23DHMPO'": "'HSERTA'",
    "'3MOPt2r'": "'METAT'",
    "'KARA2'": "'SHSL4r'"
  },
  {
    "'23DHMPO'": "'IPDDI'",
    "'3MOPt2r'": "'IPDPS'",
    "'KARA2'": "'IPDPS2'"
  },
  {
    "'23DHMPO'": "'KARA1'",
    "'3MOPt2r'": "'KARA3'",
    "'KARA2'": "'VALt2r'"
  },
  {
    "'23DHMPO'": "'LPAMMBT2'",
    "'3MOPt2r'": "'OIVD1r'",
    "'KARA2'": "'OIVD3'"
  },
  {
    "'23DHMPO'": "'NADS1'",
    "'3MOPt2r'": "'NADS2'",
    "'KARA2'": "'NMNAT'"
  },
  {
    "'23DHMPO'": "'NADS1'",
    "'3MOPt2r'": "'NADS2'",
    "'KARA2'": "'r0527'"
  },
  {
    "'23DHMPO'": "'NDPK9'",
    "'3MOPt2r'": "'PEPCK'",
    "'KARA2'": "'PGM'"
  },
  {
    "'23DHMPO'": "'OAACLi'",
    "'3MOPt2r'": "'PEPCK'",
    "'KARA2'": "'PGM'"
  },
  {
    "'23DHMPO'": "'ORNDC'",
    "'3MOPt2r'": "'PTRCabc'",
    "'KARA2'": "'UREA'"
  },
  {
    "'23DHMPO'": "'PPM'",
    "'3MOPt2r'": "'RBK'",
    "'KARA2'": "'RPE'"
  },
  {
    "'23DHMPO'": "'PPM'",
    "'3MOPt2r'": "'RBK'",
    "'KARA2'": "'RPI'"
  },
  {
    "'23DHMPO'": "'PPM'",
    "'3MOPt2r'": "'RBK'",
    "'KARA2'": "'TKT2'"
  },
  {
    "'23DHMPO'": "'PSCVT'",
    "'3MOPt2r'": "'RPE'",
    "'KARA2'": "'TALA'"
  },
  {
    "'23DHMPO'": "'PSCVT'",
    "'3MOPt2r'": "'RPI'",
    "'KARA2'": "'TALA'"
  },
  {
    "'23DHMPO'": "'RPE'",
    "'3MOPt2r'": "'SHK3Dr'",
    "'KARA2'": "'TALA'"
  },
  {
    "'23DHMPO'": "'RPE'",
    "'3MOPt2r'": "'SHKK'",
    "'KARA2'": "'TALA'"
  },
  {
    "'23DHMPO'": "'RPI'",
    "'3MOPt2r'": "'SHK3Dr'",
    "'KARA2'": "'TALA'"
  },
  {
    "'23DHMPO'": "'RPI'",
    "'3MOPt2r'": "'SHKK'",
    "'KARA2'": "'TALA'"
  },
  {
    "'23DHMPO'": "'TRPS1'",
    "'3MOPt2r'": "'TRPS2'",
    "'KARA2'": "'TRPt2r'"
  },
  {
    "'23DHMPO'": "'TRPS1'",
    "'3MOPt2r'": "'TRPS3'",
    "'KARA2'": "'TRPt2r'"
  },
  {
    "'23DHMPO'": "'VALTA'",
    "'3MOPt2r'": "'VALt2r'",
    "'KARA2'": "'VPAMTr'"
  }
]