[
  {
    "'23DHMPO'": "'23DHMPO'",
    "'EX_ile_L(e)'": "'ILETA'",
    "'KARA2'": "'KARA2'"
  },
  {
    "'23DHMPO'": "'23DHMPO'",
    "'EX_ile_L(e)'": "'ILEt2r'",
    "'KARA2'": "'KARA2'"
  },
  {
    "'23DHMPO'": "'2AHBUTI'",
    "'EX_ile_L(e)'": "'EX_ile_L(e)'",
    "'KARA2'": "'KARA2'"
  },
  {
    "'23DHMPO'": "'2AHBUTI'",
    "'EX_ile_L(e)'": "'ILETA'",
    "'KARA2'": "'KARA2'"
  },
  {
    "'23DHMPO'": "'2AHBUTI'",
    "'EX_ile_L(e)'": "'ILEt2r'",
    "'KARA2'": "'KARA2'"
  },
  {
    "'23DHMPO'": "'5DGCLURI'",
    "'EX_ile_L(e)'": "'DKDID'",
    "'KARA2'": "'MALCOAPYRCT'"
  },
  {
    "'23DHMPO'": "'ACGAMtr2'",
    "'EX_ile_L(e)'": "'AHEXASE3'",
    "'KARA2'": "'G1PACT'"
  },
  {
    "'23DHMPO'": "'ACGAMtr2'",
    "'EX_ile_L(e)'": "'AHEXASE3'",
    "'KARA2'": "'PGAMT'"
  },
  {
    "'23DHMPO'": "'ACGAMtr2'",
    "'EX_ile_L(e)'": "'AHEXASE3'",
    "'KARA2'": "'UAGDP'"
  },
  {
    "'23DHMPO'": "'ACGAMtr2'",
    "'EX_ile_L(e)'": "'CHTBSabc'",
    "'KARA2'": "'G1PACT'"
  },
  {
    "'23DHMPO'": "'ACGAMtr2'",
    "'EX_ile_L(e)'": "'CHTBSabc'",
    "'KARA2'": "'PGAMT'"
  },
  {
    "'23DHMPO'": "'ACGAMtr2'",
    "'EX_ile_L(e)'": "'CHTBSabc'",
    "'KARA2'": "'UAGDP'"
  },
  {
    "'23DHMPO'": "'ACGAMtr2'",
    "'EX_ile_L(e)'": "'EX_chtbs(e)'",
    "'KARA2'": "'G1PACT'"
  },
  {
    "'23DHMPO'": "'ACGAMtr2'",
    "'EX_ile_L(e)'": "'EX_chtbs(e)'",
    "'KARA2'": "'PGAMT'"
  },
  {
    "'23DHMPO'": "'ACGAMtr2'",
    "'EX_ile_L(e)'": "'EX_chtbs(e)'",
    "'KARA2'": "'UAGDP'"
  },
  {
    "'23DHMPO'": "'ACHBPL'",
    "'EX_ile_L(e)'": "'DM_hcys_L[c]'",
    "'KARA2'": "'EX_ppa(e)'"
  },
  {
    "'23DHMPO'": "'ACHBPL'",
    "'EX_ile_L(e)'": "'DM_hcys_L[c]'",
    "'KARA2'": "'OBTFL'"
  },
  {
    "'23DHMPO'": "'ACHBPL'",
    "'EX_ile_L(e)'": "'DM_hcys_L[c]'",
    "'KARA2'": "'PPAKr'"
  },
  {
    "'23DHMPO'": "'ACHBPL'",
    "'EX_ile_L(e)'": "'DM_hcys_L[c]'",
    "'KARA2'": "'PPAt2'"
  },
  {
    "'23DHMPO'": "'ACHBPL'",
    "'EX_ile_L(e)'": "'DM_hcys_L[c]'",
    "'KARA2'": "'PTA2'"
  },
  {
    "'23DHMPO'": "'ACKr'",
    "'EX_ile_L(e)'": "'ACt2r'",
    "'KARA2'": "'PPIACPT'"
  },
  {
    "'23DHMPO'": "'ACKr'",
    "'EX_ile_L(e)'": "'EX_ac(e)'",
    "'KARA2'": "'PPIACPT'"
  },
  {
    "'23DHMPO'": "'ACLS_a'",
    "'EX_ile_L(e)'": "'DM_hcys_L[c]'",
    "'KARA2'": "'EX_ppa(e)'"
  },
  {
    "'23DHMPO'": "'ACLS_a'",
    "'EX_ile_L(e)'": "'DM_hcys_L[c]'",
    "'KARA2'": "'OBTFL'"
  },
  {
    "'23DHMPO'": "'ACLS_a'",
    "'EX_ile_L(e)'": "'DM_hcys_L[c]'",
    "'KARA2'": "'PPAKr'"
  },
  {
    "'23DHMPO'": "'ACLS_a'",
    "'EX_ile_L(e)'": "'DM_hcys_L[c]'",
    "'KARA2'": "'PPAt2'"
  },
  {
    "'23DHMPO'": "'ACLS_a'",
    "'EX_ile_L(e)'": "'DM_hcys_L[c]'",
    "'KARA2'": "'PTA2'"
  },
  {
    "'23DHMPO'": "'ACt2r'",
    "'EX_ile_L(e)'": "'G1PACT'",
    "'KARA2'": "'MALCOAPYRCT'"
  },
  {
    "'23DHMPO'": "'ACt2r'",
    "'EX_ile_L(e)'": "'MALCOAPYRCT'",
    "'KARA2'": "'PGAMT'"
  },
  {
    "'23DHMPO'": "'ACt2r'",
    "'EX_ile_L(e)'": "'MALCOAPYRCT'",
    "'KARA2'": "'UAGDP'"
  },
  {
    "'23DHMPO'": "'ADK2'",
    "'EX_ile_L(e)'": "'GLKKpppi'",
    "'KARA2'": "'PPA2'"
  },
  {
    "'23DHMPO'": "'ADK7'",
    "'EX_ile_L(e)'": "'GK1'",
    "'KARA2'": "'NDPK8'"
  },
  {
    "'23DHMPO'": "'ADK8'",
    "'EX_ile_L(e)'": "'NDPK7'",
    "'KARA2'": "'RNTR3'"
  },
  {
    "'23DHMPO'": "'ADK9'",
    "'EX_ile_L(e)'": "'NDPK5'",
    "'KARA2'": "'RNTR2'"
  },
  {
    "'23DHMPO'": "'AHEXASE3'",
    "'EX_ile_L(e)'": "'EX_acgam(e)'",
    "'KARA2'": "'G1PACT'"
  },
  {
    "'23DHMPO'": "'AHEXASE3'",
    "'EX_ile_L(e)'": "'EX_acgam(e)'",
    "'KARA2'": "'PGAMT'"
  },
  {
    "'23DHMPO'": "'AHEXASE3'",
    "'EX_ile_L(e)'": "'EX_acgam(e)'",
    "'KARA2'": "'UAGDP'"
  },
  {
    "'23DHMPO'": "'AKGS'",
    "'EX_ile_L(e)'": "'CO2t'",
    "'KARA2'": "'PPCKr'"
  },
  {
    "'23DHMPO'": "'AKGS'",
    "'EX_ile_L(e)'": "'EX_co2(e)'",
    "'KARA2'": "'PPCKr'"
  },
  {
    "'23DHMPO'": "'AKGS'",
    "'EX_ile_L(e)'": "'EX_succ(e)'",
    "'KARA2'": "'FUM'"
  },
  {
    "'23DHMPO'": "'AKGS'",
    "'EX_ile_L(e)'": "'FUM'",
    "'KARA2'": "'SUCCt2r'"
  },
  {
    "'23DHMPO'": "'ALACI'",
    "'EX_ile_L(e)'": "'EX_val_L(e)'",
    "'KARA2'": "'KARA1'"
  },
  {
    "'23DHMPO'": "'ALACI'",
    "'EX_ile_L(e)'": "'KARA1'",
    "'KARA2'": "'VALTA'"
  },
  {
    "'23DHMPO'": "'ALACI'",
    "'EX_ile_L(e)'": "'KARA1'",
    "'KARA2'": "'VALt2r'"
  },
  {
    "'23DHMPO'": "'ALALEU1c'",
    "'EX_ile_L(e)'": "'EX_glyleu(e)'",
    "'KARA2'": "'EX_leu_L(e)'"
  },
  {
    "'23DHMPO'": "'ALALEU1c'",
    "'EX_ile_L(e)'": "'EX_glyleu(e)'",
    "'KARA2'": "'LEUt2r'"
  },
  {
    "'23DHMPO'": "'ALALEU1c'",
    "'EX_ile_L(e)'": "'EX_leu_L(e)'",
    "'KARA2'": "'GLYLEUHYDROc'"
  },
  {
    "'23DHMPO'": "'ALALEU1c'",
    "'EX_ile_L(e)'": "'EX_leu_L(e)'",
    "'KARA2'": "'GLYLEUPEPT1tc'"
  },
  {
    "'23DHMPO'": "'ALALEU1c'",
    "'EX_ile_L(e)'": "'GLYLEUHYDROc'",
    "'KARA2'": "'LEUt2r'"
  },
  {
    "'23DHMPO'": "'ALALEU1c'",
    "'EX_ile_L(e)'": "'GLYLEUPEPT1tc'",
    "'KARA2'": "'LEUt2r'"
  },
  {
    "'23DHMPO'": "'ALALEUabc'",
    "'EX_ile_L(e)'": "'EX_glyleu(e)'",
    "'KARA2'": "'EX_leu_L(e)'"
  },
  {
    "'23DHMPO'": "'ALALEUabc'",
    "'EX_ile_L(e)'": "'EX_glyleu(e)'",
    "'KARA2'": "'LEUt2r'"
  },
  {
    "'23DHMPO'": "'ALALEUabc'",
    "'EX_ile_L(e)'": "'EX_leu_L(e)'",
    "'KARA2'": "'GLYLEUHYDROc'"
  },
  {
    "'23DHMPO'": "'ALALEUabc'",
    "'EX_ile_L(e)'": "'EX_leu_L(e)'",
    "'KARA2'": "'GLYLEUPEPT1tc'"
  },
  {
    "'23DHMPO'": "'ALALEUabc'",
    "'EX_ile_L(e)'": "'GLYLEUHYDROc'",
    "'KARA2'": "'LEUt2r'"
  },
  {
    "'23DHMPO'": "'ALALEUabc'",
    "'EX_ile_L(e)'": "'GLYLEUPEPT1tc'",
    "'KARA2'": "'LEUt2r'"
  },
  {
    "'23DHMPO'": "'ALATHR1c'",
    "'EX_ile_L(e)'": "'ASAD'",
    "'KARA2'": "'EX_thr_L(e)'"
  },
  {
    "'23DHMPO'": "'ALATHR1c'",
    "'EX_ile_L(e)'": "'ASAD'",
    "'KARA2'": "'THRt2r'"
  },
  {
    "'23DHMPO'": "'ALATHR1c'",
    "'EX_ile_L(e)'": "'ASPKi'",
    "'KARA2'": "'EX_thr_L(e)'"
  },
  {
    "'23DHMPO'": "'ALATHR1c'",
    "'EX_ile_L(e)'": "'ASPKi'",
    "'KARA2'": "'THRt2r'"
  },
  {
    "'23DHMPO'": "'ALATHR1c'",
    "'EX_ile_L(e)'": "'EX_thr_L(e)'",
    "'KARA2'": "'HSK'"
  },
  {
    "'23DHMPO'": "'ALATHR1c'",
    "'EX_ile_L(e)'": "'EX_thr_L(e)'",
    "'KARA2'": "'THRS'"
  },
  {
    "'23DHMPO'": "'ALATHR1c'",
    "'EX_ile_L(e)'": "'HSK'",
    "'KARA2'": "'THRt2r'"
  },
  {
    "'23DHMPO'": "'ALATHR1c'",
    "'EX_ile_L(e)'": "'THRS'",
    "'KARA2'": "'THRt2r'"
  },
  {
    "'23DHMPO'": "'ALATHRabc'",
    "'EX_ile_L(e)'": "'ASAD'",
    "'KARA2'": "'EX_thr_L(e)'"
  },
  {
    "'23DHMPO'": "'ALATHRabc'",
    "'EX_ile_L(e)'": "'ASAD'",
    "'KARA2'": "'THRt2r'"
  },
  {
    "'23DHMPO'": "'ALATHRabc'",
    "'EX_ile_L(e)'": "'ASPKi'",
    "'KARA2'": "'EX_thr_L(e)'"
  },
  {
    "'23DHMPO'": "'ALATHRabc'",
    "'EX_ile_L(e)'": "'ASPKi'",
    "'KARA2'": "'THRt2r'"
  },
  {
    "'23DHMPO'": "'ALATHRabc'",
    "'EX_ile_L(e)'": "'EX_thr_L(e)'",
    "'KARA2'": "'HSK'"
  },
  {
    "'23DHMPO'": "'ALATHRabc'",
    "'EX_ile_L(e)'": "'EX_thr_L(e)'",
    "'KARA2'": "'THRS'"
  },
  {
    "'23DHMPO'": "'ALATHRabc'",
    "'EX_ile_L(e)'": "'HSK'",
    "'KARA2'": "'THRt2r'"
  },
  {
    "'23DHMPO'": "'ALATHRabc'",
    "'EX_ile_L(e)'": "'THRS'",
    "'KARA2'": "'THRt2r'"
  },
  {
    "'23DHMPO'": "'ALCD19'",
    "'EX_ile_L(e)'": "'EX_glyc(e)'",
    "'KARA2'": "'GLYK'"
  },
  {
    "'23DHMPO'": "'ALCD19'",
    "'EX_ile_L(e)'": "'GLYCt'",
    "'KARA2'": "'GLYK'"
  },
  {
    "'23DHMPO'": "'AMMQT8r'",
    "'EX_ile_L(e)'": "'CYTBD2'",
    "'KARA2'": "'FRD2'"
  },
  {
    "'23DHMPO'": "'AMMQT8r'",
    "'EX_ile_L(e)'": "'EX_o2(e)'",
    "'KARA2'": "'FRD2'"
  },
  {
    "'23DHMPO'": "'AMMQT8r'",
    "'EX_ile_L(e)'": "'FRD2'",
    "'KARA2'": "'O2t'"
  },
  {
    "'23DHMPO'": "'AMPTASECG'",
    "'EX_ile_L(e)'": "'AMPTASEGC'",
    "'KARA2'": "'CYSt2r'"
  },
  {
    "'23DHMPO'": "'AMPTASECG'",
    "'EX_ile_L(e)'": "'AMPTASEGC'",
    "'KARA2'": "'EX_cys_L(e)'"
  },
  {
    "'23DHMPO'": "'AMPTASECG'",
    "'EX_ile_L(e)'": "'CYSt2r'",
    "'KARA2'": "'EX_glycys(e)'"
  },
  {
    "'23DHMPO'": "'AMPTASECG'",
    "'EX_ile_L(e)'": "'CYSt2r'",
    "'KARA2'": "'GLYCYSabc'"
  },
  {
    "'23DHMPO'": "'AMPTASECG'",
    "'EX_ile_L(e)'": "'EX_cys_L(e)'",
    "'KARA2'": "'EX_glycys(e)'"
  },
  {
    "'23DHMPO'": "'AMPTASECG'",
    "'EX_ile_L(e)'": "'EX_cys_L(e)'",
    "'KARA2'": "'GLYCYSabc'"
  },
  {
    "'23DHMPO'": "'ANS'",
    "'EX_ile_L(e)'": "'ANS2'",
    "'KARA2'": "'EX_trp_L(e)'"
  },
  {
    "'23DHMPO'": "'ANS'",
    "'EX_ile_L(e)'": "'ANS2'",
    "'KARA2'": "'TRPt2r'"
  },
  {
    "'23DHMPO'": "'ASAD'",
    "'EX_ile_L(e)'": "'EX_alathr(e)'",
    "'KARA2'": "'EX_thr_L(e)'"
  },
  {
    "'23DHMPO'": "'ASAD'",
    "'EX_ile_L(e)'": "'EX_alathr(e)'",
    "'KARA2'": "'THRt2r'"
  },
  {
    "'23DHMPO'": "'ASPCT'",
    "'EX_ile_L(e)'": "'CSND'",
    "'KARA2'": "'EX_ura(e)'"
  },
  {
    "'23DHMPO'": "'ASPCT'",
    "'EX_ile_L(e)'": "'CSND'",
    "'KARA2'": "'URAt2r'"
  },
  {
    "'23DHMPO'": "'ASPCT'",
    "'EX_ile_L(e)'": "'CSNt6'",
    "'KARA2'": "'EX_ura(e)'"
  },
  {
    "'23DHMPO'": "'ASPCT'",
    "'EX_ile_L(e)'": "'CSNt6'",
    "'KARA2'": "'URAt2r'"
  },
  {
    "'23DHMPO'": "'ASPCT'",
    "'EX_ile_L(e)'": "'EX_csn(e)'",
    "'KARA2'": "'EX_ura(e)'"
  },
  {
    "'23DHMPO'": "'ASPCT'",
    "'EX_ile_L(e)'": "'EX_csn(e)'",
    "'KARA2'": "'URAt2r'"
  },
  {
    "'23DHMPO'": "'ASPKi'",
    "'EX_ile_L(e)'": "'EX_alathr(e)'",
    "'KARA2'": "'EX_thr_L(e)'"
  },
  {
    "'23DHMPO'": "'ASPKi'",
    "'EX_ile_L(e)'": "'EX_alathr(e)'",
    "'KARA2'": "'THRt2r'"
  },
  {
    "'23DHMPO'": "'ASPTA'",
    "'EX_ile_L(e)'": "'EX_ile_L(e)'",
    "'KARA2'": "'GLUDy'"
  },
  {
    "'23DHMPO'": "'ASPTA'",
    "'EX_ile_L(e)'": "'EX_val_L(e)'",
    "'KARA2'": "'GLUDy'"
  },
  {
    "'23DHMPO'": "'ASPTA'",
    "'EX_ile_L(e)'": "'GLUDy'",
    "'KARA2'": "'ILEt2r'"
  },
  {
    "'23DHMPO'": "'ASPTA'",
    "'EX_ile_L(e)'": "'GLUDy'",
    "'KARA2'": "'VALt2r'"
  },
  {
    "'23DHMPO'": "'CBMKr'",
    "'EX_ile_L(e)'": "'CSND'",
    "'KARA2'": "'EX_ura(e)'"
  },
  {
    "'23DHMPO'": "'CBMKr'",
    "'EX_ile_L(e)'": "'CSND'",
    "'KARA2'": "'URAt2r'"
  },
  {
    "'23DHMPO'": "'CBMKr'",
    "'EX_ile_L(e)'": "'CSNt6'",
    "'KARA2'": "'EX_ura(e)'"
  },
  {
    "'23DHMPO'": "'CBMKr'",
    "'EX_ile_L(e)'": "'CSNt6'",
    "'KARA2'": "'URAt2r'"
  },
  {
    "'23DHMPO'": "'CBMKr'",
    "'EX_ile_L(e)'": "'EX_csn(e)'",
    "'KARA2'": "'EX_ura(e)'"
  },
  {
    "'23DHMPO'": "'CBMKr'",
    "'EX_ile_L(e)'": "'EX_csn(e)'",
    "'KARA2'": "'URAt2r'"
  },
  {
    "'23DHMPO'": "'CHORM'",
    "'EX_ile_L(e)'": "'EX_glytyr(e)'",
    "'KARA2'": "'EX_tyr_L(e)'"
  },
  {
    "'23DHMPO'": "'CHORM'",
    "'EX_ile_L(e)'": "'EX_glytyr(e)'",
    "'KARA2'": "'TYRt2r'"
  },
  {
    "'23DHMPO'": "'CHORM'",
    "'EX_ile_L(e)'": "'EX_rib_D(e)'",
    "'KARA2'": "'TALA'"
  },
  {
    "'23DHMPO'": "'CHORM'",
    "'EX_ile_L(e)'": "'EX_rib_D(e)'",
    "'KARA2'": "'TKT1'"
  },
  {
    "'23DHMPO'": "'CHORM'",
    "'EX_ile_L(e)'": "'EX_tyr_L(e)'",
    "'KARA2'": "'GLYTYR1c'"
  },
  {
    "'23DHMPO'": "'CHORM'",
    "'EX_ile_L(e)'": "'EX_tyr_L(e)'",
    "'KARA2'": "'GLYTYRabc'"
  },
  {
    "'23DHMPO'": "'CHORM'",
    "'EX_ile_L(e)'": "'GLYTYR1c'",
    "'KARA2'": "'TYRt2r'"
  },
  {
    "'23DHMPO'": "'CHORM'",
    "'EX_ile_L(e)'": "'GLYTYRabc'",
    "'KARA2'": "'TYRt2r'"
  },
  {
    "'23DHMPO'": "'CHORM'",
    "'EX_ile_L(e)'": "'RBK'",
    "'KARA2'": "'TALA'"
  },
  {
    "'23DHMPO'": "'CHORM'",
    "'EX_ile_L(e)'": "'RBK'",
    "'KARA2'": "'TKT1'"
  },
  {
    "'23DHMPO'": "'CHORM'",
    "'EX_ile_L(e)'": "'RIBabc'",
    "'KARA2'": "'TALA'"
  },
  {
    "'23DHMPO'": "'CHORM'",
    "'EX_ile_L(e)'": "'RIBabc'",
    "'KARA2'": "'TKT1'"
  },
  {
    "'23DHMPO'": "'CHORS'",
    "'EX_ile_L(e)'": "'EX_glytyr(e)'",
    "'KARA2'": "'EX_tyr_L(e)'"
  },
  {
    "'23DHMPO'": "'CHORS'",
    "'EX_ile_L(e)'": "'EX_glytyr(e)'",
    "'KARA2'": "'TYRt2r'"
  },
  {
    "'23DHMPO'": "'CHORS'",
    "'EX_ile_L(e)'": "'EX_rib_D(e)'",
    "'KARA2'": "'TALA'"
  },
  {
    "'23DHMPO'": "'CHORS'",
    "'EX_ile_L(e)'": "'EX_rib_D(e)'",
    "'KARA2'": "'TKT1'"
  },
  {
    "'23DHMPO'": "'CHORS'",
    "'EX_ile_L(e)'": "'EX_tyr_L(e)'",
    "'KARA2'": "'GLYTYR1c'"
  },
  {
    "'23DHMPO'": "'CHORS'",
    "'EX_ile_L(e)'": "'EX_tyr_L(e)'",
    "'KARA2'": "'GLYTYRabc'"
  },
  {
    "'23DHMPO'": "'CHORS'",
    "'EX_ile_L(e)'": "'GLYTYR1c'",
    "'KARA2'": "'TYRt2r'"
  },
  {
    "'23DHMPO'": "'CHORS'",
    "'EX_ile_L(e)'": "'GLYTYRabc'",
    "'KARA2'": "'TYRt2r'"
  },
  {
    "'23DHMPO'": "'CHORS'",
    "'EX_ile_L(e)'": "'RBK'",
    "'KARA2'": "'TALA'"
  },
  {
    "'23DHMPO'": "'CHORS'",
    "'EX_ile_L(e)'": "'RBK'",
    "'KARA2'": "'TKT1'"
  },
  {
    "'23DHMPO'": "'CHORS'",
    "'EX_ile_L(e)'": "'RIBabc'",
    "'KARA2'": "'TALA'"
  },
  {
    "'23DHMPO'": "'CHORS'",
    "'EX_ile_L(e)'": "'RIBabc'",
    "'KARA2'": "'TKT1'"
  },
  {
    "'23DHMPO'": "'CHORS'",
    "'EX_ile_L(e)'": "'RPE'",
    "'KARA2'": "'TALA'"
  },
  {
    "'23DHMPO'": "'CHORS'",
    "'EX_ile_L(e)'": "'RPI'",
    "'KARA2'": "'TALA'"
  },
  {
    "'23DHMPO'": "'CHTBSabc'",
    "'EX_ile_L(e)'": "'EX_acgam(e)'",
    "'KARA2'": "'G1PACT'"
  },
  {
    "'23DHMPO'": "'CHTBSabc'",
    "'EX_ile_L(e)'": "'EX_acgam(e)'",
    "'KARA2'": "'PGAMT'"
  },
  {
    "'23DHMPO'": "'CHTBSabc'",
    "'EX_ile_L(e)'": "'EX_acgam(e)'",
    "'KARA2'": "'UAGDP'"
  },
  {
    "'23DHMPO'": "'CO2t'",
    "'EX_ile_L(e)'": "'FUM'",
    "'KARA2'": "'GLUDy'"
  },
  {
    "'23DHMPO'": "'CO2t'",
    "'EX_ile_L(e)'": "'GLUDy'",
    "'KARA2'": "'MDH'"
  },
  {
    "'23DHMPO'": "'CO2t'",
    "'EX_ile_L(e)'": "'PPCKr'",
    "'KARA2'": "'SUCOAS'"
  },
  {
    "'23DHMPO'": "'CSND'",
    "'EX_ile_L(e)'": "'DHORTS'",
    "'KARA2'": "'EX_ura(e)'"
  },
  {
    "'23DHMPO'": "'CSND'",
    "'EX_ile_L(e)'": "'DHORTS'",
    "'KARA2'": "'URAt2r'"
  },
  {
    "'23DHMPO'": "'CSND'",
    "'EX_ile_L(e)'": "'EX_ura(e)'",
    "'KARA2'": "'OMPDC'"
  },
  {
    "'23DHMPO'": "'CSND'",
    "'EX_ile_L(e)'": "'EX_ura(e)'",
    "'KARA2'": "'OROTPT'"
  },
  {
    "'23DHMPO'": "'CSND'",
    "'EX_ile_L(e)'": "'OMPDC'",
    "'KARA2'": "'URAt2r'"
  },
  {
    "'23DHMPO'": "'CSND'",
    "'EX_ile_L(e)'": "'OROTPT'",
    "'KARA2'": "'URAt2r'"
  },
  {
    "'23DHMPO'": "'CSNt6'",
    "'EX_ile_L(e)'": "'DHORTS'",
    "'KARA2'": "'EX_ura(e)'"
  },
  {
    "'23DHMPO'": "'CSNt6'",
    "'EX_ile_L(e)'": "'DHORTS'",
    "'KARA2'": "'URAt2r'"
  },
  {
    "'23DHMPO'": "'CSNt6'",
    "'EX_ile_L(e)'": "'EX_ura(e)'",
    "'KARA2'": "'OMPDC'"
  },
  {
    "'23DHMPO'": "'CSNt6'",
    "'EX_ile_L(e)'": "'EX_ura(e)'",
    "'KARA2'": "'OROTPT'"
  },
  {
    "'23DHMPO'": "'CSNt6'",
    "'EX_ile_L(e)'": "'OMPDC'",
    "'KARA2'": "'URAt2r'"
  },
  {
    "'23DHMPO'": "'CSNt6'",
    "'EX_ile_L(e)'": "'OROTPT'",
    "'KARA2'": "'URAt2r'"
  },
  {
    "'23DHMPO'": "'DCTPD'",
    "'EX_ile_L(e)'": "'RNDR4'",
    "'KARA2'": "'RNTR4'"
  },
  {
    "'23DHMPO'": "'DDPA'",
    "'EX_ile_L(e)'": "'EX_glytyr(e)'",
    "'KARA2'": "'EX_tyr_L(e)'"
  },
  {
    "'23DHMPO'": "'DDPA'",
    "'EX_ile_L(e)'": "'EX_glytyr(e)'",
    "'KARA2'": "'TYRt2r'"
  },
  {
    "'23DHMPO'": "'DDPA'",
    "'EX_ile_L(e)'": "'EX_rib_D(e)'",
    "'KARA2'": "'TALA'"
  },
  {
    "'23DHMPO'": "'DDPA'",
    "'EX_ile_L(e)'": "'EX_rib_D(e)'",
    "'KARA2'": "'TKT1'"
  },
  {
    "'23DHMPO'": "'DDPA'",
    "'EX_ile_L(e)'": "'EX_tyr_L(e)'",
    "'KARA2'": "'GLYTYR1c'"
  },
  {
    "'23DHMPO'": "'DDPA'",
    "'EX_ile_L(e)'": "'EX_tyr_L(e)'",
    "'KARA2'": "'GLYTYRabc'"
  },
  {
    "'23DHMPO'": "'DDPA'",
    "'EX_ile_L(e)'": "'GLYTYR1c'",
    "'KARA2'": "'TYRt2r'"
  },
  {
    "'23DHMPO'": "'DDPA'",
    "'EX_ile_L(e)'": "'GLYTYRabc'",
    "'KARA2'": "'TYRt2r'"
  },
  {
    "'23DHMPO'": "'DDPA'",
    "'EX_ile_L(e)'": "'RBK'",
    "'KARA2'": "'TALA'"
  },
  {
    "'23DHMPO'": "'DDPA'",
    "'EX_ile_L(e)'": "'RBK'",
    "'KARA2'": "'TKT1'"
  },
  {
    "'23DHMPO'": "'DDPA'",
    "'EX_ile_L(e)'": "'RIBabc'",
    "'KARA2'": "'TALA'"
  },
  {
    "'23DHMPO'": "'DDPA'",
    "'EX_ile_L(e)'": "'RIBabc'",
    "'KARA2'": "'TKT1'"
  },
  {
    "'23DHMPO'": "'DDPA'",
    "'EX_ile_L(e)'": "'RPE'",
    "'KARA2'": "'TALA'"
  },
  {
    "'23DHMPO'": "'DDPA'",
    "'EX_ile_L(e)'": "'RPI'",
    "'KARA2'": "'TALA'"
  },
  {
    "'23DHMPO'": "'DHAD2'",
    "'EX_ile_L(e)'": "'DM_hcys_L[c]'",
    "'KARA2'": "'EX_ppa(e)'"
  },
  {
    "'23DHMPO'": "'DHAD2'",
    "'EX_ile_L(e)'": "'DM_hcys_L[c]'",
    "'KARA2'": "'OBTFL'"
  },
  {
    "'23DHMPO'": "'DHAD2'",
    "'EX_ile_L(e)'": "'DM_hcys_L[c]'",
    "'KARA2'": "'PPAKr'"
  },
  {
    "'23DHMPO'": "'DHAD2'",
    "'EX_ile_L(e)'": "'DM_hcys_L[c]'",
    "'KARA2'": "'PPAt2'"
  },
  {
    "'23DHMPO'": "'DHAD2'",
    "'EX_ile_L(e)'": "'DM_hcys_L[c]'",
    "'KARA2'": "'PTA2'"
  },
  {
    "'23DHMPO'": "'DHORTS'",
    "'EX_ile_L(e)'": "'EX_csn(e)'",
    "'KARA2'": "'EX_ura(e)'"
  },
  {
    "'23DHMPO'": "'DHORTS'",
    "'EX_ile_L(e)'": "'EX_csn(e)'",
    "'KARA2'": "'URAt2r'"
  },
  {
    "'23DHMPO'": "'DHQS'",
    "'EX_ile_L(e)'": "'EX_glytyr(e)'",
    "'KARA2'": "'EX_tyr_L(e)'"
  },
  {
    "'23DHMPO'": "'DHQS'",
    "'EX_ile_L(e)'": "'EX_glytyr(e)'",
    "'KARA2'": "'TYRt2r'"
  },
  {
    "'23DHMPO'": "'DHQS'",
    "'EX_ile_L(e)'": "'EX_rib_D(e)'",
    "'KARA2'": "'TALA'"
  },
  {
    "'23DHMPO'": "'DHQS'",
    "'EX_ile_L(e)'": "'EX_rib_D(e)'",
    "'KARA2'": "'TKT1'"
  },
  {
    "'23DHMPO'": "'DHQS'",
    "'EX_ile_L(e)'": "'EX_tyr_L(e)'",
    "'KARA2'": "'GLYTYR1c'"
  },
  {
    "'23DHMPO'": "'DHQS'",
    "'EX_ile_L(e)'": "'EX_tyr_L(e)'",
    "'KARA2'": "'GLYTYRabc'"
  },
  {
    "'23DHMPO'": "'DHQS'",
    "'EX_ile_L(e)'": "'GLYTYR1c'",
    "'KARA2'": "'TYRt2r'"
  },
  {
    "'23DHMPO'": "'DHQS'",
    "'EX_ile_L(e)'": "'GLYTYRabc'",
    "'KARA2'": "'TYRt2r'"
  },
  {
    "'23DHMPO'": "'DHQS'",
    "'EX_ile_L(e)'": "'RBK'",
    "'KARA2'": "'TALA'"
  },
  {
    "'23DHMPO'": "'DHQS'",
    "'EX_ile_L(e)'": "'RBK'",
    "'KARA2'": "'TKT1'"
  },
  {
    "'23DHMPO'": "'DHQS'",
    "'EX_ile_L(e)'": "'RIBabc'",
    "'KARA2'": "'TALA'"
  },
  {
    "'23DHMPO'": "'DHQS'",
    "'EX_ile_L(e)'": "'RIBabc'",
    "'KARA2'": "'TKT1'"
  },
  {
    "'23DHMPO'": "'DHQS'",
    "'EX_ile_L(e)'": "'RPE'",
    "'KARA2'": "'TALA'"
  },
  {
    "'23DHMPO'": "'DHQS'",
    "'EX_ile_L(e)'": "'RPI'",
    "'KARA2'": "'TALA'"
  },
  {
    "'23DHMPO'": "'DHQTi'",
    "'EX_ile_L(e)'": "'EX_glytyr(e)'",
    "'KARA2'": "'EX_tyr_L(e)'"
  },
  {
    "'23DHMPO'": "'DHQTi'",
    "'EX_ile_L(e)'": "'EX_glytyr(e)'",
    "'KARA2'": "'TYRt2r'"
  },
  {
    "'23DHMPO'": "'DHQTi'",
    "'EX_ile_L(e)'": "'EX_rib_D(e)'",
    "'KARA2'": "'TALA'"
  },
  {
    "'23DHMPO'": "'DHQTi'",
    "'EX_ile_L(e)'": "'EX_rib_D(e)'",
    "'KARA2'": "'TKT1'"
  },
  {
    "'23DHMPO'": "'DHQTi'",
    "'EX_ile_L(e)'": "'EX_tyr_L(e)'",
    "'KARA2'": "'GLYTYR1c'"
  },
  {
    "'23DHMPO'": "'DHQTi'",
    "'EX_ile_L(e)'": "'EX_tyr_L(e)'",
    "'KARA2'": "'GLYTYRabc'"
  },
  {
    "'23DHMPO'": "'DHQTi'",
    "'EX_ile_L(e)'": "'GLYTYR1c'",
    "'KARA2'": "'TYRt2r'"
  },
  {
    "'23DHMPO'": "'DHQTi'",
    "'EX_ile_L(e)'": "'GLYTYRabc'",
    "'KARA2'": "'TYRt2r'"
  },
  {
    "'23DHMPO'": "'DHQTi'",
    "'EX_ile_L(e)'": "'RBK'",
    "'KARA2'": "'TALA'"
  },
  {
    "'23DHMPO'": "'DHQTi'",
    "'EX_ile_L(e)'": "'RBK'",
    "'KARA2'": "'TKT1'"
  },
  {
    "'23DHMPO'": "'DHQTi'",
    "'EX_ile_L(e)'": "'RIBabc'",
    "'KARA2'": "'TALA'"
  },
  {
    "'23DHMPO'": "'DHQTi'",
    "'EX_ile_L(e)'": "'RIBabc'",
    "'KARA2'": "'TKT1'"
  },
  {
    "'23DHMPO'": "'DHQTi'",
    "'EX_ile_L(e)'": "'RPE'",
    "'KARA2'": "'TALA'"
  },
  {
    "'23DHMPO'": "'DHQTi'",
    "'EX_ile_L(e)'": "'RPI'",
    "'KARA2'": "'TALA'"
  },
  {
    "'23DHMPO'": "'DKDID'",
    "'EX_ile_L(e)'": "'DKDID2'",
    "'KARA2'": "'MALCOAPYRCT'"
  },
  {
    "'23DHMPO'": "'DMPPS'",
    "'EX_ile_L(e)'": "'DMPPS2r'",
    "'KARA2'": "'IPDDI'"
  },
  {
    "'23DHMPO'": "'ENO'",
    "'EX_ile_L(e)'": "'MALCOAPYRCT'",
    "'KARA2'": "'TKT2'"
  },
  {
    "'23DHMPO'": "'EX_ac(e)'",
    "'EX_ile_L(e)'": "'G1PACT'",
    "'KARA2'": "'MALCOAPYRCT'"
  },
  {
    "'23DHMPO'": "'EX_ac(e)'",
    "'EX_ile_L(e)'": "'MALCOAPYRCT'",
    "'KARA2'": "'PGAMT'"
  },
  {
    "'23DHMPO'": "'EX_ac(e)'",
    "'EX_ile_L(e)'": "'MALCOAPYRCT'",
    "'KARA2'": "'UAGDP'"
  },
  {
    "'23DHMPO'": "'EX_acgam(e)'",
    "'EX_ile_L(e)'": "'EX_chtbs(e)'",
    "'KARA2'": "'G1PACT'"
  },
  {
    "'23DHMPO'": "'EX_acgam(e)'",
    "'EX_ile_L(e)'": "'EX_chtbs(e)'",
    "'KARA2'": "'PGAMT'"
  },
  {
    "'23DHMPO'": "'EX_acgam(e)'",
    "'EX_ile_L(e)'": "'EX_chtbs(e)'",
    "'KARA2'": "'UAGDP'"
  },
  {
    "'23DHMPO'": "'EX_alaleu(e)'",
    "'EX_ile_L(e)'": "'EX_glyleu(e)'",
    "'KARA2'": "'EX_leu_L(e)'"
  },
  {
    "'23DHMPO'": "'EX_alaleu(e)'",
    "'EX_ile_L(e)'": "'EX_glyleu(e)'",
    "'KARA2'": "'LEUt2r'"
  },
  {
    "'23DHMPO'": "'EX_alaleu(e)'",
    "'EX_ile_L(e)'": "'EX_leu_L(e)'",
    "'KARA2'": "'GLYLEUHYDROc'"
  },
  {
    "'23DHMPO'": "'EX_alaleu(e)'",
    "'EX_ile_L(e)'": "'EX_leu_L(e)'",
    "'KARA2'": "'GLYLEUPEPT1tc'"
  },
  {
    "'23DHMPO'": "'EX_alaleu(e)'",
    "'EX_ile_L(e)'": "'GLYLEUHYDROc'",
    "'KARA2'": "'LEUt2r'"
  },
  {
    "'23DHMPO'": "'EX_alaleu(e)'",
    "'EX_ile_L(e)'": "'GLYLEUPEPT1tc'",
    "'KARA2'": "'LEUt2r'"
  },
  {
    "'23DHMPO'": "'EX_alathr(e)'",
    "'EX_ile_L(e)'": "'EX_thr_L(e)'",
    "'KARA2'": "'HSK'"
  },
  {
    "'23DHMPO'": "'EX_alathr(e)'",
    "'EX_ile_L(e)'": "'EX_thr_L(e)'",
    "'KARA2'": "'THRS'"
  },
  {
    "'23DHMPO'": "'EX_alathr(e)'",
    "'EX_ile_L(e)'": "'HSK'",
    "'KARA2'": "'THRt2r'"
  },
  {
    "'23DHMPO'": "'EX_alathr(e)'",
    "'EX_ile_L(e)'": "'THRS'",
    "'KARA2'": "'THRt2r'"
  },
  {
    "'23DHMPO'": "'EX_co2(e)'",
    "'EX_ile_L(e)'": "'FUM'",
    "'KARA2'": "'GLUDy'"
  },
  {
    "'23DHMPO'": "'EX_co2(e)'",
    "'EX_ile_L(e)'": "'GLUDy'",
    "'KARA2'": "'MDH'"
  },
  {
    "'23DHMPO'": "'EX_co2(e)'",
    "'EX_ile_L(e)'": "'PPCKr'",
    "'KARA2'": "'SUCOAS'"
  },
  {
    "'23DHMPO'": "'EX_csn(e)'",
    "'EX_ile_L(e)'": "'EX_ura(e)'",
    "'KARA2'": "'OMPDC'"
  },
  {
    "'23DHMPO'": "'EX_csn(e)'",
    "'EX_ile_L(e)'": "'EX_ura(e)'",
    "'KARA2'": "'OROTPT'"
  },
  {
    "'23DHMPO'": "'EX_csn(e)'",
    "'EX_ile_L(e)'": "'OMPDC'",
    "'KARA2'": "'URAt2r'"
  },
  {
    "'23DHMPO'": "'EX_csn(e)'",
    "'EX_ile_L(e)'": "'OROTPT'",
    "'KARA2'": "'URAt2r'"
  },
  {
    "'23DHMPO'": "'EX_fe2(e)'",
    "'EX_ile_L(e)'": "'FE3abc'",
    "'KARA2'": "'FE3t4'"
  },
  {
    "'23DHMPO'": "'EX_fe3(e)'",
    "'EX_ile_L(e)'": "'EX_o2(e)'",
    "'KARA2'": "'FE2DH'"
  },
  {
    "'23DHMPO'": "'EX_fe3(e)'",
    "'EX_ile_L(e)'": "'FE2DH'",
    "'KARA2'": "'FERO'"
  },
  {
    "'23DHMPO'": "'EX_fe3(e)'",
    "'EX_ile_L(e)'": "'FE2DH'",
    "'KARA2'": "'O2t'"
  },
  {
    "'23DHMPO'": "'EX_gal(e)'",
    "'EX_ile_L(e)'": "'EX_lcts(e)'",
    "'KARA2'": "'PGMT'"
  },
  {
    "'23DHMPO'": "'EX_gal(e)'",
    "'EX_ile_L(e)'": "'LACZ'",
    "'KARA2'": "'PGMT'"
  },
  {
    "'23DHMPO'": "'EX_gal(e)'",
    "'EX_ile_L(e)'": "'LCTSabc'",
    "'KARA2'": "'PGMT'"
  },
  {
    "'23DHMPO'": "'EX_glytyr(e)'",
    "'EX_ile_L(e)'": "'EX_tyr_L(e)'",
    "'KARA2'": "'LARGNAT'"
  },
  {
    "'23DHMPO'": "'EX_glytyr(e)'",
    "'EX_ile_L(e)'": "'EX_tyr_L(e)'",
    "'KARA2'": "'PSCVT'"
  },
  {
    "'23DHMPO'": "'EX_glytyr(e)'",
    "'EX_ile_L(e)'": "'EX_tyr_L(e)'",
    "'KARA2'": "'SHK3Dr'"
  },
  {
    "'23DHMPO'": "'EX_glytyr(e)'",
    "'EX_ile_L(e)'": "'EX_tyr_L(e)'",
    "'KARA2'": "'SHKK'"
  },
  {
    "'23DHMPO'": "'EX_glytyr(e)'",
    "'EX_ile_L(e)'": "'LARGNAT'",
    "'KARA2'": "'TYRt2r'"
  },
  {
    "'23DHMPO'": "'EX_glytyr(e)'",
    "'EX_ile_L(e)'": "'PSCVT'",
    "'KARA2'": "'TYRt2r'"
  },
  {
    "'23DHMPO'": "'EX_glytyr(e)'",
    "'EX_ile_L(e)'": "'SHK3Dr'",
    "'KARA2'": "'TYRt2r'"
  },
  {
    "'23DHMPO'": "'EX_glytyr(e)'",
    "'EX_ile_L(e)'": "'SHKK'",
    "'KARA2'": "'TYRt2r'"
  },
  {
    "'23DHMPO'": "'EX_lcts(e)'",
    "'EX_ile_L(e)'": "'GALabc'",
    "'KARA2'": "'PGMT'"
  },
  {
    "'23DHMPO'": "'EX_rib_D(e)'",
    "'EX_ile_L(e)'": "'EX_tyr_L(e)'",
    "'KARA2'": "'TALA'"
  },
  {
    "'23DHMPO'": "'EX_rib_D(e)'",
    "'EX_ile_L(e)'": "'EX_tyr_L(e)'",
    "'KARA2'": "'TKT1'"
  },
  {
    "'23DHMPO'": "'EX_rib_D(e)'",
    "'EX_ile_L(e)'": "'LARGNAT'",
    "'KARA2'": "'TALA'"
  },
  {
    "'23DHMPO'": "'EX_rib_D(e)'",
    "'EX_ile_L(e)'": "'LARGNAT'",
    "'KARA2'": "'TKT1'"
  },
  {
    "'23DHMPO'": "'EX_rib_D(e)'",
    "'EX_ile_L(e)'": "'PSCVT'",
    "'KARA2'": "'TALA'"
  },
  {
    "'23DHMPO'": "'EX_rib_D(e)'",
    "'EX_ile_L(e)'": "'PSCVT'",
    "'KARA2'": "'TKT1'"
  },
  {
    "'23DHMPO'": "'EX_rib_D(e)'",
    "'EX_ile_L(e)'": "'SHK3Dr'",
    "'KARA2'": "'TALA'"
  },
  {
    "'23DHMPO'": "'EX_rib_D(e)'",
    "'EX_ile_L(e)'": "'SHK3Dr'",
    "'KARA2'": "'TKT1'"
  },
  {
    "'23DHMPO'": "'EX_rib_D(e)'",
    "'EX_ile_L(e)'": "'SHKK'",
    "'KARA2'": "'TALA'"
  },
  {
    "'23DHMPO'": "'EX_rib_D(e)'",
    "'EX_ile_L(e)'": "'SHKK'",
    "'KARA2'": "'TKT1'"
  },
  {
    "'23DHMPO'": "'EX_rib_D(e)'",
    "'EX_ile_L(e)'": "'TALA'",
    "'KARA2'": "'TYRt2r'"
  },
  {
    "'23DHMPO'": "'EX_rib_D(e)'",
    "'EX_ile_L(e)'": "'TKT1'",
    "'KARA2'": "'TYRt2r'"
  },
  {
    "'23DHMPO'": "'EX_ser_L(e)'",
    "'EX_ile_L(e)'": "'FTHFL'",
    "'KARA2'": "'GLYCL'"
  },
  {
    "'23DHMPO'": "'EX_ser_L(e)'",
    "'EX_ile_L(e)'": "'GLYCL'",
    "'KARA2'": "'MTHFC'"
  },
  {
    "'23DHMPO'": "'EX_ser_L(e)'",
    "'EX_ile_L(e)'": "'GLYCL'",
    "'KARA2'": "'MTHFD'"
  },
  {
    "'23DHMPO'": "'EX_succ(e)'",
    "'EX_ile_L(e)'": "'FUM'",
    "'KARA2'": "'SUCOAS'"
  },
  {
    "'23DHMPO'": "'EX_trp_L(e)'",
    "'EX_ile_L(e)'": "'TRPS1'",
    "'KARA2'": "'TRPS2'"
  },
  {
    "'23DHMPO'": "'EX_trp_L(e)'",
    "'EX_ile_L(e)'": "'TRPS1'",
    "'KARA2'": "'TRPS3'"
  },
  {
    "'23DHMPO'": "'EX_tyr_L(e)'",
    "'EX_ile_L(e)'": "'GLYTYR1c'",
    "'KARA2'": "'LARGNAT'"
  },
  {
    "'23DHMPO'": "'EX_tyr_L(e)'",
    "'EX_ile_L(e)'": "'GLYTYR1c'",
    "'KARA2'": "'PSCVT'"
  },
  {
    "'23DHMPO'": "'EX_tyr_L(e)'",
    "'EX_ile_L(e)'": "'GLYTYR1c'",
    "'KARA2'": "'SHK3Dr'"
  },
  {
    "'23DHMPO'": "'EX_tyr_L(e)'",
    "'EX_ile_L(e)'": "'GLYTYR1c'",
    "'KARA2'": "'SHKK'"
  },
  {
    "'23DHMPO'": "'EX_tyr_L(e)'",
    "'EX_ile_L(e)'": "'GLYTYRabc'",
    "'KARA2'": "'LARGNAT'"
  },
  {
    "'23DHMPO'": "'EX_tyr_L(e)'",
    "'EX_ile_L(e)'": "'GLYTYRabc'",
    "'KARA2'": "'PSCVT'"
  },
  {
    "'23DHMPO'": "'EX_tyr_L(e)'",
    "'EX_ile_L(e)'": "'GLYTYRabc'",
    "'KARA2'": "'SHK3Dr'"
  },
  {
    "'23DHMPO'": "'EX_tyr_L(e)'",
    "'EX_ile_L(e)'": "'GLYTYRabc'",
    "'KARA2'": "'SHKK'"
  },
  {
    "'23DHMPO'": "'EX_tyr_L(e)'",
    "'EX_ile_L(e)'": "'RBK'",
    "'KARA2'": "'TALA'"
  },
  {
    "'23DHMPO'": "'EX_tyr_L(e)'",
    "'EX_ile_L(e)'": "'RBK'",
    "'KARA2'": "'TKT1'"
  },
  {
    "'23DHMPO'": "'EX_tyr_L(e)'",
    "'EX_ile_L(e)'": "'RIBabc'",
    "'KARA2'": "'TALA'"
  },
  {
    "'23DHMPO'": "'EX_tyr_L(e)'",
    "'EX_ile_L(e)'": "'RIBabc'",
    "'KARA2'": "'TKT1'"
  },
  {
    "'23DHMPO'": "'EX_val_L(e)'",
    "'EX_ile_L(e)'": "'KARA1'",
    "'KARA2'": "'KARA3'"
  },
  {
    "'23DHMPO'": "'FE2abc'",
    "'EX_ile_L(e)'": "'FE3abc'",
    "'KARA2'": "'FE3t4'"
  },
  {
    "'23DHMPO'": "'FTHFL'",
    "'EX_ile_L(e)'": "'GHMT2r'",
    "'KARA2'": "'GLYCL'"
  },
  {
    "'23DHMPO'": "'FTHFL'",
    "'EX_ile_L(e)'": "'GLYCL'",
    "'KARA2'": "'SERt2r'"
  },
  {
    "'23DHMPO'": "'FUM'",
    "'EX_ile_L(e)'": "'SUCCt2r'",
    "'KARA2'": "'SUCOAS'"
  },
  {
    "'23DHMPO'": "'G3PD1'",
    "'EX_ile_L(e)'": "'G3PD2'",
    "'KARA2'": "'GLYK'"
  },
  {
    "'23DHMPO'": "'GALabc'",
    "'EX_ile_L(e)'": "'LACZ'",
    "'KARA2'": "'PGMT'"
  },
  {
    "'23DHMPO'": "'GALabc'",
    "'EX_ile_L(e)'": "'LCTSabc'",
    "'KARA2'": "'PGMT'"
  },
  {
    "'23DHMPO'": "'GAPD'",
    "'EX_ile_L(e)'": "'MALCOAPYRCT'",
    "'KARA2'": "'TKT2'"
  },
  {
    "'23DHMPO'": "'GHMT2r'",
    "'EX_ile_L(e)'": "'GLYCL'",
    "'KARA2'": "'MTHFC'"
  },
  {
    "'23DHMPO'": "'GHMT2r'",
    "'EX_ile_L(e)'": "'GLYCL'",
    "'KARA2'": "'MTHFD'"
  },
  {
    "'23DHMPO'": "'GLYCL'",
    "'EX_ile_L(e)'": "'MTHFC'",
    "'KARA2'": "'SERt2r'"
  },
  {
    "'23DHMPO'": "'GLYCL'",
    "'EX_ile_L(e)'": "'MTHFD'",
    "'KARA2'": "'SERt2r'"
  },
  {
    "'23DHMPO'": "'GLYTYR1c'",
    "'EX_ile_L(e)'": "'LARGNAT'",
    "'KARA2'": "'TYRt2r'"
  },
  {
    "'23DHMPO'": "'GLYTYR1c'",
    "'EX_ile_L(e)'": "'PSCVT'",
    "'KARA2'": "'TYRt2r'"
  },
  {
    "'23DHMPO'": "'GLYTYR1c'",
    "'EX_ile_L(e)'": "'SHK3Dr'",
    "'KARA2'": "'TYRt2r'"
  },
  {
    "'23DHMPO'": "'GLYTYR1c'",
    "'EX_ile_L(e)'": "'SHKK'",
    "'KARA2'": "'TYRt2r'"
  },
  {
    "'23DHMPO'": "'GLYTYRabc'",
    "'EX_ile_L(e)'": "'LARGNAT'",
    "'KARA2'": "'TYRt2r'"
  },
  {
    "'23DHMPO'": "'GLYTYRabc'",
    "'EX_ile_L(e)'": "'PSCVT'",
    "'KARA2'": "'TYRt2r'"
  },
  {
    "'23DHMPO'": "'GLYTYRabc'",
    "'EX_ile_L(e)'": "'SHK3Dr'",
    "'KARA2'": "'TYRt2r'"
  },
  {
    "'23DHMPO'": "'GLYTYRabc'",
    "'EX_ile_L(e)'": "'SHKK'",
    "'KARA2'": "'TYRt2r'"
  },
  {
    "'23DHMPO'": "'GUAD'",
    "'EX_ile_L(e)'": "'GUAPRT'",
    "'KARA2'": "'IMPD'"
  },
  {
    "'23DHMPO'": "'GUAPRT'",
    "'EX_ile_L(e)'": "'IMPD'",
    "'KARA2'": "'XPPTr'"
  },
  {
    "'23DHMPO'": "'IPDDI'",
    "'EX_ile_L(e)'": "'IPDPS'",
    "'KARA2'": "'IPDPS2'"
  },
  {
    "'23DHMPO'": "'KARA1'",
    "'EX_ile_L(e)'": "'KARA3'",
    "'KARA2'": "'VALTA'"
  },
  {
    "'23DHMPO'": "'KARA1'",
    "'EX_ile_L(e)'": "'KARA3'",
    "'KARA2'": "'VALt2r'"
  },
  {
    "'23DHMPO'": "'LARGNAT'",
    "'EX_ile_L(e)'": "'RBK'",
    "'KARA2'": "'TALA'"
  },
  {
    "'23DHMPO'": "'LARGNAT'",
    "'EX_ile_L(e)'": "'RBK'",
    "'KARA2'": "'TKT1'"
  },
  {
    "'23DHMPO'": "'LARGNAT'",
    "'EX_ile_L(e)'": "'RIBabc'",
    "'KARA2'": "'TALA'"
  },
  {
    "'23DHMPO'": "'LARGNAT'",
    "'EX_ile_L(e)'": "'RIBabc'",
    "'KARA2'": "'TKT1'"
  },
  {
    "'23DHMPO'": "'MALCOAPYRCT'",
    "'EX_ile_L(e)'": "'PGM'",
    "'KARA2'": "'TKT2'"
  },
  {
    "'23DHMPO'": "'PSCVT'",
    "'EX_ile_L(e)'": "'RBK'",
    "'KARA2'": "'TALA'"
  },
  {
    "'23DHMPO'": "'PSCVT'",
    "'EX_ile_L(e)'": "'RBK'",
    "'KARA2'": "'TKT1'"
  },
  {
    "'23DHMPO'": "'PSCVT'",
    "'EX_ile_L(e)'": "'RIBabc'",
    "'KARA2'": "'TALA'"
  },
  {
    "'23DHMPO'": "'PSCVT'",
    "'EX_ile_L(e)'": "'RIBabc'",
    "'KARA2'": "'TKT1'"
  },
  {
    "'23DHMPO'": "'PSCVT'",
    "'EX_ile_L(e)'": "'RPE'",
    "'KARA2'": "'TALA'"
  },
  {
    "'23DHMPO'": "'PSCVT'",
    "'EX_ile_L(e)'": "'RPI'",
    "'KARA2'": "'TALA'"
  },
  {
    "'23DHMPO'": "'RBK'",
    "'EX_ile_L(e)'": "'SHK3Dr'",
    "'KARA2'": "'TALA'"
  },
  {
    "'23DHMPO'": "'RBK'",
    "'EX_ile_L(e)'": "'SHK3Dr'",
    "'KARA2'": "'TKT1'"
  },
  {
    "'23DHMPO'": "'RBK'",
    "'EX_ile_L(e)'": "'SHKK'",
    "'KARA2'": "'TALA'"
  },
  {
    "'23DHMPO'": "'RBK'",
    "'EX_ile_L(e)'": "'SHKK'",
    "'KARA2'": "'TKT1'"
  },
  {
    "'23DHMPO'": "'RBK'",
    "'EX_ile_L(e)'": "'TALA'",
    "'KARA2'": "'TYRt2r'"
  },
  {
    "'23DHMPO'": "'RBK'",
    "'EX_ile_L(e)'": "'TKT1'",
    "'KARA2'": "'TYRt2r'"
  },
  {
    "'23DHMPO'": "'RIBabc'",
    "'EX_ile_L(e)'": "'SHK3Dr'",
    "'KARA2'": "'TALA'"
  },
  {
    "'23DHMPO'": "'RIBabc'",
    "'EX_ile_L(e)'": "'SHK3Dr'",
    "'KARA2'": "'TKT1'"
  },
  {
    "'23DHMPO'": "'RIBabc'",
    "'EX_ile_L(e)'": "'SHKK'",
    "'KARA2'": "'TALA'"
  },
  {
    "'23DHMPO'": "'RIBabc'",
    "'EX_ile_L(e)'": "'SHKK'",
    "'KARA2'": "'TKT1'"
  },
  {
    "'23DHMPO'": "'RIBabc'",
    "'EX_ile_L(e)'": "'TALA'",
    "'KARA2'": "'TYRt2r'"
  },
  {
    "'23DHMPO'": "'RIBabc'",
    "'EX_ile_L(e)'": "'TKT1'",
    "'KARA2'": "'TYRt2r'"
  },
  {
    "'23DHMPO'": "'RPE'",
    "'EX_ile_L(e)'": "'SHK3Dr'",
    "'KARA2'": "'TALA'"
  },
  {
    "'23DHMPO'": "'RPE'",
    "'EX_ile_L(e)'": "'SHKK'",
    "'KARA2'": "'TALA'"
  },
  {
    "'23DHMPO'": "'RPI'",
    "'EX_ile_L(e)'": "'SHK3Dr'",
    "'KARA2'": "'TALA'"
  },
  {
    "'23DHMPO'": "'RPI'",
    "'EX_ile_L(e)'": "'SHKK'",
    "'KARA2'": "'TALA'"
  },
  {
    "'23DHMPO'": "'TRPS1'",
    "'EX_ile_L(e)'": "'TRPS2'",
    "'KARA2'": "'TRPt2r'"
  },
  {
    "'23DHMPO'": "'TRPS1'",
    "'EX_ile_L(e)'": "'TRPS3'",
    "'KARA2'": "'TRPt2r'"
  }
]