[
  {
    "'g.26676.CDS.584'": "'Unknown'"
  },
  {
    "'g.26676.CDS.584'": "'g.26676.CDS.597'"
  },
  {
    "'g.26676.CDS.584'": "'g.26676.CDS.659'"
  },
  {
    "'g.26676.CDS.584'": "'g.26676.CDS.48'"
  },
  {
    "'g.26676.CDS.584'": "'g.26676.CDS.486'"
  },
  {
    "'g.26676.CDS.584'": "'435830.3.peg.1209'"
  },
  {
    "'g.26676.CDS.584'": "'435830.3.peg.1086'"
  },
  {
    "'g.26676.CDS.584'": "'g.26676.CDS.1545'"
  },
  {
    "'g.26676.CDS.584'": "'435830.3.peg.1522'"
  },
  {
    "'g.26676.CDS.584'": "'435830.3.peg.1467'"
  },
  {
    "'g.26676.CDS.584'": "'g.26676.CDS.728'"
  },
  {
    "'g.26676.CDS.584'": "'g.26676.CDS.1745'"
  },
  {
    "'g.26676.CDS.584'": "'g.26676.CDS.401'"
  },
  {
    "'g.26676.CDS.584'": "'g.26676.CDS.71'"
  },
  {
    "'g.26676.CDS.584'": "'g.26676.CDS.1433'"
  },
  {
    "'g.26676.CDS.584'": "'435830.3.peg.1670'"
  },
  {
    "'g.26676.CDS.584'": "'435830.3.peg.966'"
  },
  {
    "'g.26676.CDS.584'": "'g.26676.CDS.837'"
  },
  {
    "'g.26676.CDS.584'": "'g.26676.CDS.214'"
  },
  {
    "'g.26676.CDS.584'": "'435830.3.peg.517'"
  },
  {
    "'g.26676.CDS.584'": "'g.26676.CDS.1115'"
  },
  {
    "'g.26676.CDS.584'": "'g.26676.CDS.797'"
  },
  {
    "'g.26676.CDS.584'": "'g.26676.CDS.676'"
  },
  {
    "'g.26676.CDS.584'": "'435830.3.peg.372'"
  },
  {
    "'g.26676.CDS.584'": "'435830.3.peg.223'"
  },
  {
    "'g.26676.CDS.584'": "'g.26676.CDS.616'"
  },
  {
    "'g.26676.CDS.584'": "'g.26676.CDS.1554'"
  },
  {
    "'g.26676.CDS.584'": "'g.26676.CDS.722'"
  },
  {
    "'g.26676.CDS.584'": "'g.26676.CDS.11'"
  },
  {
    "'g.26676.CDS.584'": "'g.26676.CDS.822'"
  },
  {
    "'g.26676.CDS.584'": "'435830.3.peg.113'"
  },
  {
    "'g.26676.CDS.584'": "'g.26676.CDS.1497'"
  },
  {
    "'g.26676.CDS.584'": "'g.26676.CDS.278'"
  },
  {
    "'g.26676.CDS.584'": "'g.26676.CDS.1076'"
  },
  {
    "'g.26676.CDS.584'": "'g.26676.CDS.1750'"
  },
  {
    "'g.26676.CDS.584'": "'g.26676.CDS.1105'"
  },
  {
    "'g.26676.CDS.584'": "'g.26676.CDS.959'"
  },
  {
    "'g.26676.CDS.584'": "'g.26676.CDS.983'"
  },
  {
    "'g.26676.CDS.584'": "'g.26676.CDS.1688'"
  },
  {
    "'g.26676.CDS.584'": "'g.26676.CDS.1634'"
  },
  {
    "'g.26676.CDS.584'": "'g.26676.CDS.1664'"
  },
  {
    "'g.26676.CDS.584'": "'g.26676.CDS.903'"
  },
  {
    "'g.26676.CDS.584'": "'435830.3.peg.312'"
  },
  {
    "'g.26676.CDS.584'": "'g.26676.CDS.289'"
  },
  {
    "'g.26676.CDS.584'": "'g.26676.CDS.556'"
  },
  {
    "'g.26676.CDS.584'": "'435830.3.peg.671'"
  },
  {
    "'g.26676.CDS.584'": "'g.26676.CDS.1629'"
  },
  {
    "'g.26676.CDS.584'": "'435830.3.peg.1466'"
  },
  {
    "'g.26676.CDS.584'": "'435830.3.peg.1519'"
  },
  {
    "'g.26676.CDS.584'": "'g.26676.CDS.1593'"
  },
  {
    "'g.26676.CDS.584'": "'435830.3.peg.448'"
  },
  {
    "'g.26676.CDS.584'": "'g.26676.CDS.1247'"
  },
  {
    "'g.26676.CDS.584'": "'g.26676.CDS.892'"
  },
  {
    "'g.26676.CDS.584'": "'g.26676.CDS.1472'"
  },
  {
    "'g.26676.CDS.584'": "'g.26676.CDS.459'"
  },
  {
    "'g.26676.CDS.584'": "'435830.3.peg.968'"
  },
  {
    "'g.26676.CDS.584'": "'g.26676.CDS.1333'"
  },
  {
    "'g.26676.CDS.584'": "'g.26676.CDS.1482'"
  },
  {
    "'g.26676.CDS.584'": "'g.26676.CDS.243'"
  },
  {
    "'g.26676.CDS.584'": "'g.26676.CDS.101'"
  },
  {
    "'g.26676.CDS.584'": "'g.26676.CDS.678'"
  },
  {
    "'g.26676.CDS.584'": "'g.26676.CDS.585'"
  },
  {
    "'g.26676.CDS.584'": "'g.26676.CDS.856'"
  },
  {
    "'g.26676.CDS.584'": "'g.26676.CDS.793'"
  },
  {
    "'g.26676.CDS.584'": "'g.26676.CDS.163'"
  },
  {
    "'g.26676.CDS.584'": "'435830.3.peg.206'"
  },
  {
    "'g.26676.CDS.584'": "'g.26676.CDS.1017'"
  },
  {
    "'g.26676.CDS.584'": "'g.26676.CDS.1025'"
  },
  {
    "'g.26676.CDS.584'": "'g.26676.CDS.107'"
  },
  {
    "'g.26676.CDS.584'": "'g.26676.CDS.1111'"
  },
  {
    "'g.26676.CDS.584'": "'g.26676.CDS.1151'"
  },
  {
    "'g.26676.CDS.584'": "'g.26676.CDS.1350'"
  },
  {
    "'g.26676.CDS.584'": "'g.26676.CDS.1397'"
  },
  {
    "'g.26676.CDS.584'": "'g.26676.CDS.1494'"
  },
  {
    "'g.26676.CDS.584'": "'g.26676.CDS.161'"
  },
  {
    "'g.26676.CDS.584'": "'g.26676.CDS.1729'"
  },
  {
    "'g.26676.CDS.584'": "'g.26676.CDS.222'"
  },
  {
    "'g.26676.CDS.584'": "'g.26676.CDS.352'"
  },
  {
    "'g.26676.CDS.584'": "'g.26676.CDS.483'"
  },
  {
    "'g.26676.CDS.584'": "'g.26676.CDS.73'"
  },
  {
    "'g.26676.CDS.584'": "'g.26676.CDS.740'"
  },
  {
    "'g.26676.CDS.584'": "'g.26676.CDS.1012'"
  },
  {
    "'g.26676.CDS.584'": "'g.26676.CDS.1031'"
  },
  {
    "'g.26676.CDS.584'": "'g.26676.CDS.1041'"
  },
  {
    "'g.26676.CDS.584'": "'g.26676.CDS.1067'"
  },
  {
    "'g.26676.CDS.584'": "'g.26676.CDS.1081'"
  },
  {
    "'g.26676.CDS.584'": "'g.26676.CDS.1095'"
  },
  {
    "'g.26676.CDS.584'": "'g.26676.CDS.1122'"
  },
  {
    "'g.26676.CDS.584'": "'g.26676.CDS.1138'"
  },
  {
    "'g.26676.CDS.584'": "'g.26676.CDS.1154'"
  },
  {
    "'g.26676.CDS.584'": "'g.26676.CDS.1156'"
  },
  {
    "'g.26676.CDS.584'": "'g.26676.CDS.1171'"
  },
  {
    "'g.26676.CDS.584'": "'g.26676.CDS.1196'"
  },
  {
    "'g.26676.CDS.584'": "'g.26676.CDS.1198'"
  },
  {
    "'g.26676.CDS.584'": "'g.26676.CDS.1213'"
  },
  {
    "'g.26676.CDS.584'": "'g.26676.CDS.1216'"
  },
  {
    "'g.26676.CDS.584'": "'g.26676.CDS.1243'"
  },
  {
    "'g.26676.CDS.584'": "'g.26676.CDS.1248'"
  },
  {
    "'g.26676.CDS.584'": "'g.26676.CDS.1274'"
  },
  {
    "'g.26676.CDS.584'": "'g.26676.CDS.1291'"
  },
  {
    "'g.26676.CDS.584'": "'g.26676.CDS.1303'"
  },
  {
    "'g.26676.CDS.584'": "'g.26676.CDS.1334'"
  },
  {
    "'g.26676.CDS.584'": "'g.26676.CDS.1384'"
  },
  {
    "'g.26676.CDS.584'": "'g.26676.CDS.1388'"
  },
  {
    "'g.26676.CDS.584'": "'g.26676.CDS.1414'"
  },
  {
    "'g.26676.CDS.584'": "'g.26676.CDS.1420'"
  },
  {
    "'g.26676.CDS.584'": "'g.26676.CDS.1427'"
  },
  {
    "'g.26676.CDS.584'": "'g.26676.CDS.1436'"
  },
  {
    "'g.26676.CDS.584'": "'g.26676.CDS.1439'"
  },
  {
    "'g.26676.CDS.584'": "'g.26676.CDS.1492'"
  },
  {
    "'g.26676.CDS.584'": "'g.26676.CDS.1500'"
  },
  {
    "'g.26676.CDS.584'": "'g.26676.CDS.1508'"
  },
  {
    "'g.26676.CDS.584'": "'g.26676.CDS.1521'"
  },
  {
    "'g.26676.CDS.584'": "'g.26676.CDS.1532'"
  },
  {
    "'g.26676.CDS.584'": "'g.26676.CDS.1572'"
  },
  {
    "'g.26676.CDS.584'": "'g.26676.CDS.1575'"
  },
  {
    "'g.26676.CDS.584'": "'g.26676.CDS.1577'"
  },
  {
    "'g.26676.CDS.584'": "'g.26676.CDS.1589'"
  },
  {
    "'g.26676.CDS.584'": "'g.26676.CDS.1610'"
  },
  {
    "'g.26676.CDS.584'": "'g.26676.CDS.1625'"
  },
  {
    "'g.26676.CDS.584'": "'g.26676.CDS.1632'"
  },
  {
    "'g.26676.CDS.584'": "'g.26676.CDS.1647'"
  },
  {
    "'g.26676.CDS.584'": "'g.26676.CDS.1651'"
  },
  {
    "'g.26676.CDS.584'": "'g.26676.CDS.1703'"
  },
  {
    "'g.26676.CDS.584'": "'g.26676.CDS.1706'"
  },
  {
    "'g.26676.CDS.584'": "'g.26676.CDS.1708'"
  },
  {
    "'g.26676.CDS.584'": "'g.26676.CDS.174'"
  },
  {
    "'g.26676.CDS.584'": "'g.26676.CDS.190'"
  },
  {
    "'g.26676.CDS.584'": "'g.26676.CDS.248'"
  },
  {
    "'g.26676.CDS.584'": "'g.26676.CDS.337'"
  },
  {
    "'g.26676.CDS.584'": "'g.26676.CDS.340'"
  },
  {
    "'g.26676.CDS.584'": "'g.26676.CDS.420'"
  },
  {
    "'g.26676.CDS.584'": "'g.26676.CDS.434'"
  },
  {
    "'g.26676.CDS.584'": "'g.26676.CDS.443'"
  },
  {
    "'g.26676.CDS.584'": "'g.26676.CDS.504'"
  },
  {
    "'g.26676.CDS.584'": "'g.26676.CDS.548'"
  },
  {
    "'g.26676.CDS.584'": "'g.26676.CDS.551'"
  },
  {
    "'g.26676.CDS.584'": "'g.26676.CDS.562'"
  },
  {
    "'g.26676.CDS.584'": "'g.26676.CDS.57'"
  },
  {
    "'g.26676.CDS.584'": "'g.26676.CDS.588'"
  },
  {
    "'g.26676.CDS.584'": "'g.26676.CDS.68'"
  },
  {
    "'g.26676.CDS.584'": "'g.26676.CDS.742'"
  },
  {
    "'g.26676.CDS.584'": "'g.26676.CDS.790'"
  },
  {
    "'g.26676.CDS.584'": "'g.26676.CDS.792'"
  },
  {
    "'g.26676.CDS.584'": "'g.26676.CDS.859'"
  },
  {
    "'g.26676.CDS.584'": "'g.26676.CDS.864'"
  },
  {
    "'g.26676.CDS.584'": "'g.26676.CDS.918'"
  },
  {
    "'g.26676.CDS.584'": "'g.26676.CDS.926'"
  },
  {
    "'g.26676.CDS.584'": "'g.26676.CDS.938'"
  },
  {
    "'g.26676.CDS.584'": "'g.26676.CDS.1469'"
  },
  {
    "'g.26676.CDS.584'": "'g.26676.CDS.160'"
  },
  {
    "'g.26676.CDS.584'": "'g.26676.CDS.1717'"
  },
  {
    "'g.26676.CDS.584'": "'g.26676.CDS.1771'"
  },
  {
    "'g.26676.CDS.584'": "'g.26676.CDS.288'"
  },
  {
    "'g.26676.CDS.584'": "'g.26676.CDS.324'"
  },
  {
    "'g.26676.CDS.584'": "'g.26676.CDS.349'"
  },
  {
    "'g.26676.CDS.584'": "'g.26676.CDS.397'"
  },
  {
    "'g.26676.CDS.584'": "'g.26676.CDS.600'"
  },
  {
    "'g.26676.CDS.584'": "'g.26676.CDS.898'"
  },
  {
    "'g.26676.CDS.584'": "'g.26676.CDS.915'"
  }
]