'3HACPR1','CO2t','PC'
'3HACPR1','EX_co2(e)','PC'
'3HACPR2','CO2t','PC'
'3HACPR2','EX_co2(e)','PC'
'3OAACPR1','CO2t','PC'
'3OAACPR1','EX_co2(e)','PC'
'3OAACPR2','CO2t','PC'
'3OAACPR2','EX_co2(e)','PC'
'ACACT1r','ACtr','OOR2r'
'ACACT1r','ACtr','POR4'
'ACACT1r','ACtr','SUCOAS'
'ACACT1r','EX_ac(e)','OOR2r'
'ACACT1r','EX_ac(e)','POR4'
'ACACT1r','EX_ac(e)','SUCOAS'
'ACACt2','ACtr','OOR2r'
'ACACt2','ACtr','POR4'
'ACACt2','ACtr','SUCOAS'
'ACACt2','EX_ac(e)','OOR2r'
'ACACt2','EX_ac(e)','POR4'
'ACACt2','EX_ac(e)','SUCOAS'
'ACKr','ATPS4','OOR2r'
'ACKr','ATPS4','POR4'
'ACKr','ATPS4','SUCOAS'
'ACtr','ATPS4','OOR2r'
'ACtr','ATPS4','POR4'
'ACtr','ATPS4','SUCOAS'
'ACtr','EX_acac(e)','OOR2r'
'ACtr','EX_acac(e)','POR4'
'ACtr','EX_acac(e)','SUCOAS'
'ACtr','OCOAT1','OOR2r'
'ACtr','OCOAT1','POR4'
'ACtr','OCOAT1','SUCOAS'
'ADK11','NDPK6','RNDR4'
'ADK7','GK1','NDPK8'
'ADK7','GK2','NDPK8'
'ADPT','CO2t','PC'
'ADPT','EX_co2(e)','PC'
'AHCYSNS','CO2t','PC'
'AHCYSNS','EX_co2(e)','PC'
'ALAHIS1c','ATPPRT','EX_his_L(e)'
'ALAHIS1c','ATPPRT','HISt2r'
'ALAHIS1c','EX_his_L(e)','HISTP'
'ALAHIS1c','EX_his_L(e)','HSTPTr'
'ALAHIS1c','EX_his_L(e)','IG3PS'
'ALAHIS1c','EX_his_L(e)','IGPDH'
'ALAHIS1c','EX_his_L(e)','PRAMPC'
'ALAHIS1c','EX_his_L(e)','PRATPP'
'ALAHIS1c','EX_his_L(e)','PRMICI'
'ALAHIS1c','HISTP','HISt2r'
'ALAHIS1c','HISt2r','HSTPTr'
'ALAHIS1c','HISt2r','IG3PS'
'ALAHIS1c','HISt2r','IGPDH'
'ALAHIS1c','HISt2r','PRAMPC'
'ALAHIS1c','HISt2r','PRATPP'
'ALAHIS1c','HISt2r','PRMICI'
'ALAHISabc','ATPPRT','EX_his_L(e)'
'ALAHISabc','ATPPRT','HISt2r'
'ALAHISabc','EX_his_L(e)','HISTP'
'ALAHISabc','EX_his_L(e)','HSTPTr'
'ALAHISabc','EX_his_L(e)','IG3PS'
'ALAHISabc','EX_his_L(e)','IGPDH'
'ALAHISabc','EX_his_L(e)','PRAMPC'
'ALAHISabc','EX_his_L(e)','PRATPP'
'ALAHISabc','EX_his_L(e)','PRMICI'
'ALAHISabc','HISTP','HISt2r'
'ALAHISabc','HISt2r','HSTPTr'
'ALAHISabc','HISt2r','IG3PS'
'ALAHISabc','HISt2r','IGPDH'
'ALAHISabc','HISt2r','PRAMPC'
'ALAHISabc','HISt2r','PRATPP'
'ALAHISabc','HISt2r','PRMICI'
'ALALEU1c','EX_gly(e)','EX_leu_L(e)'
'ALALEU1c','EX_gly(e)','LEUabc'
'ALALEU1c','EX_glyleu(e)','EX_leu_L(e)'
'ALALEU1c','EX_glyleu(e)','LEUabc'
'ALALEU1c','EX_leu_L(e)','GLYLEUHYDROc'
'ALALEU1c','EX_leu_L(e)','GLYLEUPEPT1tc'
'ALALEU1c','EX_leu_L(e)','GLYt2r'
'ALALEU1c','GLYLEUHYDROc','LEUabc'
'ALALEU1c','GLYLEUPEPT1tc','LEUabc'
'ALALEU1c','GLYt2r','LEUabc'
'ALALEUabc','EX_gly(e)','EX_leu_L(e)'
'ALALEUabc','EX_gly(e)','LEUabc'
'ALALEUabc','EX_glyleu(e)','EX_leu_L(e)'
'ALALEUabc','EX_glyleu(e)','LEUabc'
'ALALEUabc','EX_leu_L(e)','GLYLEUHYDROc'
'ALALEUabc','EX_leu_L(e)','GLYLEUPEPT1tc'
'ALALEUabc','EX_leu_L(e)','GLYt2r'
'ALALEUabc','GLYLEUHYDROc','LEUabc'
'ALALEUabc','GLYLEUPEPT1tc','LEUabc'
'ALALEUabc','GLYt2r','LEUabc'
'ALATHR1c','EX_thr_L(e)','HSK'
'ALATHR1c','EX_thr_L(e)','THRS'
'ALATHR1c','HSK','THRt2r'
'ALATHR1c','THRS','THRt2r'
'ALATHRabc','EX_thr_L(e)','HSK'
'ALATHRabc','EX_thr_L(e)','THRS'
'ALATHRabc','HSK','THRt2r'
'ALATHRabc','THRS','THRt2r'
'ALCD1','CO2t','PC'
'ALCD1','EX_co2(e)','PC'
'ALDD1','CO2t','PC'
'ALDD1','EX_co2(e)','PC'
'AMAOTr','CO2t','PC'
'AMAOTr','EX_co2(e)','PC'
'AMPTASECG','AMPTASEGC','CYSt2r'
'AMPTASECG','AMPTASEGC','EX_cys_L(e)'
'AMPTASECG','CYSt2r','EX_glycys(e)'
'AMPTASECG','CYSt2r','GLYCYSabc'
'AMPTASECG','EX_cys_L(e)','EX_glycys(e)'
'AMPTASECG','EX_cys_L(e)','GLYCYSabc'
'AMPTASEGC','CGLYabc','CYSt2r'
'AMPTASEGC','CGLYabc','EX_cys_L(e)'
'AMPTASEGC','CYSt2r','EX_cgly(e)'
'AMPTASEGC','EX_cgly(e)','EX_cys_L(e)'
'AOXSr2','CO2t','PC'
'AOXSr2','EX_co2(e)','PC'
'ATPPRT','EX_alahis(e)','EX_his_L(e)'
'ATPPRT','EX_alahis(e)','HISt2r'
'ATPS4','EX_ac(e)','OOR2r'
'ATPS4','EX_ac(e)','POR4'
'ATPS4','EX_ac(e)','SUCOAS'
'ATPS4','OOR2r','PTAr'
'ATPS4','POR4','PTAr'
'ATPS4','PTAr','SUCOAS'
'BTS4','CO2t','PC'
'BTS4','EX_co2(e)','PC'
'CGLYabc','CYSt2r','EX_glycys(e)'
'CGLYabc','CYSt2r','GLYCYSabc'
'CGLYabc','EX_cys_L(e)','EX_glycys(e)'
'CGLYabc','EX_cys_L(e)','GLYCYSabc'
'CHORM','EX_gly(e)','EX_tyr_L(e)'
'CHORM','EX_gly(e)','TYRt2r'
'CHORM','EX_glytyr(e)','EX_tyr_L(e)'
'CHORM','EX_glytyr(e)','TYRt2r'
'CHORM','EX_nac(e)','TALA'
'CHORM','EX_nac(e)','TKT1'
'CHORM','EX_nmn(e)','TALA'
'CHORM','EX_nmn(e)','TKT1'
'CHORM','EX_pi(e)','PPA'
'CHORM','EX_tyr_L(e)','GLYTYR1c'
'CHORM','EX_tyr_L(e)','GLYTYRabc'
'CHORM','EX_tyr_L(e)','GLYt2r'
'CHORM','FBA','TKT2'
'CHORM','FBP','TKT2'
'CHORM','GLYTYR1c','TYRt2r'
'CHORM','GLYTYRabc','TYRt2r'
'CHORM','GLYt2r','TYRt2r'
'CHORM','NACt2r','TALA'
'CHORM','NACt2r','TKT1'
'CHORM','NMNt7','TALA'
'CHORM','NMNt7','TKT1'
'CHORM','NNAM','TALA'
'CHORM','NNAM','TKT1'
'CHORM','TKT2','TPI'
'CO2t','DBTS','PC'
'CO2t','DM_AMOB','PC'
'CO2t','DM_btn','PC'
'CO2t','DM_hcys_L[c]','PC'
'CO2t','EACPR1','PC'
'CO2t','EACPR2','PC'
'CO2t','EX_gly(e)','PC'
'CO2t','EX_nac(e)','PC'
'CO2t','EX_nmn(e)','PC'
'CO2t','EX_ser_L(e)','PC'
'CO2t','GACPCD','PC'
'CO2t','GLYt2r','PC'
'CO2t','MALCOACD','PC'
'CO2t','MALCOAMT','PC'
'CO2t','MCOATA','PC'
'CO2t','NACt2r','PC'
'CO2t','NMNt7','PC'
'CO2t','NNAM','PC'
'CO2t','PC','PMACPME'
'CO2t','PC','RBK'
'CO2t','PC','RHC'
'CO2t','PC','SERt2r'
'CO2t','PC','sink_s'
'CYSt2r','EX_cgly(e)','EX_glycys(e)'
'CYSt2r','EX_cgly(e)','GLYCYSabc'
'DBTS','EX_co2(e)','PC'
'DM_AMOB','EX_co2(e)','PC'
'DM_btn','EX_co2(e)','PC'
'DM_hcys_L[c]','EX_co2(e)','PC'
'EACPR1','EX_co2(e)','PC'
'EACPR2','EX_co2(e)','PC'
'EX_ac(e)','EX_acac(e)','OOR2r'
'EX_ac(e)','EX_acac(e)','POR4'
'EX_ac(e)','EX_acac(e)','SUCOAS'
'EX_ac(e)','OCOAT1','OOR2r'
'EX_ac(e)','OCOAT1','POR4'
'EX_ac(e)','OCOAT1','SUCOAS'
'EX_alahis(e)','EX_his_L(e)','HISTP'
'EX_alahis(e)','EX_his_L(e)','HSTPTr'
'EX_alahis(e)','EX_his_L(e)','IG3PS'
'EX_alahis(e)','EX_his_L(e)','IGPDH'
'EX_alahis(e)','EX_his_L(e)','PRAMPC'
'EX_alahis(e)','EX_his_L(e)','PRATPP'
'EX_alahis(e)','EX_his_L(e)','PRMICI'
'EX_alahis(e)','HISTP','HISt2r'
'EX_alahis(e)','HISt2r','HSTPTr'
'EX_alahis(e)','HISt2r','IG3PS'
'EX_alahis(e)','HISt2r','IGPDH'
'EX_alahis(e)','HISt2r','PRAMPC'
'EX_alahis(e)','HISt2r','PRATPP'
'EX_alahis(e)','HISt2r','PRMICI'
'EX_alaleu(e)','EX_gly(e)','EX_leu_L(e)'
'EX_alaleu(e)','EX_gly(e)','LEUabc'
'EX_alaleu(e)','EX_glyleu(e)','EX_leu_L(e)'
'EX_alaleu(e)','EX_glyleu(e)','LEUabc'
'EX_alaleu(e)','EX_leu_L(e)','GLYLEUHYDROc'
'EX_alaleu(e)','EX_leu_L(e)','GLYLEUPEPT1tc'
'EX_alaleu(e)','EX_leu_L(e)','GLYt2r'
'EX_alaleu(e)','GLYLEUHYDROc','LEUabc'
'EX_alaleu(e)','GLYLEUPEPT1tc','LEUabc'
'EX_alaleu(e)','GLYt2r','LEUabc'
'EX_alathr(e)','EX_thr_L(e)','HSK'
'EX_alathr(e)','EX_thr_L(e)','THRS'
'EX_alathr(e)','HSK','THRt2r'
'EX_alathr(e)','THRS','THRt2r'
'EX_cgly(e)','EX_cys_L(e)','EX_glycys(e)'
'EX_cgly(e)','EX_cys_L(e)','GLYCYSabc'
'EX_co2(e)','EX_gly(e)','PC'
'EX_co2(e)','EX_nac(e)','PC'
'EX_co2(e)','EX_nmn(e)','PC'
'EX_co2(e)','EX_ser_L(e)','PC'
'EX_co2(e)','GACPCD','PC'
'EX_co2(e)','GLYt2r','PC'
'EX_co2(e)','MALCOACD','PC'
'EX_co2(e)','MALCOAMT','PC'
'EX_co2(e)','MCOATA','PC'
'EX_co2(e)','NACt2r','PC'
'EX_co2(e)','NMNt7','PC'
'EX_co2(e)','NNAM','PC'
'EX_co2(e)','PC','PMACPME'
'EX_co2(e)','PC','RBK'
'EX_co2(e)','PC','RHC'
'EX_co2(e)','PC','SERt2r'
'EX_co2(e)','PC','sink_s'
'EX_for(e)','FDH','FDH2'
'EX_gly(e)','EX_met_L(e)','EX_metala(e)'
'EX_gly(e)','EX_met_L(e)','METALA1c'
'EX_gly(e)','EX_met_L(e)','METALAabc'
'EX_gly(e)','EX_metala(e)','METabc'
'EX_gly(e)','EX_phe_L(e)','PHETA1'
'EX_gly(e)','EX_phe_L(e)','PPNDH'
'EX_gly(e)','EX_pi(e)','TALA'
'EX_gly(e)','EX_pi(e)','TKT1'
'EX_gly(e)','METALA1c','METabc'
'EX_gly(e)','METALAabc','METabc'
'EX_gly(e)','PHETA1','PHEt2r'
'EX_gly(e)','PHEt2r','PPNDH'
'EX_gly(e)','PROt2r','PROt4'
'EX_glymet(e)','EX_met_L(e)','EX_metala(e)'
'EX_glymet(e)','EX_met_L(e)','METALA1c'
'EX_glymet(e)','EX_met_L(e)','METALAabc'
'EX_glymet(e)','EX_metala(e)','METabc'
'EX_glymet(e)','METALA1c','METabc'
'EX_glymet(e)','METALAabc','METabc'
'EX_glyphe(e)','EX_phe_L(e)','PHETA1'
'EX_glyphe(e)','EX_phe_L(e)','PPNDH'
'EX_glyphe(e)','PHETA1','PHEt2r'
'EX_glyphe(e)','PHEt2r','PPNDH'
'EX_glypro(e)','PROt2r','PROt4'
'EX_glytyr(e)','EX_tyr_L(e)','TKT2'
'EX_glytyr(e)','TKT2','TYRt2r'
'EX_met_L(e)','EX_metala(e)','GLYMET1c'
'EX_met_L(e)','EX_metala(e)','GLYMETabc'
'EX_met_L(e)','EX_metala(e)','GLYt2r'
'EX_met_L(e)','GLYMET1c','METALA1c'
'EX_met_L(e)','GLYMET1c','METALAabc'
'EX_met_L(e)','GLYMETabc','METALA1c'
'EX_met_L(e)','GLYMETabc','METALAabc'
'EX_met_L(e)','GLYt2r','METALA1c'
'EX_met_L(e)','GLYt2r','METALAabc'
'EX_metala(e)','GLYMET1c','METabc'
'EX_metala(e)','GLYMETabc','METabc'
'EX_metala(e)','GLYt2r','METabc'
'EX_nh4(e)','EX_pi(e)','GLNS'
'EX_nh4(e)','FBA','GLNS'
'EX_nh4(e)','FBP','GLNS'
'EX_nh4(e)','GLNS','RPE'
'EX_nh4(e)','GLNS','RPI'
'EX_nh4(e)','GLNS','TKT2'
'EX_nh4(e)','GLNS','TPI'
'EX_phe_L(e)','GLYPHEHYc','PHETA1'
'EX_phe_L(e)','GLYPHEHYc','PPNDH'
'EX_phe_L(e)','GLYPHEabc','PHETA1'
'EX_phe_L(e)','GLYPHEabc','PPNDH'
'EX_phe_L(e)','GLYt2r','PHETA1'
'EX_phe_L(e)','GLYt2r','PPNDH'
'EX_pi(e)','GLNS','NH4tb'
'EX_pi(e)','GLYt2r','TALA'
'EX_pi(e)','GLYt2r','TKT1'
'EX_pi(e)','PPA','TALA'
'EX_pi(e)','PPA','TKT1'
'EX_pi(e)','PPA','TKT2'
'EX_tyr_L(e)','GLYTYR1c','TKT2'
'EX_tyr_L(e)','GLYTYRabc','TKT2'
'FBA','GLNS','NH4tb'
'FBP','GLNS','NH4tb'
'FDH','FDH2','FORt'
'GLNS','NH4tb','RPE'
'GLNS','NH4tb','RPI'
'GLNS','NH4tb','TKT2'
'GLNS','NH4tb','TPI'
'GLYMET1c','METALA1c','METabc'
'GLYMET1c','METALAabc','METabc'
'GLYMETabc','METALA1c','METabc'
'GLYMETabc','METALAabc','METabc'
'GLYPHEHYc','PHETA1','PHEt2r'
'GLYPHEHYc','PHEt2r','PPNDH'
'GLYPHEabc','PHETA1','PHEt2r'
'GLYPHEabc','PHEt2r','PPNDH'
'GLYPROPRO1c','PROt2r','PROt4'
'GLYPROabc','PROt2r','PROt4'
'GLYTYR1c','TKT2','TYRt2r'
'GLYTYRabc','TKT2','TYRt2r'
'GLYt2r','METALA1c','METabc'
'GLYt2r','METALAabc','METabc'
'GLYt2r','PHETA1','PHEt2r'
'GLYt2r','PHEt2r','PPNDH'
'GLYt2r','PROt2r','PROt4'
