ECSE_3093,ECSE_1015
ECSE_1015,ECSE_4132
ECSE_1015,ECSE_0478
ECSE_3481,ECSE_2956
ECSE_3954,ECSE_0079
ECSE_3954,ECSE_0080
ECSE_0079,ECSE_3955
ECSE_3955,ECSE_0080
ECSE_2024,ECSE_2786
ECSE_0118,ECSE_1326
ECSE_1154,ECSE_4333
ECSE_0499,ECSE_2804
ECSE_0499,ECSE_1257
ECSE_0499,ECSE_4393
ECSE_0094,ECSE_0401
ECSE_1238,ECSE_4346
ECSE_2838,ECSE_3175
ECSE_2838,ECSE_4663
ECSE_3339,ECSE_4333
ECSE_0734,ECSE_4034
ECSE_4234,ECSE_0002
ECSE_0156,ECSE_1713
ECSE_2726,ECSE_4150
ECSE_3292,ECSE_1743
ECSE_2711,ECSE_2705
ECSE_0969,ECSE_0170
ECSE_3252,ECSE_3256
ECSE_3252,ECSE_3255
ECSE_3252,ECSE_3257
ECSE_0049,ECSE_1727
ECSE_2041,ECSE_0101
ECSE_1950,ECSE_3191
ECSE_1349,ECSE_4153
ECSE_1932,ECSE_3497
ECSE_1932,ECSE_3498
ECSE_2303,ECSE_3647
ECSE_3765,ECSE_0946
ECSE_0258,ECSE_2794
ECSE_0126,ECSE_0364
ECSE_3130,ECSE_2794
ECSE_3131,ECSE_2794
ECSE_3132,ECSE_2794
ECSE_2815,ECSE_1806
ECSE_2815,ECSE_1803
ECSE_2815,ECSE_1802
ECSE_2815,ECSE_1804
ECSE_2815,ECSE_1805
ECSE_2815,ECSE_1807
ECSE_2814,ECSE_1806
ECSE_2814,ECSE_1803
ECSE_2814,ECSE_1802
ECSE_2814,ECSE_1804
ECSE_2814,ECSE_1805
ECSE_2814,ECSE_1807
ECSE_4304,ECSE_4117
ECSE_0817,ECSE_2712
ECSE_0817,ECSE_2714
ECSE_0817,ECSE_2713
ECSE_0818,ECSE_2712
ECSE_0818,ECSE_2714
ECSE_0818,ECSE_2713
ECSE_2712,ECSE_0816
ECSE_2714,ECSE_0816
ECSE_2713,ECSE_0816
ECSE_3272,ECSE_4012
ECSE_3272,ECSE_4011
ECSE_3272,ECSE_4013
ECSE_3272,ECSE_4014
ECSE_1257,ECSE_4393
ECSE_1815,ECSE_3556
ECSE_0409,ECSE_3651
ECSE_3401,ECSE_4055
