SDY_0861,SDY_1488,SDY_3826
SDY_0861,SDY_3156,SDY_3826
SDY_0927,fadE,SDY_3922
SDY_2614,SDY_0954,SDY_3129
SDY_2614,SDY_0954,SDY_2587
SDY_2614,SDY_0953,SDY_3129
SDY_2614,SDY_0953,SDY_2587
SDY_2614,SDY_3129,SDY_0837
SDY_2614,SDY_3129,SDY_3588
SDY_2614,SDY_0837,SDY_2587
SDY_2614,SDY_3588,SDY_2587
SDY_2613,SDY_0954,SDY_3129
SDY_2613,SDY_0954,SDY_2587
SDY_2613,SDY_0953,SDY_3129
SDY_2613,SDY_0953,SDY_2587
SDY_2613,SDY_3129,SDY_0837
SDY_2613,SDY_3129,SDY_3588
SDY_2613,SDY_0837,SDY_2587
SDY_2613,SDY_3588,SDY_2587
SDY_2612,SDY_0954,SDY_3129
SDY_2612,SDY_0954,SDY_2587
SDY_2612,SDY_0953,SDY_3129
SDY_2612,SDY_0953,SDY_2587
SDY_2612,SDY_3129,SDY_0837
SDY_2612,SDY_3129,SDY_3588
SDY_2612,SDY_0837,SDY_2587
SDY_2612,SDY_3588,SDY_2587
SDY_0445,SDY_4643,SDY_3701
SDY_0146,SDY_2741,SDY_0281
SDY_0146,SDY_0954,SDY_1488
SDY_0146,SDY_0954,SDY_3156
SDY_0146,SDY_0953,SDY_1488
SDY_0146,SDY_0953,SDY_3156
SDY_0146,SDY_0281,SDY_3169
SDY_0146,SDY_0281,SDY_4649
SDY_2393,SDY_2741,SDY_4050
SDY_2393,SDY_2741,SDY_4049
SDY_2741,SDY_3177,SDY_0281
SDY_2741,SDY_3178,SDY_0281
SDY_2741,SDY_3176,SDY_0281
SDY_2577,SDY_2486,SDY_3707
SDY_3606,SDY_0336,SDY_0100
SDY_3606,SDY_0336,SDY_0098
SDY_3606,SDY_0336,SDY_0099
SDY_3606,SDY_0336,SDY_0101
SDY_3604,SDY_0336,SDY_0100
SDY_3604,SDY_0336,SDY_0098
SDY_3604,SDY_0336,SDY_0099
SDY_3604,SDY_0336,SDY_0101
SDY_3605,SDY_0336,SDY_0100
SDY_3605,SDY_0336,SDY_0098
SDY_3605,SDY_0336,SDY_0099
SDY_3605,SDY_0336,SDY_0101
SDY_3603,SDY_0336,SDY_0100
SDY_3603,SDY_0336,SDY_0098
SDY_3603,SDY_0336,SDY_0099
SDY_3603,SDY_0336,SDY_0101
SDY_4014,SDY_0954,SDY_1488
SDY_4014,SDY_0954,SDY_3156
SDY_4014,SDY_0953,SDY_1488
SDY_4014,SDY_0953,SDY_3156
SDY_4014,SDY_1488,SDY_1136
SDY_4014,SDY_1488,SDY_1137
SDY_4014,SDY_1488,SDY_3826
SDY_4014,SDY_1136,SDY_3156
SDY_4014,SDY_1137,SDY_3156
SDY_4014,SDY_3156,SDY_3826
SDY_4012,SDY_0954,SDY_1488
SDY_4012,SDY_0954,SDY_3156
SDY_4012,SDY_0953,SDY_1488
SDY_4012,SDY_0953,SDY_3156
SDY_4012,SDY_1488,SDY_1136
SDY_4012,SDY_1488,SDY_1137
SDY_4012,SDY_1488,SDY_3826
SDY_4012,SDY_1136,SDY_3156
SDY_4012,SDY_1137,SDY_3156
SDY_4012,SDY_3156,SDY_3826
SDY_4017,SDY_0954,SDY_1488
SDY_4017,SDY_0954,SDY_3156
SDY_4017,SDY_0953,SDY_1488
SDY_4017,SDY_0953,SDY_3156
SDY_4017,SDY_1488,SDY_1136
SDY_4017,SDY_1488,SDY_1137
SDY_4017,SDY_1488,SDY_3826
SDY_4017,SDY_1136,SDY_3156
SDY_4017,SDY_1137,SDY_3156
SDY_4017,SDY_3156,SDY_3826
SDY_4011,SDY_0954,SDY_1488
SDY_4011,SDY_0954,SDY_3156
SDY_4011,SDY_0953,SDY_1488
SDY_4011,SDY_0953,SDY_3156
SDY_4011,SDY_1488,SDY_1136
SDY_4011,SDY_1488,SDY_1137
SDY_4011,SDY_1488,SDY_3826
SDY_4011,SDY_1136,SDY_3156
SDY_4011,SDY_1137,SDY_3156
SDY_4011,SDY_3156,SDY_3826
SDY_4010,SDY_0954,SDY_1488
SDY_4010,SDY_0954,SDY_3156
SDY_4010,SDY_0953,SDY_1488
SDY_4010,SDY_0953,SDY_3156
SDY_4010,SDY_1488,SDY_1136
SDY_4010,SDY_1488,SDY_1137
SDY_4010,SDY_1488,SDY_3826
SDY_4010,SDY_1136,SDY_3156
SDY_4010,SDY_1137,SDY_3156
SDY_4010,SDY_3156,SDY_3826
SDY_4015,SDY_0954,SDY_1488
SDY_4015,SDY_0954,SDY_3156
SDY_4015,SDY_0953,SDY_1488
SDY_4015,SDY_0953,SDY_3156
SDY_4015,SDY_1488,SDY_1136
SDY_4015,SDY_1488,SDY_1137
SDY_4015,SDY_1488,SDY_3826
SDY_4015,SDY_1136,SDY_3156
SDY_4015,SDY_1137,SDY_3156
SDY_4015,SDY_3156,SDY_3826
SDY_4013,SDY_0954,SDY_1488
SDY_4013,SDY_0954,SDY_3156
SDY_4013,SDY_0953,SDY_1488
SDY_4013,SDY_0953,SDY_3156
SDY_4013,SDY_1488,SDY_1136
SDY_4013,SDY_1488,SDY_1137
SDY_4013,SDY_1488,SDY_3826
SDY_4013,SDY_1136,SDY_3156
SDY_4013,SDY_1137,SDY_3156
SDY_4013,SDY_3156,SDY_3826
SDY_4016,SDY_0954,SDY_1488
SDY_4016,SDY_0954,SDY_3156
SDY_4016,SDY_0953,SDY_1488
SDY_4016,SDY_0953,SDY_3156
SDY_4016,SDY_1488,SDY_1136
SDY_4016,SDY_1488,SDY_1137
SDY_4016,SDY_1488,SDY_3826
SDY_4016,SDY_1136,SDY_3156
SDY_4016,SDY_1137,SDY_3156
SDY_4016,SDY_3156,SDY_3826
SDY_3929,SDY_4261,SDY_3634
SDY_3929,SDY_4261,SDY_3632
SDY_3929,SDY_4261,SDY_3635
SDY_3929,SDY_4261,SDY_3631
SDY_3929,SDY_4261,SDY_3633
SDY_0954,SDY_1488,SDY_1136
SDY_0954,SDY_1488,SDY_1137
SDY_0954,SDY_1488,SDY_1138
SDY_0954,SDY_1488,SDY_3129
SDY_0954,SDY_1488,SDY_2587
SDY_0954,SDY_1488,SDY_0145
SDY_0954,SDY_1488,SDY_0144
SDY_0954,SDY_1488,SDY_2011
SDY_0954,SDY_1488,SDY_1794
SDY_0954,SDY_1488,SDY_2493
SDY_0954,SDY_1488,SDY_3826
SDY_0954,SDY_1136,SDY_3156
SDY_0954,SDY_1137,SDY_3156
SDY_0954,SDY_2996,SDY_2493
SDY_0954,SDY_1138,SDY_4226
SDY_0954,SDY_1138,SDY_3156
SDY_0954,SDY_1138,SDY_3693
SDY_0954,SDY_3129,SDY_3156
SDY_0954,SDY_2587,SDY_3156
SDY_0954,SDY_0145,SDY_3156
SDY_0954,SDY_0144,SDY_3156
SDY_0954,SDY_4226,SDY_2011
SDY_0954,SDY_3156,SDY_2011
SDY_0954,SDY_3156,SDY_1794
SDY_0954,SDY_3156,SDY_2493
SDY_0954,SDY_3156,SDY_3826
SDY_0954,SDY_2011,SDY_3693
SDY_0953,SDY_1488,SDY_1136
SDY_0953,SDY_1488,SDY_1137
SDY_0953,SDY_1488,SDY_1138
SDY_0953,SDY_1488,SDY_3129
SDY_0953,SDY_1488,SDY_2587
SDY_0953,SDY_1488,SDY_0145
SDY_0953,SDY_1488,SDY_0144
SDY_0953,SDY_1488,SDY_2011
SDY_0953,SDY_1488,SDY_1794
SDY_0953,SDY_1488,SDY_2493
SDY_0953,SDY_1488,SDY_3826
SDY_0953,SDY_1136,SDY_3156
SDY_0953,SDY_1137,SDY_3156
SDY_0953,SDY_2996,SDY_2493
SDY_0953,SDY_1138,SDY_4226
SDY_0953,SDY_1138,SDY_3156
SDY_0953,SDY_1138,SDY_3693
SDY_0953,SDY_3129,SDY_3156
SDY_0953,SDY_2587,SDY_3156
SDY_0953,SDY_0145,SDY_3156
SDY_0953,SDY_0144,SDY_3156
SDY_0953,SDY_4226,SDY_2011
SDY_0953,SDY_3156,SDY_2011
SDY_0953,SDY_3156,SDY_1794
SDY_0953,SDY_3156,SDY_2493
SDY_0953,SDY_3156,SDY_3826
SDY_0953,SDY_2011,SDY_3693
SDY_2144,SDY_2348,SDY_3168
SDY_0701,SDY_2765,SDY_1798
SDY_3968,SDY_2825,SDY_3562
SDY_1290,SDY_4070,SDY_0187
SDY_1488,SDY_0395,SDY_1794
SDY_1488,SDY_3318,SDY_1794
SDY_1488,SDY_4328,SDY_1794
SDY_1488,SDY_1794,SDY_0662
SDY_1488,SDY_1794,SDY_0660
SDY_1488,SDY_1794,SDY_0661
SDY_1488,SDY_1794,SDY_0659
SDY_1488,SDY_1794,SDY_3319
SDY_1488,SDY_3168,SDY_3826
SDY_1488,SDY_3308,SDY_3826
SDY_1136,SDY_2212,SDY_4226
SDY_1136,SDY_4226,SDY_3168
SDY_1137,SDY_2212,SDY_4226
SDY_1137,SDY_4226,SDY_3168
SDY_3157,SDY_2270,SDY_3826
SDY_3157,SDY_3693,SDY_0008
SDY_1138,SDY_0837,SDY_4226
SDY_1138,SDY_0837,SDY_3693
SDY_1138,SDY_3588,SDY_4226
SDY_1138,SDY_3588,SDY_3693
SDY_0837,SDY_4226,SDY_2011
SDY_0837,SDY_2011,SDY_3693
SDY_0395,SDY_3156,SDY_1794
SDY_3318,SDY_3156,SDY_1794
SDY_3177,SDY_0281,SDY_3169
SDY_3177,SDY_0281,SDY_4649
SDY_3178,SDY_0281,SDY_3169
SDY_3178,SDY_0281,SDY_4649
SDY_3176,SDY_0281,SDY_3169
SDY_3176,SDY_0281,SDY_4649
SDY_2212,SDY_4226,SDY_3826
SDY_3588,SDY_4226,SDY_2011
SDY_3588,SDY_2011,SDY_3693
SDY_3562,SDY_2428,SDY_4257
SDY_3562,SDY_2429,SDY_4257
SDY_4328,SDY_3156,SDY_1794
SDY_1308,SDY_4001,SDY_3896
SDY_1308,SDY_4001,SDY_1378
SDY_1308,SDY_4001,SDY_3466
SDY_0712,SDY_2621,SDY_3830
SDY_0710,SDY_2621,SDY_3830
SDY_0711,SDY_2621,SDY_3830
SDY_0281,SDY_2359,SDY_3787
SDY_0281,SDY_2359,SDY_3786
SDY_3831,SDY_1816,SDY_3826
SDY_3831,SDY_3693,SDY_0008
SDY_4226,SDY_3693,SDY_3826
SDY_4226,SDY_3168,SDY_3826
SDY_3156,SDY_1794,SDY_0662
SDY_3156,SDY_1794,SDY_0660
SDY_3156,SDY_1794,SDY_0661
SDY_3156,SDY_1794,SDY_0659
SDY_3156,SDY_1794,SDY_3319
SDY_3156,SDY_3168,SDY_3826
SDY_3156,SDY_3308,SDY_3826
SDY_4643,SDY_3701,SDY_1256
SDY_2428,SDY_2868,SDY_4257
SDY_2428,SDY_2869,SDY_4257
SDY_2429,SDY_2868,SDY_4257
SDY_2429,SDY_2869,SDY_4257
SDY_2868,SDY_4257,SDY_2373
SDY_2869,SDY_4257,SDY_2373
