'26DAPLLAT','26DAPt2r','OOR2r'
'26DAPLLAT','26DAPt2r','POR4'
'26DAPLLAT','26DAPt2r','SDPDS'
'26DAPLLAT','26DAPt2r','SDPTA'
'26DAPLLAT','26DAPt2r','THDPS'
'26DAPLLAT','EX_26dap_M(e)','OOR2r'
'26DAPLLAT','EX_26dap_M(e)','POR4'
'26DAPLLAT','EX_26dap_M(e)','SDPDS'
'26DAPLLAT','EX_26dap_M(e)','SDPTA'
'26DAPLLAT','EX_26dap_M(e)','THDPS'
'2OBUTt2r','ASAD','THRD_L'
'2OBUTt2r','ASPKi','THRD_L'
'2OBUTt2r','CYSTGL','THRD_L'
'2OBUTt2r','CYSTS','THRD_L'
'2OBUTt2r','HSERTA','THRD_L'
'3HAD100','EX_ppi(e)','PPA'
'3HAD100','PPA','PPIt2e'
'3HAD120','EX_ppi(e)','PPA'
'3HAD120','PPA','PPIt2e'
'3HAD140','EX_ppi(e)','PPA'
'3HAD140','PPA','PPIt2e'
'3HAD140','TTDCAt2','TTDCAtr'
'3HAD160','EX_hdca(e)','EX_ocdca(e)'
'3HAD160','EX_ocdca(e)','FACOAL160'
'3HAD160','EX_ocdca(e)','PMTCOATA'
'3HAD180','AACPS6','FACOAL180'
'3HAD180','OCDCAt2','OCDCAtr'
'3HAD40','EX_ppi(e)','PPA'
'3HAD40','PPA','PPIt2e'
'3HAD60','EX_ppi(e)','PPA'
'3HAD60','PPA','PPIt2e'
'3HAD80','EX_ppi(e)','PPA'
'3HAD80','PPA','PPIt2e'
'3OAR100','EX_ppi(e)','PPA'
'3OAR100','PPA','PPIt2e'
'3OAR120','EX_ppi(e)','PPA'
'3OAR120','PPA','PPIt2e'
'3OAR180','AACPS6','FACOAL180'
'3OAR180','OCDCAt2','OCDCAtr'
'3OAR40','EX_ppi(e)','PPA'
'3OAR40','PPA','PPIt2e'
'3OAR60','EX_ppi(e)','PPA'
'3OAR60','PPA','PPIt2e'
'3OAR80','EX_ppi(e)','PPA'
'3OAR80','PPA','PPIt2e'
'3OAS100','EX_ppi(e)','PPA'
'3OAS100','PPA','PPIt2e'
'3OAS120','EX_ppi(e)','PPA'
'3OAS120','PPA','PPIt2e'
'3OAS180','AACPS6','FACOAL180'
'3OAS180','OCDCAt2','OCDCAtr'
'3OAS60','EX_ppi(e)','PPA'
'3OAS60','PPA','PPIt2e'
'3OAS80','EX_ppi(e)','PPA'
'3OAS80','PPA','PPIt2e'
'AACPS6','EAR180x','FACOAL180'
'ACOATA','EX_ppi(e)','PPA'
'ACOATA','PPA','PPIt2e'
'ADEt2r','ADPT','DADNt2r'
'ADEt2r','ADPT','EX_dad_2(e)'
'ADEt2r','ADPT','PUNP2'
'ADEt2r','ADSL1r','DADNt2r'
'ADEt2r','ADSL1r','DGSNt2r'
'ADEt2r','ADSL1r','EX_dad_2(e)'
'ADEt2r','ADSL1r','EX_dgsn(e)'
'ADEt2r','ADSL1r','GMPS2'
'ADEt2r','ADSL1r','IMPD'
'ADEt2r','ADSL1r','NTD9'
'ADEt2r','ADSL1r','PPM'
'ADEt2r','ADSL1r','PUNP2'
'ADEt2r','ADSL1r','PUNP3'
'ADEt2r','ADSL1r','PUNP4'
'ADEt2r','ADSS','DADNt2r'
'ADEt2r','ADSS','DGSNt2r'
'ADEt2r','ADSS','EX_dad_2(e)'
'ADEt2r','ADSS','EX_dgsn(e)'
'ADEt2r','ADSS','GMPS2'
'ADEt2r','ADSS','IMPD'
'ADEt2r','ADSS','NTD9'
'ADEt2r','ADSS','PPM'
'ADEt2r','ADSS','PUNP2'
'ADEt2r','ADSS','PUNP3'
'ADEt2r','ADSS','PUNP4'
'ADEt2r','CO2t','PC'
'ADEt2r','EX_co2(e)','PC'
'ADEt2r','EX_for(e)','MTHFC'
'ADEt2r','FORt2r','MTHFC'
'ADK11','NDPK6','RNDR4'
'ADK5','NDPK3','RNTR3'
'ADK8','NDPK7','RNTR3'
'ADK9','NDPK5','RNTR2'
'ADPT','DADNt2r','EX_ade(e)'
'ADPT','EX_ade(e)','EX_dad_2(e)'
'ADPT','EX_ade(e)','PUNP2'
'ADPT','EX_for(e)','MTHFC'
'ADPT','FORt2r','MTHFC'
'ADSL1r','DADNt2r','EX_ade(e)'
'ADSL1r','DGSNt2r','EX_ade(e)'
'ADSL1r','EX_ade(e)','EX_dad_2(e)'
'ADSL1r','EX_ade(e)','EX_dgsn(e)'
'ADSL1r','EX_ade(e)','GMPS2'
'ADSL1r','EX_ade(e)','IMPD'
'ADSL1r','EX_ade(e)','NTD9'
'ADSL1r','EX_ade(e)','PPM'
'ADSL1r','EX_ade(e)','PUNP2'
'ADSL1r','EX_ade(e)','PUNP3'
'ADSL1r','EX_ade(e)','PUNP4'
'ADSL2r','ATPPRT','DADNt2r'
'ADSL2r','ATPPRT','DGSNt2r'
'ADSL2r','ATPPRT','EX_dad_2(e)'
'ADSL2r','ATPPRT','EX_dgsn(e)'
'ADSL2r','ATPPRT','GUAPRT'
'ADSL2r','ATPPRT','PUNP2'
'ADSL2r','ATPPRT','PUNP4'
'ADSL2r','CO2t','PC'
'ADSL2r','DADNt2r','EX_his_L(e)'
'ADSL2r','DADNt2r','HISTP'
'ADSL2r','DADNt2r','HISt2r'
'ADSL2r','DADNt2r','HSTPTr'
'ADSL2r','DADNt2r','IG3PS'
'ADSL2r','DADNt2r','IGPDH'
'ADSL2r','DADNt2r','PRAMPC'
'ADSL2r','DADNt2r','PRATPP'
'ADSL2r','DADNt2r','PRMICI'
'ADSL2r','DGSNt2r','EX_his_L(e)'
'ADSL2r','DGSNt2r','HISTP'
'ADSL2r','DGSNt2r','HISt2r'
'ADSL2r','DGSNt2r','HSTPTr'
'ADSL2r','DGSNt2r','IG3PS'
'ADSL2r','DGSNt2r','IGPDH'
'ADSL2r','DGSNt2r','PRAMPC'
'ADSL2r','DGSNt2r','PRATPP'
'ADSL2r','DGSNt2r','PRMICI'
'ADSL2r','EX_co2(e)','PC'
'ADSL2r','EX_dad_2(e)','EX_his_L(e)'
'ADSL2r','EX_dad_2(e)','HISTP'
'ADSL2r','EX_dad_2(e)','HISt2r'
'ADSL2r','EX_dad_2(e)','HSTPTr'
'ADSL2r','EX_dad_2(e)','IG3PS'
'ADSL2r','EX_dad_2(e)','IGPDH'
'ADSL2r','EX_dad_2(e)','PRAMPC'
'ADSL2r','EX_dad_2(e)','PRATPP'
'ADSL2r','EX_dad_2(e)','PRMICI'
'ADSL2r','EX_dgsn(e)','EX_his_L(e)'
'ADSL2r','EX_dgsn(e)','HISTP'
'ADSL2r','EX_dgsn(e)','HISt2r'
'ADSL2r','EX_dgsn(e)','HSTPTr'
'ADSL2r','EX_dgsn(e)','IG3PS'
'ADSL2r','EX_dgsn(e)','IGPDH'
'ADSL2r','EX_dgsn(e)','PRAMPC'
'ADSL2r','EX_dgsn(e)','PRATPP'
'ADSL2r','EX_dgsn(e)','PRMICI'
'ADSL2r','EX_his_L(e)','GUAPRT'
'ADSL2r','EX_his_L(e)','PUNP2'
'ADSL2r','EX_his_L(e)','PUNP4'
'ADSL2r','GUAPRT','HISTP'
'ADSL2r','GUAPRT','HISt2r'
'ADSL2r','GUAPRT','HSTPTr'
'ADSL2r','GUAPRT','IG3PS'
'ADSL2r','GUAPRT','IGPDH'
'ADSL2r','GUAPRT','PRAMPC'
'ADSL2r','GUAPRT','PRATPP'
'ADSL2r','GUAPRT','PRMICI'
'ADSL2r','HISTP','PUNP2'
'ADSL2r','HISTP','PUNP4'
'ADSL2r','HISt2r','PUNP2'
'ADSL2r','HISt2r','PUNP4'
'ADSL2r','HSTPTr','PUNP2'
'ADSL2r','HSTPTr','PUNP4'
'ADSL2r','IG3PS','PUNP2'
'ADSL2r','IG3PS','PUNP4'
'ADSL2r','IGPDH','PUNP2'
'ADSL2r','IGPDH','PUNP4'
'ADSL2r','PRAMPC','PUNP2'
'ADSL2r','PRAMPC','PUNP4'
'ADSL2r','PRATPP','PUNP2'
'ADSL2r','PRATPP','PUNP4'
'ADSL2r','PRMICI','PUNP2'
'ADSL2r','PRMICI','PUNP4'
'ADSS','DADNt2r','EX_ade(e)'
'ADSS','DGSNt2r','EX_ade(e)'
'ADSS','EX_ade(e)','EX_dad_2(e)'
'ADSS','EX_ade(e)','EX_dgsn(e)'
'ADSS','EX_ade(e)','GMPS2'
'ADSS','EX_ade(e)','IMPD'
'ADSS','EX_ade(e)','NTD9'
'ADSS','EX_ade(e)','PPM'
'ADSS','EX_ade(e)','PUNP2'
'ADSS','EX_ade(e)','PUNP3'
'ADSS','EX_ade(e)','PUNP4'
'AGPAT180','EX_ocdca(e)','STCOATA'
'AGPAT180','FACOAL180','STCOATA'
'AICART','ALAHIS1c','EX_his_L(e)'
'AICART','ALAHIS1c','HISt2r'
'AICART','ALAHISabc','EX_his_L(e)'
'AICART','ALAHISabc','HISt2r'
'AICART','CO2t','PC'
'AICART','EX_alahis(e)','EX_his_L(e)'
'AICART','EX_alahis(e)','HISt2r'
'AICART','EX_co2(e)','PC'
'AIRC4','ATPPRT','DADNt2r'
'AIRC4','ATPPRT','DGSNt2r'
'AIRC4','ATPPRT','EX_dad_2(e)'
'AIRC4','ATPPRT','EX_dgsn(e)'
'AIRC4','ATPPRT','GUAPRT'
'AIRC4','ATPPRT','PUNP2'
'AIRC4','ATPPRT','PUNP4'
'AIRC4','CO2t','PC'
'AIRC4','DADNt2r','EX_his_L(e)'
'AIRC4','DADNt2r','HISTP'
'AIRC4','DADNt2r','HISt2r'
'AIRC4','DADNt2r','HSTPTr'
'AIRC4','DADNt2r','IG3PS'
'AIRC4','DADNt2r','IGPDH'
'AIRC4','DADNt2r','PRAMPC'
'AIRC4','DADNt2r','PRATPP'
'AIRC4','DADNt2r','PRMICI'
'AIRC4','DGSNt2r','EX_his_L(e)'
'AIRC4','DGSNt2r','HISTP'
'AIRC4','DGSNt2r','HISt2r'
'AIRC4','DGSNt2r','HSTPTr'
'AIRC4','DGSNt2r','IG3PS'
'AIRC4','DGSNt2r','IGPDH'
'AIRC4','DGSNt2r','PRAMPC'
'AIRC4','DGSNt2r','PRATPP'
'AIRC4','DGSNt2r','PRMICI'
'AIRC4','EX_co2(e)','PC'
'AIRC4','EX_dad_2(e)','EX_his_L(e)'
'AIRC4','EX_dad_2(e)','HISTP'
'AIRC4','EX_dad_2(e)','HISt2r'
'AIRC4','EX_dad_2(e)','HSTPTr'
'AIRC4','EX_dad_2(e)','IG3PS'
'AIRC4','EX_dad_2(e)','IGPDH'
'AIRC4','EX_dad_2(e)','PRAMPC'
'AIRC4','EX_dad_2(e)','PRATPP'
'AIRC4','EX_dad_2(e)','PRMICI'
'AIRC4','EX_dgsn(e)','EX_his_L(e)'
'AIRC4','EX_dgsn(e)','HISTP'
'AIRC4','EX_dgsn(e)','HISt2r'
'AIRC4','EX_dgsn(e)','HSTPTr'
'AIRC4','EX_dgsn(e)','IG3PS'
'AIRC4','EX_dgsn(e)','IGPDH'
'AIRC4','EX_dgsn(e)','PRAMPC'
'AIRC4','EX_dgsn(e)','PRATPP'
'AIRC4','EX_dgsn(e)','PRMICI'
'AIRC4','EX_his_L(e)','GUAPRT'
'AIRC4','EX_his_L(e)','PUNP2'
'AIRC4','EX_his_L(e)','PUNP4'
'AIRC4','GUAPRT','HISTP'
'AIRC4','GUAPRT','HISt2r'
'AIRC4','GUAPRT','HSTPTr'
'AIRC4','GUAPRT','IG3PS'
'AIRC4','GUAPRT','IGPDH'
'AIRC4','GUAPRT','PRAMPC'
'AIRC4','GUAPRT','PRATPP'
'AIRC4','GUAPRT','PRMICI'
'AIRC4','HISTP','PUNP2'
'AIRC4','HISTP','PUNP4'
'AIRC4','HISt2r','PUNP2'
'AIRC4','HISt2r','PUNP4'
'AIRC4','HSTPTr','PUNP2'
'AIRC4','HSTPTr','PUNP4'
'AIRC4','IG3PS','PUNP2'
'AIRC4','IG3PS','PUNP4'
'AIRC4','IGPDH','PUNP2'
'AIRC4','IGPDH','PUNP4'
'AIRC4','PRAMPC','PUNP2'
'AIRC4','PRAMPC','PUNP4'
'AIRC4','PRATPP','PUNP2'
'AIRC4','PRATPP','PUNP4'
'AIRC4','PRMICI','PUNP2'
'AIRC4','PRMICI','PUNP4'
'ALAHIS1c','ATPPRT','EX_his_L(e)'
'ALAHIS1c','ATPPRT','HISt2r'
'ALAHIS1c','EX_his_L(e)','HISTP'
'ALAHIS1c','EX_his_L(e)','HSTPTr'
'ALAHIS1c','EX_his_L(e)','IG3PS'
'ALAHIS1c','EX_his_L(e)','IGPDH'
'ALAHIS1c','EX_his_L(e)','IMPC'
'ALAHIS1c','EX_his_L(e)','PRAMPC'
'ALAHIS1c','EX_his_L(e)','PRATPP'
'ALAHIS1c','EX_his_L(e)','PRMICI'
'ALAHIS1c','HISTP','HISt2r'
'ALAHIS1c','HISt2r','HSTPTr'
'ALAHIS1c','HISt2r','IG3PS'
'ALAHIS1c','HISt2r','IGPDH'
'ALAHIS1c','HISt2r','IMPC'
'ALAHIS1c','HISt2r','PRAMPC'
'ALAHIS1c','HISt2r','PRATPP'
'ALAHIS1c','HISt2r','PRMICI'
'ALAHISabc','ATPPRT','EX_his_L(e)'
'ALAHISabc','ATPPRT','HISt2r'
'ALAHISabc','EX_his_L(e)','HISTP'
'ALAHISabc','EX_his_L(e)','HSTPTr'
'ALAHISabc','EX_his_L(e)','IG3PS'
'ALAHISabc','EX_his_L(e)','IGPDH'
'ALAHISabc','EX_his_L(e)','IMPC'
'ALAHISabc','EX_his_L(e)','PRAMPC'
'ALAHISabc','EX_his_L(e)','PRATPP'
'ALAHISabc','EX_his_L(e)','PRMICI'
'ALAHISabc','HISTP','HISt2r'
'ALAHISabc','HISt2r','HSTPTr'
'ALAHISabc','HISt2r','IG3PS'
'ALAHISabc','HISt2r','IGPDH'
'ALAHISabc','HISt2r','IMPC'
'ALAHISabc','HISt2r','PRAMPC'
'ALAHISabc','HISt2r','PRATPP'
'ALAHISabc','HISt2r','PRMICI'
'ALALEU1c','EX_glyleu(e)','EX_leu_L(e)'
'ALALEU1c','EX_glyleu(e)','LEUt2r'
'ALALEU1c','EX_leu_L(e)','GLYLEUHYDROc'
'ALALEU1c','EX_leu_L(e)','GLYLEUPEPT1tc'
'ALALEU1c','GLYLEUHYDROc','LEUt2r'
'ALALEU1c','GLYLEUPEPT1tc','LEUt2r'
'ALALEUabc','EX_glyleu(e)','EX_leu_L(e)'
'ALALEUabc','EX_glyleu(e)','LEUt2r'
'ALALEUabc','EX_leu_L(e)','GLYLEUHYDROc'
'ALALEUabc','EX_leu_L(e)','GLYLEUPEPT1tc'
'ALALEUabc','GLYLEUHYDROc','LEUt2r'
'ALALEUabc','GLYLEUPEPT1tc','LEUt2r'
'ALATHR1c','ASAD','EX_thr_L(e)'
'ALATHR1c','ASAD','THRt2r'
'ALATHR1c','ASPKi','EX_thr_L(e)'
'ALATHR1c','ASPKi','THRt2r'
'ALATHR1c','EX_thr_L(e)','HSK'
'ALATHR1c','EX_thr_L(e)','THRS'
'ALATHR1c','HSK','THRt2r'
'ALATHR1c','THRS','THRt2r'
'ALATHRabc','ASAD','EX_thr_L(e)'
'ALATHRabc','ASAD','THRt2r'
'ALATHRabc','ASPKi','EX_thr_L(e)'
'ALATHRabc','ASPKi','THRt2r'
'ALATHRabc','EX_thr_L(e)','HSK'
'ALATHRabc','EX_thr_L(e)','THRS'
'ALATHRabc','HSK','THRt2r'
'ALATHRabc','THRS','THRt2r'
'ASAD','EX_2obut(e)','THRD_L'
'ASAD','EX_alathr(e)','EX_thr_L(e)'
'ASAD','EX_alathr(e)','THRt2r'
'ASNS1','ASNt2r','EX_glyasn(e)'
'ASNS1','ASNt2r','GLYASN1c'
'ASNS1','ASNt2r','GLYASNabc'
'ASNS1','EX_asn_L(e)','EX_glyasn(e)'
'ASNS1','EX_asn_L(e)','GLYASN1c'
'ASNS1','EX_asn_L(e)','GLYASNabc'
'ASPKi','EX_2obut(e)','THRD_L'
'ASPKi','EX_alathr(e)','EX_thr_L(e)'
'ASPKi','EX_alathr(e)','THRt2r'
'ATPPRT','DADNt2r','GARFTi'
'ATPPRT','DADNt2r','GLUPRT'
'ATPPRT','DADNt2r','PRAGS'
'ATPPRT','DADNt2r','PRAIS'
'ATPPRT','DADNt2r','PRASCSi'
'ATPPRT','DADNt2r','PRFGS'
'ATPPRT','DGSNt2r','GARFTi'
'ATPPRT','DGSNt2r','GLUPRT'
'ATPPRT','DGSNt2r','PRAGS'
'ATPPRT','DGSNt2r','PRAIS'
'ATPPRT','DGSNt2r','PRASCSi'
'ATPPRT','DGSNt2r','PRFGS'
'ATPPRT','EX_alahis(e)','EX_his_L(e)'
'ATPPRT','EX_alahis(e)','HISt2r'
'ATPPRT','EX_dad_2(e)','GARFTi'
'ATPPRT','EX_dad_2(e)','GLUPRT'
'ATPPRT','EX_dad_2(e)','PRAGS'
'ATPPRT','EX_dad_2(e)','PRAIS'
'ATPPRT','EX_dad_2(e)','PRASCSi'
'ATPPRT','EX_dad_2(e)','PRFGS'
'ATPPRT','EX_dgsn(e)','GARFTi'
'ATPPRT','EX_dgsn(e)','GLUPRT'
'ATPPRT','EX_dgsn(e)','PRAGS'
'ATPPRT','EX_dgsn(e)','PRAIS'
'ATPPRT','EX_dgsn(e)','PRASCSi'
'ATPPRT','EX_dgsn(e)','PRFGS'
'ATPPRT','GARFTi','GUAPRT'
'ATPPRT','GARFTi','PUNP2'
'ATPPRT','GARFTi','PUNP4'
'ATPPRT','GLUPRT','GUAPRT'
'ATPPRT','GLUPRT','PUNP2'
'ATPPRT','GLUPRT','PUNP4'
'ATPPRT','GUAPRT','PRAGS'
'ATPPRT','GUAPRT','PRAIS'
'ATPPRT','GUAPRT','PRASCSi'
'ATPPRT','GUAPRT','PRFGS'
'ATPPRT','PRAGS','PUNP2'
'ATPPRT','PRAGS','PUNP4'
'ATPPRT','PRAIS','PUNP2'
'ATPPRT','PRAIS','PUNP4'
'ATPPRT','PRASCSi','PUNP2'
'ATPPRT','PRASCSi','PUNP4'
'ATPPRT','PRFGS','PUNP2'
'ATPPRT','PRFGS','PUNP4'
'CHORM','EX_glytyr(e)','EX_tyr_L(e)'
'CHORM','EX_glytyr(e)','TYRt2r'
'CHORM','EX_tyr_L(e)','GLYTYR1c'
'CHORM','EX_tyr_L(e)','GLYTYRabc'
'CHORM','GLYTYR1c','TYRt2r'
'CHORM','GLYTYRabc','TYRt2r'
'CO2t','EX_ade(e)','PC'
'CO2t','EX_for(e)','PC'
'CO2t','FORt2r','PC'
'CO2t','FTHFL','PC'
'CO2t','GARFTi','PC'
'CO2t','GLUPRT','PC'
'CO2t','IMPC','PC'
'CO2t','PC','PPM'
'CO2t','PC','PRAGS'
'CO2t','PC','PRAIS'
'CO2t','PC','PRASCSi'
'CO2t','PC','PRFGS'
'CYSTGL','DAPE','HSK'
'CYSTGL','DAPE','THRS'
'CYSTGL','DHDPRy','HSK'
'CYSTGL','DHDPRy','THRS'
'CYSTGL','DHDPS','HSK'
'CYSTGL','DHDPS','THRS'
'CYSTGL','EX_2obut(e)','THRD_L'
'CYSTS','DAPE','HSK'
'CYSTS','DAPE','THRS'
'CYSTS','DHDPRy','HSK'
'CYSTS','DHDPRy','THRS'
'CYSTS','DHDPS','HSK'
'CYSTS','DHDPS','THRS'
'CYSTS','EX_2obut(e)','THRD_L'
'DADNt2r','EX_for(e)','MTHFC'
'DADNt2r','EX_his_L(e)','GARFTi'
'DADNt2r','EX_his_L(e)','GLUPRT'
'DADNt2r','EX_his_L(e)','PRAGS'
'DADNt2r','EX_his_L(e)','PRAIS'
'DADNt2r','EX_his_L(e)','PRASCSi'
'DADNt2r','EX_his_L(e)','PRFGS'
'DADNt2r','FORt2r','MTHFC'
'DADNt2r','GARFTi','HISTP'
'DADNt2r','GARFTi','HISt2r'
'DADNt2r','GARFTi','HSTPTr'
'DADNt2r','GARFTi','IG3PS'
'DADNt2r','GARFTi','IGPDH'
'DADNt2r','GARFTi','PRAMPC'
'DADNt2r','GARFTi','PRATPP'
'DADNt2r','GARFTi','PRMICI'
'DADNt2r','GLUPRT','HISTP'
'DADNt2r','GLUPRT','HISt2r'
'DADNt2r','GLUPRT','HSTPTr'
'DADNt2r','GLUPRT','IG3PS'
'DADNt2r','GLUPRT','IGPDH'
'DADNt2r','GLUPRT','PRAMPC'
'DADNt2r','GLUPRT','PRATPP'
'DADNt2r','GLUPRT','PRMICI'
'DADNt2r','HISTP','PRAGS'
'DADNt2r','HISTP','PRAIS'
'DADNt2r','HISTP','PRASCSi'
'DADNt2r','HISTP','PRFGS'
'DADNt2r','HISt2r','PRAGS'
'DADNt2r','HISt2r','PRAIS'
'DADNt2r','HISt2r','PRASCSi'
'DADNt2r','HISt2r','PRFGS'
'DADNt2r','HSTPTr','PRAGS'
'DADNt2r','HSTPTr','PRAIS'
'DADNt2r','HSTPTr','PRASCSi'
'DADNt2r','HSTPTr','PRFGS'
'DADNt2r','IG3PS','PRAGS'
'DADNt2r','IG3PS','PRAIS'
'DADNt2r','IG3PS','PRASCSi'
'DADNt2r','IG3PS','PRFGS'
'DADNt2r','IGPDH','PRAGS'
'DADNt2r','IGPDH','PRAIS'
'DADNt2r','IGPDH','PRASCSi'
'DADNt2r','IGPDH','PRFGS'
'DADNt2r','PRAGS','PRAMPC'
'DADNt2r','PRAGS','PRATPP'
'DADNt2r','PRAGS','PRMICI'
'DADNt2r','PRAIS','PRAMPC'
'DADNt2r','PRAIS','PRATPP'
'DADNt2r','PRAIS','PRMICI'
'DADNt2r','PRAMPC','PRASCSi'
'DADNt2r','PRAMPC','PRFGS'
'DADNt2r','PRASCSi','PRATPP'
'DADNt2r','PRASCSi','PRMICI'
'DADNt2r','PRATPP','PRFGS'
'DADNt2r','PRFGS','PRMICI'
'DAPDC','LYSabc','LYSt3r'
'DCTPD','RNDR4','RNTR4'
'DGSNt2r','EX_for(e)','MTHFC'
'DGSNt2r','EX_his_L(e)','GARFTi'
'DGSNt2r','EX_his_L(e)','GLUPRT'
'DGSNt2r','EX_his_L(e)','PRAGS'
'DGSNt2r','EX_his_L(e)','PRAIS'
'DGSNt2r','EX_his_L(e)','PRASCSi'
'DGSNt2r','EX_his_L(e)','PRFGS'
'DGSNt2r','FORt2r','MTHFC'
'DGSNt2r','GARFTi','HISTP'
'DGSNt2r','GARFTi','HISt2r'
'DGSNt2r','GARFTi','HSTPTr'
'DGSNt2r','GARFTi','IG3PS'
'DGSNt2r','GARFTi','IGPDH'
'DGSNt2r','GARFTi','PRAMPC'
'DGSNt2r','GARFTi','PRATPP'
'DGSNt2r','GARFTi','PRMICI'
'DGSNt2r','GLUPRT','HISTP'
'DGSNt2r','GLUPRT','HISt2r'
'DGSNt2r','GLUPRT','HSTPTr'
'DGSNt2r','GLUPRT','IG3PS'
'DGSNt2r','GLUPRT','IGPDH'
'DGSNt2r','GLUPRT','PRAMPC'
'DGSNt2r','GLUPRT','PRATPP'
'DGSNt2r','GLUPRT','PRMICI'
'DGSNt2r','HISTP','PRAGS'
'DGSNt2r','HISTP','PRAIS'
'DGSNt2r','HISTP','PRASCSi'
'DGSNt2r','HISTP','PRFGS'
'DGSNt2r','HISt2r','PRAGS'
'DGSNt2r','HISt2r','PRAIS'
'DGSNt2r','HISt2r','PRASCSi'
'DGSNt2r','HISt2r','PRFGS'
'DGSNt2r','HSTPTr','PRAGS'
'DGSNt2r','HSTPTr','PRAIS'
'DGSNt2r','HSTPTr','PRASCSi'
'DGSNt2r','HSTPTr','PRFGS'
'DGSNt2r','IG3PS','PRAGS'
'DGSNt2r','IG3PS','PRAIS'
'DGSNt2r','IG3PS','PRASCSi'
'DGSNt2r','IG3PS','PRFGS'
'DGSNt2r','IGPDH','PRAGS'
'DGSNt2r','IGPDH','PRAIS'
'DGSNt2r','IGPDH','PRASCSi'
'DGSNt2r','IGPDH','PRFGS'
'DGSNt2r','PRAGS','PRAMPC'
'DGSNt2r','PRAGS','PRATPP'
'DGSNt2r','PRAGS','PRMICI'
'DGSNt2r','PRAIS','PRAMPC'
'DGSNt2r','PRAIS','PRATPP'
'DGSNt2r','PRAIS','PRMICI'
'DGSNt2r','PRAMPC','PRASCSi'
'DGSNt2r','PRAMPC','PRFGS'
'DGSNt2r','PRASCSi','PRATPP'
'DGSNt2r','PRASCSi','PRMICI'
'DGSNt2r','PRATPP','PRFGS'
'DGSNt2r','PRFGS','PRMICI'
'EAR100x','EX_ppi(e)','PPA'
'EAR100x','PPA','PPIt2e'
'EAR120x','EX_ppi(e)','PPA'
'EAR120x','PPA','PPIt2e'
'EAR140x','EX_ppi(e)','PPA'
'EAR140x','PPA','PPIt2e'
'EAR140x','TTDCAt2','TTDCAtr'
'EAR160x','EX_hdca(e)','EX_ocdca(e)'
'EAR160x','EX_ocdca(e)','FACOAL160'
'EAR160x','EX_ocdca(e)','PMTCOATA'
'EAR180x','OCDCAt2','OCDCAtr'
'EAR40x','EX_ppi(e)','PPA'
'EAR40x','PPA','PPIt2e'
'EAR60x','EX_ppi(e)','PPA'
'EAR60x','PPA','PPIt2e'
'EAR80x','EX_ppi(e)','PPA'
'EAR80x','PPA','PPIt2e'
'EX_2obut(e)','HSERTA','THRD_L'
'EX_ade(e)','EX_co2(e)','PC'
'EX_ade(e)','EX_for(e)','MTHFC'
'EX_ade(e)','FORt2r','MTHFC'
'EX_alahis(e)','EX_his_L(e)','HISTP'
'EX_alahis(e)','EX_his_L(e)','HSTPTr'
'EX_alahis(e)','EX_his_L(e)','IG3PS'
'EX_alahis(e)','EX_his_L(e)','IGPDH'
'EX_alahis(e)','EX_his_L(e)','IMPC'
'EX_alahis(e)','EX_his_L(e)','PRAMPC'
'EX_alahis(e)','EX_his_L(e)','PRATPP'
'EX_alahis(e)','EX_his_L(e)','PRMICI'
'EX_alahis(e)','HISTP','HISt2r'
'EX_alahis(e)','HISt2r','HSTPTr'
'EX_alahis(e)','HISt2r','IG3PS'
'EX_alahis(e)','HISt2r','IGPDH'
'EX_alahis(e)','HISt2r','IMPC'
'EX_alahis(e)','HISt2r','PRAMPC'
'EX_alahis(e)','HISt2r','PRATPP'
'EX_alahis(e)','HISt2r','PRMICI'
'EX_alaleu(e)','EX_glyleu(e)','EX_leu_L(e)'
'EX_alaleu(e)','EX_glyleu(e)','LEUt2r'
'EX_alaleu(e)','EX_leu_L(e)','GLYLEUHYDROc'
'EX_alaleu(e)','EX_leu_L(e)','GLYLEUPEPT1tc'
'EX_alaleu(e)','GLYLEUHYDROc','LEUt2r'
'EX_alaleu(e)','GLYLEUPEPT1tc','LEUt2r'
'EX_alathr(e)','EX_thr_L(e)','HSK'
'EX_alathr(e)','EX_thr_L(e)','THRS'
'EX_alathr(e)','HSK','THRt2r'
'EX_alathr(e)','THRS','THRt2r'
'EX_co2(e)','EX_for(e)','PC'
'EX_co2(e)','FORt2r','PC'
'EX_co2(e)','FTHFL','PC'
'EX_co2(e)','GARFTi','PC'
'EX_co2(e)','GLUPRT','PC'
'EX_co2(e)','IMPC','PC'
'EX_co2(e)','PC','PPM'
'EX_co2(e)','PC','PRAGS'
'EX_co2(e)','PC','PRAIS'
'EX_co2(e)','PC','PRASCSi'
'EX_co2(e)','PC','PRFGS'
'EX_dad_2(e)','EX_for(e)','MTHFC'
'EX_dad_2(e)','EX_his_L(e)','GARFTi'
'EX_dad_2(e)','EX_his_L(e)','GLUPRT'
'EX_dad_2(e)','EX_his_L(e)','PRAGS'
'EX_dad_2(e)','EX_his_L(e)','PRAIS'
'EX_dad_2(e)','EX_his_L(e)','PRASCSi'
'EX_dad_2(e)','EX_his_L(e)','PRFGS'
'EX_dad_2(e)','FORt2r','MTHFC'
'EX_dad_2(e)','GARFTi','HISTP'
'EX_dad_2(e)','GARFTi','HISt2r'
'EX_dad_2(e)','GARFTi','HSTPTr'
'EX_dad_2(e)','GARFTi','IG3PS'
'EX_dad_2(e)','GARFTi','IGPDH'
'EX_dad_2(e)','GARFTi','PRAMPC'
'EX_dad_2(e)','GARFTi','PRATPP'
'EX_dad_2(e)','GARFTi','PRMICI'
'EX_dad_2(e)','GLUPRT','HISTP'
'EX_dad_2(e)','GLUPRT','HISt2r'
'EX_dad_2(e)','GLUPRT','HSTPTr'
'EX_dad_2(e)','GLUPRT','IG3PS'
'EX_dad_2(e)','GLUPRT','IGPDH'
'EX_dad_2(e)','GLUPRT','PRAMPC'
'EX_dad_2(e)','GLUPRT','PRATPP'
'EX_dad_2(e)','GLUPRT','PRMICI'
'EX_dad_2(e)','HISTP','PRAGS'
'EX_dad_2(e)','HISTP','PRAIS'
'EX_dad_2(e)','HISTP','PRASCSi'
'EX_dad_2(e)','HISTP','PRFGS'
'EX_dad_2(e)','HISt2r','PRAGS'
'EX_dad_2(e)','HISt2r','PRAIS'
'EX_dad_2(e)','HISt2r','PRASCSi'
'EX_dad_2(e)','HISt2r','PRFGS'
'EX_dad_2(e)','HSTPTr','PRAGS'
'EX_dad_2(e)','HSTPTr','PRAIS'
'EX_dad_2(e)','HSTPTr','PRASCSi'
'EX_dad_2(e)','HSTPTr','PRFGS'
'EX_dad_2(e)','IG3PS','PRAGS'
'EX_dad_2(e)','IG3PS','PRAIS'
'EX_dad_2(e)','IG3PS','PRASCSi'
'EX_dad_2(e)','IG3PS','PRFGS'
'EX_dad_2(e)','IGPDH','PRAGS'
'EX_dad_2(e)','IGPDH','PRAIS'
'EX_dad_2(e)','IGPDH','PRASCSi'
'EX_dad_2(e)','IGPDH','PRFGS'
'EX_dad_2(e)','PRAGS','PRAMPC'
'EX_dad_2(e)','PRAGS','PRATPP'
'EX_dad_2(e)','PRAGS','PRMICI'
'EX_dad_2(e)','PRAIS','PRAMPC'
'EX_dad_2(e)','PRAIS','PRATPP'
'EX_dad_2(e)','PRAIS','PRMICI'
'EX_dad_2(e)','PRAMPC','PRASCSi'
'EX_dad_2(e)','PRAMPC','PRFGS'
'EX_dad_2(e)','PRASCSi','PRATPP'
'EX_dad_2(e)','PRASCSi','PRMICI'
'EX_dad_2(e)','PRATPP','PRFGS'
'EX_dad_2(e)','PRFGS','PRMICI'
'EX_dgsn(e)','EX_for(e)','MTHFC'
'EX_dgsn(e)','EX_his_L(e)','GARFTi'
'EX_dgsn(e)','EX_his_L(e)','GLUPRT'
'EX_dgsn(e)','EX_his_L(e)','PRAGS'
'EX_dgsn(e)','EX_his_L(e)','PRAIS'
'EX_dgsn(e)','EX_his_L(e)','PRASCSi'
'EX_dgsn(e)','EX_his_L(e)','PRFGS'
'EX_dgsn(e)','FORt2r','MTHFC'
'EX_dgsn(e)','GARFTi','HISTP'
'EX_dgsn(e)','GARFTi','HISt2r'
'EX_dgsn(e)','GARFTi','HSTPTr'
'EX_dgsn(e)','GARFTi','IG3PS'
'EX_dgsn(e)','GARFTi','IGPDH'
'EX_dgsn(e)','GARFTi','PRAMPC'
'EX_dgsn(e)','GARFTi','PRATPP'
'EX_dgsn(e)','GARFTi','PRMICI'
'EX_dgsn(e)','GLUPRT','HISTP'
'EX_dgsn(e)','GLUPRT','HISt2r'
'EX_dgsn(e)','GLUPRT','HSTPTr'
'EX_dgsn(e)','GLUPRT','IG3PS'
'EX_dgsn(e)','GLUPRT','IGPDH'
'EX_dgsn(e)','GLUPRT','PRAMPC'
'EX_dgsn(e)','GLUPRT','PRATPP'
'EX_dgsn(e)','GLUPRT','PRMICI'
'EX_dgsn(e)','HISTP','PRAGS'
'EX_dgsn(e)','HISTP','PRAIS'
'EX_dgsn(e)','HISTP','PRASCSi'
'EX_dgsn(e)','HISTP','PRFGS'
'EX_dgsn(e)','HISt2r','PRAGS'
'EX_dgsn(e)','HISt2r','PRAIS'
'EX_dgsn(e)','HISt2r','PRASCSi'
'EX_dgsn(e)','HISt2r','PRFGS'
'EX_dgsn(e)','HSTPTr','PRAGS'
'EX_dgsn(e)','HSTPTr','PRAIS'
'EX_dgsn(e)','HSTPTr','PRASCSi'
'EX_dgsn(e)','HSTPTr','PRFGS'
'EX_dgsn(e)','IG3PS','PRAGS'
'EX_dgsn(e)','IG3PS','PRAIS'
'EX_dgsn(e)','IG3PS','PRASCSi'
'EX_dgsn(e)','IG3PS','PRFGS'
'EX_dgsn(e)','IGPDH','PRAGS'
'EX_dgsn(e)','IGPDH','PRAIS'
'EX_dgsn(e)','IGPDH','PRASCSi'
'EX_dgsn(e)','IGPDH','PRFGS'
'EX_dgsn(e)','PRAGS','PRAMPC'
'EX_dgsn(e)','PRAGS','PRATPP'
'EX_dgsn(e)','PRAGS','PRMICI'
'EX_dgsn(e)','PRAIS','PRAMPC'
'EX_dgsn(e)','PRAIS','PRATPP'
'EX_dgsn(e)','PRAIS','PRMICI'
'EX_dgsn(e)','PRAMPC','PRASCSi'
'EX_dgsn(e)','PRAMPC','PRFGS'
'EX_dgsn(e)','PRASCSi','PRATPP'
'EX_dgsn(e)','PRASCSi','PRMICI'
'EX_dgsn(e)','PRATPP','PRFGS'
'EX_dgsn(e)','PRFGS','PRMICI'
'EX_for(e)','FDH','FTHFL'
'EX_for(e)','GUAPRT','MTHFC'
'EX_for(e)','MTHFC','PUNP2'
'EX_for(e)','MTHFC','PUNP4'
'EX_fum(e)','EX_succ(e)','FUM'
'EX_fum(e)','FUM','SUCCt2r'
'EX_glu_L(e)','GLNS','OOR2r'
'EX_glu_L(e)','GLNS','POR4'
'EX_glu_L(e)','GLNS','SDPDS'
'EX_glu_L(e)','GLNS','SDPTA'
'EX_glu_L(e)','GLNS','THDPS'
'EX_gly(e)','EX_glypro(e)','NAt3_1'
'EX_gly(e)','GLYPROPRO1c','NAt3_1'
'EX_gly(e)','GLYPROabc','NAt3_1'
'EX_glyphe(e)','EX_phe_L(e)','PHETA1'
'EX_glyphe(e)','EX_phe_L(e)','PPNDH'
'EX_glyphe(e)','PHETA1','PHEt2r'
'EX_glyphe(e)','PHEt2r','PPNDH'
'EX_glypro(e)','GLYt4r','NAt3_1'
'EX_his_L(e)','GARFTi','GUAPRT'
'EX_his_L(e)','GARFTi','PUNP2'
'EX_his_L(e)','GARFTi','PUNP4'
'EX_his_L(e)','GLUPRT','GUAPRT'
'EX_his_L(e)','GLUPRT','PUNP2'
'EX_his_L(e)','GLUPRT','PUNP4'
'EX_his_L(e)','GUAPRT','PRAGS'
'EX_his_L(e)','GUAPRT','PRAIS'
'EX_his_L(e)','GUAPRT','PRASCSi'
'EX_his_L(e)','GUAPRT','PRFGS'
'EX_his_L(e)','PRAGS','PUNP2'
'EX_his_L(e)','PRAGS','PUNP4'
'EX_his_L(e)','PRAIS','PUNP2'
'EX_his_L(e)','PRAIS','PUNP4'
'EX_his_L(e)','PRASCSi','PUNP2'
'EX_his_L(e)','PRASCSi','PUNP4'
'EX_his_L(e)','PRFGS','PUNP2'
'EX_his_L(e)','PRFGS','PUNP4'
'EX_phe_L(e)','EX_tyr_L(e)','TALA'
'EX_phe_L(e)','EX_tyr_L(e)','TKT1'
'EX_phe_L(e)','GLYPHEHYc','PHETA1'
'EX_phe_L(e)','GLYPHEHYc','PPNDH'
'EX_phe_L(e)','GLYPHEabc','PHETA1'
'EX_phe_L(e)','GLYPHEabc','PPNDH'
'EX_phe_L(e)','TALA','TYRt2r'
'EX_phe_L(e)','TKT1','TYRt2r'
'EX_ppi(e)','KAS14','PPA'
'EX_succ(e)','FUM','FUMt2r'
'EX_tyr_L(e)','PHETA1','TALA'
'EX_tyr_L(e)','PHETA1','TKT1'
'EX_tyr_L(e)','PHEt2r','TALA'
'EX_tyr_L(e)','PHEt2r','TKT1'
'EX_tyr_L(e)','PPNDH','TALA'
'EX_tyr_L(e)','PPNDH','TKT1'
'FACOAL180','G3PAT180','STCOATA'
'FDH','FORt2r','FTHFL'
'FORt2r','GUAPRT','MTHFC'
'FORt2r','MTHFC','PUNP2'
'FORt2r','MTHFC','PUNP4'
'FTHFL','MTHFD','MTHFD2'
'FUM','FUMt2r','SUCCt2r'
'GARFTi','GUAPRT','HISTP'
'GARFTi','GUAPRT','HISt2r'
'GARFTi','GUAPRT','HSTPTr'
'GARFTi','GUAPRT','IG3PS'
'GARFTi','GUAPRT','IGPDH'
'GARFTi','GUAPRT','PRAMPC'
'GARFTi','GUAPRT','PRATPP'
'GARFTi','GUAPRT','PRMICI'
'GARFTi','HISTP','PUNP2'
'GARFTi','HISTP','PUNP4'
'GARFTi','HISt2r','PUNP2'
'GARFTi','HISt2r','PUNP4'
'GARFTi','HSTPTr','PUNP2'
'GARFTi','HSTPTr','PUNP4'
'GARFTi','IG3PS','PUNP2'
'GARFTi','IG3PS','PUNP4'
'GARFTi','IGPDH','PUNP2'
'GARFTi','IGPDH','PUNP4'
'GARFTi','PRAMPC','PUNP2'
'GARFTi','PRAMPC','PUNP4'
'GARFTi','PRATPP','PUNP2'
'GARFTi','PRATPP','PUNP4'
'GARFTi','PRMICI','PUNP2'
'GARFTi','PRMICI','PUNP4'
'GHMT2r','MTHFD','MTHFD2'
'GLNS','GLUt2r','OOR2r'
'GLNS','GLUt2r','POR4'
'GLNS','GLUt2r','SDPDS'
'GLNS','GLUt2r','SDPTA'
'GLNS','GLUt2r','THDPS'
'GLUPRT','GUAPRT','HISTP'
'GLUPRT','GUAPRT','HISt2r'
'GLUPRT','GUAPRT','HSTPTr'
'GLUPRT','GUAPRT','IG3PS'
'GLUPRT','GUAPRT','IGPDH'
'GLUPRT','GUAPRT','PRAMPC'
'GLUPRT','GUAPRT','PRATPP'
'GLUPRT','GUAPRT','PRMICI'
'GLUPRT','HISTP','PUNP2'
'GLUPRT','HISTP','PUNP4'
'GLUPRT','HISt2r','PUNP2'
'GLUPRT','HISt2r','PUNP4'
'GLUPRT','HSTPTr','PUNP2'
'GLUPRT','HSTPTr','PUNP4'
'GLUPRT','IG3PS','PUNP2'
'GLUPRT','IG3PS','PUNP4'
'GLUPRT','IGPDH','PUNP2'
'GLUPRT','IGPDH','PUNP4'
'GLUPRT','PRAMPC','PUNP2'
'GLUPRT','PRAMPC','PUNP4'
'GLUPRT','PRATPP','PUNP2'
'GLUPRT','PRATPP','PUNP4'
'GLUPRT','PRMICI','PUNP2'
'GLUPRT','PRMICI','PUNP4'
'GLYPHEHYc','PHETA1','PHEt2r'
'GLYPHEHYc','PHEt2r','PPNDH'
'GLYPHEabc','PHETA1','PHEt2r'
'GLYPHEabc','PHEt2r','PPNDH'
'GLYPROPRO1c','GLYt4r','NAt3_1'
'GLYPROabc','GLYt4r','NAt3_1'
'GUAPRT','HISTP','PRAGS'
'GUAPRT','HISTP','PRAIS'
'GUAPRT','HISTP','PRASCSi'
'GUAPRT','HISTP','PRFGS'
'GUAPRT','HISt2r','PRAGS'
'GUAPRT','HISt2r','PRAIS'
'GUAPRT','HISt2r','PRASCSi'
'GUAPRT','HISt2r','PRFGS'
'GUAPRT','HSTPTr','PRAGS'
'GUAPRT','HSTPTr','PRAIS'
'GUAPRT','HSTPTr','PRASCSi'
'GUAPRT','HSTPTr','PRFGS'
'GUAPRT','IG3PS','PRAGS'
'GUAPRT','IG3PS','PRAIS'
'GUAPRT','IG3PS','PRASCSi'
'GUAPRT','IG3PS','PRFGS'
'GUAPRT','IGPDH','PRAGS'
'GUAPRT','IGPDH','PRAIS'
'GUAPRT','IGPDH','PRASCSi'
'GUAPRT','IGPDH','PRFGS'
'GUAPRT','PRAGS','PRAMPC'
'GUAPRT','PRAGS','PRATPP'
'GUAPRT','PRAGS','PRMICI'
'GUAPRT','PRAIS','PRAMPC'
'GUAPRT','PRAIS','PRATPP'
'GUAPRT','PRAIS','PRMICI'
'GUAPRT','PRAMPC','PRASCSi'
'GUAPRT','PRAMPC','PRFGS'
'GUAPRT','PRASCSi','PRATPP'
'GUAPRT','PRASCSi','PRMICI'
'GUAPRT','PRATPP','PRFGS'
'GUAPRT','PRFGS','PRMICI'
'HISTP','PRAGS','PUNP2'
'HISTP','PRAGS','PUNP4'
'HISTP','PRAIS','PUNP2'
'HISTP','PRAIS','PUNP4'
'HISTP','PRASCSi','PUNP2'
'HISTP','PRASCSi','PUNP4'
'HISTP','PRFGS','PUNP2'
'HISTP','PRFGS','PUNP4'
'HISt2r','PRAGS','PUNP2'
'HISt2r','PRAGS','PUNP4'
'HISt2r','PRAIS','PUNP2'
'HISt2r','PRAIS','PUNP4'
'HISt2r','PRASCSi','PUNP2'
'HISt2r','PRASCSi','PUNP4'
'HISt2r','PRFGS','PUNP2'
'HISt2r','PRFGS','PUNP4'
'HSTPTr','PRAGS','PUNP2'
'HSTPTr','PRAGS','PUNP4'
'HSTPTr','PRAIS','PUNP2'
'HSTPTr','PRAIS','PUNP4'
'HSTPTr','PRASCSi','PUNP2'
'HSTPTr','PRASCSi','PUNP4'
'HSTPTr','PRFGS','PUNP2'
'HSTPTr','PRFGS','PUNP4'
'IG3PS','PRAGS','PUNP2'
'IG3PS','PRAGS','PUNP4'
'IG3PS','PRAIS','PUNP2'
'IG3PS','PRAIS','PUNP4'
'IG3PS','PRASCSi','PUNP2'
'IG3PS','PRASCSi','PUNP4'
'IG3PS','PRFGS','PUNP2'
'IG3PS','PRFGS','PUNP4'
'IGPDH','PRAGS','PUNP2'
'IGPDH','PRAGS','PUNP4'
'IGPDH','PRAIS','PUNP2'
'IGPDH','PRAIS','PUNP4'
'IGPDH','PRASCSi','PUNP2'
'IGPDH','PRASCSi','PUNP4'
'IGPDH','PRFGS','PUNP2'
'IGPDH','PRFGS','PUNP4'
'KAS14','PPA','PPIt2e'
'MTHFD','MTHFD2','PGCDr'
'MTHFD','MTHFD2','PSERT'
'MTHFD','MTHFD2','PSP_L'
'PHETA1','TALA','TYRt2r'
'PHETA1','TKT1','TYRt2r'
'PHEt2r','TALA','TYRt2r'
'PHEt2r','TKT1','TYRt2r'
'PPNDH','TALA','TYRt2r'
'PPNDH','TKT1','TYRt2r'
'PRAGS','PRAMPC','PUNP2'
'PRAGS','PRAMPC','PUNP4'
'PRAGS','PRATPP','PUNP2'
'PRAGS','PRATPP','PUNP4'
'PRAGS','PRMICI','PUNP2'
'PRAGS','PRMICI','PUNP4'
'PRAIS','PRAMPC','PUNP2'
'PRAIS','PRAMPC','PUNP4'
'PRAIS','PRATPP','PUNP2'
'PRAIS','PRATPP','PUNP4'
'PRAIS','PRMICI','PUNP2'
'PRAIS','PRMICI','PUNP4'
'PRAMPC','PRASCSi','PUNP2'
'PRAMPC','PRASCSi','PUNP4'
'PRAMPC','PRFGS','PUNP2'
'PRAMPC','PRFGS','PUNP4'
'PRASCSi','PRATPP','PUNP2'
'PRASCSi','PRATPP','PUNP4'
'PRASCSi','PRMICI','PUNP2'
'PRASCSi','PRMICI','PUNP4'
'PRATPP','PRFGS','PUNP2'
'PRATPP','PRFGS','PUNP4'
'PRFGS','PRMICI','PUNP2'
'PRFGS','PRMICI','PUNP4'
