[
  {
    "'SBO_2810'": "'SBO_0065'",
    "'SBO_3185'": "'SBO_3698'"
  },
  {
    "'SBO_2810'": "'SBO_0065'",
    "'SBO_3185'": "'SBO_3699'"
  },
  {
    "'SBO_2810'": "'SBO_3698'",
    "'SBO_3185'": "'SBO_0066'"
  },
  {
    "'SBO_2810'": "'SBO_3699'",
    "'SBO_3185'": "'SBO_0066'"
  },
  {
    "'SBO_2810'": "'SBO_1157'",
    "'SBO_3185'": "'SBO_2521'"
  },
  {
    "'SBO_2810'": "'SBO_1973'",
    "'SBO_3185'": "'SBO_4076'"
  },
  {
    "'SBO_2810'": "'SBO_0374'",
    "'SBO_3185'": "'SBO_2542'"
  },
  {
    "'SBO_2810'": "'SBO_0374'",
    "'SBO_3185'": "'SBO_1860'"
  },
  {
    "'SBO_2810'": "'SBO_0374'",
    "'SBO_3185'": "'SBO_4120'"
  },
  {
    "'SBO_2810'": "'SBO_0105'",
    "'SBO_3185'": "'SBO_0587'"
  },
  {
    "'SBO_2810'": "'SBO_0105'",
    "'SBO_3185'": "'SBO_0586'"
  },
  {
    "'SBO_2810'": "'SBO_0584'",
    "'SBO_3185'": "'SBO_0587'"
  },
  {
    "'SBO_2810'": "'SBO_0584'",
    "'SBO_3185'": "'SBO_0586'"
  },
  {
    "'SBO_2810'": "'SBO_0585'",
    "'SBO_3185'": "'SBO_0587'"
  },
  {
    "'SBO_2810'": "'SBO_0585'",
    "'SBO_3185'": "'SBO_0586'"
  },
  {
    "'SBO_2810'": "'SBO_0276'",
    "'SBO_3185'": "'SBO_0080'"
  },
  {
    "'SBO_2810'": "'SBO_2579'",
    "'SBO_3185'": "'SBO_3080'"
  },
  {
    "'SBO_2810'": "'SBO_2579'",
    "'SBO_3185'": "'SBO_4451'"
  },
  {
    "'SBO_2810'": "'SBO_2915'",
    "'SBO_3185'": "'SBO_4076'"
  },
  {
    "'SBO_2810'": "'SBO_0536'",
    "'SBO_3185'": "'SBO_3743'"
  },
  {
    "'SBO_2810'": "'SBO_3960'",
    "'SBO_3185'": "'SBO_0001'"
  },
  {
    "'SBO_2810'": "'SBO_1544'",
    "'SBO_3185'": "'SBO_0144'"
  },
  {
    "'SBO_2810'": "'SBO_2461'",
    "'SBO_3185'": "'SBO_3879'"
  },
  {
    "'SBO_2810'": "'SBO_3002'",
    "'SBO_3185'": "'SBO_1512'"
  },
  {
    "'SBO_2810'": "'SBO_2446'",
    "'SBO_3185'": "'SBO_2438'"
  },
  {
    "'SBO_2810'": "'SBO_2198'",
    "'SBO_3185'": "'SBO_2776'"
  },
  {
    "'SBO_2810'": "'SBO_2198'",
    "'SBO_3185'": "'SBO_0159'"
  },
  {
    "'SBO_2810'": "'SBO_0037'",
    "'SBO_3185'": "'SBO_1530'"
  },
  {
    "'SBO_2810'": "'SBO_3066'",
    "'SBO_3185'": "'SBO_1316'"
  },
  {
    "'SBO_2810'": "'SBO_1316'",
    "'SBO_3185'": "'SBO_1158'"
  },
  {
    "'SBO_2810'": "'SBO_1316'",
    "'SBO_3185'": "'SBO_1159'"
  },
  {
    "'SBO_2810'": "'SBO_1316'",
    "'SBO_3185'": "'SBO_1427'"
  },
  {
    "'SBO_2810'": "'SBO_1316'",
    "'SBO_3185'": "'SBO_3936'"
  },
  {
    "'SBO_2810'": "'SBO_1158'",
    "'SBO_3185'": "'SBO_3067'"
  },
  {
    "'SBO_2810'": "'SBO_1159'",
    "'SBO_3185'": "'SBO_3067'"
  },
  {
    "'SBO_2810'": "'SBO_2660'",
    "'SBO_3185'": "'SBO_1427'"
  },
  {
    "'SBO_2810'": "'SBO_1765'",
    "'SBO_3185'": "'SBO_3882'"
  },
  {
    "'SBO_2810'": "'SBO_1328'",
    "'SBO_3185'": "'SBO_3170'"
  },
  {
    "'SBO_2810'": "'SBO_1328'",
    "'SBO_3185'": "'SBO_3169'"
  },
  {
    "'SBO_2810'": "'SBO_0858'",
    "'SBO_3185'": "'SBO_3373'"
  },
  {
    "'SBO_2810'": "'SBO_3498'",
    "'SBO_3185'": "'SBO_0821'"
  },
  {
    "'SBO_2810'": "'SBO_0244'",
    "'SBO_3185'": "'SBO_2532'"
  },
  {
    "'SBO_2810'": "'SBO_3118'",
    "'SBO_3185'": "'SBO_2532'"
  },
  {
    "'SBO_2810'": "'SBO_3117'",
    "'SBO_3185'": "'SBO_2532'"
  },
  {
    "'SBO_2810'": "'SBO_3119'",
    "'SBO_3185'": "'SBO_2532'"
  },
  {
    "'SBO_2810'": "'SBO_2553'",
    "'SBO_3185'": "'SBO_1451'"
  },
  {
    "'SBO_2810'": "'SBO_2553'",
    "'SBO_3185'": "'SBO_1450'"
  },
  {
    "'SBO_2810'": "'SBO_2553'",
    "'SBO_3185'": "'SBO_1449'"
  },
  {
    "'SBO_2810'": "'SBO_2553'",
    "'SBO_3185'": "'SBO_1448'"
  },
  {
    "'SBO_2810'": "'SBO_2553'",
    "'SBO_3185'": "'SBO_1447'"
  },
  {
    "'SBO_2810'": "'SBO_2553'",
    "'SBO_3185'": "'SBO_1446'"
  },
  {
    "'SBO_2810'": "'SBO_2552'",
    "'SBO_3185'": "'SBO_1451'"
  },
  {
    "'SBO_2810'": "'SBO_2552'",
    "'SBO_3185'": "'SBO_1450'"
  },
  {
    "'SBO_2810'": "'SBO_2552'",
    "'SBO_3185'": "'SBO_1449'"
  },
  {
    "'SBO_2810'": "'SBO_2552'",
    "'SBO_3185'": "'SBO_1448'"
  },
  {
    "'SBO_2810'": "'SBO_2552'",
    "'SBO_3185'": "'SBO_1447'"
  },
  {
    "'SBO_2810'": "'SBO_2552'",
    "'SBO_3185'": "'SBO_1446'"
  },
  {
    "'SBO_2810'": "'SBO_3841'",
    "'SBO_3185'": "'SBO_4040'"
  },
  {
    "'SBO_2810'": "'SBO_0620'",
    "'SBO_3185'": "'SBO_2449'"
  },
  {
    "'SBO_2810'": "'SBO_0620'",
    "'SBO_3185'": "'SBO_2448'"
  },
  {
    "'SBO_2810'": "'SBO_0620'",
    "'SBO_3185'": "'SBO_2447'"
  },
  {
    "'SBO_2810'": "'SBO_0618'",
    "'SBO_3185'": "'SBO_2449'"
  },
  {
    "'SBO_2810'": "'SBO_0618'",
    "'SBO_3185'": "'SBO_2448'"
  },
  {
    "'SBO_2810'": "'SBO_0618'",
    "'SBO_3185'": "'SBO_2447'"
  },
  {
    "'SBO_2810'": "'SBO_2449'",
    "'SBO_3185'": "'SBO_0619'"
  },
  {
    "'SBO_2810'": "'SBO_2448'",
    "'SBO_3185'": "'SBO_0619'"
  },
  {
    "'SBO_2810'": "'SBO_0619'",
    "'SBO_3185'": "'SBO_2447'"
  },
  {
    "'SBO_2810'": "'SBO_3067'",
    "'SBO_3185'": "'SBO_1427'"
  },
  {
    "'SBO_2810'": "'SBO_3067'",
    "'SBO_3185'": "'SBO_3936'"
  },
  {
    "'SBO_2810'": "'SBO_3491'",
    "'SBO_3185'": "'SBO_3657'"
  },
  {
    "'SBO_2810'": "'SBO_3491'",
    "'SBO_3185'": "'SBO_3654'"
  },
  {
    "'SBO_2810'": "'SBO_3491'",
    "'SBO_3185'": "'SBO_3656'"
  },
  {
    "'SBO_2810'": "'SBO_3491'",
    "'SBO_3185'": "'SBO_3655'"
  },
  {
    "'SBO_2810'": "'SBO_1860'",
    "'SBO_3185'": "'SBO_4120'"
  },
  {
    "'SBO_2810'": "'SBO_3373'",
    "'SBO_3185'": "'SBO_3079'"
  },
  {
    "'SBO_2810'": "'SBO_3079'",
    "'SBO_3185'": "'SBO_0009'"
  },
  {
    "'SBO_2810'": "'SBO_0283'",
    "'SBO_3185'": "'SBO_3377'"
  },
  {
    "'SBO_2810'": "'SBO_2982'",
    "'SBO_3185'": "'SBO_3783'"
  }
]