[
  {
    "'SBO_2277'": "'SBO_1970'"
  },
  {
    "'SBO_2277'": "'SBO_2360'"
  },
  {
    "'SBO_2277'": "'SBO_0003'"
  },
  {
    "'SBO_2277'": "'SBO_0148'"
  },
  {
    "'SBO_2277'": "'SBO_1969'"
  },
  {
    "'SBO_2277'": "'s0001'"
  },
  {
    "'SBO_2277'": "'SBO_0173'"
  },
  {
    "'SBO_2277'": "'SBO_3133'"
  },
  {
    "'SBO_2277'": "'SBO_2353'"
  },
  {
    "'SBO_2277'": "'SBO_3132'"
  },
  {
    "'SBO_2277'": "'SBO_3978'"
  },
  {
    "'SBO_2277'": "'SBO_2708'"
  },
  {
    "'SBO_2277'": "'SBO_3976'"
  },
  {
    "'SBO_2277'": "'SBO_3182'"
  },
  {
    "'SBO_2277'": "'SBO_4179'"
  },
  {
    "'SBO_2277'": "'SBO_3183'"
  },
  {
    "'SBO_2277'": "'SBO_4178'"
  },
  {
    "'SBO_2277'": "'SBO_3181'"
  },
  {
    "'SBO_2277'": "'SBO_0107'"
  },
  {
    "'SBO_2277'": "'SBO_3341'"
  },
  {
    "'SBO_2277'": "'SBO_2770'"
  },
  {
    "'SBO_2277'": "'SBO_1908'"
  },
  {
    "'SBO_2277'": "'SBO_4279'"
  },
  {
    "'SBO_2277'": "'SBO_2880'"
  },
  {
    "'SBO_2277'": "'SBO_3977'"
  },
  {
    "'SBO_2277'": "'SBO_4027'"
  },
  {
    "'SBO_2277'": "'SBO_0421'"
  },
  {
    "'SBO_2277'": "'SBO_0420'"
  },
  {
    "'SBO_2277'": "'SBO_4064'"
  },
  {
    "'SBO_2277'": "'SBO_1803'"
  },
  {
    "'SBO_2277'": "'SBO_1802'"
  },
  {
    "'SBO_2277'": "'SBO_0308'"
  },
  {
    "'SBO_2277'": "'SBO_3979'"
  },
  {
    "'SBO_2277'": "'SBO_3210'"
  },
  {
    "'SBO_2277'": "'SBO_3431'"
  },
  {
    "'SBO_2277'": "'SBO_0120'"
  },
  {
    "'SBO_2277'": "'SBO_4201'"
  },
  {
    "'SBO_2277'": "'SBO_2219'"
  },
  {
    "'SBO_2277'": "'SBO_0845'"
  },
  {
    "'SBO_2277'": "'SBO_0717'"
  },
  {
    "'SBO_2277'": "'SBO_3869'"
  },
  {
    "'SBO_2277'": "'SBO_4229'"
  },
  {
    "'SBO_2277'": "'SBO_3186'"
  },
  {
    "'SBO_2277'": "'SBO_2898'"
  },
  {
    "'SBO_2277'": "'SBO_1859'"
  },
  {
    "'SBO_2277'": "'SBO_2637'"
  },
  {
    "'SBO_2277'": "'SBO_2638'"
  },
  {
    "'SBO_2277'": "'SBO_2366'"
  },
  {
    "'SBO_2277'": "'SBO_4078'"
  },
  {
    "'SBO_2277'": "'SBO_2202'"
  },
  {
    "'SBO_2277'": "'SBO_0668'"
  },
  {
    "'SBO_2277'": "'SBO_0670'"
  },
  {
    "'SBO_2277'": "'SBO_0578'"
  },
  {
    "'SBO_2277'": "'SBO_2661'"
  },
  {
    "'SBO_2277'": "'SBO_2730'"
  },
  {
    "'SBO_2277'": "'SBO_3820'"
  },
  {
    "'SBO_2277'": "'SBO_0163'"
  },
  {
    "'SBO_2277'": "'SBO_2899'"
  },
  {
    "'SBO_2277'": "'SBO_0665'"
  },
  {
    "'SBO_2277'": "'SBO_3729'"
  },
  {
    "'SBO_2277'": "'SBO_3782'"
  },
  {
    "'SBO_2277'": "'SBO_0030'"
  },
  {
    "'SBO_2277'": "'SBO_2495'"
  },
  {
    "'SBO_2277'": "'SBO_2002'"
  },
  {
    "'SBO_2277'": "'SBO_3376'"
  },
  {
    "'SBO_2277'": "'SBO_1438'"
  },
  {
    "'SBO_2277'": "'SBO_0315'"
  },
  {
    "'SBO_2277'": "'SBO_0028'"
  },
  {
    "'SBO_2277'": "'SBO_0091'"
  },
  {
    "'SBO_2277'": "'SBO_3785'"
  },
  {
    "'SBO_2277'": "'SBO_1965'"
  },
  {
    "'SBO_2277'": "'SBO_0161'"
  },
  {
    "'SBO_2277'": "'SBO_0314'"
  },
  {
    "'SBO_2277'": "'SBO_1774'"
  },
  {
    "'SBO_2277'": "'SBO_2646'"
  },
  {
    "'SBO_2277'": "'SBO_2647'"
  },
  {
    "'SBO_2277'": "'SBO_0375'"
  },
  {
    "'SBO_2277'": "'SBO_0024'"
  },
  {
    "'SBO_2277'": "'SBO_3757'"
  },
  {
    "'SBO_2277'": "'SBO_0143'"
  },
  {
    "'SBO_2277'": "'SBO_3614'"
  },
  {
    "'SBO_2277'": "'SBO_3758'"
  },
  {
    "'SBO_2277'": "'SBO_2349'"
  },
  {
    "'SBO_2277'": "'SBO_3986'"
  },
  {
    "'SBO_2277'": "'SBO_1857'"
  },
  {
    "'SBO_2277'": "'SBO_2426'"
  },
  {
    "'SBO_2277'": "'SBO_2531'"
  },
  {
    "'SBO_2277'": "'SBO_1787'"
  },
  {
    "'SBO_2277'": "'SBO_4077'"
  },
  {
    "'SBO_2277'": "'SBO_0115'"
  },
  {
    "'SBO_2277'": "'SBO_0846'"
  },
  {
    "'SBO_2277'": "'SBO_0848'"
  },
  {
    "'SBO_2277'": "'SBO_3816'"
  },
  {
    "'SBO_2277'": "'SBO_0002'"
  },
  {
    "'SBO_2277'": "'SBO_4033'"
  },
  {
    "'SBO_2277'": "'SBO_0847'"
  },
  {
    "'SBO_2277'": "'SBO_2554'"
  },
  {
    "'SBO_2277'": "'SBO_3819'"
  },
  {
    "'SBO_2277'": "'SBO_1903'"
  },
  {
    "'SBO_2277'": "'SBO_0851'"
  },
  {
    "'SBO_2277'": "'SBO_0849'"
  },
  {
    "'SBO_2277'": "'SBO_1804'"
  },
  {
    "'SBO_2277'": "'SBO_3781'"
  },
  {
    "'SBO_2277'": "'SBO_0060'"
  },
  {
    "'SBO_2277'": "'SBO_0058'"
  },
  {
    "'SBO_2277'": "'SBO_0059'"
  },
  {
    "'SBO_2277'": "'SBO_0061'"
  },
  {
    "'SBO_2277'": "'SBO_2206'"
  },
  {
    "'SBO_2277'": "'SBO_3184'"
  },
  {
    "'SBO_2277'": "'SBO_1852'"
  },
  {
    "'SBO_2277'": "'SBO_0170'"
  },
  {
    "'SBO_2277'": "'SBO_1971'"
  },
  {
    "'SBO_2277'": "'SBO_2539'"
  },
  {
    "'SBO_2277'": "'SBO_2774'"
  },
  {
    "'SBO_2277'": "'SBO_2773'"
  },
  {
    "'SBO_2277'": "'SBO_3048'"
  },
  {
    "'SBO_2277'": "'SBO_0671'"
  },
  {
    "'SBO_2277'": "'SBO_3635'"
  },
  {
    "'SBO_2277'": "'SBO_0123'"
  },
  {
    "'SBO_2277'": "'SBO_0010'"
  },
  {
    "'SBO_2277'": "'SBO_1995'"
  },
  {
    "'SBO_2277'": "'SBO_0672'"
  },
  {
    "'SBO_2277'": "'SBO_0716'"
  },
  {
    "'SBO_2277'": "'SBO_3961'"
  },
  {
    "'SBO_2277'": "'SBO_2750'"
  },
  {
    "'SBO_2277'": "'SBO_1350'"
  },
  {
    "'SBO_2277'": "'SBO_2222'"
  },
  {
    "'SBO_2277'": "'SBO_0503'"
  },
  {
    "'SBO_2277'": "'SBO_4188'"
  },
  {
    "'SBO_2277'": "'SBO_3195'"
  },
  {
    "'SBO_2277'": "'SBO_2193'"
  },
  {
    "'SBO_2277'": "'SBO_1783'"
  },
  {
    "'SBO_2277'": "'SBO_2348'"
  },
  {
    "'SBO_2277'": "'SBO_3855'"
  },
  {
    "'SBO_2277'": "'SBO_3644'"
  },
  {
    "'SBO_2277'": "'SBO_0282'"
  },
  {
    "'SBO_2277'": "'SBO_0122'"
  },
  {
    "'SBO_2277'": "'SBO_0075'"
  },
  {
    "'SBO_2277'": "'SBO_2645'"
  },
  {
    "'SBO_2277'": "'SBO_0041'"
  },
  {
    "'SBO_2277'": "'SBO_2592'"
  },
  {
    "'SBO_2277'": "'SBO_2357'"
  },
  {
    "'SBO_2277'": "'SBO_3206'"
  },
  {
    "'SBO_2277'": "'SBO_3994'"
  },
  {
    "'SBO_2277'": "'SBO_0263'"
  },
  {
    "'SBO_2277'": "'SBO_3975'"
  },
  {
    "'SBO_2277'": "'SBO_3641'"
  },
  {
    "'SBO_2277'": "'SBO_3862'"
  },
  {
    "'SBO_2277'": "'SBO_4026'"
  },
  {
    "'SBO_2277'": "'SBO_2520'"
  },
  {
    "'SBO_2277'": "'SBO_0852'"
  },
  {
    "'SBO_2277'": "'SBO_2493'"
  },
  {
    "'SBO_2277'": "'SBO_2585'"
  },
  {
    "'SBO_2277'": "'SBO_0850'"
  },
  {
    "'SBO_2277'": "'SBO_2194'"
  },
  {
    "'SBO_2277'": "'SBO_4297'"
  },
  {
    "'SBO_2277'": "'SBO_2617'"
  },
  {
    "'SBO_2277'": "'SBO_3636'"
  },
  {
    "'SBO_2277'": "'SBO_1469'"
  },
  {
    "'SBO_2277'": "'SBO_0309'"
  },
  {
    "'SBO_2277'": "'SBO_2830'"
  },
  {
    "'SBO_2277'": "'SBO_2768'"
  },
  {
    "'SBO_2277'": "'SBO_2769'"
  },
  {
    "'SBO_2277'": "'SBO_2488'"
  },
  {
    "'SBO_2277'": "'SBO_3613'"
  },
  {
    "'SBO_2277'": "'SBO_3350'"
  },
  {
    "'SBO_2277'": "'SBO_3275'"
  },
  {
    "'SBO_2277'": "'SBO_3959'"
  },
  {
    "'SBO_2277'": "'SBO_2203'"
  },
  {
    "'SBO_2277'": "'SBO_0154'"
  },
  {
    "'SBO_2277'": "'SBO_0055'"
  },
  {
    "'SBO_2277'": "'SBO_0053'"
  },
  {
    "'SBO_2277'": "'SBO_0054'"
  },
  {
    "'SBO_2277'": "'SBO_3054'"
  },
  {
    "'SBO_2277'": "'SBO_2719'"
  },
  {
    "'SBO_2277'": "'SBO_1955'"
  },
  {
    "'SBO_2277'": "'SBO_0311'"
  },
  {
    "'SBO_2277'": "'SBO_1805'"
  },
  {
    "'SBO_2277'": "'SBO_1806'"
  },
  {
    "'SBO_2277'": "'SBO_0167'"
  },
  {
    "'SBO_2277'": "'SBO_0073'"
  },
  {
    "'SBO_2277'": "'SBO_0169'"
  },
  {
    "'SBO_2277'": "'SBO_3193'"
  },
  {
    "'SBO_2277'": "'SBO_0078'"
  },
  {
    "'SBO_2277'": "'SBO_0076'"
  },
  {
    "'SBO_2277'": "'SBO_0079'"
  },
  {
    "'SBO_2277'": "'SBO_3992'"
  },
  {
    "'SBO_2277'": "'SBO_0162'"
  },
  {
    "'SBO_2277'": "'SBO_0074'"
  },
  {
    "'SBO_2277'": "'SBO_0083'"
  },
  {
    "'SBO_2277'": "'SBO_3815'"
  },
  {
    "'SBO_2277'": "'SBO_4018'"
  },
  {
    "'SBO_2277'": "'SBO_0419'"
  }
]