[
  {
    "'SBO+AF8-2728'": "'SBO+AF8-2728'",
    "'SBO+AF8-1972'": "'SBO+AF8-1972'",
    "'SBO+AF8-0374'": "'SBO+AF8-0105'"
  },
  {
    "'SBO+AF8-2728'": "'SBO+AF8-2728'",
    "'SBO+AF8-1972'": "'SBO+AF8-1972'",
    "'SBO+AF8-0374'": "'SBO+AF8-0664'"
  },
  {
    "'SBO+AF8-2728'": "'SBO+AF8-2728'",
    "'SBO+AF8-1972'": "'SBO+AF8-1972'",
    "'SBO+AF8-0374'": "'SBO+AF8-3153'"
  },
  {
    "'SBO+AF8-2728'": "'SBO+AF8-2728'",
    "'SBO+AF8-1972'": "'SBO+AF8-1972'",
    "'SBO+AF8-0374'": "'SBO+AF8-2097'"
  },
  {
    "'SBO+AF8-2728'": "'SBO+AF8-2728'",
    "'SBO+AF8-1972'": "'SBO+AF8-1972'",
    "'SBO+AF8-0374'": "'SBO+AF8-0414'"
  },
  {
    "'SBO+AF8-2728'": "'SBO+AF8-2728'",
    "'SBO+AF8-1972'": "'SBO+AF8-1972'",
    "'SBO+AF8-0374'": "'SBO+AF8-1952'"
  },
  {
    "'SBO+AF8-2728'": "'SBO+AF8-2728'",
    "'SBO+AF8-1972'": "'SBO+AF8-1972'",
    "'SBO+AF8-0374'": "'SBO+AF8-2313'"
  },
  {
    "'SBO+AF8-2728'": "'SBO+AF8-2728'",
    "'SBO+AF8-1972'": "'SBO+AF8-1972'",
    "'SBO+AF8-0374'": "'SBO+AF8-2315'"
  },
  {
    "'SBO+AF8-2728'": "'SBO+AF8-2728'",
    "'SBO+AF8-1972'": "'SBO+AF8-1972'",
    "'SBO+AF8-0374'": "'SBO+AF8-2319'"
  },
  {
    "'SBO+AF8-2728'": "'SBO+AF8-2728'",
    "'SBO+AF8-1972'": "'SBO+AF8-1972'",
    "'SBO+AF8-0374'": "'SBO+AF8-2310'"
  },
  {
    "'SBO+AF8-2728'": "'SBO+AF8-2728'",
    "'SBO+AF8-1972'": "'SBO+AF8-1972'",
    "'SBO+AF8-0374'": "'SBO+AF8-2311'"
  },
  {
    "'SBO+AF8-2728'": "'SBO+AF8-2728'",
    "'SBO+AF8-1972'": "'SBO+AF8-1972'",
    "'SBO+AF8-0374'": "'SBO+AF8-2321'"
  },
  {
    "'SBO+AF8-2728'": "'SBO+AF8-2728'",
    "'SBO+AF8-1972'": "'SBO+AF8-1972'",
    "'SBO+AF8-0374'": "'SBO+AF8-2317'"
  },
  {
    "'SBO+AF8-2728'": "'SBO+AF8-2728'",
    "'SBO+AF8-1972'": "'SBO+AF8-1972'",
    "'SBO+AF8-0374'": "'SBO+AF8-2314'"
  },
  {
    "'SBO+AF8-2728'": "'SBO+AF8-2728'",
    "'SBO+AF8-1972'": "'SBO+AF8-1972'",
    "'SBO+AF8-0374'": "'SBO+AF8-2316'"
  },
  {
    "'SBO+AF8-2728'": "'SBO+AF8-2728'",
    "'SBO+AF8-1972'": "'SBO+AF8-1972'",
    "'SBO+AF8-0374'": "'SBO+AF8-2318'"
  },
  {
    "'SBO+AF8-2728'": "'SBO+AF8-2728'",
    "'SBO+AF8-1972'": "'SBO+AF8-1972'",
    "'SBO+AF8-0374'": "'SBO+AF8-2312'"
  },
  {
    "'SBO+AF8-2728'": "'SBO+AF8-2728'",
    "'SBO+AF8-1972'": "'SBO+AF8-1972'",
    "'SBO+AF8-0374'": "'SBO+AF8-2309'"
  },
  {
    "'SBO+AF8-2728'": "'SBO+AF8-2728'",
    "'SBO+AF8-1972'": "'SBO+AF8-1972'",
    "'SBO+AF8-0374'": "'SBO+AF8-2320'"
  },
  {
    "'SBO+AF8-2728'": "'SBO+AF8-2728'",
    "'SBO+AF8-1972'": "'SBO+AF8-1972'",
    "'SBO+AF8-0374'": "'SBO+AF8-1533'"
  },
  {
    "'SBO+AF8-2728'": "'SBO+AF8-2728'",
    "'SBO+AF8-1972'": "'SBO+AF8-1972'",
    "'SBO+AF8-0374'": "'SBO+AF8-1534'"
  },
  {
    "'SBO+AF8-2728'": "'SBO+AF8-2728'",
    "'SBO+AF8-1972'": "'SBO+AF8-1972'",
    "'SBO+AF8-0374'": "'SBO+AF8-3849'"
  },
  {
    "'SBO+AF8-2728'": "'SBO+AF8-2728'",
    "'SBO+AF8-1972'": "'SBO+AF8-1972'",
    "'SBO+AF8-0374'": "'SBO+AF8-0104'"
  },
  {
    "'SBO+AF8-2728'": "'SBO+AF8-2728'",
    "'SBO+AF8-1972'": "'SBO+AF8-1972'",
    "'SBO+AF8-0374'": "'SBO+AF8-0103'"
  },
  {
    "'SBO+AF8-2728'": "'SBO+AF8-2728'",
    "'SBO+AF8-1972'": "'SBO+AF8-1972'",
    "'SBO+AF8-0374'": "'SBO+AF8-1496'"
  },
  {
    "'SBO+AF8-2728'": "'SBO+AF8-2728'",
    "'SBO+AF8-1972'": "'SBO+AF8-1972'",
    "'SBO+AF8-0374'": "'SBO+AF8-3933'"
  },
  {
    "'SBO+AF8-2728'": "'SBO+AF8-2728'",
    "'SBO+AF8-1972'": "'SBO+AF8-1972'",
    "'SBO+AF8-0374'": "'SBO+AF8-3080'"
  },
  {
    "'SBO+AF8-2728'": "'SBO+AF8-2728'",
    "'SBO+AF8-1972'": "'SBO+AF8-1972'",
    "'SBO+AF8-0374'": "'SBO+AF8-4053'"
  },
  {
    "'SBO+AF8-2728'": "'SBO+AF8-2728'",
    "'SBO+AF8-1972'": "'SBO+AF8-1972'",
    "'SBO+AF8-0374'": "'SBO+AF8-3067'"
  },
  {
    "'SBO+AF8-2728'": "'SBO+AF8-2728'",
    "'SBO+AF8-1972'": "'SBO+AF8-1972'",
    "'SBO+AF8-0374'": "'SBO+AF8-3491'"
  },
  {
    "'SBO+AF8-2728'": "'SBO+AF8-2728'",
    "'SBO+AF8-1972'": "'SBO+AF8-1972'",
    "'SBO+AF8-0374'": "'SBO+AF8-3402'"
  },
  {
    "'SBO+AF8-2728'": "'SBO+AF8-2728'",
    "'SBO+AF8-1972'": "'SBO+AF8-1972'",
    "'SBO+AF8-0374'": "'SBO+AF8-2522'"
  },
  {
    "'SBO+AF8-2728'": "'SBO+AF8-2728'",
    "'SBO+AF8-1972'": "'SBO+AF8-1972'",
    "'SBO+AF8-0374'": "'SBO+AF8-1860'"
  },
  {
    "'SBO+AF8-2728'": "'SBO+AF8-2728'",
    "'SBO+AF8-1972'": "'SBO+AF8-1972'",
    "'SBO+AF8-0374'": "'SBO+AF8-4451'"
  },
  {
    "'SBO+AF8-2728'": "'SBO+AF8-2728'",
    "'SBO+AF8-1972'": "'SBO+AF8-1972'",
    "'SBO+AF8-0374'": "'SBO+AF8-3373'"
  },
  {
    "'SBO+AF8-2728'": "'SBO+AF8-2728'",
    "'SBO+AF8-1972'": "'SBO+AF8-1972'",
    "'SBO+AF8-0374'": "'SBO+AF8-3079'"
  },
  {
    "'SBO+AF8-2728'": "'SBO+AF8-2728'",
    "'SBO+AF8-1972'": "'SBO+AF8-1972'",
    "'SBO+AF8-0374'": "'SBO+AF8-2981'"
  },
  {
    "'SBO+AF8-2728'": "'SBO+AF8-2728'",
    "'SBO+AF8-1972'": "'SBO+AF8-1972'",
    "'SBO+AF8-0374'": "'SBO+AF8-2950'"
  },
  {
    "'SBO+AF8-2728'": "'SBO+AF8-2728'",
    "'SBO+AF8-1972'": "'SBO+AF8-1972'",
    "'SBO+AF8-0374'": "'SBO+AF8-1861'"
  },
  {
    "'SBO+AF8-2728'": "'SBO+AF8-2728'",
    "'SBO+AF8-1972'": "'SBO+AF8-0664'",
    "'SBO+AF8-0374'": "'SBO+AF8-0009'"
  },
  {
    "'SBO+AF8-2728'": "'SBO+AF8-2728'",
    "'SBO+AF8-1972'": "'SBO+AF8-0664'",
    "'SBO+AF8-0374'": "'SBO+AF8-3936'"
  },
  {
    "'SBO+AF8-2728'": "'SBO+AF8-2439'",
    "'SBO+AF8-1972'": "'SBO+AF8-1972'",
    "'SBO+AF8-0374'": "'SBO+AF8-0105'"
  },
  {
    "'SBO+AF8-2728'": "'SBO+AF8-2439'",
    "'SBO+AF8-1972'": "'SBO+AF8-1972'",
    "'SBO+AF8-0374'": "'SBO+AF8-0104'"
  },
  {
    "'SBO+AF8-2728'": "'SBO+AF8-2439'",
    "'SBO+AF8-1972'": "'SBO+AF8-1972'",
    "'SBO+AF8-0374'": "'SBO+AF8-0103'"
  },
  {
    "'SBO+AF8-2728'": "'SBO+AF8-2440'",
    "'SBO+AF8-1972'": "'SBO+AF8-1972'",
    "'SBO+AF8-0374'": "'SBO+AF8-0105'"
  },
  {
    "'SBO+AF8-2728'": "'SBO+AF8-2440'",
    "'SBO+AF8-1972'": "'SBO+AF8-1972'",
    "'SBO+AF8-0374'": "'SBO+AF8-0104'"
  },
  {
    "'SBO+AF8-2728'": "'SBO+AF8-2440'",
    "'SBO+AF8-1972'": "'SBO+AF8-1972'",
    "'SBO+AF8-0374'": "'SBO+AF8-0103'"
  },
  {
    "'SBO+AF8-2728'": "'SBO+AF8-1972'",
    "'SBO+AF8-1972'": "'SBO+AF8-0374'",
    "'SBO+AF8-0374'": "'SBO+AF8-0105'"
  },
  {
    "'SBO+AF8-2728'": "'SBO+AF8-1972'",
    "'SBO+AF8-1972'": "'SBO+AF8-0374'",
    "'SBO+AF8-0374'": "'SBO+AF8-2097'"
  },
  {
    "'SBO+AF8-2728'": "'SBO+AF8-1972'",
    "'SBO+AF8-1972'": "'SBO+AF8-0374'",
    "'SBO+AF8-0374'": "'SBO+AF8-0414'"
  },
  {
    "'SBO+AF8-2728'": "'SBO+AF8-1972'",
    "'SBO+AF8-1972'": "'SBO+AF8-0374'",
    "'SBO+AF8-0374'": "'SBO+AF8-1952'"
  },
  {
    "'SBO+AF8-2728'": "'SBO+AF8-1972'",
    "'SBO+AF8-1972'": "'SBO+AF8-0374'",
    "'SBO+AF8-0374'": "'SBO+AF8-2313'"
  },
  {
    "'SBO+AF8-2728'": "'SBO+AF8-1972'",
    "'SBO+AF8-1972'": "'SBO+AF8-0374'",
    "'SBO+AF8-0374'": "'SBO+AF8-2315'"
  },
  {
    "'SBO+AF8-2728'": "'SBO+AF8-1972'",
    "'SBO+AF8-1972'": "'SBO+AF8-0374'",
    "'SBO+AF8-0374'": "'SBO+AF8-2319'"
  },
  {
    "'SBO+AF8-2728'": "'SBO+AF8-1972'",
    "'SBO+AF8-1972'": "'SBO+AF8-0374'",
    "'SBO+AF8-0374'": "'SBO+AF8-2310'"
  },
  {
    "'SBO+AF8-2728'": "'SBO+AF8-1972'",
    "'SBO+AF8-1972'": "'SBO+AF8-0374'",
    "'SBO+AF8-0374'": "'SBO+AF8-2311'"
  },
  {
    "'SBO+AF8-2728'": "'SBO+AF8-1972'",
    "'SBO+AF8-1972'": "'SBO+AF8-0374'",
    "'SBO+AF8-0374'": "'SBO+AF8-2321'"
  },
  {
    "'SBO+AF8-2728'": "'SBO+AF8-1972'",
    "'SBO+AF8-1972'": "'SBO+AF8-0374'",
    "'SBO+AF8-0374'": "'SBO+AF8-2317'"
  },
  {
    "'SBO+AF8-2728'": "'SBO+AF8-1972'",
    "'SBO+AF8-1972'": "'SBO+AF8-0374'",
    "'SBO+AF8-0374'": "'SBO+AF8-2314'"
  },
  {
    "'SBO+AF8-2728'": "'SBO+AF8-1972'",
    "'SBO+AF8-1972'": "'SBO+AF8-0374'",
    "'SBO+AF8-0374'": "'SBO+AF8-2316'"
  },
  {
    "'SBO+AF8-2728'": "'SBO+AF8-1972'",
    "'SBO+AF8-1972'": "'SBO+AF8-0374'",
    "'SBO+AF8-0374'": "'SBO+AF8-2318'"
  },
  {
    "'SBO+AF8-2728'": "'SBO+AF8-1972'",
    "'SBO+AF8-1972'": "'SBO+AF8-0374'",
    "'SBO+AF8-0374'": "'SBO+AF8-2312'"
  },
  {
    "'SBO+AF8-2728'": "'SBO+AF8-1972'",
    "'SBO+AF8-1972'": "'SBO+AF8-0374'",
    "'SBO+AF8-0374'": "'SBO+AF8-2309'"
  },
  {
    "'SBO+AF8-2728'": "'SBO+AF8-1972'",
    "'SBO+AF8-1972'": "'SBO+AF8-0374'",
    "'SBO+AF8-0374'": "'SBO+AF8-2320'"
  },
  {
    "'SBO+AF8-2728'": "'SBO+AF8-1972'",
    "'SBO+AF8-1972'": "'SBO+AF8-0374'",
    "'SBO+AF8-0374'": "'SBO+AF8-1533'"
  },
  {
    "'SBO+AF8-2728'": "'SBO+AF8-1972'",
    "'SBO+AF8-1972'": "'SBO+AF8-0374'",
    "'SBO+AF8-0374'": "'SBO+AF8-1534'"
  },
  {
    "'SBO+AF8-2728'": "'SBO+AF8-1972'",
    "'SBO+AF8-1972'": "'SBO+AF8-0374'",
    "'SBO+AF8-0374'": "'SBO+AF8-3849'"
  },
  {
    "'SBO+AF8-2728'": "'SBO+AF8-1972'",
    "'SBO+AF8-1972'": "'SBO+AF8-0374'",
    "'SBO+AF8-0374'": "'SBO+AF8-0104'"
  },
  {
    "'SBO+AF8-2728'": "'SBO+AF8-1972'",
    "'SBO+AF8-1972'": "'SBO+AF8-0374'",
    "'SBO+AF8-0374'": "'SBO+AF8-0103'"
  },
  {
    "'SBO+AF8-2728'": "'SBO+AF8-1972'",
    "'SBO+AF8-1972'": "'SBO+AF8-0374'",
    "'SBO+AF8-0374'": "'SBO+AF8-1496'"
  },
  {
    "'SBO+AF8-2728'": "'SBO+AF8-1972'",
    "'SBO+AF8-1972'": "'SBO+AF8-0374'",
    "'SBO+AF8-0374'": "'SBO+AF8-3080'"
  },
  {
    "'SBO+AF8-2728'": "'SBO+AF8-1972'",
    "'SBO+AF8-1972'": "'SBO+AF8-0374'",
    "'SBO+AF8-0374'": "'SBO+AF8-4053'"
  },
  {
    "'SBO+AF8-2728'": "'SBO+AF8-1972'",
    "'SBO+AF8-1972'": "'SBO+AF8-0374'",
    "'SBO+AF8-0374'": "'SBO+AF8-3067'"
  },
  {
    "'SBO+AF8-2728'": "'SBO+AF8-1972'",
    "'SBO+AF8-1972'": "'SBO+AF8-0374'",
    "'SBO+AF8-0374'": "'SBO+AF8-3491'"
  },
  {
    "'SBO+AF8-2728'": "'SBO+AF8-1972'",
    "'SBO+AF8-1972'": "'SBO+AF8-0374'",
    "'SBO+AF8-0374'": "'SBO+AF8-2522'"
  },
  {
    "'SBO+AF8-2728'": "'SBO+AF8-1972'",
    "'SBO+AF8-1972'": "'SBO+AF8-0374'",
    "'SBO+AF8-0374'": "'SBO+AF8-4451'"
  },
  {
    "'SBO+AF8-2728'": "'SBO+AF8-1972'",
    "'SBO+AF8-1972'": "'SBO+AF8-0374'",
    "'SBO+AF8-0374'": "'SBO+AF8-3373'"
  },
  {
    "'SBO+AF8-2728'": "'SBO+AF8-1972'",
    "'SBO+AF8-1972'": "'SBO+AF8-0374'",
    "'SBO+AF8-0374'": "'SBO+AF8-3079'"
  },
  {
    "'SBO+AF8-2728'": "'SBO+AF8-1972'",
    "'SBO+AF8-1972'": "'SBO+AF8-0374'",
    "'SBO+AF8-0374'": "'SBO+AF8-2981'"
  },
  {
    "'SBO+AF8-2728'": "'SBO+AF8-1972'",
    "'SBO+AF8-1972'": "'SBO+AF8-0374'",
    "'SBO+AF8-0374'": "'SBO+AF8-2950'"
  },
  {
    "'SBO+AF8-2728'": "'SBO+AF8-1972'",
    "'SBO+AF8-1972'": "'SBO+AF8-0374'",
    "'SBO+AF8-0374'": "'SBO+AF8-1861'"
  },
  {
    "'SBO+AF8-2728'": "'SBO+AF8-1972'",
    "'SBO+AF8-1972'": "'SBO+AF8-0105'",
    "'SBO+AF8-0374'": "'SBO+AF8-3598'"
  },
  {
    "'SBO+AF8-2728'": "'SBO+AF8-1972'",
    "'SBO+AF8-1972'": "'SBO+AF8-0105'",
    "'SBO+AF8-0374'": "'SBO+AF8-2097'"
  },
  {
    "'SBO+AF8-2728'": "'SBO+AF8-1972'",
    "'SBO+AF8-1972'": "'SBO+AF8-0105'",
    "'SBO+AF8-0374'": "'SBO+AF8-3597'"
  },
  {
    "'SBO+AF8-2728'": "'SBO+AF8-1972'",
    "'SBO+AF8-1972'": "'SBO+AF8-0105'",
    "'SBO+AF8-0374'": "'SBO+AF8-0414'"
  },
  {
    "'SBO+AF8-2728'": "'SBO+AF8-1972'",
    "'SBO+AF8-1972'": "'SBO+AF8-0105'",
    "'SBO+AF8-0374'": "'SBO+AF8-1952'"
  },
  {
    "'SBO+AF8-2728'": "'SBO+AF8-1972'",
    "'SBO+AF8-1972'": "'SBO+AF8-0105'",
    "'SBO+AF8-0374'": "'SBO+AF8-2313'"
  },
  {
    "'SBO+AF8-2728'": "'SBO+AF8-1972'",
    "'SBO+AF8-1972'": "'SBO+AF8-0105'",
    "'SBO+AF8-0374'": "'SBO+AF8-2315'"
  },
  {
    "'SBO+AF8-2728'": "'SBO+AF8-1972'",
    "'SBO+AF8-1972'": "'SBO+AF8-0105'",
    "'SBO+AF8-0374'": "'SBO+AF8-2319'"
  },
  {
    "'SBO+AF8-2728'": "'SBO+AF8-1972'",
    "'SBO+AF8-1972'": "'SBO+AF8-0105'",
    "'SBO+AF8-0374'": "'SBO+AF8-2310'"
  },
  {
    "'SBO+AF8-2728'": "'SBO+AF8-1972'",
    "'SBO+AF8-1972'": "'SBO+AF8-0105'",
    "'SBO+AF8-0374'": "'SBO+AF8-2311'"
  },
  {
    "'SBO+AF8-2728'": "'SBO+AF8-1972'",
    "'SBO+AF8-1972'": "'SBO+AF8-0105'",
    "'SBO+AF8-0374'": "'SBO+AF8-2321'"
  },
  {
    "'SBO+AF8-2728'": "'SBO+AF8-1972'",
    "'SBO+AF8-1972'": "'SBO+AF8-0105'",
    "'SBO+AF8-0374'": "'SBO+AF8-2317'"
  },
  {
    "'SBO+AF8-2728'": "'SBO+AF8-1972'",
    "'SBO+AF8-1972'": "'SBO+AF8-0105'",
    "'SBO+AF8-0374'": "'SBO+AF8-2314'"
  },
  {
    "'SBO+AF8-2728'": "'SBO+AF8-1972'",
    "'SBO+AF8-1972'": "'SBO+AF8-0105'",
    "'SBO+AF8-0374'": "'SBO+AF8-2316'"
  },
  {
    "'SBO+AF8-2728'": "'SBO+AF8-1972'",
    "'SBO+AF8-1972'": "'SBO+AF8-0105'",
    "'SBO+AF8-0374'": "'SBO+AF8-2318'"
  },
  {
    "'SBO+AF8-2728'": "'SBO+AF8-1972'",
    "'SBO+AF8-1972'": "'SBO+AF8-0105'",
    "'SBO+AF8-0374'": "'SBO+AF8-2312'"
  },
  {
    "'SBO+AF8-2728'": "'SBO+AF8-1972'",
    "'SBO+AF8-1972'": "'SBO+AF8-0105'",
    "'SBO+AF8-0374'": "'SBO+AF8-2309'"
  },
  {
    "'SBO+AF8-2728'": "'SBO+AF8-1972'",
    "'SBO+AF8-1972'": "'SBO+AF8-0105'",
    "'SBO+AF8-0374'": "'SBO+AF8-2320'"
  },
  {
    "'SBO+AF8-2728'": "'SBO+AF8-1972'",
    "'SBO+AF8-1972'": "'SBO+AF8-0105'",
    "'SBO+AF8-0374'": "'SBO+AF8-1533'"
  },
  {
    "'SBO+AF8-2728'": "'SBO+AF8-1972'",
    "'SBO+AF8-1972'": "'SBO+AF8-0105'",
    "'SBO+AF8-0374'": "'SBO+AF8-1534'"
  },
  {
    "'SBO+AF8-2728'": "'SBO+AF8-1972'",
    "'SBO+AF8-1972'": "'SBO+AF8-0105'",
    "'SBO+AF8-0374'": "'SBO+AF8-3849'"
  },
  {
    "'SBO+AF8-2728'": "'SBO+AF8-1972'",
    "'SBO+AF8-1972'": "'SBO+AF8-0105'",
    "'SBO+AF8-0374'": "'SBO+AF8-1496'"
  },
  {
    "'SBO+AF8-2728'": "'SBO+AF8-1972'",
    "'SBO+AF8-1972'": "'SBO+AF8-0105'",
    "'SBO+AF8-0374'": "'SBO+AF8-3080'"
  },
  {
    "'SBO+AF8-2728'": "'SBO+AF8-1972'",
    "'SBO+AF8-1972'": "'SBO+AF8-0105'",
    "'SBO+AF8-0374'": "'SBO+AF8-4053'"
  },
  {
    "'SBO+AF8-2728'": "'SBO+AF8-1972'",
    "'SBO+AF8-1972'": "'SBO+AF8-0105'",
    "'SBO+AF8-0374'": "'SBO+AF8-3067'"
  },
  {
    "'SBO+AF8-2728'": "'SBO+AF8-1972'",
    "'SBO+AF8-1972'": "'SBO+AF8-0105'",
    "'SBO+AF8-0374'": "'SBO+AF8-3491'"
  },
  {
    "'SBO+AF8-2728'": "'SBO+AF8-1972'",
    "'SBO+AF8-1972'": "'SBO+AF8-0105'",
    "'SBO+AF8-0374'": "'SBO+AF8-2522'"
  },
  {
    "'SBO+AF8-2728'": "'SBO+AF8-1972'",
    "'SBO+AF8-1972'": "'SBO+AF8-0105'",
    "'SBO+AF8-0374'": "'SBO+AF8-1860'"
  },
  {
    "'SBO+AF8-2728'": "'SBO+AF8-1972'",
    "'SBO+AF8-1972'": "'SBO+AF8-0105'",
    "'SBO+AF8-0374'": "'SBO+AF8-4451'"
  },
  {
    "'SBO+AF8-2728'": "'SBO+AF8-1972'",
    "'SBO+AF8-1972'": "'SBO+AF8-0105'",
    "'SBO+AF8-0374'": "'SBO+AF8-3373'"
  },
  {
    "'SBO+AF8-2728'": "'SBO+AF8-1972'",
    "'SBO+AF8-1972'": "'SBO+AF8-0105'",
    "'SBO+AF8-0374'": "'SBO+AF8-3079'"
  },
  {
    "'SBO+AF8-2728'": "'SBO+AF8-1972'",
    "'SBO+AF8-1972'": "'SBO+AF8-0105'",
    "'SBO+AF8-0374'": "'SBO+AF8-2981'"
  },
  {
    "'SBO+AF8-2728'": "'SBO+AF8-1972'",
    "'SBO+AF8-1972'": "'SBO+AF8-0105'",
    "'SBO+AF8-0374'": "'SBO+AF8-2950'"
  },
  {
    "'SBO+AF8-2728'": "'SBO+AF8-1972'",
    "'SBO+AF8-1972'": "'SBO+AF8-0105'",
    "'SBO+AF8-0374'": "'SBO+AF8-1861'"
  },
  {
    "'SBO+AF8-2728'": "'SBO+AF8-1972'",
    "'SBO+AF8-1972'": "'SBO+AF8-3598'",
    "'SBO+AF8-0374'": "'SBO+AF8-0104'"
  },
  {
    "'SBO+AF8-2728'": "'SBO+AF8-1972'",
    "'SBO+AF8-1972'": "'SBO+AF8-3598'",
    "'SBO+AF8-0374'": "'SBO+AF8-0103'"
  },
  {
    "'SBO+AF8-2728'": "'SBO+AF8-1972'",
    "'SBO+AF8-1972'": "'SBO+AF8-1288'",
    "'SBO+AF8-0374'": "'SBO+AF8-3849'"
  },
  {
    "'SBO+AF8-2728'": "'SBO+AF8-1972'",
    "'SBO+AF8-1972'": "'SBO+AF8-3153'",
    "'SBO+AF8-0374'": "'SBO+AF8-1952'"
  },
  {
    "'SBO+AF8-2728'": "'SBO+AF8-1972'",
    "'SBO+AF8-1972'": "'SBO+AF8-3153'",
    "'SBO+AF8-0374'": "'SBO+AF8-3067'"
  },
  {
    "'SBO+AF8-2728'": "'SBO+AF8-1972'",
    "'SBO+AF8-1972'": "'SBO+AF8-2097'",
    "'SBO+AF8-0374'": "'SBO+AF8-0414'"
  },
  {
    "'SBO+AF8-2728'": "'SBO+AF8-1972'",
    "'SBO+AF8-1972'": "'SBO+AF8-2097'",
    "'SBO+AF8-0374'": "'SBO+AF8-1952'"
  },
  {
    "'SBO+AF8-2728'": "'SBO+AF8-1972'",
    "'SBO+AF8-1972'": "'SBO+AF8-2097'",
    "'SBO+AF8-0374'": "'SBO+AF8-2313'"
  },
  {
    "'SBO+AF8-2728'": "'SBO+AF8-1972'",
    "'SBO+AF8-1972'": "'SBO+AF8-2097'",
    "'SBO+AF8-0374'": "'SBO+AF8-2315'"
  },
  {
    "'SBO+AF8-2728'": "'SBO+AF8-1972'",
    "'SBO+AF8-1972'": "'SBO+AF8-2097'",
    "'SBO+AF8-0374'": "'SBO+AF8-2319'"
  },
  {
    "'SBO+AF8-2728'": "'SBO+AF8-1972'",
    "'SBO+AF8-1972'": "'SBO+AF8-2097'",
    "'SBO+AF8-0374'": "'SBO+AF8-2310'"
  },
  {
    "'SBO+AF8-2728'": "'SBO+AF8-1972'",
    "'SBO+AF8-1972'": "'SBO+AF8-2097'",
    "'SBO+AF8-0374'": "'SBO+AF8-2311'"
  },
  {
    "'SBO+AF8-2728'": "'SBO+AF8-1972'",
    "'SBO+AF8-1972'": "'SBO+AF8-2097'",
    "'SBO+AF8-0374'": "'SBO+AF8-2321'"
  },
  {
    "'SBO+AF8-2728'": "'SBO+AF8-1972'",
    "'SBO+AF8-1972'": "'SBO+AF8-2097'",
    "'SBO+AF8-0374'": "'SBO+AF8-2317'"
  },
  {
    "'SBO+AF8-2728'": "'SBO+AF8-1972'",
    "'SBO+AF8-1972'": "'SBO+AF8-2097'",
    "'SBO+AF8-0374'": "'SBO+AF8-2314'"
  },
  {
    "'SBO+AF8-2728'": "'SBO+AF8-1972'",
    "'SBO+AF8-1972'": "'SBO+AF8-2097'",
    "'SBO+AF8-0374'": "'SBO+AF8-2316'"
  },
  {
    "'SBO+AF8-2728'": "'SBO+AF8-1972'",
    "'SBO+AF8-1972'": "'SBO+AF8-2097'",
    "'SBO+AF8-0374'": "'SBO+AF8-2318'"
  },
  {
    "'SBO+AF8-2728'": "'SBO+AF8-1972'",
    "'SBO+AF8-1972'": "'SBO+AF8-2097'",
    "'SBO+AF8-0374'": "'SBO+AF8-2312'"
  },
  {
    "'SBO+AF8-2728'": "'SBO+AF8-1972'",
    "'SBO+AF8-1972'": "'SBO+AF8-2097'",
    "'SBO+AF8-0374'": "'SBO+AF8-2309'"
  },
  {
    "'SBO+AF8-2728'": "'SBO+AF8-1972'",
    "'SBO+AF8-1972'": "'SBO+AF8-2097'",
    "'SBO+AF8-0374'": "'SBO+AF8-2320'"
  },
  {
    "'SBO+AF8-2728'": "'SBO+AF8-1972'",
    "'SBO+AF8-1972'": "'SBO+AF8-2097'",
    "'SBO+AF8-0374'": "'SBO+AF8-1533'"
  },
  {
    "'SBO+AF8-2728'": "'SBO+AF8-1972'",
    "'SBO+AF8-1972'": "'SBO+AF8-2097'",
    "'SBO+AF8-0374'": "'SBO+AF8-1534'"
  },
  {
    "'SBO+AF8-2728'": "'SBO+AF8-1972'",
    "'SBO+AF8-1972'": "'SBO+AF8-2097'",
    "'SBO+AF8-0374'": "'SBO+AF8-3849'"
  },
  {
    "'SBO+AF8-2728'": "'SBO+AF8-1972'",
    "'SBO+AF8-1972'": "'SBO+AF8-2097'",
    "'SBO+AF8-0374'": "'SBO+AF8-0104'"
  },
  {
    "'SBO+AF8-2728'": "'SBO+AF8-1972'",
    "'SBO+AF8-1972'": "'SBO+AF8-2097'",
    "'SBO+AF8-0374'": "'SBO+AF8-0103'"
  },
  {
    "'SBO+AF8-2728'": "'SBO+AF8-1972'",
    "'SBO+AF8-1972'": "'SBO+AF8-2097'",
    "'SBO+AF8-0374'": "'SBO+AF8-1496'"
  },
  {
    "'SBO+AF8-2728'": "'SBO+AF8-1972'",
    "'SBO+AF8-1972'": "'SBO+AF8-2097'",
    "'SBO+AF8-0374'": "'SBO+AF8-3080'"
  },
  {
    "'SBO+AF8-2728'": "'SBO+AF8-1972'",
    "'SBO+AF8-1972'": "'SBO+AF8-2097'",
    "'SBO+AF8-0374'": "'SBO+AF8-4053'"
  },
  {
    "'SBO+AF8-2728'": "'SBO+AF8-1972'",
    "'SBO+AF8-1972'": "'SBO+AF8-2097'",
    "'SBO+AF8-0374'": "'SBO+AF8-3067'"
  },
  {
    "'SBO+AF8-2728'": "'SBO+AF8-1972'",
    "'SBO+AF8-1972'": "'SBO+AF8-2097'",
    "'SBO+AF8-0374'": "'SBO+AF8-3491'"
  },
  {
    "'SBO+AF8-2728'": "'SBO+AF8-1972'",
    "'SBO+AF8-1972'": "'SBO+AF8-2097'",
    "'SBO+AF8-0374'": "'SBO+AF8-2522'"
  },
  {
    "'SBO+AF8-2728'": "'SBO+AF8-1972'",
    "'SBO+AF8-1972'": "'SBO+AF8-2097'",
    "'SBO+AF8-0374'": "'SBO+AF8-1860'"
  },
  {
    "'SBO+AF8-2728'": "'SBO+AF8-1972'",
    "'SBO+AF8-1972'": "'SBO+AF8-2097'",
    "'SBO+AF8-0374'": "'SBO+AF8-4451'"
  },
  {
    "'SBO+AF8-2728'": "'SBO+AF8-1972'",
    "'SBO+AF8-1972'": "'SBO+AF8-2097'",
    "'SBO+AF8-0374'": "'SBO+AF8-3373'"
  },
  {
    "'SBO+AF8-2728'": "'SBO+AF8-1972'",
    "'SBO+AF8-1972'": "'SBO+AF8-2097'",
    "'SBO+AF8-0374'": "'SBO+AF8-3079'"
  },
  {
    "'SBO+AF8-2728'": "'SBO+AF8-1972'",
    "'SBO+AF8-1972'": "'SBO+AF8-2097'",
    "'SBO+AF8-0374'": "'SBO+AF8-2981'"
  },
  {
    "'SBO+AF8-2728'": "'SBO+AF8-1972'",
    "'SBO+AF8-1972'": "'SBO+AF8-2097'",
    "'SBO+AF8-0374'": "'SBO+AF8-2950'"
  },
  {
    "'SBO+AF8-2728'": "'SBO+AF8-1972'",
    "'SBO+AF8-1972'": "'SBO+AF8-2097'",
    "'SBO+AF8-0374'": "'SBO+AF8-1861'"
  },
  {
    "'SBO+AF8-2728'": "'SBO+AF8-1972'",
    "'SBO+AF8-1972'": "'SBO+AF8-2268'",
    "'SBO+AF8-0374'": "'SBO+AF8-3067'"
  },
  {
    "'SBO+AF8-2728'": "'SBO+AF8-1972'",
    "'SBO+AF8-1972'": "'SBO+AF8-3597'",
    "'SBO+AF8-0374'": "'SBO+AF8-0104'"
  },
  {
    "'SBO+AF8-2728'": "'SBO+AF8-1972'",
    "'SBO+AF8-1972'": "'SBO+AF8-3597'",
    "'SBO+AF8-0374'": "'SBO+AF8-0103'"
  },
  {
    "'SBO+AF8-2728'": "'SBO+AF8-1972'",
    "'SBO+AF8-1972'": "'SBO+AF8-0414'",
    "'SBO+AF8-0374'": "'SBO+AF8-1952'"
  },
  {
    "'SBO+AF8-2728'": "'SBO+AF8-1972'",
    "'SBO+AF8-1972'": "'SBO+AF8-0414'",
    "'SBO+AF8-0374'": "'SBO+AF8-2313'"
  },
  {
    "'SBO+AF8-2728'": "'SBO+AF8-1972'",
    "'SBO+AF8-1972'": "'SBO+AF8-0414'",
    "'SBO+AF8-0374'": "'SBO+AF8-2315'"
  },
  {
    "'SBO+AF8-2728'": "'SBO+AF8-1972'",
    "'SBO+AF8-1972'": "'SBO+AF8-0414'",
    "'SBO+AF8-0374'": "'SBO+AF8-2319'"
  },
  {
    "'SBO+AF8-2728'": "'SBO+AF8-1972'",
    "'SBO+AF8-1972'": "'SBO+AF8-0414'",
    "'SBO+AF8-0374'": "'SBO+AF8-2310'"
  },
  {
    "'SBO+AF8-2728'": "'SBO+AF8-1972'",
    "'SBO+AF8-1972'": "'SBO+AF8-0414'",
    "'SBO+AF8-0374'": "'SBO+AF8-2311'"
  },
  {
    "'SBO+AF8-2728'": "'SBO+AF8-1972'",
    "'SBO+AF8-1972'": "'SBO+AF8-0414'",
    "'SBO+AF8-0374'": "'SBO+AF8-2321'"
  },
  {
    "'SBO+AF8-2728'": "'SBO+AF8-1972'",
    "'SBO+AF8-1972'": "'SBO+AF8-0414'",
    "'SBO+AF8-0374'": "'SBO+AF8-2317'"
  },
  {
    "'SBO+AF8-2728'": "'SBO+AF8-1972'",
    "'SBO+AF8-1972'": "'SBO+AF8-0414'",
    "'SBO+AF8-0374'": "'SBO+AF8-2314'"
  },
  {
    "'SBO+AF8-2728'": "'SBO+AF8-1972'",
    "'SBO+AF8-1972'": "'SBO+AF8-0414'",
    "'SBO+AF8-0374'": "'SBO+AF8-2316'"
  },
  {
    "'SBO+AF8-2728'": "'SBO+AF8-1972'",
    "'SBO+AF8-1972'": "'SBO+AF8-0414'",
    "'SBO+AF8-0374'": "'SBO+AF8-2318'"
  },
  {
    "'SBO+AF8-2728'": "'SBO+AF8-1972'",
    "'SBO+AF8-1972'": "'SBO+AF8-0414'",
    "'SBO+AF8-0374'": "'SBO+AF8-2312'"
  },
  {
    "'SBO+AF8-2728'": "'SBO+AF8-1972'",
    "'SBO+AF8-1972'": "'SBO+AF8-0414'",
    "'SBO+AF8-0374'": "'SBO+AF8-2309'"
  },
  {
    "'SBO+AF8-2728'": "'SBO+AF8-1972'",
    "'SBO+AF8-1972'": "'SBO+AF8-0414'",
    "'SBO+AF8-0374'": "'SBO+AF8-2320'"
  },
  {
    "'SBO+AF8-2728'": "'SBO+AF8-1972'",
    "'SBO+AF8-1972'": "'SBO+AF8-0414'",
    "'SBO+AF8-0374'": "'SBO+AF8-1533'"
  },
  {
    "'SBO+AF8-2728'": "'SBO+AF8-1972'",
    "'SBO+AF8-1972'": "'SBO+AF8-0414'",
    "'SBO+AF8-0374'": "'SBO+AF8-1534'"
  },
  {
    "'SBO+AF8-2728'": "'SBO+AF8-1972'",
    "'SBO+AF8-1972'": "'SBO+AF8-0414'",
    "'SBO+AF8-0374'": "'SBO+AF8-3849'"
  },
  {
    "'SBO+AF8-2728'": "'SBO+AF8-1972'",
    "'SBO+AF8-1972'": "'SBO+AF8-0414'",
    "'SBO+AF8-0374'": "'SBO+AF8-0104'"
  },
  {
    "'SBO+AF8-2728'": "'SBO+AF8-1972'",
    "'SBO+AF8-1972'": "'SBO+AF8-0414'",
    "'SBO+AF8-0374'": "'SBO+AF8-0103'"
  },
  {
    "'SBO+AF8-2728'": "'SBO+AF8-1972'",
    "'SBO+AF8-1972'": "'SBO+AF8-0414'",
    "'SBO+AF8-0374'": "'SBO+AF8-1496'"
  },
  {
    "'SBO+AF8-2728'": "'SBO+AF8-1972'",
    "'SBO+AF8-1972'": "'SBO+AF8-0414'",
    "'SBO+AF8-0374'": "'SBO+AF8-3080'"
  },
  {
    "'SBO+AF8-2728'": "'SBO+AF8-1972'",
    "'SBO+AF8-1972'": "'SBO+AF8-0414'",
    "'SBO+AF8-0374'": "'SBO+AF8-4053'"
  },
  {
    "'SBO+AF8-2728'": "'SBO+AF8-1972'",
    "'SBO+AF8-1972'": "'SBO+AF8-0414'",
    "'SBO+AF8-0374'": "'SBO+AF8-3067'"
  },
  {
    "'SBO+AF8-2728'": "'SBO+AF8-1972'",
    "'SBO+AF8-1972'": "'SBO+AF8-0414'",
    "'SBO+AF8-0374'": "'SBO+AF8-3491'"
  },
  {
    "'SBO+AF8-2728'": "'SBO+AF8-1972'",
    "'SBO+AF8-1972'": "'SBO+AF8-0414'",
    "'SBO+AF8-0374'": "'SBO+AF8-2522'"
  },
  {
    "'SBO+AF8-2728'": "'SBO+AF8-1972'",
    "'SBO+AF8-1972'": "'SBO+AF8-0414'",
    "'SBO+AF8-0374'": "'SBO+AF8-1860'"
  },
  {
    "'SBO+AF8-2728'": "'SBO+AF8-1972'",
    "'SBO+AF8-1972'": "'SBO+AF8-0414'",
    "'SBO+AF8-0374'": "'SBO+AF8-4451'"
  },
  {
    "'SBO+AF8-2728'": "'SBO+AF8-1972'",
    "'SBO+AF8-1972'": "'SBO+AF8-0414'",
    "'SBO+AF8-0374'": "'SBO+AF8-3922'"
  },
  {
    "'SBO+AF8-2728'": "'SBO+AF8-1972'",
    "'SBO+AF8-1972'": "'SBO+AF8-0414'",
    "'SBO+AF8-0374'": "'SBO+AF8-3920'"
  },
  {
    "'SBO+AF8-2728'": "'SBO+AF8-1972'",
    "'SBO+AF8-1972'": "'SBO+AF8-0414'",
    "'SBO+AF8-0374'": "'SBO+AF8-3373'"
  },
  {
    "'SBO+AF8-2728'": "'SBO+AF8-1972'",
    "'SBO+AF8-1972'": "'SBO+AF8-0414'",
    "'SBO+AF8-0374'": "'SBO+AF8-3079'"
  },
  {
    "'SBO+AF8-2728'": "'SBO+AF8-1972'",
    "'SBO+AF8-1972'": "'SBO+AF8-0414'",
    "'SBO+AF8-0374'": "'SBO+AF8-2981'"
  },
  {
    "'SBO+AF8-2728'": "'SBO+AF8-1972'",
    "'SBO+AF8-1972'": "'SBO+AF8-0414'",
    "'SBO+AF8-0374'": "'SBO+AF8-2950'"
  },
  {
    "'SBO+AF8-2728'": "'SBO+AF8-1972'",
    "'SBO+AF8-1972'": "'SBO+AF8-0414'",
    "'SBO+AF8-0374'": "'SBO+AF8-1861'"
  },
  {
    "'SBO+AF8-2728'": "'SBO+AF8-1972'",
    "'SBO+AF8-1972'": "'SBO+AF8-1952'",
    "'SBO+AF8-0374'": "'SBO+AF8-2313'"
  },
  {
    "'SBO+AF8-2728'": "'SBO+AF8-1972'",
    "'SBO+AF8-1972'": "'SBO+AF8-1952'",
    "'SBO+AF8-0374'": "'SBO+AF8-2315'"
  },
  {
    "'SBO+AF8-2728'": "'SBO+AF8-1972'",
    "'SBO+AF8-1972'": "'SBO+AF8-1952'",
    "'SBO+AF8-0374'": "'SBO+AF8-2319'"
  },
  {
    "'SBO+AF8-2728'": "'SBO+AF8-1972'",
    "'SBO+AF8-1972'": "'SBO+AF8-1952'",
    "'SBO+AF8-0374'": "'SBO+AF8-2310'"
  },
  {
    "'SBO+AF8-2728'": "'SBO+AF8-1972'",
    "'SBO+AF8-1972'": "'SBO+AF8-1952'",
    "'SBO+AF8-0374'": "'SBO+AF8-2311'"
  },
  {
    "'SBO+AF8-2728'": "'SBO+AF8-1972'",
    "'SBO+AF8-1972'": "'SBO+AF8-1952'",
    "'SBO+AF8-0374'": "'SBO+AF8-2321'"
  },
  {
    "'SBO+AF8-2728'": "'SBO+AF8-1972'",
    "'SBO+AF8-1972'": "'SBO+AF8-1952'",
    "'SBO+AF8-0374'": "'SBO+AF8-2317'"
  },
  {
    "'SBO+AF8-2728'": "'SBO+AF8-1972'",
    "'SBO+AF8-1972'": "'SBO+AF8-1952'",
    "'SBO+AF8-0374'": "'SBO+AF8-2314'"
  },
  {
    "'SBO+AF8-2728'": "'SBO+AF8-1972'",
    "'SBO+AF8-1972'": "'SBO+AF8-1952'",
    "'SBO+AF8-0374'": "'SBO+AF8-2316'"
  },
  {
    "'SBO+AF8-2728'": "'SBO+AF8-1972'",
    "'SBO+AF8-1972'": "'SBO+AF8-1952'",
    "'SBO+AF8-0374'": "'SBO+AF8-2318'"
  },
  {
    "'SBO+AF8-2728'": "'SBO+AF8-1972'",
    "'SBO+AF8-1972'": "'SBO+AF8-1952'",
    "'SBO+AF8-0374'": "'SBO+AF8-2312'"
  },
  {
    "'SBO+AF8-2728'": "'SBO+AF8-1972'",
    "'SBO+AF8-1972'": "'SBO+AF8-1952'",
    "'SBO+AF8-0374'": "'SBO+AF8-2309'"
  },
  {
    "'SBO+AF8-2728'": "'SBO+AF8-1972'",
    "'SBO+AF8-1972'": "'SBO+AF8-1952'",
    "'SBO+AF8-0374'": "'SBO+AF8-2320'"
  },
  {
    "'SBO+AF8-2728'": "'SBO+AF8-1972'",
    "'SBO+AF8-1972'": "'SBO+AF8-1952'",
    "'SBO+AF8-0374'": "'SBO+AF8-1533'"
  },
  {
    "'SBO+AF8-2728'": "'SBO+AF8-1972'",
    "'SBO+AF8-1972'": "'SBO+AF8-1952'",
    "'SBO+AF8-0374'": "'SBO+AF8-1534'"
  },
  {
    "'SBO+AF8-2728'": "'SBO+AF8-1972'",
    "'SBO+AF8-1972'": "'SBO+AF8-1952'",
    "'SBO+AF8-0374'": "'SBO+AF8-3849'"
  },
  {
    "'SBO+AF8-2728'": "'SBO+AF8-1972'",
    "'SBO+AF8-1972'": "'SBO+AF8-1952'",
    "'SBO+AF8-0374'": "'SBO+AF8-0104'"
  },
  {
    "'SBO+AF8-2728'": "'SBO+AF8-1972'",
    "'SBO+AF8-1972'": "'SBO+AF8-1952'",
    "'SBO+AF8-0374'": "'SBO+AF8-0103'"
  },
  {
    "'SBO+AF8-2728'": "'SBO+AF8-1972'",
    "'SBO+AF8-1972'": "'SBO+AF8-1952'",
    "'SBO+AF8-0374'": "'SBO+AF8-1496'"
  },
  {
    "'SBO+AF8-2728'": "'SBO+AF8-1972'",
    "'SBO+AF8-1972'": "'SBO+AF8-1952'",
    "'SBO+AF8-0374'": "'SBO+AF8-3080'"
  },
  {
    "'SBO+AF8-2728'": "'SBO+AF8-1972'",
    "'SBO+AF8-1972'": "'SBO+AF8-1952'",
    "'SBO+AF8-0374'": "'SBO+AF8-4053'"
  },
  {
    "'SBO+AF8-2728'": "'SBO+AF8-1972'",
    "'SBO+AF8-1972'": "'SBO+AF8-1952'",
    "'SBO+AF8-0374'": "'SBO+AF8-3067'"
  },
  {
    "'SBO+AF8-2728'": "'SBO+AF8-1972'",
    "'SBO+AF8-1972'": "'SBO+AF8-1952'",
    "'SBO+AF8-0374'": "'SBO+AF8-3491'"
  },
  {
    "'SBO+AF8-2728'": "'SBO+AF8-1972'",
    "'SBO+AF8-1972'": "'SBO+AF8-1952'",
    "'SBO+AF8-0374'": "'SBO+AF8-2522'"
  },
  {
    "'SBO+AF8-2728'": "'SBO+AF8-1972'",
    "'SBO+AF8-1972'": "'SBO+AF8-1952'",
    "'SBO+AF8-0374'": "'SBO+AF8-1860'"
  },
  {
    "'SBO+AF8-2728'": "'SBO+AF8-1972'",
    "'SBO+AF8-1972'": "'SBO+AF8-1952'",
    "'SBO+AF8-0374'": "'SBO+AF8-4451'"
  },
  {
    "'SBO+AF8-2728'": "'SBO+AF8-1972'",
    "'SBO+AF8-1972'": "'SBO+AF8-1952'",
    "'SBO+AF8-0374'": "'SBO+AF8-3373'"
  },
  {
    "'SBO+AF8-2728'": "'SBO+AF8-1972'",
    "'SBO+AF8-1972'": "'SBO+AF8-1952'",
    "'SBO+AF8-0374'": "'SBO+AF8-3079'"
  },
  {
    "'SBO+AF8-2728'": "'SBO+AF8-1972'",
    "'SBO+AF8-1972'": "'SBO+AF8-1952'",
    "'SBO+AF8-0374'": "'SBO+AF8-2950'"
  },
  {
    "'SBO+AF8-2728'": "'SBO+AF8-1972'",
    "'SBO+AF8-1972'": "'SBO+AF8-1952'",
    "'SBO+AF8-0374'": "'SBO+AF8-1861'"
  },
  {
    "'SBO+AF8-2728'": "'SBO+AF8-1972'",
    "'SBO+AF8-1972'": "'SBO+AF8-2313'",
    "'SBO+AF8-0374'": "'SBO+AF8-1533'"
  },
  {
    "'SBO+AF8-2728'": "'SBO+AF8-1972'",
    "'SBO+AF8-1972'": "'SBO+AF8-2313'",
    "'SBO+AF8-0374'": "'SBO+AF8-1534'"
  },
  {
    "'SBO+AF8-2728'": "'SBO+AF8-1972'",
    "'SBO+AF8-1972'": "'SBO+AF8-2313'",
    "'SBO+AF8-0374'": "'SBO+AF8-3849'"
  },
  {
    "'SBO+AF8-2728'": "'SBO+AF8-1972'",
    "'SBO+AF8-1972'": "'SBO+AF8-2313'",
    "'SBO+AF8-0374'": "'SBO+AF8-0104'"
  },
  {
    "'SBO+AF8-2728'": "'SBO+AF8-1972'",
    "'SBO+AF8-1972'": "'SBO+AF8-2313'",
    "'SBO+AF8-0374'": "'SBO+AF8-0103'"
  },
  {
    "'SBO+AF8-2728'": "'SBO+AF8-1972'",
    "'SBO+AF8-1972'": "'SBO+AF8-2313'",
    "'SBO+AF8-0374'": "'SBO+AF8-1496'"
  },
  {
    "'SBO+AF8-2728'": "'SBO+AF8-1972'",
    "'SBO+AF8-1972'": "'SBO+AF8-2313'",
    "'SBO+AF8-0374'": "'SBO+AF8-3080'"
  },
  {
    "'SBO+AF8-2728'": "'SBO+AF8-1972'",
    "'SBO+AF8-1972'": "'SBO+AF8-2313'",
    "'SBO+AF8-0374'": "'SBO+AF8-4053'"
  },
  {
    "'SBO+AF8-2728'": "'SBO+AF8-1972'",
    "'SBO+AF8-1972'": "'SBO+AF8-2313'",
    "'SBO+AF8-0374'": "'SBO+AF8-3067'"
  },
  {
    "'SBO+AF8-2728'": "'SBO+AF8-1972'",
    "'SBO+AF8-1972'": "'SBO+AF8-2313'",
    "'SBO+AF8-0374'": "'SBO+AF8-3491'"
  },
  {
    "'SBO+AF8-2728'": "'SBO+AF8-1972'",
    "'SBO+AF8-1972'": "'SBO+AF8-2313'",
    "'SBO+AF8-0374'": "'SBO+AF8-2522'"
  },
  {
    "'SBO+AF8-2728'": "'SBO+AF8-1972'",
    "'SBO+AF8-1972'": "'SBO+AF8-2313'",
    "'SBO+AF8-0374'": "'SBO+AF8-1860'"
  },
  {
    "'SBO+AF8-2728'": "'SBO+AF8-1972'",
    "'SBO+AF8-1972'": "'SBO+AF8-2313'",
    "'SBO+AF8-0374'": "'SBO+AF8-4451'"
  },
  {
    "'SBO+AF8-2728'": "'SBO+AF8-1972'",
    "'SBO+AF8-1972'": "'SBO+AF8-2313'",
    "'SBO+AF8-0374'": "'SBO+AF8-3373'"
  },
  {
    "'SBO+AF8-2728'": "'SBO+AF8-1972'",
    "'SBO+AF8-1972'": "'SBO+AF8-2313'",
    "'SBO+AF8-0374'": "'SBO+AF8-3079'"
  },
  {
    "'SBO+AF8-2728'": "'SBO+AF8-1972'",
    "'SBO+AF8-1972'": "'SBO+AF8-2313'",
    "'SBO+AF8-0374'": "'SBO+AF8-2981'"
  },
  {
    "'SBO+AF8-2728'": "'SBO+AF8-1972'",
    "'SBO+AF8-1972'": "'SBO+AF8-2313'",
    "'SBO+AF8-0374'": "'SBO+AF8-2950'"
  },
  {
    "'SBO+AF8-2728'": "'SBO+AF8-1972'",
    "'SBO+AF8-1972'": "'SBO+AF8-2313'",
    "'SBO+AF8-0374'": "'SBO+AF8-1861'"
  },
  {
    "'SBO+AF8-2728'": "'SBO+AF8-1972'",
    "'SBO+AF8-1972'": "'SBO+AF8-2315'",
    "'SBO+AF8-0374'": "'SBO+AF8-1533'"
  },
  {
    "'SBO+AF8-2728'": "'SBO+AF8-1972'",
    "'SBO+AF8-1972'": "'SBO+AF8-2315'",
    "'SBO+AF8-0374'": "'SBO+AF8-1534'"
  },
  {
    "'SBO+AF8-2728'": "'SBO+AF8-1972'",
    "'SBO+AF8-1972'": "'SBO+AF8-2315'",
    "'SBO+AF8-0374'": "'SBO+AF8-3849'"
  },
  {
    "'SBO+AF8-2728'": "'SBO+AF8-1972'",
    "'SBO+AF8-1972'": "'SBO+AF8-2315'",
    "'SBO+AF8-0374'": "'SBO+AF8-0104'"
  },
  {
    "'SBO+AF8-2728'": "'SBO+AF8-1972'",
    "'SBO+AF8-1972'": "'SBO+AF8-2315'",
    "'SBO+AF8-0374'": "'SBO+AF8-0103'"
  },
  {
    "'SBO+AF8-2728'": "'SBO+AF8-1972'",
    "'SBO+AF8-1972'": "'SBO+AF8-2315'",
    "'SBO+AF8-0374'": "'SBO+AF8-1496'"
  },
  {
    "'SBO+AF8-2728'": "'SBO+AF8-1972'",
    "'SBO+AF8-1972'": "'SBO+AF8-2315'",
    "'SBO+AF8-0374'": "'SBO+AF8-3080'"
  },
  {
    "'SBO+AF8-2728'": "'SBO+AF8-1972'",
    "'SBO+AF8-1972'": "'SBO+AF8-2315'",
    "'SBO+AF8-0374'": "'SBO+AF8-4053'"
  },
  {
    "'SBO+AF8-2728'": "'SBO+AF8-1972'",
    "'SBO+AF8-1972'": "'SBO+AF8-2315'",
    "'SBO+AF8-0374'": "'SBO+AF8-3067'"
  },
  {
    "'SBO+AF8-2728'": "'SBO+AF8-1972'",
    "'SBO+AF8-1972'": "'SBO+AF8-2315'",
    "'SBO+AF8-0374'": "'SBO+AF8-3491'"
  },
  {
    "'SBO+AF8-2728'": "'SBO+AF8-1972'",
    "'SBO+AF8-1972'": "'SBO+AF8-2315'",
    "'SBO+AF8-0374'": "'SBO+AF8-2522'"
  },
  {
    "'SBO+AF8-2728'": "'SBO+AF8-1972'",
    "'SBO+AF8-1972'": "'SBO+AF8-2315'",
    "'SBO+AF8-0374'": "'SBO+AF8-1860'"
  },
  {
    "'SBO+AF8-2728'": "'SBO+AF8-1972'",
    "'SBO+AF8-1972'": "'SBO+AF8-2315'",
    "'SBO+AF8-0374'": "'SBO+AF8-4451'"
  },
  {
    "'SBO+AF8-2728'": "'SBO+AF8-1972'",
    "'SBO+AF8-1972'": "'SBO+AF8-2315'",
    "'SBO+AF8-0374'": "'SBO+AF8-3373'"
  },
  {
    "'SBO+AF8-2728'": "'SBO+AF8-1972'",
    "'SBO+AF8-1972'": "'SBO+AF8-2315'",
    "'SBO+AF8-0374'": "'SBO+AF8-3079'"
  },
  {
    "'SBO+AF8-2728'": "'SBO+AF8-1972'",
    "'SBO+AF8-1972'": "'SBO+AF8-2315'",
    "'SBO+AF8-0374'": "'SBO+AF8-2981'"
  },
  {
    "'SBO+AF8-2728'": "'SBO+AF8-1972'",
    "'SBO+AF8-1972'": "'SBO+AF8-2315'",
    "'SBO+AF8-0374'": "'SBO+AF8-2950'"
  },
  {
    "'SBO+AF8-2728'": "'SBO+AF8-1972'",
    "'SBO+AF8-1972'": "'SBO+AF8-2315'",
    "'SBO+AF8-0374'": "'SBO+AF8-1861'"
  },
  {
    "'SBO+AF8-2728'": "'SBO+AF8-1972'",
    "'SBO+AF8-1972'": "'SBO+AF8-2319'",
    "'SBO+AF8-0374'": "'SBO+AF8-1533'"
  },
  {
    "'SBO+AF8-2728'": "'SBO+AF8-1972'",
    "'SBO+AF8-1972'": "'SBO+AF8-2319'",
    "'SBO+AF8-0374'": "'SBO+AF8-1534'"
  },
  {
    "'SBO+AF8-2728'": "'SBO+AF8-1972'",
    "'SBO+AF8-1972'": "'SBO+AF8-2319'",
    "'SBO+AF8-0374'": "'SBO+AF8-3849'"
  },
  {
    "'SBO+AF8-2728'": "'SBO+AF8-1972'",
    "'SBO+AF8-1972'": "'SBO+AF8-2319'",
    "'SBO+AF8-0374'": "'SBO+AF8-0104'"
  },
  {
    "'SBO+AF8-2728'": "'SBO+AF8-1972'",
    "'SBO+AF8-1972'": "'SBO+AF8-2319'",
    "'SBO+AF8-0374'": "'SBO+AF8-0103'"
  },
  {
    "'SBO+AF8-2728'": "'SBO+AF8-1972'",
    "'SBO+AF8-1972'": "'SBO+AF8-2319'",
    "'SBO+AF8-0374'": "'SBO+AF8-1496'"
  },
  {
    "'SBO+AF8-2728'": "'SBO+AF8-1972'",
    "'SBO+AF8-1972'": "'SBO+AF8-2319'",
    "'SBO+AF8-0374'": "'SBO+AF8-3080'"
  },
  {
    "'SBO+AF8-2728'": "'SBO+AF8-1972'",
    "'SBO+AF8-1972'": "'SBO+AF8-2319'",
    "'SBO+AF8-0374'": "'SBO+AF8-4053'"
  },
  {
    "'SBO+AF8-2728'": "'SBO+AF8-1972'",
    "'SBO+AF8-1972'": "'SBO+AF8-2319'",
    "'SBO+AF8-0374'": "'SBO+AF8-3067'"
  },
  {
    "'SBO+AF8-2728'": "'SBO+AF8-1972'",
    "'SBO+AF8-1972'": "'SBO+AF8-2319'",
    "'SBO+AF8-0374'": "'SBO+AF8-3491'"
  },
  {
    "'SBO+AF8-2728'": "'SBO+AF8-1972'",
    "'SBO+AF8-1972'": "'SBO+AF8-2319'",
    "'SBO+AF8-0374'": "'SBO+AF8-2522'"
  },
  {
    "'SBO+AF8-2728'": "'SBO+AF8-1972'",
    "'SBO+AF8-1972'": "'SBO+AF8-2319'",
    "'SBO+AF8-0374'": "'SBO+AF8-1860'"
  },
  {
    "'SBO+AF8-2728'": "'SBO+AF8-1972'",
    "'SBO+AF8-1972'": "'SBO+AF8-2319'",
    "'SBO+AF8-0374'": "'SBO+AF8-4451'"
  },
  {
    "'SBO+AF8-2728'": "'SBO+AF8-1972'",
    "'SBO+AF8-1972'": "'SBO+AF8-2319'",
    "'SBO+AF8-0374'": "'SBO+AF8-3373'"
  },
  {
    "'SBO+AF8-2728'": "'SBO+AF8-1972'",
    "'SBO+AF8-1972'": "'SBO+AF8-2319'",
    "'SBO+AF8-0374'": "'SBO+AF8-3079'"
  },
  {
    "'SBO+AF8-2728'": "'SBO+AF8-1972'",
    "'SBO+AF8-1972'": "'SBO+AF8-2319'",
    "'SBO+AF8-0374'": "'SBO+AF8-2981'"
  },
  {
    "'SBO+AF8-2728'": "'SBO+AF8-1972'",
    "'SBO+AF8-1972'": "'SBO+AF8-2319'",
    "'SBO+AF8-0374'": "'SBO+AF8-2950'"
  },
  {
    "'SBO+AF8-2728'": "'SBO+AF8-1972'",
    "'SBO+AF8-1972'": "'SBO+AF8-2319'",
    "'SBO+AF8-0374'": "'SBO+AF8-1861'"
  },
  {
    "'SBO+AF8-2728'": "'SBO+AF8-1972'",
    "'SBO+AF8-1972'": "'SBO+AF8-2310'",
    "'SBO+AF8-0374'": "'SBO+AF8-1533'"
  },
  {
    "'SBO+AF8-2728'": "'SBO+AF8-1972'",
    "'SBO+AF8-1972'": "'SBO+AF8-2310'",
    "'SBO+AF8-0374'": "'SBO+AF8-1534'"
  },
  {
    "'SBO+AF8-2728'": "'SBO+AF8-1972'",
    "'SBO+AF8-1972'": "'SBO+AF8-2310'",
    "'SBO+AF8-0374'": "'SBO+AF8-3849'"
  },
  {
    "'SBO+AF8-2728'": "'SBO+AF8-1972'",
    "'SBO+AF8-1972'": "'SBO+AF8-2310'",
    "'SBO+AF8-0374'": "'SBO+AF8-0104'"
  },
  {
    "'SBO+AF8-2728'": "'SBO+AF8-1972'",
    "'SBO+AF8-1972'": "'SBO+AF8-2310'",
    "'SBO+AF8-0374'": "'SBO+AF8-0103'"
  },
  {
    "'SBO+AF8-2728'": "'SBO+AF8-1972'",
    "'SBO+AF8-1972'": "'SBO+AF8-2310'",
    "'SBO+AF8-0374'": "'SBO+AF8-1496'"
  },
  {
    "'SBO+AF8-2728'": "'SBO+AF8-1972'",
    "'SBO+AF8-1972'": "'SBO+AF8-2310'",
    "'SBO+AF8-0374'": "'SBO+AF8-3080'"
  },
  {
    "'SBO+AF8-2728'": "'SBO+AF8-1972'",
    "'SBO+AF8-1972'": "'SBO+AF8-2310'",
    "'SBO+AF8-0374'": "'SBO+AF8-4053'"
  },
  {
    "'SBO+AF8-2728'": "'SBO+AF8-1972'",
    "'SBO+AF8-1972'": "'SBO+AF8-2310'",
    "'SBO+AF8-0374'": "'SBO+AF8-3067'"
  },
  {
    "'SBO+AF8-2728'": "'SBO+AF8-1972'",
    "'SBO+AF8-1972'": "'SBO+AF8-2310'",
    "'SBO+AF8-0374'": "'SBO+AF8-3491'"
  },
  {
    "'SBO+AF8-2728'": "'SBO+AF8-1972'",
    "'SBO+AF8-1972'": "'SBO+AF8-2310'",
    "'SBO+AF8-0374'": "'SBO+AF8-2522'"
  },
  {
    "'SBO+AF8-2728'": "'SBO+AF8-1972'",
    "'SBO+AF8-1972'": "'SBO+AF8-2310'",
    "'SBO+AF8-0374'": "'SBO+AF8-1860'"
  },
  {
    "'SBO+AF8-2728'": "'SBO+AF8-1972'",
    "'SBO+AF8-1972'": "'SBO+AF8-2310'",
    "'SBO+AF8-0374'": "'SBO+AF8-4451'"
  },
  {
    "'SBO+AF8-2728'": "'SBO+AF8-1972'",
    "'SBO+AF8-1972'": "'SBO+AF8-2310'",
    "'SBO+AF8-0374'": "'SBO+AF8-3373'"
  },
  {
    "'SBO+AF8-2728'": "'SBO+AF8-1972'",
    "'SBO+AF8-1972'": "'SBO+AF8-2310'",
    "'SBO+AF8-0374'": "'SBO+AF8-3079'"
  },
  {
    "'SBO+AF8-2728'": "'SBO+AF8-1972'",
    "'SBO+AF8-1972'": "'SBO+AF8-2310'",
    "'SBO+AF8-0374'": "'SBO+AF8-2981'"
  },
  {
    "'SBO+AF8-2728'": "'SBO+AF8-1972'",
    "'SBO+AF8-1972'": "'SBO+AF8-2310'",
    "'SBO+AF8-0374'": "'SBO+AF8-2950'"
  },
  {
    "'SBO+AF8-2728'": "'SBO+AF8-1972'",
    "'SBO+AF8-1972'": "'SBO+AF8-2310'",
    "'SBO+AF8-0374'": "'SBO+AF8-1861'"
  },
  {
    "'SBO+AF8-2728'": "'SBO+AF8-1972'",
    "'SBO+AF8-1972'": "'SBO+AF8-2311'",
    "'SBO+AF8-0374'": "'SBO+AF8-1533'"
  },
  {
    "'SBO+AF8-2728'": "'SBO+AF8-1972'",
    "'SBO+AF8-1972'": "'SBO+AF8-2311'",
    "'SBO+AF8-0374'": "'SBO+AF8-1534'"
  },
  {
    "'SBO+AF8-2728'": "'SBO+AF8-1972'",
    "'SBO+AF8-1972'": "'SBO+AF8-2311'",
    "'SBO+AF8-0374'": "'SBO+AF8-3849'"
  },
  {
    "'SBO+AF8-2728'": "'SBO+AF8-1972'",
    "'SBO+AF8-1972'": "'SBO+AF8-2311'",
    "'SBO+AF8-0374'": "'SBO+AF8-0104'"
  },
  {
    "'SBO+AF8-2728'": "'SBO+AF8-1972'",
    "'SBO+AF8-1972'": "'SBO+AF8-2311'",
    "'SBO+AF8-0374'": "'SBO+AF8-0103'"
  },
  {
    "'SBO+AF8-2728'": "'SBO+AF8-1972'",
    "'SBO+AF8-1972'": "'SBO+AF8-2311'",
    "'SBO+AF8-0374'": "'SBO+AF8-1496'"
  },
  {
    "'SBO+AF8-2728'": "'SBO+AF8-1972'",
    "'SBO+AF8-1972'": "'SBO+AF8-2311'",
    "'SBO+AF8-0374'": "'SBO+AF8-3080'"
  },
  {
    "'SBO+AF8-2728'": "'SBO+AF8-1972'",
    "'SBO+AF8-1972'": "'SBO+AF8-2311'",
    "'SBO+AF8-0374'": "'SBO+AF8-4053'"
  },
  {
    "'SBO+AF8-2728'": "'SBO+AF8-1972'",
    "'SBO+AF8-1972'": "'SBO+AF8-2311'",
    "'SBO+AF8-0374'": "'SBO+AF8-3067'"
  },
  {
    "'SBO+AF8-2728'": "'SBO+AF8-1972'",
    "'SBO+AF8-1972'": "'SBO+AF8-2311'",
    "'SBO+AF8-0374'": "'SBO+AF8-3491'"
  },
  {
    "'SBO+AF8-2728'": "'SBO+AF8-1972'",
    "'SBO+AF8-1972'": "'SBO+AF8-2311'",
    "'SBO+AF8-0374'": "'SBO+AF8-2522'"
  },
  {
    "'SBO+AF8-2728'": "'SBO+AF8-1972'",
    "'SBO+AF8-1972'": "'SBO+AF8-2311'",
    "'SBO+AF8-0374'": "'SBO+AF8-1860'"
  },
  {
    "'SBO+AF8-2728'": "'SBO+AF8-1972'",
    "'SBO+AF8-1972'": "'SBO+AF8-2311'",
    "'SBO+AF8-0374'": "'SBO+AF8-4451'"
  },
  {
    "'SBO+AF8-2728'": "'SBO+AF8-1972'",
    "'SBO+AF8-1972'": "'SBO+AF8-2311'",
    "'SBO+AF8-0374'": "'SBO+AF8-3373'"
  },
  {
    "'SBO+AF8-2728'": "'SBO+AF8-1972'",
    "'SBO+AF8-1972'": "'SBO+AF8-2311'",
    "'SBO+AF8-0374'": "'SBO+AF8-3079'"
  },
  {
    "'SBO+AF8-2728'": "'SBO+AF8-1972'",
    "'SBO+AF8-1972'": "'SBO+AF8-2311'",
    "'SBO+AF8-0374'": "'SBO+AF8-2981'"
  },
  {
    "'SBO+AF8-2728'": "'SBO+AF8-1972'",
    "'SBO+AF8-1972'": "'SBO+AF8-2311'",
    "'SBO+AF8-0374'": "'SBO+AF8-2950'"
  },
  {
    "'SBO+AF8-2728'": "'SBO+AF8-1972'",
    "'SBO+AF8-1972'": "'SBO+AF8-2311'",
    "'SBO+AF8-0374'": "'SBO+AF8-1861'"
  },
  {
    "'SBO+AF8-2728'": "'SBO+AF8-1972'",
    "'SBO+AF8-1972'": "'SBO+AF8-2321'",
    "'SBO+AF8-0374'": "'SBO+AF8-1533'"
  },
  {
    "'SBO+AF8-2728'": "'SBO+AF8-1972'",
    "'SBO+AF8-1972'": "'SBO+AF8-2321'",
    "'SBO+AF8-0374'": "'SBO+AF8-1534'"
  },
  {
    "'SBO+AF8-2728'": "'SBO+AF8-1972'",
    "'SBO+AF8-1972'": "'SBO+AF8-2321'",
    "'SBO+AF8-0374'": "'SBO+AF8-3849'"
  },
  {
    "'SBO+AF8-2728'": "'SBO+AF8-1972'",
    "'SBO+AF8-1972'": "'SBO+AF8-2321'",
    "'SBO+AF8-0374'": "'SBO+AF8-0104'"
  },
  {
    "'SBO+AF8-2728'": "'SBO+AF8-1972'",
    "'SBO+AF8-1972'": "'SBO+AF8-2321'",
    "'SBO+AF8-0374'": "'SBO+AF8-0103'"
  },
  {
    "'SBO+AF8-2728'": "'SBO+AF8-1972'",
    "'SBO+AF8-1972'": "'SBO+AF8-2321'",
    "'SBO+AF8-0374'": "'SBO+AF8-1496'"
  },
  {
    "'SBO+AF8-2728'": "'SBO+AF8-1972'",
    "'SBO+AF8-1972'": "'SBO+AF8-2321'",
    "'SBO+AF8-0374'": "'SBO+AF8-3080'"
  },
  {
    "'SBO+AF8-2728'": "'SBO+AF8-1972'",
    "'SBO+AF8-1972'": "'SBO+AF8-2321'",
    "'SBO+AF8-0374'": "'SBO+AF8-4053'"
  },
  {
    "'SBO+AF8-2728'": "'SBO+AF8-1972'",
    "'SBO+AF8-1972'": "'SBO+AF8-2321'",
    "'SBO+AF8-0374'": "'SBO+AF8-3067'"
  },
  {
    "'SBO+AF8-2728'": "'SBO+AF8-1972'",
    "'SBO+AF8-1972'": "'SBO+AF8-2321'",
    "'SBO+AF8-0374'": "'SBO+AF8-3491'"
  },
  {
    "'SBO+AF8-2728'": "'SBO+AF8-1972'",
    "'SBO+AF8-1972'": "'SBO+AF8-2321'",
    "'SBO+AF8-0374'": "'SBO+AF8-2522'"
  },
  {
    "'SBO+AF8-2728'": "'SBO+AF8-1972'",
    "'SBO+AF8-1972'": "'SBO+AF8-2321'",
    "'SBO+AF8-0374'": "'SBO+AF8-1860'"
  },
  {
    "'SBO+AF8-2728'": "'SBO+AF8-1972'",
    "'SBO+AF8-1972'": "'SBO+AF8-2321'",
    "'SBO+AF8-0374'": "'SBO+AF8-4451'"
  },
  {
    "'SBO+AF8-2728'": "'SBO+AF8-1972'",
    "'SBO+AF8-1972'": "'SBO+AF8-2321'",
    "'SBO+AF8-0374'": "'SBO+AF8-3373'"
  },
  {
    "'SBO+AF8-2728'": "'SBO+AF8-1972'",
    "'SBO+AF8-1972'": "'SBO+AF8-2321'",
    "'SBO+AF8-0374'": "'SBO+AF8-3079'"
  },
  {
    "'SBO+AF8-2728'": "'SBO+AF8-1972'",
    "'SBO+AF8-1972'": "'SBO+AF8-2321'",
    "'SBO+AF8-0374'": "'SBO+AF8-2981'"
  },
  {
    "'SBO+AF8-2728'": "'SBO+AF8-1972'",
    "'SBO+AF8-1972'": "'SBO+AF8-2321'",
    "'SBO+AF8-0374'": "'SBO+AF8-2950'"
  },
  {
    "'SBO+AF8-2728'": "'SBO+AF8-1972'",
    "'SBO+AF8-1972'": "'SBO+AF8-2321'",
    "'SBO+AF8-0374'": "'SBO+AF8-1861'"
  },
  {
    "'SBO+AF8-2728'": "'SBO+AF8-1972'",
    "'SBO+AF8-1972'": "'SBO+AF8-2317'",
    "'SBO+AF8-0374'": "'SBO+AF8-1533'"
  },
  {
    "'SBO+AF8-2728'": "'SBO+AF8-1972'",
    "'SBO+AF8-1972'": "'SBO+AF8-2317'",
    "'SBO+AF8-0374'": "'SBO+AF8-1534'"
  },
  {
    "'SBO+AF8-2728'": "'SBO+AF8-1972'",
    "'SBO+AF8-1972'": "'SBO+AF8-2317'",
    "'SBO+AF8-0374'": "'SBO+AF8-3849'"
  },
  {
    "'SBO+AF8-2728'": "'SBO+AF8-1972'",
    "'SBO+AF8-1972'": "'SBO+AF8-2317'",
    "'SBO+AF8-0374'": "'SBO+AF8-0104'"
  },
  {
    "'SBO+AF8-2728'": "'SBO+AF8-1972'",
    "'SBO+AF8-1972'": "'SBO+AF8-2317'",
    "'SBO+AF8-0374'": "'SBO+AF8-0103'"
  },
  {
    "'SBO+AF8-2728'": "'SBO+AF8-1972'",
    "'SBO+AF8-1972'": "'SBO+AF8-2317'",
    "'SBO+AF8-0374'": "'SBO+AF8-1496'"
  },
  {
    "'SBO+AF8-2728'": "'SBO+AF8-1972'",
    "'SBO+AF8-1972'": "'SBO+AF8-2317'",
    "'SBO+AF8-0374'": "'SBO+AF8-3080'"
  },
  {
    "'SBO+AF8-2728'": "'SBO+AF8-1972'",
    "'SBO+AF8-1972'": "'SBO+AF8-2317'",
    "'SBO+AF8-0374'": "'SBO+AF8-4053'"
  },
  {
    "'SBO+AF8-2728'": "'SBO+AF8-1972'",
    "'SBO+AF8-1972'": "'SBO+AF8-2317'",
    "'SBO+AF8-0374'": "'SBO+AF8-3067'"
  },
  {
    "'SBO+AF8-2728'": "'SBO+AF8-1972'",
    "'SBO+AF8-1972'": "'SBO+AF8-2317'",
    "'SBO+AF8-0374'": "'SBO+AF8-3491'"
  },
  {
    "'SBO+AF8-2728'": "'SBO+AF8-1972'",
    "'SBO+AF8-1972'": "'SBO+AF8-2317'",
    "'SBO+AF8-0374'": "'SBO+AF8-2522'"
  },
  {
    "'SBO+AF8-2728'": "'SBO+AF8-1972'",
    "'SBO+AF8-1972'": "'SBO+AF8-2317'",
    "'SBO+AF8-0374'": "'SBO+AF8-1860'"
  },
  {
    "'SBO+AF8-2728'": "'SBO+AF8-1972'",
    "'SBO+AF8-1972'": "'SBO+AF8-2317'",
    "'SBO+AF8-0374'": "'SBO+AF8-4451'"
  },
  {
    "'SBO+AF8-2728'": "'SBO+AF8-1972'",
    "'SBO+AF8-1972'": "'SBO+AF8-2317'",
    "'SBO+AF8-0374'": "'SBO+AF8-3373'"
  },
  {
    "'SBO+AF8-2728'": "'SBO+AF8-1972'",
    "'SBO+AF8-1972'": "'SBO+AF8-2317'",
    "'SBO+AF8-0374'": "'SBO+AF8-3079'"
  },
  {
    "'SBO+AF8-2728'": "'SBO+AF8-1972'",
    "'SBO+AF8-1972'": "'SBO+AF8-2317'",
    "'SBO+AF8-0374'": "'SBO+AF8-2981'"
  },
  {
    "'SBO+AF8-2728'": "'SBO+AF8-1972'",
    "'SBO+AF8-1972'": "'SBO+AF8-2317'",
    "'SBO+AF8-0374'": "'SBO+AF8-2950'"
  },
  {
    "'SBO+AF8-2728'": "'SBO+AF8-1972'",
    "'SBO+AF8-1972'": "'SBO+AF8-2317'",
    "'SBO+AF8-0374'": "'SBO+AF8-1861'"
  },
  {
    "'SBO+AF8-2728'": "'SBO+AF8-1972'",
    "'SBO+AF8-1972'": "'SBO+AF8-2314'",
    "'SBO+AF8-0374'": "'SBO+AF8-1533'"
  },
  {
    "'SBO+AF8-2728'": "'SBO+AF8-1972'",
    "'SBO+AF8-1972'": "'SBO+AF8-2314'",
    "'SBO+AF8-0374'": "'SBO+AF8-1534'"
  },
  {
    "'SBO+AF8-2728'": "'SBO+AF8-1972'",
    "'SBO+AF8-1972'": "'SBO+AF8-2314'",
    "'SBO+AF8-0374'": "'SBO+AF8-3849'"
  },
  {
    "'SBO+AF8-2728'": "'SBO+AF8-1972'",
    "'SBO+AF8-1972'": "'SBO+AF8-2314'",
    "'SBO+AF8-0374'": "'SBO+AF8-0104'"
  },
  {
    "'SBO+AF8-2728'": "'SBO+AF8-1972'",
    "'SBO+AF8-1972'": "'SBO+AF8-2314'",
    "'SBO+AF8-0374'": "'SBO+AF8-0103'"
  },
  {
    "'SBO+AF8-2728'": "'SBO+AF8-1972'",
    "'SBO+AF8-1972'": "'SBO+AF8-2314'",
    "'SBO+AF8-0374'": "'SBO+AF8-1496'"
  },
  {
    "'SBO+AF8-2728'": "'SBO+AF8-1972'",
    "'SBO+AF8-1972'": "'SBO+AF8-2314'",
    "'SBO+AF8-0374'": "'SBO+AF8-3080'"
  },
  {
    "'SBO+AF8-2728'": "'SBO+AF8-1972'",
    "'SBO+AF8-1972'": "'SBO+AF8-2314'",
    "'SBO+AF8-0374'": "'SBO+AF8-4053'"
  },
  {
    "'SBO+AF8-2728'": "'SBO+AF8-1972'",
    "'SBO+AF8-1972'": "'SBO+AF8-2314'",
    "'SBO+AF8-0374'": "'SBO+AF8-3067'"
  },
  {
    "'SBO+AF8-2728'": "'SBO+AF8-1972'",
    "'SBO+AF8-1972'": "'SBO+AF8-2314'",
    "'SBO+AF8-0374'": "'SBO+AF8-3491'"
  },
  {
    "'SBO+AF8-2728'": "'SBO+AF8-1972'",
    "'SBO+AF8-1972'": "'SBO+AF8-2314'",
    "'SBO+AF8-0374'": "'SBO+AF8-2522'"
  },
  {
    "'SBO+AF8-2728'": "'SBO+AF8-1972'",
    "'SBO+AF8-1972'": "'SBO+AF8-2314'",
    "'SBO+AF8-0374'": "'SBO+AF8-1860'"
  },
  {
    "'SBO+AF8-2728'": "'SBO+AF8-1972'",
    "'SBO+AF8-1972'": "'SBO+AF8-2314'",
    "'SBO+AF8-0374'": "'SBO+AF8-4451'"
  },
  {
    "'SBO+AF8-2728'": "'SBO+AF8-1972'",
    "'SBO+AF8-1972'": "'SBO+AF8-2314'",
    "'SBO+AF8-0374'": "'SBO+AF8-3373'"
  },
  {
    "'SBO+AF8-2728'": "'SBO+AF8-1972'",
    "'SBO+AF8-1972'": "'SBO+AF8-2314'",
    "'SBO+AF8-0374'": "'SBO+AF8-3079'"
  },
  {
    "'SBO+AF8-2728'": "'SBO+AF8-1972'",
    "'SBO+AF8-1972'": "'SBO+AF8-2314'",
    "'SBO+AF8-0374'": "'SBO+AF8-2981'"
  },
  {
    "'SBO+AF8-2728'": "'SBO+AF8-1972'",
    "'SBO+AF8-1972'": "'SBO+AF8-2314'",
    "'SBO+AF8-0374'": "'SBO+AF8-2950'"
  },
  {
    "'SBO+AF8-2728'": "'SBO+AF8-1972'",
    "'SBO+AF8-1972'": "'SBO+AF8-2314'",
    "'SBO+AF8-0374'": "'SBO+AF8-1861'"
  },
  {
    "'SBO+AF8-2728'": "'SBO+AF8-1972'",
    "'SBO+AF8-1972'": "'SBO+AF8-2316'",
    "'SBO+AF8-0374'": "'SBO+AF8-1533'"
  },
  {
    "'SBO+AF8-2728'": "'SBO+AF8-1972'",
    "'SBO+AF8-1972'": "'SBO+AF8-2316'",
    "'SBO+AF8-0374'": "'SBO+AF8-1534'"
  },
  {
    "'SBO+AF8-2728'": "'SBO+AF8-1972'",
    "'SBO+AF8-1972'": "'SBO+AF8-2316'",
    "'SBO+AF8-0374'": "'SBO+AF8-3849'"
  },
  {
    "'SBO+AF8-2728'": "'SBO+AF8-1972'",
    "'SBO+AF8-1972'": "'SBO+AF8-2316'",
    "'SBO+AF8-0374'": "'SBO+AF8-0104'"
  },
  {
    "'SBO+AF8-2728'": "'SBO+AF8-1972'",
    "'SBO+AF8-1972'": "'SBO+AF8-2316'",
    "'SBO+AF8-0374'": "'SBO+AF8-0103'"
  },
  {
    "'SBO+AF8-2728'": "'SBO+AF8-1972'",
    "'SBO+AF8-1972'": "'SBO+AF8-2316'",
    "'SBO+AF8-0374'": "'SBO+AF8-1496'"
  },
  {
    "'SBO+AF8-2728'": "'SBO+AF8-1972'",
    "'SBO+AF8-1972'": "'SBO+AF8-2316'",
    "'SBO+AF8-0374'": "'SBO+AF8-3080'"
  },
  {
    "'SBO+AF8-2728'": "'SBO+AF8-1972'",
    "'SBO+AF8-1972'": "'SBO+AF8-2316'",
    "'SBO+AF8-0374'": "'SBO+AF8-4053'"
  },
  {
    "'SBO+AF8-2728'": "'SBO+AF8-1972'",
    "'SBO+AF8-1972'": "'SBO+AF8-2316'",
    "'SBO+AF8-0374'": "'SBO+AF8-3067'"
  },
  {
    "'SBO+AF8-2728'": "'SBO+AF8-1972'",
    "'SBO+AF8-1972'": "'SBO+AF8-2316'",
    "'SBO+AF8-0374'": "'SBO+AF8-3491'"
  },
  {
    "'SBO+AF8-2728'": "'SBO+AF8-1972'",
    "'SBO+AF8-1972'": "'SBO+AF8-2316'",
    "'SBO+AF8-0374'": "'SBO+AF8-2522'"
  },
  {
    "'SBO+AF8-2728'": "'SBO+AF8-1972'",
    "'SBO+AF8-1972'": "'SBO+AF8-2316'",
    "'SBO+AF8-0374'": "'SBO+AF8-1860'"
  },
  {
    "'SBO+AF8-2728'": "'SBO+AF8-1972'",
    "'SBO+AF8-1972'": "'SBO+AF8-2316'",
    "'SBO+AF8-0374'": "'SBO+AF8-4451'"
  },
  {
    "'SBO+AF8-2728'": "'SBO+AF8-1972'",
    "'SBO+AF8-1972'": "'SBO+AF8-2316'",
    "'SBO+AF8-0374'": "'SBO+AF8-3373'"
  },
  {
    "'SBO+AF8-2728'": "'SBO+AF8-1972'",
    "'SBO+AF8-1972'": "'SBO+AF8-2316'",
    "'SBO+AF8-0374'": "'SBO+AF8-3079'"
  },
  {
    "'SBO+AF8-2728'": "'SBO+AF8-1972'",
    "'SBO+AF8-1972'": "'SBO+AF8-2316'",
    "'SBO+AF8-0374'": "'SBO+AF8-2981'"
  },
  {
    "'SBO+AF8-2728'": "'SBO+AF8-1972'",
    "'SBO+AF8-1972'": "'SBO+AF8-2316'",
    "'SBO+AF8-0374'": "'SBO+AF8-2950'"
  },
  {
    "'SBO+AF8-2728'": "'SBO+AF8-1972'",
    "'SBO+AF8-1972'": "'SBO+AF8-2316'",
    "'SBO+AF8-0374'": "'SBO+AF8-1861'"
  },
  {
    "'SBO+AF8-2728'": "'SBO+AF8-1972'",
    "'SBO+AF8-1972'": "'SBO+AF8-2318'",
    "'SBO+AF8-0374'": "'SBO+AF8-1533'"
  },
  {
    "'SBO+AF8-2728'": "'SBO+AF8-1972'",
    "'SBO+AF8-1972'": "'SBO+AF8-2318'",
    "'SBO+AF8-0374'": "'SBO+AF8-1534'"
  },
  {
    "'SBO+AF8-2728'": "'SBO+AF8-1972'",
    "'SBO+AF8-1972'": "'SBO+AF8-2318'",
    "'SBO+AF8-0374'": "'SBO+AF8-3849'"
  },
  {
    "'SBO+AF8-2728'": "'SBO+AF8-1972'",
    "'SBO+AF8-1972'": "'SBO+AF8-2318'",
    "'SBO+AF8-0374'": "'SBO+AF8-0104'"
  },
  {
    "'SBO+AF8-2728'": "'SBO+AF8-1972'",
    "'SBO+AF8-1972'": "'SBO+AF8-2318'",
    "'SBO+AF8-0374'": "'SBO+AF8-0103'"
  },
  {
    "'SBO+AF8-2728'": "'SBO+AF8-1972'",
    "'SBO+AF8-1972'": "'SBO+AF8-2318'",
    "'SBO+AF8-0374'": "'SBO+AF8-1496'"
  },
  {
    "'SBO+AF8-2728'": "'SBO+AF8-1972'",
    "'SBO+AF8-1972'": "'SBO+AF8-2318'",
    "'SBO+AF8-0374'": "'SBO+AF8-3080'"
  },
  {
    "'SBO+AF8-2728'": "'SBO+AF8-1972'",
    "'SBO+AF8-1972'": "'SBO+AF8-2318'",
    "'SBO+AF8-0374'": "'SBO+AF8-4053'"
  },
  {
    "'SBO+AF8-2728'": "'SBO+AF8-1972'",
    "'SBO+AF8-1972'": "'SBO+AF8-2318'",
    "'SBO+AF8-0374'": "'SBO+AF8-3067'"
  },
  {
    "'SBO+AF8-2728'": "'SBO+AF8-1972'",
    "'SBO+AF8-1972'": "'SBO+AF8-2318'",
    "'SBO+AF8-0374'": "'SBO+AF8-3491'"
  },
  {
    "'SBO+AF8-2728'": "'SBO+AF8-1972'",
    "'SBO+AF8-1972'": "'SBO+AF8-2318'",
    "'SBO+AF8-0374'": "'SBO+AF8-2522'"
  },
  {
    "'SBO+AF8-2728'": "'SBO+AF8-1972'",
    "'SBO+AF8-1972'": "'SBO+AF8-2318'",
    "'SBO+AF8-0374'": "'SBO+AF8-1860'"
  },
  {
    "'SBO+AF8-2728'": "'SBO+AF8-1972'",
    "'SBO+AF8-1972'": "'SBO+AF8-2318'",
    "'SBO+AF8-0374'": "'SBO+AF8-4451'"
  },
  {
    "'SBO+AF8-2728'": "'SBO+AF8-1972'",
    "'SBO+AF8-1972'": "'SBO+AF8-2318'",
    "'SBO+AF8-0374'": "'SBO+AF8-3373'"
  },
  {
    "'SBO+AF8-2728'": "'SBO+AF8-1972'",
    "'SBO+AF8-1972'": "'SBO+AF8-2318'",
    "'SBO+AF8-0374'": "'SBO+AF8-3079'"
  },
  {
    "'SBO+AF8-2728'": "'SBO+AF8-1972'",
    "'SBO+AF8-1972'": "'SBO+AF8-2318'",
    "'SBO+AF8-0374'": "'SBO+AF8-2981'"
  },
  {
    "'SBO+AF8-2728'": "'SBO+AF8-1972'",
    "'SBO+AF8-1972'": "'SBO+AF8-2318'",
    "'SBO+AF8-0374'": "'SBO+AF8-2950'"
  },
  {
    "'SBO+AF8-2728'": "'SBO+AF8-1972'",
    "'SBO+AF8-1972'": "'SBO+AF8-2318'",
    "'SBO+AF8-0374'": "'SBO+AF8-1861'"
  },
  {
    "'SBO+AF8-2728'": "'SBO+AF8-1972'",
    "'SBO+AF8-1972'": "'SBO+AF8-2312'",
    "'SBO+AF8-0374'": "'SBO+AF8-1533'"
  },
  {
    "'SBO+AF8-2728'": "'SBO+AF8-1972'",
    "'SBO+AF8-1972'": "'SBO+AF8-2312'",
    "'SBO+AF8-0374'": "'SBO+AF8-1534'"
  },
  {
    "'SBO+AF8-2728'": "'SBO+AF8-1972'",
    "'SBO+AF8-1972'": "'SBO+AF8-2312'",
    "'SBO+AF8-0374'": "'SBO+AF8-3849'"
  },
  {
    "'SBO+AF8-2728'": "'SBO+AF8-1972'",
    "'SBO+AF8-1972'": "'SBO+AF8-2312'",
    "'SBO+AF8-0374'": "'SBO+AF8-0104'"
  },
  {
    "'SBO+AF8-2728'": "'SBO+AF8-1972'",
    "'SBO+AF8-1972'": "'SBO+AF8-2312'",
    "'SBO+AF8-0374'": "'SBO+AF8-0103'"
  },
  {
    "'SBO+AF8-2728'": "'SBO+AF8-1972'",
    "'SBO+AF8-1972'": "'SBO+AF8-2312'",
    "'SBO+AF8-0374'": "'SBO+AF8-1496'"
  },
  {
    "'SBO+AF8-2728'": "'SBO+AF8-1972'",
    "'SBO+AF8-1972'": "'SBO+AF8-2312'",
    "'SBO+AF8-0374'": "'SBO+AF8-3080'"
  },
  {
    "'SBO+AF8-2728'": "'SBO+AF8-1972'",
    "'SBO+AF8-1972'": "'SBO+AF8-2312'",
    "'SBO+AF8-0374'": "'SBO+AF8-4053'"
  },
  {
    "'SBO+AF8-2728'": "'SBO+AF8-1972'",
    "'SBO+AF8-1972'": "'SBO+AF8-2312'",
    "'SBO+AF8-0374'": "'SBO+AF8-3067'"
  },
  {
    "'SBO+AF8-2728'": "'SBO+AF8-1972'",
    "'SBO+AF8-1972'": "'SBO+AF8-2312'",
    "'SBO+AF8-0374'": "'SBO+AF8-3491'"
  },
  {
    "'SBO+AF8-2728'": "'SBO+AF8-1972'",
    "'SBO+AF8-1972'": "'SBO+AF8-2312'",
    "'SBO+AF8-0374'": "'SBO+AF8-2522'"
  },
  {
    "'SBO+AF8-2728'": "'SBO+AF8-1972'",
    "'SBO+AF8-1972'": "'SBO+AF8-2312'",
    "'SBO+AF8-0374'": "'SBO+AF8-1860'"
  },
  {
    "'SBO+AF8-2728'": "'SBO+AF8-1972'",
    "'SBO+AF8-1972'": "'SBO+AF8-2312'",
    "'SBO+AF8-0374'": "'SBO+AF8-4451'"
  },
  {
    "'SBO+AF8-2728'": "'SBO+AF8-1972'",
    "'SBO+AF8-1972'": "'SBO+AF8-2312'",
    "'SBO+AF8-0374'": "'SBO+AF8-3373'"
  },
  {
    "'SBO+AF8-2728'": "'SBO+AF8-1972'",
    "'SBO+AF8-1972'": "'SBO+AF8-2312'",
    "'SBO+AF8-0374'": "'SBO+AF8-3079'"
  },
  {
    "'SBO+AF8-2728'": "'SBO+AF8-1972'",
    "'SBO+AF8-1972'": "'SBO+AF8-2312'",
    "'SBO+AF8-0374'": "'SBO+AF8-2981'"
  },
  {
    "'SBO+AF8-2728'": "'SBO+AF8-1972'",
    "'SBO+AF8-1972'": "'SBO+AF8-2312'",
    "'SBO+AF8-0374'": "'SBO+AF8-2950'"
  },
  {
    "'SBO+AF8-2728'": "'SBO+AF8-1972'",
    "'SBO+AF8-1972'": "'SBO+AF8-2312'",
    "'SBO+AF8-0374'": "'SBO+AF8-1861'"
  },
  {
    "'SBO+AF8-2728'": "'SBO+AF8-1972'",
    "'SBO+AF8-1972'": "'SBO+AF8-2309'",
    "'SBO+AF8-0374'": "'SBO+AF8-1533'"
  },
  {
    "'SBO+AF8-2728'": "'SBO+AF8-1972'",
    "'SBO+AF8-1972'": "'SBO+AF8-2309'",
    "'SBO+AF8-0374'": "'SBO+AF8-1534'"
  },
  {
    "'SBO+AF8-2728'": "'SBO+AF8-1972'",
    "'SBO+AF8-1972'": "'SBO+AF8-2309'",
    "'SBO+AF8-0374'": "'SBO+AF8-3849'"
  },
  {
    "'SBO+AF8-2728'": "'SBO+AF8-1972'",
    "'SBO+AF8-1972'": "'SBO+AF8-2309'",
    "'SBO+AF8-0374'": "'SBO+AF8-0104'"
  },
  {
    "'SBO+AF8-2728'": "'SBO+AF8-1972'",
    "'SBO+AF8-1972'": "'SBO+AF8-2309'",
    "'SBO+AF8-0374'": "'SBO+AF8-0103'"
  },
  {
    "'SBO+AF8-2728'": "'SBO+AF8-1972'",
    "'SBO+AF8-1972'": "'SBO+AF8-2309'",
    "'SBO+AF8-0374'": "'SBO+AF8-1496'"
  },
  {
    "'SBO+AF8-2728'": "'SBO+AF8-1972'",
    "'SBO+AF8-1972'": "'SBO+AF8-2309'",
    "'SBO+AF8-0374'": "'SBO+AF8-3080'"
  },
  {
    "'SBO+AF8-2728'": "'SBO+AF8-1972'",
    "'SBO+AF8-1972'": "'SBO+AF8-2309'",
    "'SBO+AF8-0374'": "'SBO+AF8-4053'"
  },
  {
    "'SBO+AF8-2728'": "'SBO+AF8-1972'",
    "'SBO+AF8-1972'": "'SBO+AF8-2309'",
    "'SBO+AF8-0374'": "'SBO+AF8-3067'"
  },
  {
    "'SBO+AF8-2728'": "'SBO+AF8-1972'",
    "'SBO+AF8-1972'": "'SBO+AF8-2309'",
    "'SBO+AF8-0374'": "'SBO+AF8-3491'"
  },
  {
    "'SBO+AF8-2728'": "'SBO+AF8-1972'",
    "'SBO+AF8-1972'": "'SBO+AF8-2309'",
    "'SBO+AF8-0374'": "'SBO+AF8-2522'"
  },
  {
    "'SBO+AF8-2728'": "'SBO+AF8-1972'",
    "'SBO+AF8-1972'": "'SBO+AF8-2309'",
    "'SBO+AF8-0374'": "'SBO+AF8-1860'"
  },
  {
    "'SBO+AF8-2728'": "'SBO+AF8-1972'",
    "'SBO+AF8-1972'": "'SBO+AF8-2309'",
    "'SBO+AF8-0374'": "'SBO+AF8-4451'"
  },
  {
    "'SBO+AF8-2728'": "'SBO+AF8-1972'",
    "'SBO+AF8-1972'": "'SBO+AF8-2309'",
    "'SBO+AF8-0374'": "'SBO+AF8-3373'"
  },
  {
    "'SBO+AF8-2728'": "'SBO+AF8-1972'",
    "'SBO+AF8-1972'": "'SBO+AF8-2309'",
    "'SBO+AF8-0374'": "'SBO+AF8-3079'"
  },
  {
    "'SBO+AF8-2728'": "'SBO+AF8-1972'",
    "'SBO+AF8-1972'": "'SBO+AF8-2309'",
    "'SBO+AF8-0374'": "'SBO+AF8-2981'"
  },
  {
    "'SBO+AF8-2728'": "'SBO+AF8-1972'",
    "'SBO+AF8-1972'": "'SBO+AF8-2309'",
    "'SBO+AF8-0374'": "'SBO+AF8-2950'"
  },
  {
    "'SBO+AF8-2728'": "'SBO+AF8-1972'",
    "'SBO+AF8-1972'": "'SBO+AF8-2309'",
    "'SBO+AF8-0374'": "'SBO+AF8-1861'"
  },
  {
    "'SBO+AF8-2728'": "'SBO+AF8-1972'",
    "'SBO+AF8-1972'": "'SBO+AF8-2320'",
    "'SBO+AF8-0374'": "'SBO+AF8-1533'"
  },
  {
    "'SBO+AF8-2728'": "'SBO+AF8-1972'",
    "'SBO+AF8-1972'": "'SBO+AF8-2320'",
    "'SBO+AF8-0374'": "'SBO+AF8-1534'"
  },
  {
    "'SBO+AF8-2728'": "'SBO+AF8-1972'",
    "'SBO+AF8-1972'": "'SBO+AF8-2320'",
    "'SBO+AF8-0374'": "'SBO+AF8-3849'"
  },
  {
    "'SBO+AF8-2728'": "'SBO+AF8-1972'",
    "'SBO+AF8-1972'": "'SBO+AF8-2320'",
    "'SBO+AF8-0374'": "'SBO+AF8-0104'"
  },
  {
    "'SBO+AF8-2728'": "'SBO+AF8-1972'",
    "'SBO+AF8-1972'": "'SBO+AF8-2320'",
    "'SBO+AF8-0374'": "'SBO+AF8-0103'"
  },
  {
    "'SBO+AF8-2728'": "'SBO+AF8-1972'",
    "'SBO+AF8-1972'": "'SBO+AF8-2320'",
    "'SBO+AF8-0374'": "'SBO+AF8-1496'"
  },
  {
    "'SBO+AF8-2728'": "'SBO+AF8-1972'",
    "'SBO+AF8-1972'": "'SBO+AF8-2320'",
    "'SBO+AF8-0374'": "'SBO+AF8-3080'"
  },
  {
    "'SBO+AF8-2728'": "'SBO+AF8-1972'",
    "'SBO+AF8-1972'": "'SBO+AF8-2320'",
    "'SBO+AF8-0374'": "'SBO+AF8-4053'"
  },
  {
    "'SBO+AF8-2728'": "'SBO+AF8-1972'",
    "'SBO+AF8-1972'": "'SBO+AF8-2320'",
    "'SBO+AF8-0374'": "'SBO+AF8-3067'"
  },
  {
    "'SBO+AF8-2728'": "'SBO+AF8-1972'",
    "'SBO+AF8-1972'": "'SBO+AF8-2320'",
    "'SBO+AF8-0374'": "'SBO+AF8-3491'"
  },
  {
    "'SBO+AF8-2728'": "'SBO+AF8-1972'",
    "'SBO+AF8-1972'": "'SBO+AF8-2320'",
    "'SBO+AF8-0374'": "'SBO+AF8-2522'"
  },
  {
    "'SBO+AF8-2728'": "'SBO+AF8-1972'",
    "'SBO+AF8-1972'": "'SBO+AF8-2320'",
    "'SBO+AF8-0374'": "'SBO+AF8-1860'"
  },
  {
    "'SBO+AF8-2728'": "'SBO+AF8-1972'",
    "'SBO+AF8-1972'": "'SBO+AF8-2320'",
    "'SBO+AF8-0374'": "'SBO+AF8-4451'"
  },
  {
    "'SBO+AF8-2728'": "'SBO+AF8-1972'",
    "'SBO+AF8-1972'": "'SBO+AF8-2320'",
    "'SBO+AF8-0374'": "'SBO+AF8-3373'"
  },
  {
    "'SBO+AF8-2728'": "'SBO+AF8-1972'",
    "'SBO+AF8-1972'": "'SBO+AF8-2320'",
    "'SBO+AF8-0374'": "'SBO+AF8-3079'"
  },
  {
    "'SBO+AF8-2728'": "'SBO+AF8-1972'",
    "'SBO+AF8-1972'": "'SBO+AF8-2320'",
    "'SBO+AF8-0374'": "'SBO+AF8-2981'"
  },
  {
    "'SBO+AF8-2728'": "'SBO+AF8-1972'",
    "'SBO+AF8-1972'": "'SBO+AF8-2320'",
    "'SBO+AF8-0374'": "'SBO+AF8-2950'"
  },
  {
    "'SBO+AF8-2728'": "'SBO+AF8-1972'",
    "'SBO+AF8-1972'": "'SBO+AF8-2320'",
    "'SBO+AF8-0374'": "'SBO+AF8-1861'"
  },
  {
    "'SBO+AF8-2728'": "'SBO+AF8-1972'",
    "'SBO+AF8-1972'": "'SBO+AF8-1533'",
    "'SBO+AF8-0374'": "'SBO+AF8-3849'"
  },
  {
    "'SBO+AF8-2728'": "'SBO+AF8-1972'",
    "'SBO+AF8-1972'": "'SBO+AF8-1533'",
    "'SBO+AF8-0374'": "'SBO+AF8-0104'"
  },
  {
    "'SBO+AF8-2728'": "'SBO+AF8-1972'",
    "'SBO+AF8-1972'": "'SBO+AF8-1533'",
    "'SBO+AF8-0374'": "'SBO+AF8-0103'"
  },
  {
    "'SBO+AF8-2728'": "'SBO+AF8-1972'",
    "'SBO+AF8-1972'": "'SBO+AF8-1533'",
    "'SBO+AF8-0374'": "'SBO+AF8-1496'"
  },
  {
    "'SBO+AF8-2728'": "'SBO+AF8-1972'",
    "'SBO+AF8-1972'": "'SBO+AF8-1533'",
    "'SBO+AF8-0374'": "'SBO+AF8-3080'"
  },
  {
    "'SBO+AF8-2728'": "'SBO+AF8-1972'",
    "'SBO+AF8-1972'": "'SBO+AF8-1533'",
    "'SBO+AF8-0374'": "'SBO+AF8-4053'"
  },
  {
    "'SBO+AF8-2728'": "'SBO+AF8-1972'",
    "'SBO+AF8-1972'": "'SBO+AF8-1533'",
    "'SBO+AF8-0374'": "'SBO+AF8-3067'"
  },
  {
    "'SBO+AF8-2728'": "'SBO+AF8-1972'",
    "'SBO+AF8-1972'": "'SBO+AF8-1533'",
    "'SBO+AF8-0374'": "'SBO+AF8-0654'"
  },
  {
    "'SBO+AF8-2728'": "'SBO+AF8-1972'",
    "'SBO+AF8-1972'": "'SBO+AF8-1533'",
    "'SBO+AF8-0374'": "'SBO+AF8-3491'"
  },
  {
    "'SBO+AF8-2728'": "'SBO+AF8-1972'",
    "'SBO+AF8-1972'": "'SBO+AF8-1533'",
    "'SBO+AF8-0374'": "'SBO+AF8-2522'"
  },
  {
    "'SBO+AF8-2728'": "'SBO+AF8-1972'",
    "'SBO+AF8-1972'": "'SBO+AF8-1533'",
    "'SBO+AF8-0374'": "'SBO+AF8-1860'"
  },
  {
    "'SBO+AF8-2728'": "'SBO+AF8-1972'",
    "'SBO+AF8-1972'": "'SBO+AF8-1533'",
    "'SBO+AF8-0374'": "'SBO+AF8-4451'"
  },
  {
    "'SBO+AF8-2728'": "'SBO+AF8-1972'",
    "'SBO+AF8-1972'": "'SBO+AF8-1533'",
    "'SBO+AF8-0374'": "'SBO+AF8-3373'"
  },
  {
    "'SBO+AF8-2728'": "'SBO+AF8-1972'",
    "'SBO+AF8-1972'": "'SBO+AF8-1533'",
    "'SBO+AF8-0374'": "'SBO+AF8-3079'"
  },
  {
    "'SBO+AF8-2728'": "'SBO+AF8-1972'",
    "'SBO+AF8-1972'": "'SBO+AF8-1533'",
    "'SBO+AF8-0374'": "'SBO+AF8-2950'"
  },
  {
    "'SBO+AF8-2728'": "'SBO+AF8-1972'",
    "'SBO+AF8-1972'": "'SBO+AF8-1533'",
    "'SBO+AF8-0374'": "'SBO+AF8-1861'"
  },
  {
    "'SBO+AF8-2728'": "'SBO+AF8-1972'",
    "'SBO+AF8-1972'": "'SBO+AF8-1534'",
    "'SBO+AF8-0374'": "'SBO+AF8-3849'"
  },
  {
    "'SBO+AF8-2728'": "'SBO+AF8-1972'",
    "'SBO+AF8-1972'": "'SBO+AF8-1534'",
    "'SBO+AF8-0374'": "'SBO+AF8-0104'"
  },
  {
    "'SBO+AF8-2728'": "'SBO+AF8-1972'",
    "'SBO+AF8-1972'": "'SBO+AF8-1534'",
    "'SBO+AF8-0374'": "'SBO+AF8-0103'"
  },
  {
    "'SBO+AF8-2728'": "'SBO+AF8-1972'",
    "'SBO+AF8-1972'": "'SBO+AF8-1534'",
    "'SBO+AF8-0374'": "'SBO+AF8-1496'"
  },
  {
    "'SBO+AF8-2728'": "'SBO+AF8-1972'",
    "'SBO+AF8-1972'": "'SBO+AF8-1534'",
    "'SBO+AF8-0374'": "'SBO+AF8-3080'"
  },
  {
    "'SBO+AF8-2728'": "'SBO+AF8-1972'",
    "'SBO+AF8-1972'": "'SBO+AF8-1534'",
    "'SBO+AF8-0374'": "'SBO+AF8-4053'"
  },
  {
    "'SBO+AF8-2728'": "'SBO+AF8-1972'",
    "'SBO+AF8-1972'": "'SBO+AF8-1534'",
    "'SBO+AF8-0374'": "'SBO+AF8-3067'"
  },
  {
    "'SBO+AF8-2728'": "'SBO+AF8-1972'",
    "'SBO+AF8-1972'": "'SBO+AF8-1534'",
    "'SBO+AF8-0374'": "'SBO+AF8-0654'"
  },
  {
    "'SBO+AF8-2728'": "'SBO+AF8-1972'",
    "'SBO+AF8-1972'": "'SBO+AF8-1534'",
    "'SBO+AF8-0374'": "'SBO+AF8-3491'"
  },
  {
    "'SBO+AF8-2728'": "'SBO+AF8-1972'",
    "'SBO+AF8-1972'": "'SBO+AF8-1534'",
    "'SBO+AF8-0374'": "'SBO+AF8-2522'"
  },
  {
    "'SBO+AF8-2728'": "'SBO+AF8-1972'",
    "'SBO+AF8-1972'": "'SBO+AF8-1534'",
    "'SBO+AF8-0374'": "'SBO+AF8-1860'"
  },
  {
    "'SBO+AF8-2728'": "'SBO+AF8-1972'",
    "'SBO+AF8-1972'": "'SBO+AF8-1534'",
    "'SBO+AF8-0374'": "'SBO+AF8-4451'"
  },
  {
    "'SBO+AF8-2728'": "'SBO+AF8-1972'",
    "'SBO+AF8-1972'": "'SBO+AF8-1534'",
    "'SBO+AF8-0374'": "'SBO+AF8-3373'"
  },
  {
    "'SBO+AF8-2728'": "'SBO+AF8-1972'",
    "'SBO+AF8-1972'": "'SBO+AF8-1534'",
    "'SBO+AF8-0374'": "'SBO+AF8-3079'"
  },
  {
    "'SBO+AF8-2728'": "'SBO+AF8-1972'",
    "'SBO+AF8-1972'": "'SBO+AF8-1534'",
    "'SBO+AF8-0374'": "'SBO+AF8-2950'"
  },
  {
    "'SBO+AF8-2728'": "'SBO+AF8-1972'",
    "'SBO+AF8-1972'": "'SBO+AF8-1534'",
    "'SBO+AF8-0374'": "'SBO+AF8-1861'"
  },
  {
    "'SBO+AF8-2728'": "'SBO+AF8-1972'",
    "'SBO+AF8-1972'": "'SBO+AF8-3849'",
    "'SBO+AF8-0374'": "'SBO+AF8-0104'"
  },
  {
    "'SBO+AF8-2728'": "'SBO+AF8-1972'",
    "'SBO+AF8-1972'": "'SBO+AF8-3849'",
    "'SBO+AF8-0374'": "'SBO+AF8-0103'"
  },
  {
    "'SBO+AF8-2728'": "'SBO+AF8-1972'",
    "'SBO+AF8-1972'": "'SBO+AF8-3849'",
    "'SBO+AF8-0374'": "'SBO+AF8-1496'"
  },
  {
    "'SBO+AF8-2728'": "'SBO+AF8-1972'",
    "'SBO+AF8-1972'": "'SBO+AF8-3849'",
    "'SBO+AF8-0374'": "'SBO+AF8-3080'"
  },
  {
    "'SBO+AF8-2728'": "'SBO+AF8-1972'",
    "'SBO+AF8-1972'": "'SBO+AF8-3849'",
    "'SBO+AF8-0374'": "'SBO+AF8-4053'"
  },
  {
    "'SBO+AF8-2728'": "'SBO+AF8-1972'",
    "'SBO+AF8-1972'": "'SBO+AF8-3849'",
    "'SBO+AF8-0374'": "'SBO+AF8-3067'"
  },
  {
    "'SBO+AF8-2728'": "'SBO+AF8-1972'",
    "'SBO+AF8-1972'": "'SBO+AF8-3849'",
    "'SBO+AF8-0374'": "'SBO+AF8-3491'"
  },
  {
    "'SBO+AF8-2728'": "'SBO+AF8-1972'",
    "'SBO+AF8-1972'": "'SBO+AF8-3849'",
    "'SBO+AF8-0374'": "'SBO+AF8-2522'"
  },
  {
    "'SBO+AF8-2728'": "'SBO+AF8-1972'",
    "'SBO+AF8-1972'": "'SBO+AF8-3849'",
    "'SBO+AF8-0374'": "'SBO+AF8-1860'"
  },
  {
    "'SBO+AF8-2728'": "'SBO+AF8-1972'",
    "'SBO+AF8-1972'": "'SBO+AF8-3849'",
    "'SBO+AF8-0374'": "'SBO+AF8-4451'"
  },
  {
    "'SBO+AF8-2728'": "'SBO+AF8-1972'",
    "'SBO+AF8-1972'": "'SBO+AF8-3849'",
    "'SBO+AF8-0374'": "'SBO+AF8-3373'"
  },
  {
    "'SBO+AF8-2728'": "'SBO+AF8-1972'",
    "'SBO+AF8-1972'": "'SBO+AF8-3849'",
    "'SBO+AF8-0374'": "'SBO+AF8-3079'"
  },
  {
    "'SBO+AF8-2728'": "'SBO+AF8-1972'",
    "'SBO+AF8-1972'": "'SBO+AF8-3849'",
    "'SBO+AF8-0374'": "'SBO+AF8-2981'"
  },
  {
    "'SBO+AF8-2728'": "'SBO+AF8-1972'",
    "'SBO+AF8-1972'": "'SBO+AF8-3849'",
    "'SBO+AF8-0374'": "'SBO+AF8-2950'"
  },
  {
    "'SBO+AF8-2728'": "'SBO+AF8-1972'",
    "'SBO+AF8-1972'": "'SBO+AF8-3849'",
    "'SBO+AF8-0374'": "'SBO+AF8-1861'"
  },
  {
    "'SBO+AF8-2728'": "'SBO+AF8-1972'",
    "'SBO+AF8-1972'": "'SBO+AF8-0104'",
    "'SBO+AF8-0374'": "'SBO+AF8-1496'"
  },
  {
    "'SBO+AF8-2728'": "'SBO+AF8-1972'",
    "'SBO+AF8-1972'": "'SBO+AF8-0104'",
    "'SBO+AF8-0374'": "'SBO+AF8-3080'"
  },
  {
    "'SBO+AF8-2728'": "'SBO+AF8-1972'",
    "'SBO+AF8-1972'": "'SBO+AF8-0104'",
    "'SBO+AF8-0374'": "'SBO+AF8-4053'"
  },
  {
    "'SBO+AF8-2728'": "'SBO+AF8-1972'",
    "'SBO+AF8-1972'": "'SBO+AF8-0104'",
    "'SBO+AF8-0374'": "'SBO+AF8-3067'"
  },
  {
    "'SBO+AF8-2728'": "'SBO+AF8-1972'",
    "'SBO+AF8-1972'": "'SBO+AF8-0104'",
    "'SBO+AF8-0374'": "'SBO+AF8-3491'"
  },
  {
    "'SBO+AF8-2728'": "'SBO+AF8-1972'",
    "'SBO+AF8-1972'": "'SBO+AF8-0104'",
    "'SBO+AF8-0374'": "'SBO+AF8-2522'"
  },
  {
    "'SBO+AF8-2728'": "'SBO+AF8-1972'",
    "'SBO+AF8-1972'": "'SBO+AF8-0104'",
    "'SBO+AF8-0374'": "'SBO+AF8-1860'"
  },
  {
    "'SBO+AF8-2728'": "'SBO+AF8-1972'",
    "'SBO+AF8-1972'": "'SBO+AF8-0104'",
    "'SBO+AF8-0374'": "'SBO+AF8-4451'"
  },
  {
    "'SBO+AF8-2728'": "'SBO+AF8-1972'",
    "'SBO+AF8-1972'": "'SBO+AF8-0104'",
    "'SBO+AF8-0374'": "'SBO+AF8-3373'"
  },
  {
    "'SBO+AF8-2728'": "'SBO+AF8-1972'",
    "'SBO+AF8-1972'": "'SBO+AF8-0104'",
    "'SBO+AF8-0374'": "'SBO+AF8-3079'"
  },
  {
    "'SBO+AF8-2728'": "'SBO+AF8-1972'",
    "'SBO+AF8-1972'": "'SBO+AF8-0104'",
    "'SBO+AF8-0374'": "'SBO+AF8-2981'"
  },
  {
    "'SBO+AF8-2728'": "'SBO+AF8-1972'",
    "'SBO+AF8-1972'": "'SBO+AF8-0104'",
    "'SBO+AF8-0374'": "'SBO+AF8-2950'"
  },
  {
    "'SBO+AF8-2728'": "'SBO+AF8-1972'",
    "'SBO+AF8-1972'": "'SBO+AF8-0104'",
    "'SBO+AF8-0374'": "'SBO+AF8-1861'"
  },
  {
    "'SBO+AF8-2728'": "'SBO+AF8-1972'",
    "'SBO+AF8-1972'": "'SBO+AF8-0103'",
    "'SBO+AF8-0374'": "'SBO+AF8-1496'"
  },
  {
    "'SBO+AF8-2728'": "'SBO+AF8-1972'",
    "'SBO+AF8-1972'": "'SBO+AF8-0103'",
    "'SBO+AF8-0374'": "'SBO+AF8-3080'"
  },
  {
    "'SBO+AF8-2728'": "'SBO+AF8-1972'",
    "'SBO+AF8-1972'": "'SBO+AF8-0103'",
    "'SBO+AF8-0374'": "'SBO+AF8-4053'"
  },
  {
    "'SBO+AF8-2728'": "'SBO+AF8-1972'",
    "'SBO+AF8-1972'": "'SBO+AF8-0103'",
    "'SBO+AF8-0374'": "'SBO+AF8-3067'"
  },
  {
    "'SBO+AF8-2728'": "'SBO+AF8-1972'",
    "'SBO+AF8-1972'": "'SBO+AF8-0103'",
    "'SBO+AF8-0374'": "'SBO+AF8-3491'"
  },
  {
    "'SBO+AF8-2728'": "'SBO+AF8-1972'",
    "'SBO+AF8-1972'": "'SBO+AF8-0103'",
    "'SBO+AF8-0374'": "'SBO+AF8-2522'"
  },
  {
    "'SBO+AF8-2728'": "'SBO+AF8-1972'",
    "'SBO+AF8-1972'": "'SBO+AF8-0103'",
    "'SBO+AF8-0374'": "'SBO+AF8-1860'"
  },
  {
    "'SBO+AF8-2728'": "'SBO+AF8-1972'",
    "'SBO+AF8-1972'": "'SBO+AF8-0103'",
    "'SBO+AF8-0374'": "'SBO+AF8-4451'"
  },
  {
    "'SBO+AF8-2728'": "'SBO+AF8-1972'",
    "'SBO+AF8-1972'": "'SBO+AF8-0103'",
    "'SBO+AF8-0374'": "'SBO+AF8-3373'"
  },
  {
    "'SBO+AF8-2728'": "'SBO+AF8-1972'",
    "'SBO+AF8-1972'": "'SBO+AF8-0103'",
    "'SBO+AF8-0374'": "'SBO+AF8-3079'"
  },
  {
    "'SBO+AF8-2728'": "'SBO+AF8-1972'",
    "'SBO+AF8-1972'": "'SBO+AF8-0103'",
    "'SBO+AF8-0374'": "'SBO+AF8-2981'"
  },
  {
    "'SBO+AF8-2728'": "'SBO+AF8-1972'",
    "'SBO+AF8-1972'": "'SBO+AF8-0103'",
    "'SBO+AF8-0374'": "'SBO+AF8-2950'"
  },
  {
    "'SBO+AF8-2728'": "'SBO+AF8-1972'",
    "'SBO+AF8-1972'": "'SBO+AF8-0103'",
    "'SBO+AF8-0374'": "'SBO+AF8-1861'"
  },
  {
    "'SBO+AF8-2728'": "'SBO+AF8-1972'",
    "'SBO+AF8-1972'": "'SBO+AF8-1496'",
    "'SBO+AF8-0374'": "'SBO+AF8-3080'"
  },
  {
    "'SBO+AF8-2728'": "'SBO+AF8-1972'",
    "'SBO+AF8-1972'": "'SBO+AF8-1496'",
    "'SBO+AF8-0374'": "'SBO+AF8-4053'"
  },
  {
    "'SBO+AF8-2728'": "'SBO+AF8-1972'",
    "'SBO+AF8-1972'": "'SBO+AF8-1496'",
    "'SBO+AF8-0374'": "'SBO+AF8-3067'"
  },
  {
    "'SBO+AF8-2728'": "'SBO+AF8-1972'",
    "'SBO+AF8-1972'": "'SBO+AF8-1496'",
    "'SBO+AF8-0374'": "'SBO+AF8-3491'"
  },
  {
    "'SBO+AF8-2728'": "'SBO+AF8-1972'",
    "'SBO+AF8-1972'": "'SBO+AF8-1496'",
    "'SBO+AF8-0374'": "'SBO+AF8-2522'"
  },
  {
    "'SBO+AF8-2728'": "'SBO+AF8-1972'",
    "'SBO+AF8-1972'": "'SBO+AF8-1496'",
    "'SBO+AF8-0374'": "'SBO+AF8-1860'"
  },
  {
    "'SBO+AF8-2728'": "'SBO+AF8-1972'",
    "'SBO+AF8-1972'": "'SBO+AF8-1496'",
    "'SBO+AF8-0374'": "'SBO+AF8-4451'"
  },
  {
    "'SBO+AF8-2728'": "'SBO+AF8-1972'",
    "'SBO+AF8-1972'": "'SBO+AF8-1496'",
    "'SBO+AF8-0374'": "'SBO+AF8-3373'"
  },
  {
    "'SBO+AF8-2728'": "'SBO+AF8-1972'",
    "'SBO+AF8-1972'": "'SBO+AF8-1496'",
    "'SBO+AF8-0374'": "'SBO+AF8-3079'"
  },
  {
    "'SBO+AF8-2728'": "'SBO+AF8-1972'",
    "'SBO+AF8-1972'": "'SBO+AF8-1496'",
    "'SBO+AF8-0374'": "'SBO+AF8-2981'"
  },
  {
    "'SBO+AF8-2728'": "'SBO+AF8-1972'",
    "'SBO+AF8-1972'": "'SBO+AF8-1496'",
    "'SBO+AF8-0374'": "'SBO+AF8-2950'"
  },
  {
    "'SBO+AF8-2728'": "'SBO+AF8-1972'",
    "'SBO+AF8-1972'": "'SBO+AF8-1496'",
    "'SBO+AF8-0374'": "'SBO+AF8-1861'"
  },
  {
    "'SBO+AF8-2728'": "'SBO+AF8-1972'",
    "'SBO+AF8-1972'": "'SBO+AF8-3933'",
    "'SBO+AF8-0374'": "'SBO+AF8-1367'"
  },
  {
    "'SBO+AF8-2728'": "'SBO+AF8-1972'",
    "'SBO+AF8-1972'": "'SBO+AF8-3933'",
    "'SBO+AF8-0374'": "'SBO+AF8-3373'"
  },
  {
    "'SBO+AF8-2728'": "'SBO+AF8-1972'",
    "'SBO+AF8-1972'": "'SBO+AF8-3080'",
    "'SBO+AF8-0374'": "'SBO+AF8-4053'"
  },
  {
    "'SBO+AF8-2728'": "'SBO+AF8-1972'",
    "'SBO+AF8-1972'": "'SBO+AF8-3080'",
    "'SBO+AF8-0374'": "'SBO+AF8-3067'"
  },
  {
    "'SBO+AF8-2728'": "'SBO+AF8-1972'",
    "'SBO+AF8-1972'": "'SBO+AF8-3080'",
    "'SBO+AF8-0374'": "'SBO+AF8-3491'"
  },
  {
    "'SBO+AF8-2728'": "'SBO+AF8-1972'",
    "'SBO+AF8-1972'": "'SBO+AF8-3080'",
    "'SBO+AF8-0374'": "'SBO+AF8-2522'"
  },
  {
    "'SBO+AF8-2728'": "'SBO+AF8-1972'",
    "'SBO+AF8-1972'": "'SBO+AF8-3080'",
    "'SBO+AF8-0374'": "'SBO+AF8-1860'"
  },
  {
    "'SBO+AF8-2728'": "'SBO+AF8-1972'",
    "'SBO+AF8-1972'": "'SBO+AF8-3080'",
    "'SBO+AF8-0374'": "'SBO+AF8-3373'"
  },
  {
    "'SBO+AF8-2728'": "'SBO+AF8-1972'",
    "'SBO+AF8-1972'": "'SBO+AF8-3080'",
    "'SBO+AF8-0374'": "'SBO+AF8-3079'"
  },
  {
    "'SBO+AF8-2728'": "'SBO+AF8-1972'",
    "'SBO+AF8-1972'": "'SBO+AF8-3080'",
    "'SBO+AF8-0374'": "'SBO+AF8-1861'"
  },
  {
    "'SBO+AF8-2728'": "'SBO+AF8-1972'",
    "'SBO+AF8-1972'": "'SBO+AF8-4053'",
    "'SBO+AF8-0374'": "'SBO+AF8-3067'"
  },
  {
    "'SBO+AF8-2728'": "'SBO+AF8-1972'",
    "'SBO+AF8-1972'": "'SBO+AF8-4053'",
    "'SBO+AF8-0374'": "'SBO+AF8-3491'"
  },
  {
    "'SBO+AF8-2728'": "'SBO+AF8-1972'",
    "'SBO+AF8-1972'": "'SBO+AF8-4053'",
    "'SBO+AF8-0374'": "'SBO+AF8-2522'"
  },
  {
    "'SBO+AF8-2728'": "'SBO+AF8-1972'",
    "'SBO+AF8-1972'": "'SBO+AF8-4053'",
    "'SBO+AF8-0374'": "'SBO+AF8-1860'"
  },
  {
    "'SBO+AF8-2728'": "'SBO+AF8-1972'",
    "'SBO+AF8-1972'": "'SBO+AF8-4053'",
    "'SBO+AF8-0374'": "'SBO+AF8-4451'"
  },
  {
    "'SBO+AF8-2728'": "'SBO+AF8-1972'",
    "'SBO+AF8-1972'": "'SBO+AF8-4053'",
    "'SBO+AF8-0374'": "'SBO+AF8-3373'"
  },
  {
    "'SBO+AF8-2728'": "'SBO+AF8-1972'",
    "'SBO+AF8-1972'": "'SBO+AF8-4053'",
    "'SBO+AF8-0374'": "'SBO+AF8-3079'"
  },
  {
    "'SBO+AF8-2728'": "'SBO+AF8-1972'",
    "'SBO+AF8-1972'": "'SBO+AF8-4053'",
    "'SBO+AF8-0374'": "'SBO+AF8-1861'"
  },
  {
    "'SBO+AF8-2728'": "'SBO+AF8-1972'",
    "'SBO+AF8-1972'": "'SBO+AF8-3067'",
    "'SBO+AF8-0374'": "'SBO+AF8-0654'"
  },
  {
    "'SBO+AF8-2728'": "'SBO+AF8-1972'",
    "'SBO+AF8-1972'": "'SBO+AF8-3067'",
    "'SBO+AF8-0374'": "'SBO+AF8-3491'"
  },
  {
    "'SBO+AF8-2728'": "'SBO+AF8-1972'",
    "'SBO+AF8-1972'": "'SBO+AF8-3067'",
    "'SBO+AF8-0374'": "'SBO+AF8-2522'"
  },
  {
    "'SBO+AF8-2728'": "'SBO+AF8-1972'",
    "'SBO+AF8-1972'": "'SBO+AF8-3067'",
    "'SBO+AF8-0374'": "'SBO+AF8-1860'"
  },
  {
    "'SBO+AF8-2728'": "'SBO+AF8-1972'",
    "'SBO+AF8-1972'": "'SBO+AF8-3067'",
    "'SBO+AF8-0374'": "'SBO+AF8-4451'"
  },
  {
    "'SBO+AF8-2728'": "'SBO+AF8-1972'",
    "'SBO+AF8-1972'": "'SBO+AF8-3067'",
    "'SBO+AF8-0374'": "'SBO+AF8-3373'"
  },
  {
    "'SBO+AF8-2728'": "'SBO+AF8-1972'",
    "'SBO+AF8-1972'": "'SBO+AF8-3067'",
    "'SBO+AF8-0374'": "'SBO+AF8-3079'"
  },
  {
    "'SBO+AF8-2728'": "'SBO+AF8-1972'",
    "'SBO+AF8-1972'": "'SBO+AF8-3067'",
    "'SBO+AF8-0374'": "'SBO+AF8-2950'"
  },
  {
    "'SBO+AF8-2728'": "'SBO+AF8-1972'",
    "'SBO+AF8-1972'": "'SBO+AF8-3067'",
    "'SBO+AF8-0374'": "'SBO+AF8-1861'"
  },
  {
    "'SBO+AF8-2728'": "'SBO+AF8-1972'",
    "'SBO+AF8-1972'": "'SBO+AF8-0654'",
    "'SBO+AF8-0374'": "'SBO+AF8-3373'"
  },
  {
    "'SBO+AF8-2728'": "'SBO+AF8-1972'",
    "'SBO+AF8-1972'": "'SBO+AF8-3491'",
    "'SBO+AF8-0374'": "'SBO+AF8-2522'"
  },
  {
    "'SBO+AF8-2728'": "'SBO+AF8-1972'",
    "'SBO+AF8-1972'": "'SBO+AF8-3491'",
    "'SBO+AF8-0374'": "'SBO+AF8-1860'"
  },
  {
    "'SBO+AF8-2728'": "'SBO+AF8-1972'",
    "'SBO+AF8-1972'": "'SBO+AF8-3491'",
    "'SBO+AF8-0374'": "'SBO+AF8-4451'"
  },
  {
    "'SBO+AF8-2728'": "'SBO+AF8-1972'",
    "'SBO+AF8-1972'": "'SBO+AF8-3491'",
    "'SBO+AF8-0374'": "'SBO+AF8-3373'"
  },
  {
    "'SBO+AF8-2728'": "'SBO+AF8-1972'",
    "'SBO+AF8-1972'": "'SBO+AF8-3491'",
    "'SBO+AF8-0374'": "'SBO+AF8-3079'"
  },
  {
    "'SBO+AF8-2728'": "'SBO+AF8-1972'",
    "'SBO+AF8-1972'": "'SBO+AF8-3491'",
    "'SBO+AF8-0374'": "'SBO+AF8-2981'"
  },
  {
    "'SBO+AF8-2728'": "'SBO+AF8-1972'",
    "'SBO+AF8-1972'": "'SBO+AF8-3491'",
    "'SBO+AF8-0374'": "'SBO+AF8-2950'"
  },
  {
    "'SBO+AF8-2728'": "'SBO+AF8-1972'",
    "'SBO+AF8-1972'": "'SBO+AF8-3491'",
    "'SBO+AF8-0374'": "'SBO+AF8-1861'"
  },
  {
    "'SBO+AF8-2728'": "'SBO+AF8-1972'",
    "'SBO+AF8-1972'": "'SBO+AF8-2522'",
    "'SBO+AF8-0374'": "'SBO+AF8-1860'"
  },
  {
    "'SBO+AF8-2728'": "'SBO+AF8-1972'",
    "'SBO+AF8-1972'": "'SBO+AF8-2522'",
    "'SBO+AF8-0374'": "'SBO+AF8-4451'"
  },
  {
    "'SBO+AF8-2728'": "'SBO+AF8-1972'",
    "'SBO+AF8-1972'": "'SBO+AF8-2522'",
    "'SBO+AF8-0374'": "'SBO+AF8-3373'"
  },
  {
    "'SBO+AF8-2728'": "'SBO+AF8-1972'",
    "'SBO+AF8-1972'": "'SBO+AF8-2522'",
    "'SBO+AF8-0374'": "'SBO+AF8-3079'"
  },
  {
    "'SBO+AF8-2728'": "'SBO+AF8-1972'",
    "'SBO+AF8-1972'": "'SBO+AF8-2522'",
    "'SBO+AF8-0374'": "'SBO+AF8-2981'"
  },
  {
    "'SBO+AF8-2728'": "'SBO+AF8-1972'",
    "'SBO+AF8-1972'": "'SBO+AF8-2522'",
    "'SBO+AF8-0374'": "'SBO+AF8-2950'"
  },
  {
    "'SBO+AF8-2728'": "'SBO+AF8-1972'",
    "'SBO+AF8-1972'": "'SBO+AF8-2522'",
    "'SBO+AF8-0374'": "'SBO+AF8-1861'"
  },
  {
    "'SBO+AF8-2728'": "'SBO+AF8-1972'",
    "'SBO+AF8-1972'": "'SBO+AF8-1860'",
    "'SBO+AF8-0374'": "'SBO+AF8-4451'"
  },
  {
    "'SBO+AF8-2728'": "'SBO+AF8-1972'",
    "'SBO+AF8-1972'": "'SBO+AF8-1860'",
    "'SBO+AF8-0374'": "'SBO+AF8-3373'"
  },
  {
    "'SBO+AF8-2728'": "'SBO+AF8-1972'",
    "'SBO+AF8-1972'": "'SBO+AF8-1860'",
    "'SBO+AF8-0374'": "'SBO+AF8-3079'"
  },
  {
    "'SBO+AF8-2728'": "'SBO+AF8-1972'",
    "'SBO+AF8-1972'": "'SBO+AF8-1860'",
    "'SBO+AF8-0374'": "'SBO+AF8-2981'"
  },
  {
    "'SBO+AF8-2728'": "'SBO+AF8-1972'",
    "'SBO+AF8-1972'": "'SBO+AF8-1860'",
    "'SBO+AF8-0374'": "'SBO+AF8-2950'"
  },
  {
    "'SBO+AF8-2728'": "'SBO+AF8-1972'",
    "'SBO+AF8-1972'": "'SBO+AF8-1860'",
    "'SBO+AF8-0374'": "'SBO+AF8-1861'"
  },
  {
    "'SBO+AF8-2728'": "'SBO+AF8-1972'",
    "'SBO+AF8-1972'": "'SBO+AF8-4451'",
    "'SBO+AF8-0374'": "'SBO+AF8-3373'"
  },
  {
    "'SBO+AF8-2728'": "'SBO+AF8-1972'",
    "'SBO+AF8-1972'": "'SBO+AF8-4451'",
    "'SBO+AF8-0374'": "'SBO+AF8-3079'"
  },
  {
    "'SBO+AF8-2728'": "'SBO+AF8-1972'",
    "'SBO+AF8-1972'": "'SBO+AF8-4451'",
    "'SBO+AF8-0374'": "'SBO+AF8-2950'"
  },
  {
    "'SBO+AF8-2728'": "'SBO+AF8-1972'",
    "'SBO+AF8-1972'": "'SBO+AF8-4451'",
    "'SBO+AF8-0374'": "'SBO+AF8-1861'"
  },
  {
    "'SBO+AF8-2728'": "'SBO+AF8-0374'",
    "'SBO+AF8-1972'": "'SBO+AF8-0664'",
    "'SBO+AF8-0374'": "'SBO+AF8-0009'"
  },
  {
    "'SBO+AF8-2728'": "'SBO+AF8-0374'",
    "'SBO+AF8-1972'": "'SBO+AF8-4445'",
    "'SBO+AF8-0374'": "'SBO+AF8-3367'"
  },
  {
    "'SBO+AF8-2728'": "'SBO+AF8-0105'",
    "'SBO+AF8-1972'": "'SBO+AF8-2579'",
    "'SBO+AF8-0374'": "'SBO+AF8-0414'"
  },
  {
    "'SBO+AF8-2728'": "'SBO+AF8-0105'",
    "'SBO+AF8-1972'": "'SBO+AF8-1316'",
    "'SBO+AF8-0374'": "'SBO+AF8-2190'"
  },
  {
    "'SBO+AF8-2728'": "'SBO+AF8-0105'",
    "'SBO+AF8-1972'": "'SBO+AF8-2190'",
    "'SBO+AF8-0374'": "'SBO+AF8-3067'"
  },
  {
    "'SBO+AF8-2728'": "'SBO+AF8-0105'",
    "'SBO+AF8-1972'": "'SBO+AF8-0664'",
    "'SBO+AF8-0374'": "'SBO+AF8-0009'"
  },
  {
    "'SBO+AF8-2728'": "'SBO+AF8-0105'",
    "'SBO+AF8-1972'": "'SBO+AF8-0414'",
    "'SBO+AF8-0374'": "'SBO+AF8-3080'"
  },
  {
    "'SBO+AF8-2728'": "'SBO+AF8-0105'",
    "'SBO+AF8-1972'": "'SBO+AF8-0414'",
    "'SBO+AF8-0374'": "'SBO+AF8-4451'"
  },
  {
    "'SBO+AF8-2728'": "'SBO+AF8-2579'",
    "'SBO+AF8-1972'": "'SBO+AF8-0803'",
    "'SBO+AF8-0374'": "'SBO+AF8-3623'"
  },
  {
    "'SBO+AF8-2728'": "'SBO+AF8-2579'",
    "'SBO+AF8-1972'": "'SBO+AF8-0803'",
    "'SBO+AF8-0374'": "'SBO+AF8-3622'"
  },
  {
    "'SBO+AF8-2728'": "'SBO+AF8-2579'",
    "'SBO+AF8-1972'": "'SBO+AF8-3087'",
    "'SBO+AF8-0374'": "'SBO+AF8-0414'"
  },
  {
    "'SBO+AF8-2728'": "'SBO+AF8-2579'",
    "'SBO+AF8-1972'": "'SBO+AF8-3089'",
    "'SBO+AF8-0374'": "'SBO+AF8-0414'"
  },
  {
    "'SBO+AF8-2728'": "'SBO+AF8-2579'",
    "'SBO+AF8-1972'": "'SBO+AF8-3088'",
    "'SBO+AF8-0374'": "'SBO+AF8-0414'"
  },
  {
    "'SBO+AF8-2728'": "'SBO+AF8-2405'",
    "'SBO+AF8-1972'": "'SBO+AF8-2323'",
    "'SBO+AF8-0374'": "'SBO+AF8-3580'"
  },
  {
    "'SBO+AF8-2728'": "'SBO+AF8-0663'",
    "'SBO+AF8-1972'": "'SBO+AF8-3941'",
    "'SBO+AF8-0374'": "'SBO+AF8-3373'"
  },
  {
    "'SBO+AF8-2728'": "'ybcF'",
    "'SBO+AF8-1972'": "'SBO+AF8-3110'",
    "'SBO+AF8-0374'": "'SBO+AF8-0031'"
  },
  {
    "'SBO+AF8-2728'": "'ybcF'",
    "'SBO+AF8-1972'": "'SBO+AF8-3110'",
    "'SBO+AF8-0374'": "'SBO+AF8-0032'"
  },
  {
    "'SBO+AF8-2728'": "'SBO+AF8-3829'",
    "'SBO+AF8-1972'": "'SBO+AF8-4204'",
    "'SBO+AF8-0374'": "'SBO+AF8-3476'"
  },
  {
    "'SBO+AF8-2728'": "'SBO+AF8-3829'",
    "'SBO+AF8-1972'": "'SBO+AF8-4204'",
    "'SBO+AF8-0374'": "'SBO+AF8-3473'"
  },
  {
    "'SBO+AF8-2728'": "'SBO+AF8-3829'",
    "'SBO+AF8-1972'": "'SBO+AF8-4204'",
    "'SBO+AF8-0374'": "'SBO+AF8-3475'"
  },
  {
    "'SBO+AF8-2728'": "'SBO+AF8-3829'",
    "'SBO+AF8-1972'": "'SBO+AF8-4204'",
    "'SBO+AF8-0374'": "'SBO+AF8-3477'"
  },
  {
    "'SBO+AF8-2728'": "'SBO+AF8-3829'",
    "'SBO+AF8-1972'": "'SBO+AF8-4204'",
    "'SBO+AF8-0374'": "'SBO+AF8-3474'"
  },
  {
    "'SBO+AF8-2728'": "'SBO+AF8-2252'",
    "'SBO+AF8-1972'": "'SBO+AF8-0323'",
    "'SBO+AF8-0374'": "'SBO+AF8-1316'"
  },
  {
    "'SBO+AF8-2728'": "'SBO+AF8-2252'",
    "'SBO+AF8-1972'": "'SBO+AF8-0323'",
    "'SBO+AF8-0374'": "'SBO+AF8-3067'"
  },
  {
    "'SBO+AF8-2728'": "'SBO+AF8-2252'",
    "'SBO+AF8-1972'": "'SBO+AF8-0326'",
    "'SBO+AF8-0374'": "'SBO+AF8-1316'"
  },
  {
    "'SBO+AF8-2728'": "'SBO+AF8-2252'",
    "'SBO+AF8-1972'": "'SBO+AF8-0326'",
    "'SBO+AF8-0374'": "'SBO+AF8-3067'"
  },
  {
    "'SBO+AF8-2728'": "'SBO+AF8-2252'",
    "'SBO+AF8-1972'": "'SBO+AF8-0324'",
    "'SBO+AF8-0374'": "'SBO+AF8-1316'"
  },
  {
    "'SBO+AF8-2728'": "'SBO+AF8-2252'",
    "'SBO+AF8-1972'": "'SBO+AF8-0324'",
    "'SBO+AF8-0374'": "'SBO+AF8-3067'"
  },
  {
    "'SBO+AF8-2728'": "'SBO+AF8-2252'",
    "'SBO+AF8-1972'": "'SBO+AF8-0325'",
    "'SBO+AF8-0374'": "'SBO+AF8-1316'"
  },
  {
    "'SBO+AF8-2728'": "'SBO+AF8-2252'",
    "'SBO+AF8-1972'": "'SBO+AF8-0325'",
    "'SBO+AF8-0374'": "'SBO+AF8-3067'"
  },
  {
    "'SBO+AF8-2728'": "'SBO+AF8-2253'",
    "'SBO+AF8-1972'": "'SBO+AF8-0323'",
    "'SBO+AF8-0374'": "'SBO+AF8-1316'"
  },
  {
    "'SBO+AF8-2728'": "'SBO+AF8-2253'",
    "'SBO+AF8-1972'": "'SBO+AF8-0323'",
    "'SBO+AF8-0374'": "'SBO+AF8-3067'"
  },
  {
    "'SBO+AF8-2728'": "'SBO+AF8-2253'",
    "'SBO+AF8-1972'": "'SBO+AF8-0326'",
    "'SBO+AF8-0374'": "'SBO+AF8-1316'"
  },
  {
    "'SBO+AF8-2728'": "'SBO+AF8-2253'",
    "'SBO+AF8-1972'": "'SBO+AF8-0326'",
    "'SBO+AF8-0374'": "'SBO+AF8-3067'"
  },
  {
    "'SBO+AF8-2728'": "'SBO+AF8-2253'",
    "'SBO+AF8-1972'": "'SBO+AF8-0324'",
    "'SBO+AF8-0374'": "'SBO+AF8-1316'"
  },
  {
    "'SBO+AF8-2728'": "'SBO+AF8-2253'",
    "'SBO+AF8-1972'": "'SBO+AF8-0324'",
    "'SBO+AF8-0374'": "'SBO+AF8-3067'"
  },
  {
    "'SBO+AF8-2728'": "'SBO+AF8-2253'",
    "'SBO+AF8-1972'": "'SBO+AF8-0325'",
    "'SBO+AF8-0374'": "'SBO+AF8-1316'"
  },
  {
    "'SBO+AF8-2728'": "'SBO+AF8-2253'",
    "'SBO+AF8-1972'": "'SBO+AF8-0325'",
    "'SBO+AF8-0374'": "'SBO+AF8-3067'"
  },
  {
    "'SBO+AF8-2728'": "'SBO+AF8-0998'",
    "'SBO+AF8-1972'": "'SBO+AF8-2198'",
    "'SBO+AF8-0374'": "'SBO+AF8-3079'"
  },
  {
    "'SBO+AF8-2728'": "'SBO+AF8-2639'",
    "'SBO+AF8-1972'": "'SBO+AF8-0609'",
    "'SBO+AF8-0374'": "'SBO+AF8-1424'"
  },
  {
    "'SBO+AF8-2728'": "'SBO+AF8-3791'",
    "'SBO+AF8-1972'": "'SBO+AF8-2614'",
    "'SBO+AF8-0374'": "'SBO+AF8-3498'"
  },
  {
    "'SBO+AF8-2728'": "'SBO+AF8-1831'",
    "'SBO+AF8-1972'": "'SBO+AF8-3642'",
    "'SBO+AF8-0374'": "'SBO+AF8-0159'"
  },
  {
    "'SBO+AF8-2728'": "'SBO+AF8-1316'",
    "'SBO+AF8-1972'": "'SBO+AF8-2190'",
    "'SBO+AF8-0374'": "'SBO+AF8-0104'"
  },
  {
    "'SBO+AF8-2728'": "'SBO+AF8-1316'",
    "'SBO+AF8-1972'": "'SBO+AF8-2190'",
    "'SBO+AF8-0374'": "'SBO+AF8-0103'"
  },
  {
    "'SBO+AF8-2728'": "'SBO+AF8-1316'",
    "'SBO+AF8-1972'": "'SBO+AF8-1160'",
    "'SBO+AF8-0374'": "'SBO+AF8-3434'"
  },
  {
    "'SBO+AF8-2728'": "'SBO+AF8-1316'",
    "'SBO+AF8-1972'": "'SBO+AF8-1160'",
    "'SBO+AF8-0374'": "'SBO+AF8-2268'"
  },
  {
    "'SBO+AF8-2728'": "'SBO+AF8-1316'",
    "'SBO+AF8-1972'": "'SBO+AF8-3047'",
    "'SBO+AF8-0374'": "'SBO+AF8-3434'"
  },
  {
    "'SBO+AF8-2728'": "'SBO+AF8-1316'",
    "'SBO+AF8-1972'": "'SBO+AF8-3434'",
    "'SBO+AF8-0374'": "'SBO+AF8-0654'"
  },
  {
    "'SBO+AF8-2728'": "'SBO+AF8-1316'",
    "'SBO+AF8-1972'": "'SBO+AF8-2268'",
    "'SBO+AF8-0374'": "'SBO+AF8-4053'"
  },
  {
    "'SBO+AF8-2728'": "'SBO+AF8-1316'",
    "'SBO+AF8-1972'": "'SBO+AF8-2268'",
    "'SBO+AF8-0374'": "'SBO+AF8-0654'"
  },
  {
    "'SBO+AF8-2728'": "'SBO+AF8-1158'",
    "'SBO+AF8-1972'": "'SBO+AF8-2660'",
    "'SBO+AF8-0374'": "'SBO+AF8-1328'"
  },
  {
    "'SBO+AF8-2728'": "'SBO+AF8-1158'",
    "'SBO+AF8-1972'": "'SBO+AF8-2660'",
    "'SBO+AF8-0374'": "'SBO+AF8-3080'"
  },
  {
    "'SBO+AF8-2728'": "'SBO+AF8-1158'",
    "'SBO+AF8-1972'": "'SBO+AF8-2660'",
    "'SBO+AF8-0374'": "'SBO+AF8-4451'"
  },
  {
    "'SBO+AF8-2728'": "'SBO+AF8-1159'",
    "'SBO+AF8-1972'": "'SBO+AF8-2660'",
    "'SBO+AF8-0374'": "'SBO+AF8-1328'"
  },
  {
    "'SBO+AF8-2728'": "'SBO+AF8-1159'",
    "'SBO+AF8-1972'": "'SBO+AF8-2660'",
    "'SBO+AF8-0374'": "'SBO+AF8-3080'"
  },
  {
    "'SBO+AF8-2728'": "'SBO+AF8-1159'",
    "'SBO+AF8-1972'": "'SBO+AF8-2660'",
    "'SBO+AF8-0374'": "'SBO+AF8-4451'"
  },
  {
    "'SBO+AF8-2728'": "'SBO+AF8-2660'",
    "'SBO+AF8-1972'": "'SBO+AF8-3080'",
    "'SBO+AF8-0374'": "'SBO+AF8-3936'"
  },
  {
    "'SBO+AF8-2728'": "'SBO+AF8-2660'",
    "'SBO+AF8-1972'": "'SBO+AF8-4451'",
    "'SBO+AF8-0374'": "'SBO+AF8-3936'"
  },
  {
    "'SBO+AF8-2728'": "'SBO+AF8-3068'",
    "'SBO+AF8-1972'": "'SBO+AF8-3373'",
    "'SBO+AF8-0374'": "'SBO+AF8-0009'"
  },
  {
    "'SBO+AF8-2728'": "'SBO+AF8-2190'",
    "'SBO+AF8-1972'": "'SBO+AF8-0104'",
    "'SBO+AF8-0374'": "'SBO+AF8-3067'"
  },
  {
    "'SBO+AF8-2728'": "'SBO+AF8-2190'",
    "'SBO+AF8-1972'": "'SBO+AF8-0103'",
    "'SBO+AF8-0374'": "'SBO+AF8-3067'"
  },
  {
    "'SBO+AF8-2728'": "'SBO+AF8-1160'",
    "'SBO+AF8-1972'": "'SBO+AF8-3434'",
    "'SBO+AF8-0374'": "'SBO+AF8-3067'"
  },
  {
    "'SBO+AF8-2728'": "'SBO+AF8-1160'",
    "'SBO+AF8-1972'": "'SBO+AF8-3434'",
    "'SBO+AF8-0374'": "'SBO+AF8-3373'"
  },
  {
    "'SBO+AF8-2728'": "'SBO+AF8-1160'",
    "'SBO+AF8-1972'": "'SBO+AF8-2268'",
    "'SBO+AF8-0374'": "'SBO+AF8-3067'"
  },
  {
    "'SBO+AF8-2728'": "'SBO+AF8-3047'",
    "'SBO+AF8-1972'": "'SBO+AF8-3434'",
    "'SBO+AF8-0374'": "'SBO+AF8-3067'"
  },
  {
    "'SBO+AF8-2728'": "'SBO+AF8-3087'",
    "'SBO+AF8-1972'": "'SBO+AF8-0414'",
    "'SBO+AF8-0374'": "'SBO+AF8-3080'"
  },
  {
    "'SBO+AF8-2728'": "'SBO+AF8-3087'",
    "'SBO+AF8-1972'": "'SBO+AF8-0414'",
    "'SBO+AF8-0374'": "'SBO+AF8-4451'"
  },
  {
    "'SBO+AF8-2728'": "'SBO+AF8-3089'",
    "'SBO+AF8-1972'": "'SBO+AF8-0414'",
    "'SBO+AF8-0374'": "'SBO+AF8-3080'"
  },
  {
    "'SBO+AF8-2728'": "'SBO+AF8-3089'",
    "'SBO+AF8-1972'": "'SBO+AF8-0414'",
    "'SBO+AF8-0374'": "'SBO+AF8-4451'"
  },
  {
    "'SBO+AF8-2728'": "'SBO+AF8-3088'",
    "'SBO+AF8-1972'": "'SBO+AF8-0414'",
    "'SBO+AF8-0374'": "'SBO+AF8-3080'"
  },
  {
    "'SBO+AF8-2728'": "'SBO+AF8-3088'",
    "'SBO+AF8-1972'": "'SBO+AF8-0414'",
    "'SBO+AF8-0374'": "'SBO+AF8-4451'"
  },
  {
    "'SBO+AF8-2728'": "'SBO+AF8-3434'",
    "'SBO+AF8-1972'": "'SBO+AF8-3067'",
    "'SBO+AF8-0374'": "'SBO+AF8-0654'"
  },
  {
    "'SBO+AF8-2728'": "'SBO+AF8-3434'",
    "'SBO+AF8-1972'": "'SBO+AF8-0654'",
    "'SBO+AF8-0374'": "'SBO+AF8-3373'"
  },
  {
    "'SBO+AF8-2728'": "'SBO+AF8-3498'",
    "'SBO+AF8-1972'": "'SBO+AF8-2059'",
    "'SBO+AF8-0374'": "'SBO+AF8-4208'"
  },
  {
    "'SBO+AF8-2728'": "'SBO+AF8-3498'",
    "'SBO+AF8-1972'": "'SBO+AF8-2060'",
    "'SBO+AF8-0374'": "'SBO+AF8-4208'"
  },
  {
    "'SBO+AF8-2728'": "'SBO+AF8-1817'",
    "'SBO+AF8-1972'": "'SBO+AF8-3861'",
    "'SBO+AF8-0374'": "'SBO+AF8-3761'"
  },
  {
    "'SBO+AF8-2728'": "'SBO+AF8-1817'",
    "'SBO+AF8-1972'": "'SBO+AF8-3761'",
    "'SBO+AF8-0374'": "'SBO+AF8-3283'"
  },
  {
    "'SBO+AF8-2728'": "'SBO+AF8-1817'",
    "'SBO+AF8-1972'": "'SBO+AF8-3761'",
    "'SBO+AF8-0374'": "'SBO+AF8-1771'"
  },
  {
    "'SBO+AF8-2728'": "'SBO+AF8-0664'",
    "'SBO+AF8-1972'": "'SBO+AF8-3153'",
    "'SBO+AF8-0374'": "'SBO+AF8-3936'"
  },
  {
    "'SBO+AF8-2728'": "'SBO+AF8-0664'",
    "'SBO+AF8-1972'": "'SBO+AF8-2097'",
    "'SBO+AF8-0374'": "'SBO+AF8-0009'"
  },
  {
    "'SBO+AF8-2728'": "'SBO+AF8-0664'",
    "'SBO+AF8-1972'": "'SBO+AF8-2097'",
    "'SBO+AF8-0374'": "'SBO+AF8-3936'"
  },
  {
    "'SBO+AF8-2728'": "'SBO+AF8-0664'",
    "'SBO+AF8-1972'": "'SBO+AF8-0414'",
    "'SBO+AF8-0374'": "'SBO+AF8-0009'"
  },
  {
    "'SBO+AF8-2728'": "'SBO+AF8-0664'",
    "'SBO+AF8-1972'": "'SBO+AF8-0414'",
    "'SBO+AF8-0374'": "'SBO+AF8-3936'"
  },
  {
    "'SBO+AF8-2728'": "'SBO+AF8-0664'",
    "'SBO+AF8-1972'": "'SBO+AF8-1952'",
    "'SBO+AF8-0374'": "'SBO+AF8-0009'"
  },
  {
    "'SBO+AF8-2728'": "'SBO+AF8-0664'",
    "'SBO+AF8-1972'": "'SBO+AF8-1952'",
    "'SBO+AF8-0374'": "'SBO+AF8-3936'"
  },
  {
    "'SBO+AF8-2728'": "'SBO+AF8-0664'",
    "'SBO+AF8-1972'": "'SBO+AF8-2313'",
    "'SBO+AF8-0374'": "'SBO+AF8-0009'"
  },
  {
    "'SBO+AF8-2728'": "'SBO+AF8-0664'",
    "'SBO+AF8-1972'": "'SBO+AF8-2313'",
    "'SBO+AF8-0374'": "'SBO+AF8-3936'"
  },
  {
    "'SBO+AF8-2728'": "'SBO+AF8-0664'",
    "'SBO+AF8-1972'": "'SBO+AF8-2315'",
    "'SBO+AF8-0374'": "'SBO+AF8-0009'"
  },
  {
    "'SBO+AF8-2728'": "'SBO+AF8-0664'",
    "'SBO+AF8-1972'": "'SBO+AF8-2315'",
    "'SBO+AF8-0374'": "'SBO+AF8-3936'"
  },
  {
    "'SBO+AF8-2728'": "'SBO+AF8-0664'",
    "'SBO+AF8-1972'": "'SBO+AF8-2319'",
    "'SBO+AF8-0374'": "'SBO+AF8-0009'"
  },
  {
    "'SBO+AF8-2728'": "'SBO+AF8-0664'",
    "'SBO+AF8-1972'": "'SBO+AF8-2319'",
    "'SBO+AF8-0374'": "'SBO+AF8-3936'"
  },
  {
    "'SBO+AF8-2728'": "'SBO+AF8-0664'",
    "'SBO+AF8-1972'": "'SBO+AF8-2310'",
    "'SBO+AF8-0374'": "'SBO+AF8-0009'"
  },
  {
    "'SBO+AF8-2728'": "'SBO+AF8-0664'",
    "'SBO+AF8-1972'": "'SBO+AF8-2310'",
    "'SBO+AF8-0374'": "'SBO+AF8-3936'"
  },
  {
    "'SBO+AF8-2728'": "'SBO+AF8-0664'",
    "'SBO+AF8-1972'": "'SBO+AF8-2311'",
    "'SBO+AF8-0374'": "'SBO+AF8-0009'"
  },
  {
    "'SBO+AF8-2728'": "'SBO+AF8-0664'",
    "'SBO+AF8-1972'": "'SBO+AF8-2311'",
    "'SBO+AF8-0374'": "'SBO+AF8-3936'"
  },
  {
    "'SBO+AF8-2728'": "'SBO+AF8-0664'",
    "'SBO+AF8-1972'": "'SBO+AF8-2321'",
    "'SBO+AF8-0374'": "'SBO+AF8-0009'"
  },
  {
    "'SBO+AF8-2728'": "'SBO+AF8-0664'",
    "'SBO+AF8-1972'": "'SBO+AF8-2321'",
    "'SBO+AF8-0374'": "'SBO+AF8-3936'"
  },
  {
    "'SBO+AF8-2728'": "'SBO+AF8-0664'",
    "'SBO+AF8-1972'": "'SBO+AF8-2317'",
    "'SBO+AF8-0374'": "'SBO+AF8-0009'"
  },
  {
    "'SBO+AF8-2728'": "'SBO+AF8-0664'",
    "'SBO+AF8-1972'": "'SBO+AF8-2317'",
    "'SBO+AF8-0374'": "'SBO+AF8-3936'"
  },
  {
    "'SBO+AF8-2728'": "'SBO+AF8-0664'",
    "'SBO+AF8-1972'": "'SBO+AF8-2314'",
    "'SBO+AF8-0374'": "'SBO+AF8-0009'"
  },
  {
    "'SBO+AF8-2728'": "'SBO+AF8-0664'",
    "'SBO+AF8-1972'": "'SBO+AF8-2314'",
    "'SBO+AF8-0374'": "'SBO+AF8-3936'"
  },
  {
    "'SBO+AF8-2728'": "'SBO+AF8-0664'",
    "'SBO+AF8-1972'": "'SBO+AF8-2316'",
    "'SBO+AF8-0374'": "'SBO+AF8-0009'"
  },
  {
    "'SBO+AF8-2728'": "'SBO+AF8-0664'",
    "'SBO+AF8-1972'": "'SBO+AF8-2316'",
    "'SBO+AF8-0374'": "'SBO+AF8-3936'"
  },
  {
    "'SBO+AF8-2728'": "'SBO+AF8-0664'",
    "'SBO+AF8-1972'": "'SBO+AF8-2318'",
    "'SBO+AF8-0374'": "'SBO+AF8-0009'"
  },
  {
    "'SBO+AF8-2728'": "'SBO+AF8-0664'",
    "'SBO+AF8-1972'": "'SBO+AF8-2318'",
    "'SBO+AF8-0374'": "'SBO+AF8-3936'"
  },
  {
    "'SBO+AF8-2728'": "'SBO+AF8-0664'",
    "'SBO+AF8-1972'": "'SBO+AF8-2312'",
    "'SBO+AF8-0374'": "'SBO+AF8-0009'"
  },
  {
    "'SBO+AF8-2728'": "'SBO+AF8-0664'",
    "'SBO+AF8-1972'": "'SBO+AF8-2312'",
    "'SBO+AF8-0374'": "'SBO+AF8-3936'"
  },
  {
    "'SBO+AF8-2728'": "'SBO+AF8-0664'",
    "'SBO+AF8-1972'": "'SBO+AF8-2309'",
    "'SBO+AF8-0374'": "'SBO+AF8-0009'"
  },
  {
    "'SBO+AF8-2728'": "'SBO+AF8-0664'",
    "'SBO+AF8-1972'": "'SBO+AF8-2309'",
    "'SBO+AF8-0374'": "'SBO+AF8-3936'"
  },
  {
    "'SBO+AF8-2728'": "'SBO+AF8-0664'",
    "'SBO+AF8-1972'": "'SBO+AF8-2320'",
    "'SBO+AF8-0374'": "'SBO+AF8-0009'"
  },
  {
    "'SBO+AF8-2728'": "'SBO+AF8-0664'",
    "'SBO+AF8-1972'": "'SBO+AF8-2320'",
    "'SBO+AF8-0374'": "'SBO+AF8-3936'"
  },
  {
    "'SBO+AF8-2728'": "'SBO+AF8-0664'",
    "'SBO+AF8-1972'": "'SBO+AF8-2886'",
    "'SBO+AF8-0374'": "'SBO+AF8-3936'"
  },
  {
    "'SBO+AF8-2728'": "'SBO+AF8-0664'",
    "'SBO+AF8-1972'": "'SBO+AF8-1533'",
    "'SBO+AF8-0374'": "'SBO+AF8-0009'"
  },
  {
    "'SBO+AF8-2728'": "'SBO+AF8-0664'",
    "'SBO+AF8-1972'": "'SBO+AF8-1534'",
    "'SBO+AF8-0374'": "'SBO+AF8-0009'"
  },
  {
    "'SBO+AF8-2728'": "'SBO+AF8-0664'",
    "'SBO+AF8-1972'": "'SBO+AF8-3849'",
    "'SBO+AF8-0374'": "'SBO+AF8-0009'"
  },
  {
    "'SBO+AF8-2728'": "'SBO+AF8-0664'",
    "'SBO+AF8-1972'": "'SBO+AF8-0104'",
    "'SBO+AF8-0374'": "'SBO+AF8-0009'"
  },
  {
    "'SBO+AF8-2728'": "'SBO+AF8-0664'",
    "'SBO+AF8-1972'": "'SBO+AF8-0103'",
    "'SBO+AF8-0374'": "'SBO+AF8-0009'"
  },
  {
    "'SBO+AF8-2728'": "'SBO+AF8-0664'",
    "'SBO+AF8-1972'": "'SBO+AF8-1496'",
    "'SBO+AF8-0374'": "'SBO+AF8-0009'"
  },
  {
    "'SBO+AF8-2728'": "'SBO+AF8-0664'",
    "'SBO+AF8-1972'": "'SBO+AF8-3080'",
    "'SBO+AF8-0374'": "'SBO+AF8-0009'"
  },
  {
    "'SBO+AF8-2728'": "'SBO+AF8-0664'",
    "'SBO+AF8-1972'": "'SBO+AF8-4053'",
    "'SBO+AF8-0374'": "'SBO+AF8-0009'"
  },
  {
    "'SBO+AF8-2728'": "'SBO+AF8-0664'",
    "'SBO+AF8-1972'": "'SBO+AF8-3067'",
    "'SBO+AF8-0374'": "'SBO+AF8-0009'"
  },
  {
    "'SBO+AF8-2728'": "'SBO+AF8-0664'",
    "'SBO+AF8-1972'": "'SBO+AF8-0654'",
    "'SBO+AF8-0374'": "'SBO+AF8-0009'"
  },
  {
    "'SBO+AF8-2728'": "'SBO+AF8-0664'",
    "'SBO+AF8-1972'": "'SBO+AF8-3491'",
    "'SBO+AF8-0374'": "'SBO+AF8-0009'"
  },
  {
    "'SBO+AF8-2728'": "'SBO+AF8-0664'",
    "'SBO+AF8-1972'": "'SBO+AF8-2522'",
    "'SBO+AF8-0374'": "'SBO+AF8-0009'"
  },
  {
    "'SBO+AF8-2728'": "'SBO+AF8-0664'",
    "'SBO+AF8-1972'": "'SBO+AF8-1860'",
    "'SBO+AF8-0374'": "'SBO+AF8-0009'"
  },
  {
    "'SBO+AF8-2728'": "'SBO+AF8-0664'",
    "'SBO+AF8-1972'": "'SBO+AF8-4451'",
    "'SBO+AF8-0374'": "'SBO+AF8-0009'"
  },
  {
    "'SBO+AF8-2728'": "'SBO+AF8-0664'",
    "'SBO+AF8-1972'": "'SBO+AF8-3373'",
    "'SBO+AF8-0374'": "'SBO+AF8-0009'"
  },
  {
    "'SBO+AF8-2728'": "'SBO+AF8-3383'",
    "'SBO+AF8-1972'": "'SBO+AF8-0138'",
    "'SBO+AF8-0374'": "'SBO+AF8-2543'"
  },
  {
    "'SBO+AF8-2728'": "'SBO+AF8-2268'",
    "'SBO+AF8-1972'": "'SBO+AF8-4053'",
    "'SBO+AF8-0374'": "'SBO+AF8-3067'"
  },
  {
    "'SBO+AF8-2728'": "'SBO+AF8-2268'",
    "'SBO+AF8-1972'": "'SBO+AF8-3067'",
    "'SBO+AF8-0374'": "'SBO+AF8-0654'"
  },
  {
    "'SBO+AF8-2728'": "'SBO+AF8-3934'",
    "'SBO+AF8-1972'": "'SBO+AF8-0620'",
    "'SBO+AF8-0374'": "'SBO+AF8-2450'"
  },
  {
    "'SBO+AF8-2728'": "'SBO+AF8-3934'",
    "'SBO+AF8-1972'": "'SBO+AF8-0618'",
    "'SBO+AF8-0374'": "'SBO+AF8-2450'"
  },
  {
    "'SBO+AF8-2728'": "'SBO+AF8-3934'",
    "'SBO+AF8-1972'": "'SBO+AF8-2450'",
    "'SBO+AF8-0374'": "'SBO+AF8-0619'"
  },
  {
    "'SBO+AF8-2728'": "'SBO+AF8-0414'",
    "'SBO+AF8-1972'": "'SBO+AF8-2188'",
    "'SBO+AF8-0374'": "'SBO+AF8-3970'"
  },
  {
    "'SBO+AF8-2728'": "'SBO+AF8-0414'",
    "'SBO+AF8-1972'": "'SBO+AF8-2188'",
    "'SBO+AF8-0374'": "'SBO+AF8-3971'"
  },
  {
    "'SBO+AF8-2728'": "'SBO+AF8-2188'",
    "'SBO+AF8-1972'": "'SBO+AF8-3970'",
    "'SBO+AF8-0374'": "'SBO+AF8-3402'"
  },
  {
    "'SBO+AF8-2728'": "'SBO+AF8-2188'",
    "'SBO+AF8-1972'": "'SBO+AF8-3971'",
    "'SBO+AF8-0374'": "'SBO+AF8-3402'"
  },
  {
    "'SBO+AF8-2728'": "'SBO+AF8-1786'",
    "'SBO+AF8-1972'": "'SBO+AF8-0737'",
    "'SBO+AF8-0374'": "'SBO+AF8-2913'"
  },
  {
    "'SBO+AF8-2728'": "'SBO+AF8-3933'",
    "'SBO+AF8-1972'": "'SBO+AF8-3373'",
    "'SBO+AF8-0374'": "'SBO+AF8-0009'"
  },
  {
    "'SBO+AF8-2728'": "'SBO+AF8-4445'",
    "'SBO+AF8-1972'": "'SBO+AF8-3367'",
    "'SBO+AF8-0374'": "'SBO+AF8-1860'"
  },
  {
    "'SBO+AF8-2728'": "'SBO+AF8-2059'",
    "'SBO+AF8-1972'": "'SBO+AF8-2842'",
    "'SBO+AF8-0374'": "'SBO+AF8-4208'"
  },
  {
    "'SBO+AF8-2728'": "'SBO+AF8-2059'",
    "'SBO+AF8-1972'": "'SBO+AF8-2841'",
    "'SBO+AF8-0374'": "'SBO+AF8-4208'"
  },
  {
    "'SBO+AF8-2728'": "'SBO+AF8-2060'",
    "'SBO+AF8-1972'": "'SBO+AF8-2842'",
    "'SBO+AF8-0374'": "'SBO+AF8-4208'"
  },
  {
    "'SBO+AF8-2728'": "'SBO+AF8-2060'",
    "'SBO+AF8-1972'": "'SBO+AF8-2841'",
    "'SBO+AF8-0374'": "'SBO+AF8-4208'"
  },
  {
    "'SBO+AF8-2728'": "'SBO+AF8-2842'",
    "'SBO+AF8-1972'": "'SBO+AF8-4208'",
    "'SBO+AF8-0374'": "'SBO+AF8-0821'"
  },
  {
    "'SBO+AF8-2728'": "'SBO+AF8-2841'",
    "'SBO+AF8-1972'": "'SBO+AF8-4208'",
    "'SBO+AF8-0374'": "'SBO+AF8-0821'"
  }
]