[
  {
    "'ECSE_0179'": "'ECSE_1157'"
  },
  {
    "'ECSE_0179'": "'ECSE_2632'"
  },
  {
    "'ECSE_0179'": "'ECSE_0004'"
  },
  {
    "'ECSE_0179'": "'ECSE_0160'"
  },
  {
    "'ECSE_0179'": "'ECSE_1158'"
  },
  {
    "'ECSE_0179'": "'s0001'"
  },
  {
    "'ECSE_0179'": "'ECSE_3536'"
  },
  {
    "'ECSE_0179'": "'ECSE_0184'"
  },
  {
    "'ECSE_0179'": "'ECSE_3537'"
  },
  {
    "'ECSE_0179'": "'ECSE_2625'"
  },
  {
    "'ECSE_0179'": "'ECSE_4252'"
  },
  {
    "'ECSE_0179'": "'ECSE_3075'"
  },
  {
    "'ECSE_0179'": "'ECSE_1155'"
  },
  {
    "'ECSE_0179'": "'ECSE_4250'"
  },
  {
    "'ECSE_0179'": "'ECSE_3483'"
  },
  {
    "'ECSE_0179'": "'ECSE_3484'"
  },
  {
    "'ECSE_0179'": "'ECSE_4568'"
  },
  {
    "'ECSE_0179'": "'ECSE_3485'"
  },
  {
    "'ECSE_0179'": "'ECSE_4567'"
  },
  {
    "'ECSE_0179'": "'ECSE_3621'"
  },
  {
    "'ECSE_0179'": "'ECSE_1160'"
  },
  {
    "'ECSE_0179'": "'ECSE_1986'"
  },
  {
    "'ECSE_0179'": "'ECSE_3622'"
  },
  {
    "'ECSE_0179'": "'ECSE_3002'"
  },
  {
    "'ECSE_0179'": "'ECSE_1197'"
  },
  {
    "'ECSE_0179'": "'ECSE_4474'"
  },
  {
    "'ECSE_0179'": "'ECSE_3301'"
  },
  {
    "'ECSE_0179'": "'ECSE_4251'"
  },
  {
    "'ECSE_0179'": "'ECSE_4295'"
  },
  {
    "'ECSE_0179'": "'ECSE_0547'"
  },
  {
    "'ECSE_0179'": "'ECSE_0548'"
  },
  {
    "'ECSE_0179'": "'ECSE_0827'"
  },
  {
    "'ECSE_0179'": "'ECSE_4282'"
  },
  {
    "'ECSE_0179'": "'ECSE_1312'"
  },
  {
    "'ECSE_0179'": "'ECSE_1313'"
  },
  {
    "'ECSE_0179'": "'ECSE_0829'"
  },
  {
    "'ECSE_0179'": "'ECSE_0436'"
  },
  {
    "'ECSE_0179'": "'ECSE_4253'"
  },
  {
    "'ECSE_0179'": "'ECSE_3457'"
  },
  {
    "'ECSE_0179'": "'ECSE_3702'"
  },
  {
    "'ECSE_0179'": "'ECSE_0131'"
  },
  {
    "'ECSE_0179'": "'ECSE_4552'"
  },
  {
    "'ECSE_0179'": "'ECSE_2862'"
  },
  {
    "'ECSE_0179'": "'ECSE_0987'"
  },
  {
    "'ECSE_0179'": "'ECSE_2293'"
  },
  {
    "'ECSE_0179'": "'ECSE_0885'"
  },
  {
    "'ECSE_0179'": "'ECSE_4138'"
  },
  {
    "'ECSE_0179'": "'ECSE_4520'"
  },
  {
    "'ECSE_0179'": "'ECSE_0828'"
  },
  {
    "'ECSE_0179'": "'ECSE_3480'"
  },
  {
    "'ECSE_0179'": "'ECSE_3320'"
  },
  {
    "'ECSE_0179'": "'ECSE_1258'"
  },
  {
    "'ECSE_0179'": "'ECSE_2884'"
  },
  {
    "'ECSE_0179'": "'ECSE_2883'"
  },
  {
    "'ECSE_0179'": "'ECSE_2638'"
  },
  {
    "'ECSE_0179'": "'ECSE_4331'"
  },
  {
    "'ECSE_0179'": "'ECSE_0973'"
  },
  {
    "'ECSE_0179'": "'ECSE_0837'"
  },
  {
    "'ECSE_0179'": "'ECSE_0835'"
  },
  {
    "'ECSE_0179'": "'ECSE_0780'"
  },
  {
    "'ECSE_0179'": "'ECSE_3038'"
  },
  {
    "'ECSE_0179'": "'ECSE_3095'"
  },
  {
    "'ECSE_0179'": "'ECSE_4096'"
  },
  {
    "'ECSE_0179'": "'ECSE_0174'"
  },
  {
    "'ECSE_0179'": "'ECSE_3322'"
  },
  {
    "'ECSE_0179'": "'ECSE_0831'"
  },
  {
    "'ECSE_0179'": "'ECSE_3930'"
  },
  {
    "'ECSE_0179'": "'ECSE_4054'"
  },
  {
    "'ECSE_0179'": "'ECSE_0029'"
  },
  {
    "'ECSE_0179'": "'ECSE_2762'"
  },
  {
    "'ECSE_0179'": "'ECSE_2624'"
  },
  {
    "'ECSE_0179'": "'ECSE_3338'"
  },
  {
    "'ECSE_0179'": "'ECSE_1125'"
  },
  {
    "'ECSE_0179'": "'ECSE_3461'"
  },
  {
    "'ECSE_0179'": "'ECSE_3650'"
  },
  {
    "'ECSE_0179'": "'ECSE_1816'"
  },
  {
    "'ECSE_0179'": "'ECSE_0443'"
  },
  {
    "'ECSE_0179'": "'ECSE_0027'"
  },
  {
    "'ECSE_0179'": "'ECSE_0104'"
  },
  {
    "'ECSE_0179'": "'ECSE_4057'"
  },
  {
    "'ECSE_0179'": "'ECSE_1162'"
  },
  {
    "'ECSE_0179'": "'ECSE_0172'"
  },
  {
    "'ECSE_0179'": "'ECSE_0442'"
  },
  {
    "'ECSE_0179'": "'ECSE_1340'"
  },
  {
    "'ECSE_0179'": "'ECSE_3020'"
  },
  {
    "'ECSE_0179'": "'ECSE_3019'"
  },
  {
    "'ECSE_0179'": "'ECSE_0500'"
  },
  {
    "'ECSE_0179'": "'ECSE_0023'"
  },
  {
    "'ECSE_0179'": "'ECSE_4020'"
  },
  {
    "'ECSE_0179'": "'ECSE_0155'"
  },
  {
    "'ECSE_0179'": "'ECSE_3890'"
  },
  {
    "'ECSE_0179'": "'ECSE_1498'"
  },
  {
    "'ECSE_0179'": "'ECSE_4019'"
  },
  {
    "'ECSE_0179'": "'ECSE_2621'"
  },
  {
    "'ECSE_0179'": "'ECSE_4262'"
  },
  {
    "'ECSE_0179'": "'ECSE_1260'"
  },
  {
    "'ECSE_0179'": "'ECSE_2693'"
  },
  {
    "'ECSE_0179'": "'ECSE_2793'"
  },
  {
    "'ECSE_0179'": "'ECSE_2420'"
  },
  {
    "'ECSE_0179'": "'ECSE_1327'"
  },
  {
    "'ECSE_0179'": "'ECSE_4332'"
  },
  {
    "'ECSE_0179'": "'ECSE_2294'"
  },
  {
    "'ECSE_0179'": "'ECSE_2296'"
  },
  {
    "'ECSE_0179'": "'ECSE_4086'"
  },
  {
    "'ECSE_0179'": "'ECSE_2372'"
  },
  {
    "'ECSE_0179'": "'ECSE_0142'"
  },
  {
    "'ECSE_0179'": "'ECSE_0003'"
  },
  {
    "'ECSE_0179'": "'ECSE_4298'"
  },
  {
    "'ECSE_0179'": "'ECSE_2295'"
  },
  {
    "'ECSE_0179'": "'ECSE_2816'"
  },
  {
    "'ECSE_0179'": "'ECSE_4088'"
  },
  {
    "'ECSE_0179'": "'ECSE_1202'"
  },
  {
    "'ECSE_0179'": "'ECSE_2297'"
  },
  {
    "'ECSE_0179'": "'ECSE_2299'"
  },
  {
    "'ECSE_0179'": "'ECSE_1311'"
  },
  {
    "'ECSE_0179'": "'ECSE_4053'"
  },
  {
    "'ECSE_0179'": "'ECSE_0073'"
  },
  {
    "'ECSE_0179'": "'ECSE_0072'"
  },
  {
    "'ECSE_0179'": "'ECSE_0071'"
  },
  {
    "'ECSE_0179'": "'ECSE_0074'"
  },
  {
    "'ECSE_0179'": "'ECSE_0977'"
  },
  {
    "'ECSE_0179'": "'ECSE_3482'"
  },
  {
    "'ECSE_0179'": "'ECSE_1265'"
  },
  {
    "'ECSE_0179'": "'ECSE_0181'"
  },
  {
    "'ECSE_0179'": "'ECSE_0830'"
  },
  {
    "'ECSE_0179'": "'ECSE_1156'"
  },
  {
    "'ECSE_0179'": "'ECSE_2801'"
  },
  {
    "'ECSE_0179'": "'ECSE_2998'"
  },
  {
    "'ECSE_0179'": "'ECSE_2999'"
  },
  {
    "'ECSE_0179'": "'ECSE_3210'"
  },
  {
    "'ECSE_0179'": "'ECSE_0838'"
  },
  {
    "'ECSE_0179'": "'ECSE_3913'"
  },
  {
    "'ECSE_0179'": "'ECSE_0134'"
  },
  {
    "'ECSE_0179'": "'ECSE_0009'"
  },
  {
    "'ECSE_0179'": "'ECSE_1132'"
  },
  {
    "'ECSE_0179'": "'ECSE_0839'"
  },
  {
    "'ECSE_0179'": "'ECSE_0884'"
  },
  {
    "'ECSE_0179'": "'ECSE_4235'"
  },
  {
    "'ECSE_0179'": "'ECSE_2898'"
  },
  {
    "'ECSE_0179'": "'ECSE_1910'"
  },
  {
    "'ECSE_0179'": "'ECSE_0708'"
  },
  {
    "'ECSE_0179'": "'ECSE_0109'"
  },
  {
    "'ECSE_0179'": "'ECSE_4560'"
  },
  {
    "'ECSE_0179'": "'ECSE_3471'"
  },
  {
    "'ECSE_0179'": "'ECSE_0966'"
  },
  {
    "'ECSE_0179'": "'ECSE_1332'"
  },
  {
    "'ECSE_0179'": "'ECSE_2620'"
  },
  {
    "'ECSE_0179'": "'ECSE_4129'"
  },
  {
    "'ECSE_0179'": "'ECSE_3922'"
  },
  {
    "'ECSE_0179'": "'ECSE_0407'"
  },
  {
    "'ECSE_0179'": "'ECSE_0133'"
  },
  {
    "'ECSE_0179'": "'ECSE_0089'"
  },
  {
    "'ECSE_0179'": "'ECSE_3018'"
  },
  {
    "'ECSE_0179'": "'ECSE_2852'"
  },
  {
    "'ECSE_0179'": "'ECSE_0053'"
  },
  {
    "'ECSE_0179'": "'ECSE_2629'"
  },
  {
    "'ECSE_0179'": "'ECSE_3460'"
  },
  {
    "'ECSE_0179'": "'ECSE_3679'"
  },
  {
    "'ECSE_0179'": "'ECSE_4265'"
  },
  {
    "'ECSE_0179'": "'ECSE_0391'"
  },
  {
    "'ECSE_0179'": "'ECSE_3919'"
  },
  {
    "'ECSE_0179'": "'ECSE_4136'"
  },
  {
    "'ECSE_0179'": "'ECSE_4294'"
  },
  {
    "'ECSE_0179'": "'ECSE_2785'"
  },
  {
    "'ECSE_0179'": "'ECSE_2300'"
  },
  {
    "'ECSE_0179'": "'ECSE_2760'"
  },
  {
    "'ECSE_0179'": "'ECSE_2845'"
  },
  {
    "'ECSE_0179'": "'ECSE_2298'"
  },
  {
    "'ECSE_0179'": "'ECSE_0967'"
  },
  {
    "'ECSE_0179'": "'ECSE_4460'"
  },
  {
    "'ECSE_0179'": "'ECSE_2874'"
  },
  {
    "'ECSE_0179'": "'ECSE_3914'"
  },
  {
    "'ECSE_0179'": "'ECSE_0803'"
  },
  {
    "'ECSE_0179'": "'ECSE_1786'"
  },
  {
    "'ECSE_0179'": "'ECSE_0437'"
  },
  {
    "'ECSE_0179'": "'ECSE_2940'"
  },
  {
    "'ECSE_0179'": "'ECSE_3003'"
  },
  {
    "'ECSE_0179'": "'ECSE_3004'"
  },
  {
    "'ECSE_0179'": "'ECSE_2753'"
  },
  {
    "'ECSE_0179'": "'ECSE_3889'"
  },
  {
    "'ECSE_0179'": "'ECSE_3630'"
  },
  {
    "'ECSE_0179'": "'ECSE_4233'"
  },
  {
    "'ECSE_0179'": "'ECSE_0974'"
  },
  {
    "'ECSE_0179'": "'ECSE_0165'"
  },
  {
    "'ECSE_0179'": "'ECSE_0445'"
  },
  {
    "'ECSE_0179'": "'ECSE_4277'"
  },
  {
    "'ECSE_0179'": "'ECSE_4279'"
  },
  {
    "'ECSE_0179'": "'ECSE_4280'"
  },
  {
    "'ECSE_0179'": "'ECSE_2746'"
  },
  {
    "'ECSE_0179'": "'ECSE_3084'"
  },
  {
    "'ECSE_0179'": "'ECSE_0439'"
  },
  {
    "'ECSE_0179'": "'ECSE_4281'"
  },
  {
    "'ECSE_0179'": "'ECSE_1310'"
  },
  {
    "'ECSE_0179'": "'ECSE_1309'"
  },
  {
    "'ECSE_0179'": "'ECSE_4278'"
  },
  {
    "'ECSE_0179'": "'ECSE_0178'"
  },
  {
    "'ECSE_0179'": "'ECSE_0087'"
  },
  {
    "'ECSE_0179'": "'ECSE_0180'"
  },
  {
    "'ECSE_0179'": "'ECSE_3473'"
  },
  {
    "'ECSE_0179'": "'ECSE_0092'"
  },
  {
    "'ECSE_0179'": "'ECSE_0090'"
  },
  {
    "'ECSE_0179'": "'ECSE_0093'"
  },
  {
    "'ECSE_0179'": "'ECSE_4263'"
  },
  {
    "'ECSE_0179'": "'ECSE_0173'"
  },
  {
    "'ECSE_0179'": "'ECSE_0088'"
  },
  {
    "'ECSE_0179'": "'ECSE_0098'"
  },
  {
    "'ECSE_0179'": "'ECSE_4085'"
  },
  {
    "'ECSE_0179'": "'ECSE_4285'"
  },
  {
    "'ECSE_0179'": "'ECSE_0549'"
  }
]