[
  {
    "'ECSE_1015'": "'ECSE_4364'",
    "'ECSE_0242'": "'ECSE_0785'",
    "'ECSE_4109'": "'ECSE_0787'"
  },
  {
    "'ECSE_1015'": "'ECSE_4364'",
    "'ECSE_0242'": "'ECSE_0785'",
    "'ECSE_4109'": "'ECSE_0788'"
  },
  {
    "'ECSE_1015'": "'ECSE_4364'",
    "'ECSE_0242'": "'ECSE_0786'",
    "'ECSE_4109'": "'ECSE_0787'"
  },
  {
    "'ECSE_1015'": "'ECSE_4364'",
    "'ECSE_0242'": "'ECSE_0786'",
    "'ECSE_4109'": "'ECSE_0788'"
  },
  {
    "'ECSE_1015'": "'ECSE_4364'",
    "'ECSE_0242'": "'ECSE_0116'",
    "'ECSE_4109'": "'ECSE_0787'"
  },
  {
    "'ECSE_1015'": "'ECSE_4364'",
    "'ECSE_0242'": "'ECSE_0116'",
    "'ECSE_4109'": "'ECSE_0788'"
  },
  {
    "'ECSE_1015'": "'ECSE_0499'",
    "'ECSE_0242'": "'ECSE_4658'",
    "'ECSE_4109'": "'ECSE_3641'"
  },
  {
    "'ECSE_1015'": "'ECSE_0785'",
    "'ECSE_0242'": "'ECSE_3182'",
    "'ECSE_4109'": "'ECSE_0787'"
  },
  {
    "'ECSE_1015'": "'ECSE_0785'",
    "'ECSE_0242'": "'ECSE_3182'",
    "'ECSE_4109'": "'ECSE_0788'"
  },
  {
    "'ECSE_1015'": "'ECSE_0786'",
    "'ECSE_0242'": "'ECSE_3182'",
    "'ECSE_4109'": "'ECSE_0787'"
  },
  {
    "'ECSE_1015'": "'ECSE_0786'",
    "'ECSE_0242'": "'ECSE_3182'",
    "'ECSE_4109'": "'ECSE_0788'"
  },
  {
    "'ECSE_1015'": "'ECSE_0116'",
    "'ECSE_0242'": "'ECSE_2838'",
    "'ECSE_4109'": "'ECSE_0554'"
  },
  {
    "'ECSE_1015'": "'ECSE_0116'",
    "'ECSE_0242'": "'ECSE_0554'",
    "'ECSE_4109'": "'ECSE_3175'"
  },
  {
    "'ECSE_1015'": "'ECSE_0116'",
    "'ECSE_0242'": "'ECSE_0554'",
    "'ECSE_4109'": "'ECSE_4663'"
  },
  {
    "'ECSE_1015'": "'ECSE_0116'",
    "'ECSE_0242'": "'ECSE_3182'",
    "'ECSE_4109'": "'ECSE_0787'"
  },
  {
    "'ECSE_1015'": "'ECSE_0116'",
    "'ECSE_0242'": "'ECSE_3182'",
    "'ECSE_4109'": "'ECSE_0788'"
  },
  {
    "'ECSE_1015'": "'ECSE_0928'",
    "'ECSE_0242'": "'ECSE_2838'",
    "'ECSE_4109'": "'ECSE_3900'"
  },
  {
    "'ECSE_1015'": "'ECSE_0928'",
    "'ECSE_0242'": "'ECSE_2838'",
    "'ECSE_4109'": "'ECSE_3899'"
  },
  {
    "'ECSE_1015'": "'ECSE_2838'",
    "'ECSE_0242'": "'ECSE_3168'",
    "'ECSE_4109'": "'ECSE_0554'"
  },
  {
    "'ECSE_1015'": "'ECSE_2838'",
    "'ECSE_0242'": "'ECSE_3167'",
    "'ECSE_4109'": "'ECSE_0554'"
  },
  {
    "'ECSE_1015'": "'ECSE_2838'",
    "'ECSE_0242'": "'ECSE_3166'",
    "'ECSE_4109'": "'ECSE_0554'"
  },
  {
    "'ECSE_1015'": "'ECSE_2838'",
    "'ECSE_0242'": "'ECSE_4300'",
    "'ECSE_4109'": "'ECSE_4249'"
  },
  {
    "'ECSE_1015'": "'ECSE_2838'",
    "'ECSE_0242'": "'ECSE_4249'",
    "'ECSE_4109'": "'ECSE_0784'"
  },
  {
    "'ECSE_1015'": "'ECSE_2838'",
    "'ECSE_0242'": "'ECSE_4249'",
    "'ECSE_4109'": "'ECSE_0782'"
  },
  {
    "'ECSE_1015'": "'ECSE_2838'",
    "'ECSE_0242'": "'ECSE_4249'",
    "'ECSE_4109'": "'ECSE_0781'"
  },
  {
    "'ECSE_1015'": "'ECSE_2838'",
    "'ECSE_0242'": "'ECSE_4249'",
    "'ECSE_4109'": "'ECSE_0783'"
  },
  {
    "'ECSE_1015'": "'ECSE_2547'",
    "'ECSE_0242'": "'ECSE_2676'",
    "'ECSE_4109'": "'ECSE_3848'"
  },
  {
    "'ECSE_1015'": "'ECSE_4388'",
    "'ECSE_0242'": "'ECSE_3647'",
    "'ECSE_4109'": "'ECSE_3176'"
  },
  {
    "'ECSE_1015'": "'ECSE_0541'",
    "'ECSE_0242'": "'ECSE_4300'",
    "'ECSE_4109'": "'ECSE_4249'"
  },
  {
    "'ECSE_1015'": "'ECSE_0541'",
    "'ECSE_0242'": "'ECSE_4249'",
    "'ECSE_4109'": "'ECSE_0784'"
  },
  {
    "'ECSE_1015'": "'ECSE_0541'",
    "'ECSE_0242'": "'ECSE_4249'",
    "'ECSE_4109'": "'ECSE_0782'"
  },
  {
    "'ECSE_1015'": "'ECSE_0541'",
    "'ECSE_0242'": "'ECSE_4249'",
    "'ECSE_4109'": "'ECSE_0781'"
  },
  {
    "'ECSE_1015'": "'ECSE_0541'",
    "'ECSE_0242'": "'ECSE_4249'",
    "'ECSE_4109'": "'ECSE_0783'"
  },
  {
    "'ECSE_1015'": "'ECSE_0537'",
    "'ECSE_0242'": "'ECSE_4300'",
    "'ECSE_4109'": "'ECSE_4249'"
  },
  {
    "'ECSE_1015'": "'ECSE_0537'",
    "'ECSE_0242'": "'ECSE_4249'",
    "'ECSE_4109'": "'ECSE_0784'"
  },
  {
    "'ECSE_1015'": "'ECSE_0537'",
    "'ECSE_0242'": "'ECSE_4249'",
    "'ECSE_4109'": "'ECSE_0782'"
  },
  {
    "'ECSE_1015'": "'ECSE_0537'",
    "'ECSE_0242'": "'ECSE_4249'",
    "'ECSE_4109'": "'ECSE_0781'"
  },
  {
    "'ECSE_1015'": "'ECSE_0537'",
    "'ECSE_0242'": "'ECSE_4249'",
    "'ECSE_4109'": "'ECSE_0783'"
  },
  {
    "'ECSE_1015'": "'ECSE_4025'",
    "'ECSE_0242'": "'ECSE_1950'",
    "'ECSE_4109'": "'ECSE_2025'"
  },
  {
    "'ECSE_1015'": "'ECSE_4025'",
    "'ECSE_0242'": "'ECSE_1950'",
    "'ECSE_4109'": "'ECSE_2026'"
  },
  {
    "'ECSE_1015'": "'ECSE_4025'",
    "'ECSE_0242'": "'ECSE_1950'",
    "'ECSE_4109'": "'ECSE_4208'"
  },
  {
    "'ECSE_1015'": "'ECSE_4025'",
    "'ECSE_0242'": "'ECSE_2025'",
    "'ECSE_4109'": "'ECSE_3190'"
  },
  {
    "'ECSE_1015'": "'ECSE_4025'",
    "'ECSE_0242'": "'ECSE_2026'",
    "'ECSE_4109'": "'ECSE_3190'"
  },
  {
    "'ECSE_1015'": "'ECSE_4025'",
    "'ECSE_0242'": "'ECSE_3190'",
    "'ECSE_4109'": "'ECSE_4208'"
  },
  {
    "'ECSE_1015'": "'ECSE_4027'",
    "'ECSE_0242'": "'ECSE_1950'",
    "'ECSE_4109'": "'ECSE_2025'"
  },
  {
    "'ECSE_1015'": "'ECSE_4027'",
    "'ECSE_0242'": "'ECSE_1950'",
    "'ECSE_4109'": "'ECSE_2026'"
  },
  {
    "'ECSE_1015'": "'ECSE_4027'",
    "'ECSE_0242'": "'ECSE_1950'",
    "'ECSE_4109'": "'ECSE_4208'"
  },
  {
    "'ECSE_1015'": "'ECSE_4027'",
    "'ECSE_0242'": "'ECSE_2025'",
    "'ECSE_4109'": "'ECSE_3190'"
  },
  {
    "'ECSE_1015'": "'ECSE_4027'",
    "'ECSE_0242'": "'ECSE_2026'",
    "'ECSE_4109'": "'ECSE_3190'"
  },
  {
    "'ECSE_1015'": "'ECSE_4027'",
    "'ECSE_0242'": "'ECSE_3190'",
    "'ECSE_4109'": "'ECSE_4208'"
  },
  {
    "'ECSE_1015'": "'ECSE_4026'",
    "'ECSE_0242'": "'ECSE_1950'",
    "'ECSE_4109'": "'ECSE_2025'"
  },
  {
    "'ECSE_1015'": "'ECSE_4026'",
    "'ECSE_0242'": "'ECSE_1950'",
    "'ECSE_4109'": "'ECSE_2026'"
  },
  {
    "'ECSE_1015'": "'ECSE_4026'",
    "'ECSE_0242'": "'ECSE_1950'",
    "'ECSE_4109'": "'ECSE_4208'"
  },
  {
    "'ECSE_1015'": "'ECSE_4026'",
    "'ECSE_0242'": "'ECSE_2025'",
    "'ECSE_4109'": "'ECSE_3190'"
  },
  {
    "'ECSE_1015'": "'ECSE_4026'",
    "'ECSE_0242'": "'ECSE_2026'",
    "'ECSE_4109'": "'ECSE_3190'"
  },
  {
    "'ECSE_1015'": "'ECSE_4026'",
    "'ECSE_0242'": "'ECSE_3190'",
    "'ECSE_4109'": "'ECSE_4208'"
  },
  {
    "'ECSE_1015'": "'ECSE_4023'",
    "'ECSE_0242'": "'ECSE_1950'",
    "'ECSE_4109'": "'ECSE_2025'"
  },
  {
    "'ECSE_1015'": "'ECSE_4023'",
    "'ECSE_0242'": "'ECSE_1950'",
    "'ECSE_4109'": "'ECSE_2026'"
  },
  {
    "'ECSE_1015'": "'ECSE_4023'",
    "'ECSE_0242'": "'ECSE_1950'",
    "'ECSE_4109'": "'ECSE_4208'"
  },
  {
    "'ECSE_1015'": "'ECSE_4023'",
    "'ECSE_0242'": "'ECSE_2025'",
    "'ECSE_4109'": "'ECSE_3190'"
  },
  {
    "'ECSE_1015'": "'ECSE_4023'",
    "'ECSE_0242'": "'ECSE_2026'",
    "'ECSE_4109'": "'ECSE_3190'"
  },
  {
    "'ECSE_1015'": "'ECSE_4023'",
    "'ECSE_0242'": "'ECSE_3190'",
    "'ECSE_4109'": "'ECSE_4208'"
  },
  {
    "'ECSE_1015'": "'ECSE_4028'",
    "'ECSE_0242'": "'ECSE_1950'",
    "'ECSE_4109'": "'ECSE_2025'"
  },
  {
    "'ECSE_1015'": "'ECSE_4028'",
    "'ECSE_0242'": "'ECSE_1950'",
    "'ECSE_4109'": "'ECSE_2026'"
  },
  {
    "'ECSE_1015'": "'ECSE_4028'",
    "'ECSE_0242'": "'ECSE_1950'",
    "'ECSE_4109'": "'ECSE_4208'"
  },
  {
    "'ECSE_1015'": "'ECSE_4028'",
    "'ECSE_0242'": "'ECSE_2025'",
    "'ECSE_4109'": "'ECSE_3190'"
  },
  {
    "'ECSE_1015'": "'ECSE_4028'",
    "'ECSE_0242'": "'ECSE_2026'",
    "'ECSE_4109'": "'ECSE_3190'"
  },
  {
    "'ECSE_1015'": "'ECSE_4028'",
    "'ECSE_0242'": "'ECSE_3190'",
    "'ECSE_4109'": "'ECSE_4208'"
  },
  {
    "'ECSE_1015'": "'ECSE_4021'",
    "'ECSE_0242'": "'ECSE_1950'",
    "'ECSE_4109'": "'ECSE_2025'"
  },
  {
    "'ECSE_1015'": "'ECSE_4021'",
    "'ECSE_0242'": "'ECSE_1950'",
    "'ECSE_4109'": "'ECSE_2026'"
  },
  {
    "'ECSE_1015'": "'ECSE_4021'",
    "'ECSE_0242'": "'ECSE_1950'",
    "'ECSE_4109'": "'ECSE_4208'"
  },
  {
    "'ECSE_1015'": "'ECSE_4021'",
    "'ECSE_0242'": "'ECSE_2025'",
    "'ECSE_4109'": "'ECSE_3190'"
  },
  {
    "'ECSE_1015'": "'ECSE_4021'",
    "'ECSE_0242'": "'ECSE_2026'",
    "'ECSE_4109'": "'ECSE_3190'"
  },
  {
    "'ECSE_1015'": "'ECSE_4021'",
    "'ECSE_0242'": "'ECSE_3190'",
    "'ECSE_4109'": "'ECSE_4208'"
  },
  {
    "'ECSE_1015'": "'ECSE_4022'",
    "'ECSE_0242'": "'ECSE_1950'",
    "'ECSE_4109'": "'ECSE_2025'"
  },
  {
    "'ECSE_1015'": "'ECSE_4022'",
    "'ECSE_0242'": "'ECSE_1950'",
    "'ECSE_4109'": "'ECSE_2026'"
  },
  {
    "'ECSE_1015'": "'ECSE_4022'",
    "'ECSE_0242'": "'ECSE_1950'",
    "'ECSE_4109'": "'ECSE_4208'"
  },
  {
    "'ECSE_1015'": "'ECSE_4022'",
    "'ECSE_0242'": "'ECSE_2025'",
    "'ECSE_4109'": "'ECSE_3190'"
  },
  {
    "'ECSE_1015'": "'ECSE_4022'",
    "'ECSE_0242'": "'ECSE_2026'",
    "'ECSE_4109'": "'ECSE_3190'"
  },
  {
    "'ECSE_1015'": "'ECSE_4022'",
    "'ECSE_0242'": "'ECSE_3190'",
    "'ECSE_4109'": "'ECSE_4208'"
  },
  {
    "'ECSE_1015'": "'ECSE_4024'",
    "'ECSE_0242'": "'ECSE_1950'",
    "'ECSE_4109'": "'ECSE_2025'"
  },
  {
    "'ECSE_1015'": "'ECSE_4024'",
    "'ECSE_0242'": "'ECSE_1950'",
    "'ECSE_4109'": "'ECSE_2026'"
  },
  {
    "'ECSE_1015'": "'ECSE_4024'",
    "'ECSE_0242'": "'ECSE_1950'",
    "'ECSE_4109'": "'ECSE_4208'"
  },
  {
    "'ECSE_1015'": "'ECSE_4024'",
    "'ECSE_0242'": "'ECSE_2025'",
    "'ECSE_4109'": "'ECSE_3190'"
  },
  {
    "'ECSE_1015'": "'ECSE_4024'",
    "'ECSE_0242'": "'ECSE_2026'",
    "'ECSE_4109'": "'ECSE_3190'"
  },
  {
    "'ECSE_1015'": "'ECSE_4024'",
    "'ECSE_0242'": "'ECSE_3190'",
    "'ECSE_4109'": "'ECSE_4208'"
  },
  {
    "'ECSE_1015'": "'ECSE_4102'",
    "'ECSE_0242'": "'ECSE_4548'",
    "'ECSE_4109'": "'ECSE_3745'"
  },
  {
    "'ECSE_1015'": "'ECSE_4102'",
    "'ECSE_0242'": "'ECSE_4548'",
    "'ECSE_4109'": "'ECSE_3746'"
  },
  {
    "'ECSE_1015'": "'ECSE_4102'",
    "'ECSE_0242'": "'ECSE_4548'",
    "'ECSE_4109'": "'ECSE_3748'"
  },
  {
    "'ECSE_1015'": "'ECSE_4102'",
    "'ECSE_0242'": "'ECSE_4548'",
    "'ECSE_4109'": "'ECSE_3747'"
  },
  {
    "'ECSE_1015'": "'ECSE_4102'",
    "'ECSE_0242'": "'ECSE_4548'",
    "'ECSE_4109'": "'ECSE_3744'"
  },
  {
    "'ECSE_1015'": "'ECSE_0362'",
    "'ECSE_0242'": "'ECSE_0969'",
    "'ECSE_4109'": "'ECSE_2996'"
  },
  {
    "'ECSE_1015'": "'ECSE_0807'",
    "'ECSE_0242'": "'ECSE_2885'",
    "'ECSE_4109'": "'ECSE_1829'"
  },
  {
    "'ECSE_1015'": "'ECSE_4063'",
    "'ECSE_0242'": "'ECSE_2871'",
    "'ECSE_4109'": "'ECSE_3765'"
  },
  {
    "'ECSE_1015'": "'ECSE_1733'",
    "'ECSE_0242'": "'ECSE_1732'",
    "'ECSE_4109'": "'ECSE_4249'"
  },
  {
    "'ECSE_1015'": "'ECSE_1950'",
    "'ECSE_0242'": "'ECSE_4300'",
    "'ECSE_4109'": "'ECSE_1826'"
  },
  {
    "'ECSE_1015'": "'ECSE_1950'",
    "'ECSE_0242'": "'ECSE_1826'",
    "'ECSE_4109'": "'ECSE_0784'"
  },
  {
    "'ECSE_1015'": "'ECSE_1950'",
    "'ECSE_0242'": "'ECSE_1826'",
    "'ECSE_4109'": "'ECSE_0782'"
  },
  {
    "'ECSE_1015'": "'ECSE_1950'",
    "'ECSE_0242'": "'ECSE_1826'",
    "'ECSE_4109'": "'ECSE_0781'"
  },
  {
    "'ECSE_1015'": "'ECSE_1950'",
    "'ECSE_0242'": "'ECSE_1826'",
    "'ECSE_4109'": "'ECSE_0783'"
  },
  {
    "'ECSE_1015'": "'ECSE_3037'",
    "'ECSE_0242'": "'ECSE_3666'",
    "'ECSE_4109'": "'ECSE_1826'"
  },
  {
    "'ECSE_1015'": "'ECSE_2027'",
    "'ECSE_0242'": "'ECSE_3705'",
    "'ECSE_4109'": "'ECSE_3647'"
  },
  {
    "'ECSE_1015'": "'ECSE_3168'",
    "'ECSE_0242'": "'ECSE_0554'",
    "'ECSE_4109'": "'ECSE_3175'"
  },
  {
    "'ECSE_1015'": "'ECSE_3168'",
    "'ECSE_0242'": "'ECSE_0554'",
    "'ECSE_4109'": "'ECSE_4663'"
  },
  {
    "'ECSE_1015'": "'ECSE_3167'",
    "'ECSE_0242'": "'ECSE_0554'",
    "'ECSE_4109'": "'ECSE_3175'"
  },
  {
    "'ECSE_1015'": "'ECSE_3167'",
    "'ECSE_0242'": "'ECSE_0554'",
    "'ECSE_4109'": "'ECSE_4663'"
  },
  {
    "'ECSE_1015'": "'ECSE_3166'",
    "'ECSE_0242'": "'ECSE_0554'",
    "'ECSE_4109'": "'ECSE_3175'"
  },
  {
    "'ECSE_1015'": "'ECSE_3166'",
    "'ECSE_0242'": "'ECSE_0554'",
    "'ECSE_4109'": "'ECSE_4663'"
  },
  {
    "'ECSE_1015'": "'ECSE_3705'",
    "'ECSE_0242'": "'ECSE_0820'",
    "'ECSE_4109'": "'ECSE_3647'"
  },
  {
    "'ECSE_1015'": "'ECSE_3765'",
    "'ECSE_0242'": "'ECSE_2495'",
    "'ECSE_4109'": "'ECSE_4543'"
  },
  {
    "'ECSE_1015'": "'ECSE_3765'",
    "'ECSE_0242'": "'ECSE_2496'",
    "'ECSE_4109'": "'ECSE_4543'"
  },
  {
    "'ECSE_1015'": "'ECSE_3130'",
    "'ECSE_0242'": "'ECSE_4300'",
    "'ECSE_4109'": "'ECSE_4249'"
  },
  {
    "'ECSE_1015'": "'ECSE_3130'",
    "'ECSE_0242'": "'ECSE_4249'",
    "'ECSE_4109'": "'ECSE_0784'"
  },
  {
    "'ECSE_1015'": "'ECSE_3130'",
    "'ECSE_0242'": "'ECSE_4249'",
    "'ECSE_4109'": "'ECSE_0782'"
  },
  {
    "'ECSE_1015'": "'ECSE_3130'",
    "'ECSE_0242'": "'ECSE_4249'",
    "'ECSE_4109'": "'ECSE_0781'"
  },
  {
    "'ECSE_1015'": "'ECSE_3130'",
    "'ECSE_0242'": "'ECSE_4249'",
    "'ECSE_4109'": "'ECSE_0783'"
  },
  {
    "'ECSE_1015'": "'ECSE_3131'",
    "'ECSE_0242'": "'ECSE_4300'",
    "'ECSE_4109'": "'ECSE_4249'"
  },
  {
    "'ECSE_1015'": "'ECSE_3131'",
    "'ECSE_0242'": "'ECSE_4249'",
    "'ECSE_4109'": "'ECSE_0784'"
  },
  {
    "'ECSE_1015'": "'ECSE_3131'",
    "'ECSE_0242'": "'ECSE_4249'",
    "'ECSE_4109'": "'ECSE_0782'"
  },
  {
    "'ECSE_1015'": "'ECSE_3131'",
    "'ECSE_0242'": "'ECSE_4249'",
    "'ECSE_4109'": "'ECSE_0781'"
  },
  {
    "'ECSE_1015'": "'ECSE_3131'",
    "'ECSE_0242'": "'ECSE_4249'",
    "'ECSE_4109'": "'ECSE_0783'"
  },
  {
    "'ECSE_1015'": "'ECSE_3132'",
    "'ECSE_0242'": "'ECSE_4300'",
    "'ECSE_4109'": "'ECSE_4249'"
  },
  {
    "'ECSE_1015'": "'ECSE_3132'",
    "'ECSE_0242'": "'ECSE_4249'",
    "'ECSE_4109'": "'ECSE_0784'"
  },
  {
    "'ECSE_1015'": "'ECSE_3132'",
    "'ECSE_0242'": "'ECSE_4249'",
    "'ECSE_4109'": "'ECSE_0782'"
  },
  {
    "'ECSE_1015'": "'ECSE_3132'",
    "'ECSE_0242'": "'ECSE_4249'",
    "'ECSE_4109'": "'ECSE_0781'"
  },
  {
    "'ECSE_1015'": "'ECSE_3132'",
    "'ECSE_0242'": "'ECSE_4249'",
    "'ECSE_4109'": "'ECSE_0783'"
  },
  {
    "'ECSE_1015'": "'ECSE_4300'",
    "'ECSE_0242'": "'ECSE_0554'",
    "'ECSE_4109'": "'ECSE_4249'"
  },
  {
    "'ECSE_1015'": "'ECSE_4300'",
    "'ECSE_0242'": "'ECSE_3175'",
    "'ECSE_4109'": "'ECSE_4249'"
  },
  {
    "'ECSE_1015'": "'ECSE_4300'",
    "'ECSE_0242'": "'ECSE_3190'",
    "'ECSE_4109'": "'ECSE_1826'"
  },
  {
    "'ECSE_1015'": "'ECSE_4300'",
    "'ECSE_0242'": "'ECSE_4249'",
    "'ECSE_4109'": "'ECSE_4663'"
  },
  {
    "'ECSE_1015'": "'ECSE_4300'",
    "'ECSE_0242'": "'ECSE_4249'",
    "'ECSE_4109'": "'ECSE_0531'"
  },
  {
    "'ECSE_1015'": "'ECSE_3253'",
    "'ECSE_0242'": "'ECSE_4299'",
    "'ECSE_4109'": "'ECSE_4249'"
  },
  {
    "'ECSE_1015'": "'ECSE_0149'",
    "'ECSE_0242'": "'ECSE_3657'",
    "'ECSE_4109'": "'ECSE_2805'"
  },
  {
    "'ECSE_1015'": "'ECSE_0817'",
    "'ECSE_0242'": "'ECSE_4206'",
    "'ECSE_4109'": "'ECSE_2715'"
  },
  {
    "'ECSE_1015'": "'ECSE_0818'",
    "'ECSE_0242'": "'ECSE_4206'",
    "'ECSE_4109'": "'ECSE_2715'"
  },
  {
    "'ECSE_1015'": "'ECSE_4206'",
    "'ECSE_0242'": "'ECSE_0816'",
    "'ECSE_4109'": "'ECSE_2715'"
  },
  {
    "'ECSE_1015'": "'ECSE_0554'",
    "'ECSE_0242'": "'ECSE_0961'",
    "'ECSE_4109'": "'ECSE_4245'"
  },
  {
    "'ECSE_1015'": "'ECSE_0554'",
    "'ECSE_0242'": "'ECSE_0961'",
    "'ECSE_4109'": "'ECSE_4244'"
  },
  {
    "'ECSE_1015'": "'ECSE_0554'",
    "'ECSE_0242'": "'ECSE_4249'",
    "'ECSE_4109'": "'ECSE_0784'"
  },
  {
    "'ECSE_1015'": "'ECSE_0554'",
    "'ECSE_0242'": "'ECSE_4249'",
    "'ECSE_4109'": "'ECSE_0782'"
  },
  {
    "'ECSE_1015'": "'ECSE_0554'",
    "'ECSE_0242'": "'ECSE_4249'",
    "'ECSE_4109'": "'ECSE_0781'"
  },
  {
    "'ECSE_1015'": "'ECSE_0554'",
    "'ECSE_0242'": "'ECSE_4249'",
    "'ECSE_4109'": "'ECSE_0783'"
  },
  {
    "'ECSE_1015'": "'ECSE_1328'",
    "'ECSE_0242'": "'ECSE_0899'",
    "'ECSE_4109'": "'ECSE_3337'"
  },
  {
    "'ECSE_1015'": "'ECSE_3175'",
    "'ECSE_0242'": "'ECSE_4249'",
    "'ECSE_4109'": "'ECSE_0784'"
  },
  {
    "'ECSE_1015'": "'ECSE_3175'",
    "'ECSE_0242'": "'ECSE_4249'",
    "'ECSE_4109'": "'ECSE_0782'"
  },
  {
    "'ECSE_1015'": "'ECSE_3175'",
    "'ECSE_0242'": "'ECSE_4249'",
    "'ECSE_4109'": "'ECSE_0781'"
  },
  {
    "'ECSE_1015'": "'ECSE_3175'",
    "'ECSE_0242'": "'ECSE_4249'",
    "'ECSE_4109'": "'ECSE_0783'"
  },
  {
    "'ECSE_1015'": "'ECSE_3190'",
    "'ECSE_0242'": "'ECSE_1826'",
    "'ECSE_4109'": "'ECSE_0784'"
  },
  {
    "'ECSE_1015'": "'ECSE_3190'",
    "'ECSE_0242'": "'ECSE_1826'",
    "'ECSE_4109'": "'ECSE_0782'"
  },
  {
    "'ECSE_1015'": "'ECSE_3190'",
    "'ECSE_0242'": "'ECSE_1826'",
    "'ECSE_4109'": "'ECSE_0781'"
  },
  {
    "'ECSE_1015'": "'ECSE_3190'",
    "'ECSE_0242'": "'ECSE_1826'",
    "'ECSE_4109'": "'ECSE_0783'"
  },
  {
    "'ECSE_1015'": "'ECSE_4249'",
    "'ECSE_0242'": "'ECSE_4663'",
    "'ECSE_4109'": "'ECSE_0784'"
  },
  {
    "'ECSE_1015'": "'ECSE_4249'",
    "'ECSE_0242'": "'ECSE_4663'",
    "'ECSE_4109'": "'ECSE_0782'"
  },
  {
    "'ECSE_1015'": "'ECSE_4249'",
    "'ECSE_0242'": "'ECSE_4663'",
    "'ECSE_4109'": "'ECSE_0781'"
  },
  {
    "'ECSE_1015'": "'ECSE_4249'",
    "'ECSE_0242'": "'ECSE_4663'",
    "'ECSE_4109'": "'ECSE_0783'"
  },
  {
    "'ECSE_1015'": "'ECSE_4249'",
    "'ECSE_0242'": "'ECSE_0784'",
    "'ECSE_4109'": "'ECSE_0531'"
  },
  {
    "'ECSE_1015'": "'ECSE_4249'",
    "'ECSE_0242'": "'ECSE_0782'",
    "'ECSE_4109'": "'ECSE_0531'"
  },
  {
    "'ECSE_1015'": "'ECSE_4249'",
    "'ECSE_0242'": "'ECSE_0781'",
    "'ECSE_4109'": "'ECSE_0531'"
  },
  {
    "'ECSE_1015'": "'ECSE_4249'",
    "'ECSE_0242'": "'ECSE_0783'",
    "'ECSE_4109'": "'ECSE_0531'"
  },
  {
    "'ECSE_1015'": "'ECSE_4658'",
    "'ECSE_0242'": "'ECSE_3641'",
    "'ECSE_4109'": "'ECSE_1257'"
  },
  {
    "'ECSE_1015'": "'ECSE_2495'",
    "'ECSE_0242'": "'ECSE_2928'",
    "'ECSE_4109'": "'ECSE_4543'"
  },
  {
    "'ECSE_1015'": "'ECSE_2495'",
    "'ECSE_0242'": "'ECSE_2929'",
    "'ECSE_4109'": "'ECSE_4543'"
  },
  {
    "'ECSE_1015'": "'ECSE_2496'",
    "'ECSE_0242'": "'ECSE_2928'",
    "'ECSE_4109'": "'ECSE_4543'"
  },
  {
    "'ECSE_1015'": "'ECSE_2496'",
    "'ECSE_0242'": "'ECSE_2929'",
    "'ECSE_4109'": "'ECSE_4543'"
  },
  {
    "'ECSE_1015'": "'ECSE_2928'",
    "'ECSE_0242'": "'ECSE_4543'",
    "'ECSE_4109'": "'ECSE_0946'"
  },
  {
    "'ECSE_1015'": "'ECSE_2929'",
    "'ECSE_0242'": "'ECSE_4543'",
    "'ECSE_4109'": "'ECSE_0946'"
  }
]