[
  {
    "'g.24325.CDS.286'": "'Unknown'"
  },
  {
    "'g.24325.CDS.286'": "'g.24325.CDS.1874'"
  },
  {
    "'g.24325.CDS.286'": "'g.24325.CDS.2305'"
  },
  {
    "'g.24325.CDS.286'": "'g.24325.CDS.557'"
  },
  {
    "'g.24325.CDS.286'": "'g.24325.CDS.4'"
  },
  {
    "'g.24325.CDS.286'": "'g.24325.CDS.1965'"
  },
  {
    "'g.24325.CDS.286'": "'g.24325.CDS.455'"
  },
  {
    "'g.24325.CDS.286'": "'g.24325.CDS.656'"
  },
  {
    "'g.24325.CDS.286'": "'g.24325.CDS.1523'"
  },
  {
    "'g.24325.CDS.286'": "'g.24325.CDS.15'"
  },
  {
    "'g.24325.CDS.286'": "'g.24325.CDS.691'"
  },
  {
    "'g.24325.CDS.286'": "'g.24325.CDS.242'"
  },
  {
    "'g.24325.CDS.286'": "'g.24325.CDS.571'"
  },
  {
    "'g.24325.CDS.286'": "'g.24325.CDS.850'"
  },
  {
    "'g.24325.CDS.286'": "'g.24325.CDS.1841'"
  },
  {
    "'g.24325.CDS.286'": "'g.24325.CDS.444'"
  },
  {
    "'g.24325.CDS.286'": "'g.24325.CDS.593'"
  },
  {
    "'g.24325.CDS.286'": "'g.24325.CDS.285'"
  },
  {
    "'g.24325.CDS.286'": "'g.24325.CDS.1754'"
  },
  {
    "'g.24325.CDS.286'": "'g.24325.CDS.149'"
  },
  {
    "'g.24325.CDS.286'": "'g.24325.CDS.1013'"
  },
  {
    "'g.24325.CDS.286'": "'g.24325.CDS.2313'"
  },
  {
    "'g.24325.CDS.286'": "'g.24325.CDS.151'"
  },
  {
    "'g.24325.CDS.286'": "'g.24325.CDS.2454'"
  },
  {
    "'g.24325.CDS.286'": "'g.24325.CDS.546'"
  },
  {
    "'g.24325.CDS.286'": "'g.24325.CDS.621'"
  },
  {
    "'g.24325.CDS.286'": "'g.24325.CDS.1756'"
  },
  {
    "'g.24325.CDS.286'": "'g.24325.CDS.1244'"
  },
  {
    "'g.24325.CDS.286'": "'g.24325.CDS.198'"
  },
  {
    "'g.24325.CDS.286'": "'g.24325.CDS.2005'"
  },
  {
    "'g.24325.CDS.286'": "'g.24325.CDS.1207'"
  },
  {
    "'g.24325.CDS.286'": "'g.24325.CDS.984'"
  },
  {
    "'g.24325.CDS.286'": "'g.24325.CDS.686'"
  },
  {
    "'g.24325.CDS.286'": "'g.24325.CDS.1858'"
  },
  {
    "'g.24325.CDS.286'": "'g.24325.CDS.743'"
  },
  {
    "'g.24325.CDS.286'": "'g.24325.CDS.1794'"
  },
  {
    "'g.24325.CDS.286'": "'g.24325.CDS.2182'"
  },
  {
    "'g.24325.CDS.286'": "'g.24325.CDS.653'"
  },
  {
    "'g.24325.CDS.286'": "'g.24325.CDS.1341'"
  },
  {
    "'g.24325.CDS.286'": "'g.24325.CDS.966'"
  },
  {
    "'g.24325.CDS.286'": "'g.24325.CDS.1446'"
  },
  {
    "'g.24325.CDS.286'": "'g.24325.CDS.368'"
  },
  {
    "'g.24325.CDS.286'": "'g.24325.CDS.1620'"
  },
  {
    "'g.24325.CDS.286'": "'g.24325.CDS.2149'"
  },
  {
    "'g.24325.CDS.286'": "'g.24325.CDS.289'"
  },
  {
    "'g.24325.CDS.286'": "'g.24325.CDS.347'"
  },
  {
    "'g.24325.CDS.286'": "'g.24325.CDS.1617'"
  },
  {
    "'g.24325.CDS.286'": "'g.24325.CDS.2430'"
  },
  {
    "'g.24325.CDS.286'": "'g.24325.CDS.844'"
  },
  {
    "'g.24325.CDS.286'": "'g.24325.CDS.2381'"
  },
  {
    "'g.24325.CDS.286'": "'g.24325.CDS.777'"
  },
  {
    "'g.24325.CDS.286'": "'g.24325.CDS.2040'"
  },
  {
    "'g.24325.CDS.286'": "'g.24325.CDS.925'"
  },
  {
    "'g.24325.CDS.286'": "'g.24325.CDS.230'"
  },
  {
    "'g.24325.CDS.286'": "'g.24325.CDS.284'"
  },
  {
    "'g.24325.CDS.286'": "'g.24325.CDS.353'"
  },
  {
    "'g.24325.CDS.286'": "'g.24325.CDS.77'"
  },
  {
    "'g.24325.CDS.286'": "'g.24325.CDS.500'"
  },
  {
    "'g.24325.CDS.286'": "'g.24325.CDS.1517'"
  },
  {
    "'g.24325.CDS.286'": "'g.24325.CDS.172'"
  },
  {
    "'g.24325.CDS.286'": "'g.24325.CDS.90'"
  },
  {
    "'g.24325.CDS.286'": "'g.24325.CDS.999'"
  },
  {
    "'g.24325.CDS.286'": "'g.24325.CDS.554'"
  },
  {
    "'g.24325.CDS.286'": "'g.24325.CDS.1105'"
  },
  {
    "'g.24325.CDS.286'": "'g.24325.CDS.1212'"
  },
  {
    "'g.24325.CDS.286'": "'g.24325.CDS.1659'"
  },
  {
    "'g.24325.CDS.286'": "'g.24325.CDS.1896'"
  },
  {
    "'g.24325.CDS.286'": "'g.24325.CDS.2479'"
  },
  {
    "'g.24325.CDS.286'": "'g.24325.CDS.2618'"
  },
  {
    "'g.24325.CDS.286'": "'g.24325.CDS.346'"
  },
  {
    "'g.24325.CDS.286'": "'g.24325.CDS.352'"
  },
  {
    "'g.24325.CDS.286'": "'g.24325.CDS.473'"
  },
  {
    "'g.24325.CDS.286'": "'g.24325.CDS.956'"
  },
  {
    "'g.24325.CDS.286'": "'g.24325.CDS.97'"
  },
  {
    "'g.24325.CDS.286'": "'g.24325.CDS.978'"
  },
  {
    "'g.24325.CDS.286'": "'g.24325.CDS.982'"
  },
  {
    "'g.24325.CDS.286'": "'g.24325.CDS.991'"
  },
  {
    "'g.24325.CDS.286'": "'g.24325.CDS.1029'"
  },
  {
    "'g.24325.CDS.286'": "'g.24325.CDS.1038'"
  },
  {
    "'g.24325.CDS.286'": "'g.24325.CDS.1059'"
  },
  {
    "'g.24325.CDS.286'": "'g.24325.CDS.1103'"
  },
  {
    "'g.24325.CDS.286'": "'g.24325.CDS.1104'"
  },
  {
    "'g.24325.CDS.286'": "'g.24325.CDS.1113'"
  },
  {
    "'g.24325.CDS.286'": "'g.24325.CDS.115'"
  },
  {
    "'g.24325.CDS.286'": "'g.24325.CDS.1168'"
  },
  {
    "'g.24325.CDS.286'": "'g.24325.CDS.1214'"
  },
  {
    "'g.24325.CDS.286'": "'g.24325.CDS.1242'"
  },
  {
    "'g.24325.CDS.286'": "'g.24325.CDS.1252'"
  },
  {
    "'g.24325.CDS.286'": "'g.24325.CDS.1256'"
  },
  {
    "'g.24325.CDS.286'": "'g.24325.CDS.1276'"
  },
  {
    "'g.24325.CDS.286'": "'g.24325.CDS.1364'"
  },
  {
    "'g.24325.CDS.286'": "'g.24325.CDS.1374'"
  },
  {
    "'g.24325.CDS.286'": "'g.24325.CDS.1388'"
  },
  {
    "'g.24325.CDS.286'": "'g.24325.CDS.1437'"
  },
  {
    "'g.24325.CDS.286'": "'g.24325.CDS.1464'"
  },
  {
    "'g.24325.CDS.286'": "'g.24325.CDS.1555'"
  },
  {
    "'g.24325.CDS.286'": "'g.24325.CDS.1584'"
  },
  {
    "'g.24325.CDS.286'": "'g.24325.CDS.1595'"
  },
  {
    "'g.24325.CDS.286'": "'g.24325.CDS.1639'"
  },
  {
    "'g.24325.CDS.286'": "'g.24325.CDS.1650'"
  },
  {
    "'g.24325.CDS.286'": "'g.24325.CDS.1749'"
  },
  {
    "'g.24325.CDS.286'": "'g.24325.CDS.1763'"
  },
  {
    "'g.24325.CDS.286'": "'g.24325.CDS.1788'"
  },
  {
    "'g.24325.CDS.286'": "'g.24325.CDS.1803'"
  },
  {
    "'g.24325.CDS.286'": "'g.24325.CDS.1844'"
  },
  {
    "'g.24325.CDS.286'": "'g.24325.CDS.1856'"
  },
  {
    "'g.24325.CDS.286'": "'g.24325.CDS.1926'"
  },
  {
    "'g.24325.CDS.286'": "'g.24325.CDS.195'"
  },
  {
    "'g.24325.CDS.286'": "'g.24325.CDS.1972'"
  },
  {
    "'g.24325.CDS.286'": "'g.24325.CDS.2006'"
  },
  {
    "'g.24325.CDS.286'": "'g.24325.CDS.2020'"
  },
  {
    "'g.24325.CDS.286'": "'g.24325.CDS.2035'"
  },
  {
    "'g.24325.CDS.286'": "'g.24325.CDS.2051'"
  },
  {
    "'g.24325.CDS.286'": "'g.24325.CDS.2072'"
  },
  {
    "'g.24325.CDS.286'": "'g.24325.CDS.2074'"
  },
  {
    "'g.24325.CDS.286'": "'g.24325.CDS.2195'"
  },
  {
    "'g.24325.CDS.286'": "'g.24325.CDS.2196'"
  },
  {
    "'g.24325.CDS.286'": "'g.24325.CDS.2270'"
  },
  {
    "'g.24325.CDS.286'": "'g.24325.CDS.2276'"
  },
  {
    "'g.24325.CDS.286'": "'g.24325.CDS.2333'"
  },
  {
    "'g.24325.CDS.286'": "'g.24325.CDS.2334'"
  },
  {
    "'g.24325.CDS.286'": "'g.24325.CDS.2379'"
  },
  {
    "'g.24325.CDS.286'": "'g.24325.CDS.2392'"
  },
  {
    "'g.24325.CDS.286'": "'g.24325.CDS.2445'"
  },
  {
    "'g.24325.CDS.286'": "'g.24325.CDS.2475'"
  },
  {
    "'g.24325.CDS.286'": "'g.24325.CDS.2500'"
  },
  {
    "'g.24325.CDS.286'": "'g.24325.CDS.2508'"
  },
  {
    "'g.24325.CDS.286'": "'g.24325.CDS.26'"
  },
  {
    "'g.24325.CDS.286'": "'g.24325.CDS.2627'"
  },
  {
    "'g.24325.CDS.286'": "'g.24325.CDS.319'"
  },
  {
    "'g.24325.CDS.286'": "'g.24325.CDS.34'"
  },
  {
    "'g.24325.CDS.286'": "'g.24325.CDS.342'"
  },
  {
    "'g.24325.CDS.286'": "'g.24325.CDS.580'"
  },
  {
    "'g.24325.CDS.286'": "'g.24325.CDS.588'"
  },
  {
    "'g.24325.CDS.286'": "'g.24325.CDS.60'"
  },
  {
    "'g.24325.CDS.286'": "'g.24325.CDS.63'"
  },
  {
    "'g.24325.CDS.286'": "'g.24325.CDS.668'"
  },
  {
    "'g.24325.CDS.286'": "'g.24325.CDS.909'"
  },
  {
    "'g.24325.CDS.286'": "'g.24325.CDS.974'"
  },
  {
    "'g.24325.CDS.286'": "'g.24325.CDS.981'"
  },
  {
    "'g.24325.CDS.286'": "'g.24325.CDS.2561'"
  },
  {
    "'g.24325.CDS.286'": "'g.24325.CDS.1827'"
  },
  {
    "'g.24325.CDS.286'": "'g.24325.CDS.2066'"
  },
  {
    "'g.24325.CDS.286'": "'g.24325.CDS.2119'"
  },
  {
    "'g.24325.CDS.286'": "'g.24325.CDS.2161'"
  },
  {
    "'g.24325.CDS.286'": "'g.24325.CDS.2351'"
  },
  {
    "'g.24325.CDS.286'": "'g.24325.CDS.2354'"
  },
  {
    "'g.24325.CDS.286'": "'g.24325.CDS.482'"
  },
  {
    "'g.24325.CDS.286'": "'g.24325.CDS.806'"
  }
]