[
  {
    "'g.24325.CDS.1415'": "'g.24325.CDS.2629'",
    "'g.24325.CDS.2063'": "'g.24325.CDS.2044'",
    "'g.24325.CDS.2150'": "'g.24325.CDS.1664'"
  },
  {
    "'g.24325.CDS.1415'": "'g.24325.CDS.2629'",
    "'g.24325.CDS.2063'": "'g.24325.CDS.1664'",
    "'g.24325.CDS.2150'": "'g.24325.CDS.2337'"
  },
  {
    "'g.24325.CDS.1415'": "'g.24325.CDS.1337'",
    "'g.24325.CDS.2063'": "'g.24325.CDS.2044'",
    "'g.24325.CDS.2150'": "'g.24325.CDS.1664'"
  },
  {
    "'g.24325.CDS.1415'": "'g.24325.CDS.1337'",
    "'g.24325.CDS.2063'": "'g.24325.CDS.1664'",
    "'g.24325.CDS.2150'": "'g.24325.CDS.2337'"
  },
  {
    "'g.24325.CDS.1415'": "'g.24325.CDS.2044'",
    "'g.24325.CDS.2063'": "'g.24325.CDS.1664'",
    "'g.24325.CDS.2150'": "'g.24325.CDS.2411'"
  },
  {
    "'g.24325.CDS.1415'": "'g.24325.CDS.2044'",
    "'g.24325.CDS.2063'": "'g.24325.CDS.1664'",
    "'g.24325.CDS.2150'": "'g.24325.CDS.2144'"
  },
  {
    "'g.24325.CDS.1415'": "'g.24325.CDS.2044'",
    "'g.24325.CDS.2063'": "'g.24325.CDS.1664'",
    "'g.24325.CDS.2150'": "'g.24325.CDS.491'"
  },
  {
    "'g.24325.CDS.1415'": "'g.24325.CDS.1463'",
    "'g.24325.CDS.2063'": "'g.24325.CDS.2611'",
    "'g.24325.CDS.2150'": "'g.24325.CDS.413'"
  },
  {
    "'g.24325.CDS.1415'": "'g.24325.CDS.1521'",
    "'g.24325.CDS.2063'": "'g.24325.CDS.2297'",
    "'g.24325.CDS.2150'": "'g.24325.CDS.697'"
  },
  {
    "'g.24325.CDS.1415'": "'g.24325.CDS.1812'",
    "'g.24325.CDS.2063'": "'g.24325.CDS.2611'",
    "'g.24325.CDS.2150'": "'g.24325.CDS.413'"
  },
  {
    "'g.24325.CDS.1415'": "'g.24325.CDS.1070'",
    "'g.24325.CDS.2063'": "'g.24325.CDS.551'",
    "'g.24325.CDS.2150'": "'g.24325.CDS.343'"
  },
  {
    "'g.24325.CDS.1415'": "'g.24325.CDS.1568'",
    "'g.24325.CDS.2063'": "'g.24325.CDS.551'",
    "'g.24325.CDS.2150'": "'g.24325.CDS.290'"
  },
  {
    "'g.24325.CDS.1415'": "'g.24325.CDS.1568'",
    "'g.24325.CDS.2063'": "'g.24325.CDS.551'",
    "'g.24325.CDS.2150'": "'g.24325.CDS.780'"
  },
  {
    "'g.24325.CDS.1415'": "'g.24325.CDS.152'",
    "'g.24325.CDS.2063'": "'g.24325.CDS.2356'",
    "'g.24325.CDS.2150'": "'g.24325.CDS.509'"
  },
  {
    "'g.24325.CDS.1415'": "'g.24325.CDS.1664'",
    "'g.24325.CDS.2063'": "'g.24325.CDS.2411'",
    "'g.24325.CDS.2150'": "'g.24325.CDS.2337'"
  },
  {
    "'g.24325.CDS.1415'": "'g.24325.CDS.1664'",
    "'g.24325.CDS.2063'": "'g.24325.CDS.2144'",
    "'g.24325.CDS.2150'": "'g.24325.CDS.2337'"
  },
  {
    "'g.24325.CDS.1415'": "'g.24325.CDS.1664'",
    "'g.24325.CDS.2063'": "'g.24325.CDS.491'",
    "'g.24325.CDS.2150'": "'g.24325.CDS.2337'"
  },
  {
    "'g.24325.CDS.1415'": "'g.24325.CDS.2655'",
    "'g.24325.CDS.2063'": "'g.24325.CDS.1356'",
    "'g.24325.CDS.2150'": "'g.24325.CDS.2563'"
  },
  {
    "'g.24325.CDS.1415'": "'g.24325.CDS.1805'",
    "'g.24325.CDS.2063'": "'g.24325.CDS.1918'",
    "'g.24325.CDS.2150'": "'g.24325.CDS.566'"
  },
  {
    "'g.24325.CDS.1415'": "'g.24325.CDS.1918'",
    "'g.24325.CDS.2063'": "'g.24325.CDS.883'",
    "'g.24325.CDS.2150'": "'g.24325.CDS.1163'"
  },
  {
    "'g.24325.CDS.1415'": "'g.24325.CDS.1918'",
    "'g.24325.CDS.2063'": "'g.24325.CDS.883'",
    "'g.24325.CDS.2150'": "'g.24325.CDS.1761'"
  },
  {
    "'g.24325.CDS.1415'": "'g.24325.CDS.883'",
    "'g.24325.CDS.2063'": "'g.24325.CDS.1698'",
    "'g.24325.CDS.2150'": "'g.24325.CDS.1163'"
  },
  {
    "'g.24325.CDS.1415'": "'g.24325.CDS.883'",
    "'g.24325.CDS.2063'": "'g.24325.CDS.1698'",
    "'g.24325.CDS.2150'": "'g.24325.CDS.1761'"
  },
  {
    "'g.24325.CDS.1415'": "'g.24325.CDS.883'",
    "'g.24325.CDS.2063'": "'g.24325.CDS.1036'",
    "'g.24325.CDS.2150'": "'g.24325.CDS.1163'"
  },
  {
    "'g.24325.CDS.1415'": "'g.24325.CDS.883'",
    "'g.24325.CDS.2063'": "'g.24325.CDS.1036'",
    "'g.24325.CDS.2150'": "'g.24325.CDS.1761'"
  },
  {
    "'g.24325.CDS.1415'": "'g.24325.CDS.1994'",
    "'g.24325.CDS.2063'": "'g.24325.CDS.2302'",
    "'g.24325.CDS.2150'": "'g.24325.CDS.591'"
  },
  {
    "'g.24325.CDS.1415'": "'g.24325.CDS.1122'",
    "'g.24325.CDS.2063'": "'g.24325.CDS.1706'",
    "'g.24325.CDS.2150'": "'g.24325.CDS.591'"
  },
  {
    "'g.24325.CDS.1415'": "'g.24325.CDS.2309'",
    "'g.24325.CDS.2063'": "'g.24325.CDS.591'",
    "'g.24325.CDS.2150'": "'g.24325.CDS.2218'"
  },
  {
    "'g.24325.CDS.1415'": "'g.24325.CDS.551'",
    "'g.24325.CDS.2063'": "'g.24325.CDS.343'",
    "'g.24325.CDS.2150'": "'g.24325.CDS.1569'"
  },
  {
    "'g.24325.CDS.1415'": "'g.24325.CDS.1543'",
    "'g.24325.CDS.2063'": "'g.24325.CDS.1023'",
    "'g.24325.CDS.2150'": "'g.24325.CDS.2244'"
  },
  {
    "'g.24325.CDS.1415'": "'g.24325.CDS.1543'",
    "'g.24325.CDS.2063'": "'g.24325.CDS.1159'",
    "'g.24325.CDS.2150'": "'g.24325.CDS.2244'"
  },
  {
    "'g.24325.CDS.1415'": "'g.24325.CDS.1543'",
    "'g.24325.CDS.2063'": "'g.24325.CDS.2285'",
    "'g.24325.CDS.2150'": "'g.24325.CDS.2244'"
  },
  {
    "'g.24325.CDS.1415'": "'g.24325.CDS.1543'",
    "'g.24325.CDS.2063'": "'g.24325.CDS.2342'",
    "'g.24325.CDS.2150'": "'g.24325.CDS.2244'"
  },
  {
    "'g.24325.CDS.1415'": "'g.24325.CDS.2327'",
    "'g.24325.CDS.2063'": "'g.24325.CDS.591'",
    "'g.24325.CDS.2150'": "'g.24325.CDS.2218'"
  },
  {
    "'g.24325.CDS.1415'": "'g.24325.CDS.290'",
    "'g.24325.CDS.2063'": "'g.24325.CDS.548'",
    "'g.24325.CDS.2150'": "'g.24325.CDS.678'"
  },
  {
    "'g.24325.CDS.1415'": "'g.24325.CDS.290'",
    "'g.24325.CDS.2063'": "'g.24325.CDS.2090'",
    "'g.24325.CDS.2150'": "'g.24325.CDS.2453'"
  },
  {
    "'g.24325.CDS.1415'": "'g.24325.CDS.1205'",
    "'g.24325.CDS.2063'": "'g.24325.CDS.2225'",
    "'g.24325.CDS.2150'": "'g.24325.CDS.2428'"
  },
  {
    "'g.24325.CDS.1415'": "'g.24325.CDS.780'",
    "'g.24325.CDS.2063'": "'g.24325.CDS.2090'",
    "'g.24325.CDS.2150'": "'g.24325.CDS.2453'"
  },
  {
    "'g.24325.CDS.1415'": "'g.24325.CDS.2050'",
    "'g.24325.CDS.2063'": "'g.24325.CDS.1508'",
    "'g.24325.CDS.2150'": "'g.24325.CDS.1813'"
  },
  {
    "'g.24325.CDS.1415'": "'g.24325.CDS.2558'",
    "'g.24325.CDS.2063'": "'g.24325.CDS.591'",
    "'g.24325.CDS.2150'": "'g.24325.CDS.2218'"
  },
  {
    "'g.24325.CDS.1415'": "'g.24325.CDS.1727'",
    "'g.24325.CDS.2063'": "'g.24325.CDS.2106'",
    "'g.24325.CDS.2150'": "'g.24325.CDS.2424'"
  }
]