ECOK1_3240,ECOK1_1013
ECOK1_1013,ECOK1_4315
ECOK1_1013,ECOK1_0434
ECOK1_3618,ECOK1_3081
ECOK1_0078,ECOK1_4123
ECOK1_0078,ECOK1_4124
ECOK1_4123,ECOK1_0079
ECOK1_0079,ECOK1_4124
ECOK1_1967,ECOK1_2796
ECOK1_1491,ECOK1_0120
ECOK1_1197,ECOK1_4528
ECOK1_0456,ECOK1_2866
ECOK1_0456,ECOK1_1360
ECOK1_0456,ECOK1_4607
ECOK1_0359,ECOK1_0093
ECOK1_1336,ECOK1_4543
ECOK1_2895,ECOK1_3299
ECOK1_2895,ECOK1_4955
ECOK1_3490,ECOK1_4528
ECOK1_0674,ECOK1_4193
ECOK1_0002,ECOK1_4408
ECOK1_1710,ECOK1_0158
ECOK1_2751,ECOK1_4338
ECOK1_3424,ECOK1_1740
ECOK1_2731,ECOK1_2737
ECOK1_0977,ECOK1_0172
ECOK1_3386,ECOK1_3389
ECOK1_3386,ECOK1_3390
ECOK1_3386,ECOK1_3391
ECOK1_0047,ECOK1_1725
ECOK1_0100,ECOK1_1984
ECOK1_3310,ECOK1_1898
ECOK1_1881,ECOK1_3633
ECOK1_1881,ECOK1_3634
ECOK1_2259,ECOK1_3799
ECOK1_3932,ECOK1_0912
ECOK1_0261,ECOK1_2853
ECOK1_3252,ECOK1_2853
ECOK1_3254,ECOK1_2853
ECOK1_3253,ECOK1_2853
ECOK1_2878,ECOK1_1800
ECOK1_2878,ECOK1_1803
ECOK1_2878,ECOK1_1802
ECOK1_2878,ECOK1_1799
ECOK1_2878,ECOK1_1801
ECOK1_2878,ECOK1_1804
ECOK1_2877,ECOK1_1800
ECOK1_2877,ECOK1_1803
ECOK1_2877,ECOK1_1802
ECOK1_2877,ECOK1_1799
ECOK1_2877,ECOK1_1801
ECOK1_2877,ECOK1_1804
ECOK1_4496,ECOK1_4279
ECOK1_2738,ECOK1_0765
ECOK1_2738,ECOK1_0764
ECOK1_2738,ECOK1_0766
ECOK1_0765,ECOK1_2740
ECOK1_0765,ECOK1_2739
ECOK1_0764,ECOK1_2740
ECOK1_0764,ECOK1_2739
ECOK1_2740,ECOK1_0766
ECOK1_0766,ECOK1_2739
ECOK1_3406,ECOK1_4176
ECOK1_3406,ECOK1_4177
ECOK1_3406,ECOK1_4175
ECOK1_3406,ECOK1_4174
ECOK1_1360,ECOK1_4607
ECOK1_1812,ECOK1_3701
ECOK1_3803,ECOK1_0367
ECOK1_3544,ECOK1_4220
