ECOK1_1013,ECOK1_0244,ECOK1_4271
ECOK1_4574,ECOK1_0725,ECOK1_0728
ECOK1_4574,ECOK1_0725,ECOK1_0727
ECOK1_4574,ECOK1_0726,ECOK1_0728
ECOK1_4574,ECOK1_0726,ECOK1_0727
ECOK1_4574,ECOK1_0118,ECOK1_0728
ECOK1_4574,ECOK1_0118,ECOK1_0727
ECOK1_0456,ECOK1_3793,ECOK1_4949
ECOK1_0725,ECOK1_3304,ECOK1_0728
ECOK1_0725,ECOK1_3304,ECOK1_0727
ECOK1_0726,ECOK1_3304,ECOK1_0728
ECOK1_0726,ECOK1_3304,ECOK1_0727
ECOK1_0118,ECOK1_2895,ECOK1_0512
ECOK1_0118,ECOK1_3304,ECOK1_0728
ECOK1_0118,ECOK1_3304,ECOK1_0727
ECOK1_0118,ECOK1_0512,ECOK1_3299
ECOK1_0118,ECOK1_0512,ECOK1_4955
ECOK1_2895,ECOK1_0872,ECOK1_4061
ECOK1_2895,ECOK1_0872,ECOK1_4060
ECOK1_2895,ECOK1_3289,ECOK1_0512
ECOK1_2895,ECOK1_3290,ECOK1_0512
ECOK1_2895,ECOK1_3291,ECOK1_0512
ECOK1_2895,ECOK1_4492,ECOK1_4428
ECOK1_2895,ECOK1_4428,ECOK1_0722
ECOK1_2895,ECOK1_4428,ECOK1_0724
ECOK1_2895,ECOK1_4428,ECOK1_0723
ECOK1_2895,ECOK1_4428,ECOK1_0721
ECOK1_2523,ECOK1_2695,ECOK1_4019
ECOK1_4603,ECOK1_3799,ECOK1_3300
ECOK1_0498,ECOK1_4492,ECOK1_4428
ECOK1_0498,ECOK1_4428,ECOK1_0722
ECOK1_0498,ECOK1_4428,ECOK1_0724
ECOK1_0498,ECOK1_4428,ECOK1_0723
ECOK1_0498,ECOK1_4428,ECOK1_0721
ECOK1_0494,ECOK1_4492,ECOK1_4428
ECOK1_0494,ECOK1_4428,ECOK1_0722
ECOK1_0494,ECOK1_4428,ECOK1_0724
ECOK1_0494,ECOK1_4428,ECOK1_0723
ECOK1_0494,ECOK1_4428,ECOK1_0721
ECOK1_4185,ECOK1_1898,ECOK1_1968
ECOK1_4185,ECOK1_1898,ECOK1_1969
ECOK1_4185,ECOK1_1898,ECOK1_4387
ECOK1_4185,ECOK1_1968,ECOK1_3309
ECOK1_4185,ECOK1_1969,ECOK1_3309
ECOK1_4185,ECOK1_3309,ECOK1_4387
ECOK1_4187,ECOK1_1898,ECOK1_1968
ECOK1_4187,ECOK1_1898,ECOK1_1969
ECOK1_4187,ECOK1_1898,ECOK1_4387
ECOK1_4187,ECOK1_1968,ECOK1_3309
ECOK1_4187,ECOK1_1969,ECOK1_3309
ECOK1_4187,ECOK1_3309,ECOK1_4387
ECOK1_4184,ECOK1_1898,ECOK1_1968
ECOK1_4184,ECOK1_1898,ECOK1_1969
ECOK1_4184,ECOK1_1898,ECOK1_4387
ECOK1_4184,ECOK1_1968,ECOK1_3309
ECOK1_4184,ECOK1_1969,ECOK1_3309
ECOK1_4184,ECOK1_3309,ECOK1_4387
ECOK1_4183,ECOK1_1898,ECOK1_1968
ECOK1_4183,ECOK1_1898,ECOK1_1969
ECOK1_4183,ECOK1_1898,ECOK1_4387
ECOK1_4183,ECOK1_1968,ECOK1_3309
ECOK1_4183,ECOK1_1969,ECOK1_3309
ECOK1_4183,ECOK1_3309,ECOK1_4387
ECOK1_4182,ECOK1_1898,ECOK1_1968
ECOK1_4182,ECOK1_1898,ECOK1_1969
ECOK1_4182,ECOK1_1898,ECOK1_4387
ECOK1_4182,ECOK1_1968,ECOK1_3309
ECOK1_4182,ECOK1_1969,ECOK1_3309
ECOK1_4182,ECOK1_3309,ECOK1_4387
ECOK1_4180,ECOK1_1898,ECOK1_1968
ECOK1_4180,ECOK1_1898,ECOK1_1969
ECOK1_4180,ECOK1_1898,ECOK1_4387
ECOK1_4180,ECOK1_1968,ECOK1_3309
ECOK1_4180,ECOK1_1969,ECOK1_3309
ECOK1_4180,ECOK1_3309,ECOK1_4387
ECOK1_4181,ECOK1_1898,ECOK1_1968
ECOK1_4181,ECOK1_1898,ECOK1_1969
ECOK1_4181,ECOK1_1898,ECOK1_4387
ECOK1_4181,ECOK1_1968,ECOK1_3309
ECOK1_4181,ECOK1_1969,ECOK1_3309
ECOK1_4181,ECOK1_3309,ECOK1_4387
ECOK1_4186,ECOK1_1898,ECOK1_1968
ECOK1_4186,ECOK1_1898,ECOK1_1969
ECOK1_4186,ECOK1_1898,ECOK1_4387
ECOK1_4186,ECOK1_1968,ECOK1_3309
ECOK1_4186,ECOK1_1969,ECOK1_3309
ECOK1_4186,ECOK1_3309,ECOK1_4387
ECOK1_4266,ECOK1_4759,ECOK1_3906
ECOK1_4266,ECOK1_4759,ECOK1_3908
ECOK1_4266,ECOK1_4759,ECOK1_3909
ECOK1_4266,ECOK1_4759,ECOK1_3907
ECOK1_4266,ECOK1_4759,ECOK1_3905
ECOK1_0333,ECOK1_0977,ECOK1_3123
ECOK1_0754,ECOK1_1824,ECOK1_2946
ECOK1_2926,ECOK1_4226,ECOK1_3932
ECOK1_1730,ECOK1_1728,ECOK1_4428
ECOK1_1898,ECOK1_4492,ECOK1_1822
ECOK1_1898,ECOK1_1822,ECOK1_0722
ECOK1_1898,ECOK1_1822,ECOK1_0724
ECOK1_1898,ECOK1_1822,ECOK1_0723
ECOK1_1898,ECOK1_1822,ECOK1_0721
ECOK1_3153,ECOK1_3817,ECOK1_1822
ECOK1_3289,ECOK1_0512,ECOK1_3299
ECOK1_3289,ECOK1_0512,ECOK1_4955
ECOK1_3290,ECOK1_0512,ECOK1_3299
ECOK1_3290,ECOK1_0512,ECOK1_4955
ECOK1_3291,ECOK1_0512,ECOK1_3299
ECOK1_3291,ECOK1_0512,ECOK1_4955
ECOK1_3932,ECOK1_2470,ECOK1_4754
ECOK1_3932,ECOK1_2469,ECOK1_4754
ECOK1_3252,ECOK1_4492,ECOK1_4428
ECOK1_3252,ECOK1_4428,ECOK1_0722
ECOK1_3252,ECOK1_4428,ECOK1_0724
ECOK1_3252,ECOK1_4428,ECOK1_0723
ECOK1_3252,ECOK1_4428,ECOK1_0721
ECOK1_3254,ECOK1_4492,ECOK1_4428
ECOK1_3254,ECOK1_4428,ECOK1_0722
ECOK1_3254,ECOK1_4428,ECOK1_0724
ECOK1_3254,ECOK1_4428,ECOK1_0723
ECOK1_3254,ECOK1_4428,ECOK1_0721
ECOK1_3253,ECOK1_4492,ECOK1_4428
ECOK1_3253,ECOK1_4428,ECOK1_0722
ECOK1_3253,ECOK1_4428,ECOK1_0724
ECOK1_3253,ECOK1_4428,ECOK1_0723
ECOK1_3253,ECOK1_4428,ECOK1_0721
ECOK1_4492,ECOK1_0512,ECOK1_4428
ECOK1_4492,ECOK1_3299,ECOK1_4428
ECOK1_4492,ECOK1_3309,ECOK1_1822
ECOK1_4492,ECOK1_4428,ECOK1_4955
ECOK1_4492,ECOK1_4428,ECOK1_0488
ECOK1_4491,ECOK1_3387,ECOK1_4428
ECOK1_3809,ECOK1_0151,ECOK1_2867
ECOK1_4385,ECOK1_0765,ECOK1_2741
ECOK1_4385,ECOK1_2741,ECOK1_0764
ECOK1_4385,ECOK1_2741,ECOK1_0766
ECOK1_0512,ECOK1_3541,ECOK1_4423
ECOK1_0512,ECOK1_3541,ECOK1_4424
ECOK1_0512,ECOK1_0925,ECOK1_4423
ECOK1_0512,ECOK1_0925,ECOK1_4424
ECOK1_0512,ECOK1_4428,ECOK1_0722
ECOK1_0512,ECOK1_4428,ECOK1_0724
ECOK1_0512,ECOK1_4428,ECOK1_0723
ECOK1_0512,ECOK1_4428,ECOK1_0721
ECOK1_1493,ECOK1_0843,ECOK1_3488
ECOK1_3299,ECOK1_4428,ECOK1_0722
ECOK1_3299,ECOK1_4428,ECOK1_0724
ECOK1_3299,ECOK1_4428,ECOK1_0723
ECOK1_3299,ECOK1_4428,ECOK1_0721
ECOK1_3309,ECOK1_1822,ECOK1_0722
ECOK1_3309,ECOK1_1822,ECOK1_0724
ECOK1_3309,ECOK1_1822,ECOK1_0723
ECOK1_3309,ECOK1_1822,ECOK1_0721
ECOK1_4428,ECOK1_4955,ECOK1_0722
ECOK1_4428,ECOK1_4955,ECOK1_0724
ECOK1_4428,ECOK1_4955,ECOK1_0723
ECOK1_4428,ECOK1_4955,ECOK1_0721
ECOK1_4428,ECOK1_0722,ECOK1_0488
ECOK1_4428,ECOK1_0724,ECOK1_0488
ECOK1_4428,ECOK1_0723,ECOK1_0488
ECOK1_4428,ECOK1_0721,ECOK1_0488
ECOK1_3793,ECOK1_4949,ECOK1_1360
ECOK1_2470,ECOK1_3043,ECOK1_4754
ECOK1_2470,ECOK1_3044,ECOK1_4754
ECOK1_2469,ECOK1_3043,ECOK1_4754
ECOK1_2469,ECOK1_3044,ECOK1_4754
ECOK1_3043,ECOK1_4754,ECOK1_0912
ECOK1_3044,ECOK1_4754,ECOK1_0912
