[
  {
    "'Z0192'": "'Z1732'"
  },
  {
    "'Z0192'": "'Z3586'"
  },
  {
    "'Z0192'": "'Z0004'"
  },
  {
    "'Z0192'": "'Z0170'"
  },
  {
    "'Z0192'": "'Z1733'"
  },
  {
    "'Z0192'": "'s0001'"
  },
  {
    "'Z0192'": "'Z4616'"
  },
  {
    "'Z0192'": "'Z4615'"
  },
  {
    "'Z0192'": "'Z0197'"
  },
  {
    "'Z0192'": "'Z3578'"
  },
  {
    "'Z0192'": "'Z5517'"
  },
  {
    "'Z0192'": "'Z4135'"
  },
  {
    "'Z0192'": "'Z1730'"
  },
  {
    "'Z0192'": "'Z5515'"
  },
  {
    "'Z0192'": "'Z4563'"
  },
  {
    "'Z0192'": "'Z4562'"
  },
  {
    "'Z0192'": "'Z4564'"
  },
  {
    "'Z0192'": "'Z5873'"
  },
  {
    "'Z0192'": "'Z5874'"
  },
  {
    "'Z0192'": "'Z4720'"
  },
  {
    "'Z0192'": "'Z1735'"
  },
  {
    "'Z0192'": "'Z4721'"
  },
  {
    "'Z0192'": "'Z2855'"
  },
  {
    "'Z0192'": "'Z4058'"
  },
  {
    "'Z0192'": "'Z1860'"
  },
  {
    "'Z0192'": "'Z5784'"
  },
  {
    "'Z0192'": "'Z4372'"
  },
  {
    "'Z0192'": "'Z5516'"
  },
  {
    "'Z0192'": "'Z5583'"
  },
  {
    "'Z0192'": "'Z0677'"
  },
  {
    "'Z0192'": "'Z0678'"
  },
  {
    "'Z0192'": "'Z0993'"
  },
  {
    "'Z0192'": "'Z5569'"
  },
  {
    "'Z0192'": "'Z2548'"
  },
  {
    "'Z0192'": "'Z2546m'"
  },
  {
    "'Z0192'": "'Z0995'"
  },
  {
    "'Z0192'": "'Z0515'"
  },
  {
    "'Z0192'": "'Z5518'"
  },
  {
    "'Z0192'": "'Z4534'"
  },
  {
    "'Z0192'": "'Z4797'"
  },
  {
    "'Z0192'": "'Z0142'"
  },
  {
    "'Z0192'": "'Z5856'"
  },
  {
    "'Z0192'": "'Z3856'"
  },
  {
    "'Z0192'": "'Z1275'"
  },
  {
    "'Z0192'": "'Z3181'"
  },
  {
    "'Z0192'": "'Z1050'"
  },
  {
    "'Z0192'": "'Z5389'"
  },
  {
    "'Z0192'": "'Z5825'"
  },
  {
    "'Z0192'": "'Z0994'"
  },
  {
    "'Z0192'": "'Z4559'"
  },
  {
    "'Z0192'": "'Z4397'"
  },
  {
    "'Z0192'": "'Z1979'"
  },
  {
    "'Z0192'": "'Z3892'"
  },
  {
    "'Z0192'": "'Z3891'"
  },
  {
    "'Z0192'": "'Z3592'"
  },
  {
    "'Z0192'": "'Z5638'"
  },
  {
    "'Z0192'": "'Z1260'"
  },
  {
    "'Z0192'": "'Z1000'"
  },
  {
    "'Z0192'": "'Z1002'"
  },
  {
    "'Z0192'": "'Z0873'"
  },
  {
    "'Z0192'": "'Z4095'"
  },
  {
    "'Z0192'": "'Z4156'"
  },
  {
    "'Z0192'": "'Z5326'"
  },
  {
    "'Z0192'": "'Z0186'"
  },
  {
    "'Z0192'": "'Z4399'"
  },
  {
    "'Z0192'": "'Z0997'"
  },
  {
    "'Z0192'": "'Z5074'"
  },
  {
    "'Z0192'": "'Z5282'"
  },
  {
    "'Z0192'": "'Z0036'"
  },
  {
    "'Z0192'": "'Z3737'"
  },
  {
    "'Z0192'": "'Z3577'"
  },
  {
    "'Z0192'": "'Z4411'"
  },
  {
    "'Z0192'": "'Z1699'"
  },
  {
    "'Z0192'": "'Z4539'"
  },
  {
    "'Z0192'": "'Z4742'"
  },
  {
    "'Z0192'": "'Z2721'"
  },
  {
    "'Z0192'": "'Z0524'"
  },
  {
    "'Z0192'": "'Z0034'"
  },
  {
    "'Z0192'": "'Z0113'"
  },
  {
    "'Z0192'": "'Z5285'"
  },
  {
    "'Z0192'": "'Z1737'"
  },
  {
    "'Z0192'": "'Z0184'"
  },
  {
    "'Z0192'": "'Z0523'"
  },
  {
    "'Z0192'": "'Z2512'"
  },
  {
    "'Z0192'": "'Z4073'"
  },
  {
    "'Z0192'": "'Z4074'"
  },
  {
    "'Z0192'": "'Z0592'"
  },
  {
    "'Z0192'": "'Z0029'"
  },
  {
    "'Z0192'": "'Z5228'"
  },
  {
    "'Z0192'": "'Z0165'"
  },
  {
    "'Z0192'": "'Z5035'"
  },
  {
    "'Z0192'": "'Z2306'"
  },
  {
    "'Z0192'": "'Z5227'"
  },
  {
    "'Z0192'": "'Z3574'"
  },
  {
    "'Z0192'": "'Z5528'"
  },
  {
    "'Z0192'": "'Z1981'"
  },
  {
    "'Z0192'": "'Z3665'"
  },
  {
    "'Z0192'": "'Z3771'"
  },
  {
    "'Z0192'": "'Z3409'"
  },
  {
    "'Z0192'": "'Z2531'"
  },
  {
    "'Z0192'": "'Z5639'"
  },
  {
    "'Z0192'": "'Z3182'"
  },
  {
    "'Z0192'": "'Z3184'"
  },
  {
    "'Z0192'": "'Z5319'"
  },
  {
    "'Z0192'": "'Z3267'"
  },
  {
    "'Z0192'": "'Z0153'"
  },
  {
    "'Z0192'": "'Z0003'"
  },
  {
    "'Z0192'": "'Z5599'"
  },
  {
    "'Z0192'": "'Z3183'"
  },
  {
    "'Z0192'": "'Z3797'"
  },
  {
    "'Z0192'": "'Z5323'"
  },
  {
    "'Z0192'": "'Z1865'"
  },
  {
    "'Z0192'": "'Z3185'"
  },
  {
    "'Z0192'": "'Z3187'"
  },
  {
    "'Z0192'": "'Z2549'"
  },
  {
    "'Z0192'": "'Z5281'"
  },
  {
    "'Z0192'": "'Z0082'"
  },
  {
    "'Z0192'": "'Z0081'"
  },
  {
    "'Z0192'": "'Z0080'"
  },
  {
    "'Z0192'": "'Z0083'"
  },
  {
    "'Z0192'": "'Z1264'"
  },
  {
    "'Z0192'": "'Z4561'"
  },
  {
    "'Z0192'": "'Z1986'"
  },
  {
    "'Z0192'": "'Z0194'"
  },
  {
    "'Z0192'": "'Z0996'"
  },
  {
    "'Z0192'": "'Z1731'"
  },
  {
    "'Z0192'": "'Z3778'"
  },
  {
    "'Z0192'": "'Z4054'"
  },
  {
    "'Z0192'": "'Z4055'"
  },
  {
    "'Z0192'": "'Z4287'"
  },
  {
    "'Z0192'": "'Z1003'"
  },
  {
    "'Z0192'": "'Z5057'"
  },
  {
    "'Z0192'": "'Z0145'"
  },
  {
    "'Z0192'": "'Z0009'"
  },
  {
    "'Z0192'": "'Z1707'"
  },
  {
    "'Z0192'": "'Z1004'"
  },
  {
    "'Z0192'": "'Z1049'"
  },
  {
    "'Z0192'": "'Z5496'"
  },
  {
    "'Z0192'": "'Z3908'"
  },
  {
    "'Z0192'": "'Z2770'"
  },
  {
    "'Z0192'": "'Z0786'"
  },
  {
    "'Z0192'": "'Z0119'"
  },
  {
    "'Z0192'": "'Z5866'"
  },
  {
    "'Z0192'": "'Z4550'"
  },
  {
    "'Z0192'": "'Z1253'"
  },
  {
    "'Z0192'": "'Z2525'"
  },
  {
    "'Z0192'": "'Z5364'"
  },
  {
    "'Z0192'": "'Z3573'"
  },
  {
    "'Z0192'": "'Z5066'"
  },
  {
    "'Z0192'": "'Z0482'"
  },
  {
    "'Z0192'": "'Z0144'"
  },
  {
    "'Z0192'": "'Z0097'"
  },
  {
    "'Z0192'": "'Z4072'"
  },
  {
    "'Z0192'": "'Z3845'"
  },
  {
    "'Z0192'": "'Z0061'"
  },
  {
    "'Z0192'": "'Z3582'"
  },
  {
    "'Z0192'": "'Z4538'"
  },
  {
    "'Z0192'": "'Z4767'"
  },
  {
    "'Z0192'": "'Z5545'"
  },
  {
    "'Z0192'": "'Z0468'"
  },
  {
    "'Z0192'": "'Z5063'"
  },
  {
    "'Z0192'": "'Z5372'"
  },
  {
    "'Z0192'": "'Z5582'"
  },
  {
    "'Z0192'": "'Z3762'"
  },
  {
    "'Z0192'": "'Z3188'"
  },
  {
    "'Z0192'": "'Z3735'"
  },
  {
    "'Z0192'": "'Z3835'"
  },
  {
    "'Z0192'": "'Z3186'"
  },
  {
    "'Z0192'": "'Z1254'"
  },
  {
    "'Z0192'": "'Z5766'"
  },
  {
    "'Z0192'": "'Z3870'"
  },
  {
    "'Z0192'": "'Z5058'"
  },
  {
    "'Z0192'": "'Z0919'"
  },
  {
    "'Z0192'": "'Z2688'"
  },
  {
    "'Z0192'": "'Z0516'"
  },
  {
    "'Z0192'": "'Z3988'"
  },
  {
    "'Z0192'": "'Z4059'"
  },
  {
    "'Z0192'": "'Z4060'"
  },
  {
    "'Z0192'": "'Z3730'"
  },
  {
    "'Z0192'": "'Z5034'"
  },
  {
    "'Z0192'": "'Z4729'"
  },
  {
    "'Z0192'": "'Z5494'"
  },
  {
    "'Z0192'": "'Z1261'"
  },
  {
    "'Z0192'": "'Z0176'"
  },
  {
    "'Z0192'": "'Z5566'"
  },
  {
    "'Z0192'": "'Z5567'"
  },
  {
    "'Z0192'": "'Z5564'"
  },
  {
    "'Z0192'": "'Z0526'"
  },
  {
    "'Z0192'": "'Z3721'"
  },
  {
    "'Z0192'": "'Z4144'"
  },
  {
    "'Z0192'": "'Z0519'"
  },
  {
    "'Z0192'": "'Z5568'"
  },
  {
    "'Z0192'": "'Z2550'"
  },
  {
    "'Z0192'": "'Z2551'"
  },
  {
    "'Z0192'": "'Z5565'"
  },
  {
    "'Z0192'": "'Z0191'"
  },
  {
    "'Z0192'": "'Z0095'"
  },
  {
    "'Z0192'": "'Z0193'"
  },
  {
    "'Z0192'": "'Z4552'"
  },
  {
    "'Z0192'": "'Z0100'"
  },
  {
    "'Z0192'": "'Z0098'"
  },
  {
    "'Z0192'": "'Z0101'"
  },
  {
    "'Z0192'": "'Z5543'"
  },
  {
    "'Z0192'": "'Z0185'"
  },
  {
    "'Z0192'": "'Z0096'"
  },
  {
    "'Z0192'": "'Z0106'"
  },
  {
    "'Z0192'": "'Z5318'"
  },
  {
    "'Z0192'": "'Z5572'"
  },
  {
    "'Z0192'": "'Z0679'"
  }
]