[
  {
    "'EcE24377A_0184'": "'EcE24377A_1214'"
  },
  {
    "'EcE24377A_0184'": "'EcE24377A_2618'"
  },
  {
    "'EcE24377A_0184'": "'EcE24377A_0003'"
  },
  {
    "'EcE24377A_0184'": "'EcE24377A_0164'"
  },
  {
    "'EcE24377A_0184'": "'EcE24377A_1215'"
  },
  {
    "'EcE24377A_0184'": "'s0001'"
  },
  {
    "'EcE24377A_0184'": "'EcE24377A_3739'"
  },
  {
    "'EcE24377A_0184'": "'EcE24377A_0189'"
  },
  {
    "'EcE24377A_0184'": "'EcE24377A_3740'"
  },
  {
    "'EcE24377A_0184'": "'EcE24377A_2610'"
  },
  {
    "'EcE24377A_0184'": "'EcE24377A_4498'"
  },
  {
    "'EcE24377A_0184'": "'EcE24377A_3138'"
  },
  {
    "'EcE24377A_0184'": "'EcE24377A_1212'"
  },
  {
    "'EcE24377A_0184'": "'EcE24377A_4496'"
  },
  {
    "'EcE24377A_0184'": "'EcE24377A_3687'"
  },
  {
    "'EcE24377A_0184'": "'EcE24377A_4835'"
  },
  {
    "'EcE24377A_0184'": "'EcE24377A_3689'"
  },
  {
    "'EcE24377A_0184'": "'EcE24377A_4834'"
  },
  {
    "'EcE24377A_0184'": "'EcE24377A_3688'"
  },
  {
    "'EcE24377A_0184'": "'EcE24377A_3829'"
  },
  {
    "'EcE24377A_0184'": "'EcE24377A_1217'"
  },
  {
    "'EcE24377A_0184'": "'EcE24377A_2040'"
  },
  {
    "'EcE24377A_0184'": "'EcE24377A_3830'"
  },
  {
    "'EcE24377A_0184'": "'EcE24377A_3051'"
  },
  {
    "'EcE24377A_0184'": "'EcE24377A_1294'"
  },
  {
    "'EcE24377A_0184'": "'EcE24377A_4736'"
  },
  {
    "'EcE24377A_0184'": "'EcE24377A_3486'"
  },
  {
    "'EcE24377A_0184'": "'EcE24377A_4497'"
  },
  {
    "'EcE24377A_0184'": "'EcE24377A_4550'"
  },
  {
    "'EcE24377A_0184'": "'EcE24377A_0560'"
  },
  {
    "'EcE24377A_0184'": "'EcE24377A_0562'"
  },
  {
    "'EcE24377A_0184'": "'EcE24377A_0837'"
  },
  {
    "'EcE24377A_0184'": "'EcE24377A_4536'"
  },
  {
    "'EcE24377A_0184'": "'EcE24377A_1462'"
  },
  {
    "'EcE24377A_0184'": "'EcE24377A_1463'"
  },
  {
    "'EcE24377A_0184'": "'EcE24377A_0839'"
  },
  {
    "'EcE24377A_0184'": "'EcE24377A_0445'"
  },
  {
    "'EcE24377A_0184'": "'EcE24377A_4499'"
  },
  {
    "'EcE24377A_0184'": "'EcE24377A_3657'"
  },
  {
    "'EcE24377A_0184'": "'EcE24377A_3912'"
  },
  {
    "'EcE24377A_0184'": "'EcE24377A_0133'"
  },
  {
    "'EcE24377A_0184'": "'EcE24377A_4818'"
  },
  {
    "'EcE24377A_0184'": "'EcE24377A_2862'"
  },
  {
    "'EcE24377A_0184'": "'EcE24377A_1027'"
  },
  {
    "'EcE24377A_0184'": "'EcE24377A_2310'"
  },
  {
    "'EcE24377A_0184'": "'EcE24377A_0898'"
  },
  {
    "'EcE24377A_0184'": "'EcE24377A_4374'"
  },
  {
    "'EcE24377A_0184'": "'EcE24377A_4785'"
  },
  {
    "'EcE24377A_0184'": "'EcE24377A_0838'"
  },
  {
    "'EcE24377A_0184'": "'EcE24377A_3684'"
  },
  {
    "'EcE24377A_0184'": "'EcE24377A_3504'"
  },
  {
    "'EcE24377A_0184'": "'EcE24377A_1356'"
  },
  {
    "'EcE24377A_0184'": "'EcE24377A_2883'"
  },
  {
    "'EcE24377A_0184'": "'EcE24377A_2884'"
  },
  {
    "'EcE24377A_0184'": "'EcE24377A_2624'"
  },
  {
    "'EcE24377A_0184'": "'EcE24377A_4592'"
  },
  {
    "'EcE24377A_0184'": "'EcE24377A_1012'"
  },
  {
    "'EcE24377A_0184'": "'EcE24377A_0846'"
  },
  {
    "'EcE24377A_0184'": "'EcE24377A_0844'"
  },
  {
    "'EcE24377A_0184'": "'EcE24377A_0747'"
  },
  {
    "'EcE24377A_0184'": "'EcE24377A_3084'"
  },
  {
    "'EcE24377A_0184'": "'EcE24377A_3158'"
  },
  {
    "'EcE24377A_0184'": "'EcE24377A_4328'"
  },
  {
    "'EcE24377A_0184'": "'EcE24377A_0179'"
  },
  {
    "'EcE24377A_0184'": "'EcE24377A_3506'"
  },
  {
    "'EcE24377A_0184'": "'EcE24377A_0841'"
  },
  {
    "'EcE24377A_0184'": "'EcE24377A_4151'"
  },
  {
    "'EcE24377A_0184'": "'EcE24377A_4282'"
  },
  {
    "'EcE24377A_0184'": "'EcE24377A_0031'"
  },
  {
    "'EcE24377A_0184'": "'EcE24377A_2760'"
  },
  {
    "'EcE24377A_0184'": "'EcE24377A_2609'"
  },
  {
    "'EcE24377A_0184'": "'EcE24377A_3521'"
  },
  {
    "'EcE24377A_0184'": "'EcE24377A_1185'"
  },
  {
    "'EcE24377A_0184'": "'EcE24377A_3662'"
  },
  {
    "'EcE24377A_0184'": "'EcE24377A_3859'"
  },
  {
    "'EcE24377A_0184'": "'EcE24377A_1909'"
  },
  {
    "'EcE24377A_0184'": "'EcE24377A_0452'"
  },
  {
    "'EcE24377A_0184'": "'EcE24377A_0029'"
  },
  {
    "'EcE24377A_0184'": "'EcE24377A_0105'"
  },
  {
    "'EcE24377A_0184'": "'EcE24377A_4285'"
  },
  {
    "'EcE24377A_0184'": "'EcE24377A_1219'"
  },
  {
    "'EcE24377A_0184'": "'EcE24377A_0177'"
  },
  {
    "'EcE24377A_0184'": "'EcE24377A_0451'"
  },
  {
    "'EcE24377A_0184'": "'EcE24377A_1494'"
  },
  {
    "'EcE24377A_0184'": "'EcE24377A_3065'"
  },
  {
    "'EcE24377A_0184'": "'EcE24377A_3066'"
  },
  {
    "'EcE24377A_0184'": "'EcE24377A_0515'"
  },
  {
    "'EcE24377A_0184'": "'EcE24377A_0025'"
  },
  {
    "'EcE24377A_0184'": "'EcE24377A_4245'"
  },
  {
    "'EcE24377A_0184'": "'EcE24377A_0159'"
  },
  {
    "'EcE24377A_0184'": "'EcE24377A_4112'"
  },
  {
    "'EcE24377A_0184'": "'EcE24377A_1596'"
  },
  {
    "'EcE24377A_0184'": "'EcE24377A_4244'"
  },
  {
    "'EcE24377A_0184'": "'EcE24377A_2606'"
  },
  {
    "'EcE24377A_0184'": "'EcE24377A_4508'"
  },
  {
    "'EcE24377A_0184'": "'EcE24377A_1358'"
  },
  {
    "'EcE24377A_0184'": "'EcE24377A_2689'"
  },
  {
    "'EcE24377A_0184'": "'EcE24377A_2791'"
  },
  {
    "'EcE24377A_0184'": "'EcE24377A_2449'"
  },
  {
    "'EcE24377A_0184'": "'EcE24377A_1479'"
  },
  {
    "'EcE24377A_0184'": "'EcE24377A_4593'"
  },
  {
    "'EcE24377A_0184'": "'EcE24377A_2311'"
  },
  {
    "'EcE24377A_0184'": "'EcE24377A_2313'"
  },
  {
    "'EcE24377A_0184'": "'EcE24377A_4320'"
  },
  {
    "'EcE24377A_0184'": "'EcE24377A_2391'"
  },
  {
    "'EcE24377A_0184'": "'EcE24377A_0146'"
  },
  {
    "'EcE24377A_0184'": "'EcE24377A_0002'"
  },
  {
    "'EcE24377A_0184'": "'EcE24377A_4555'"
  },
  {
    "'EcE24377A_0184'": "'EcE24377A_2312'"
  },
  {
    "'EcE24377A_0184'": "'EcE24377A_2815'"
  },
  {
    "'EcE24377A_0184'": "'EcE24377A_4322'"
  },
  {
    "'EcE24377A_0184'": "'EcE24377A_1299'"
  },
  {
    "'EcE24377A_0184'": "'EcE24377A_2316'"
  },
  {
    "'EcE24377A_0184'": "'EcE24377A_2314'"
  },
  {
    "'EcE24377A_0184'": "'EcE24377A_1461'"
  },
  {
    "'EcE24377A_0184'": "'EcE24377A_4281'"
  },
  {
    "'EcE24377A_0184'": "'EcE24377A_0076'"
  },
  {
    "'EcE24377A_0184'": "'EcE24377A_0075'"
  },
  {
    "'EcE24377A_0184'": "'EcE24377A_0074'"
  },
  {
    "'EcE24377A_0184'": "'EcE24377A_0077'"
  },
  {
    "'EcE24377A_0184'": "'EcE24377A_1016'"
  },
  {
    "'EcE24377A_0184'": "'EcE24377A_3686'"
  },
  {
    "'EcE24377A_0184'": "'EcE24377A_1363'"
  },
  {
    "'EcE24377A_0184'": "'EcE24377A_0186'"
  },
  {
    "'EcE24377A_0184'": "'EcE24377A_0840'"
  },
  {
    "'EcE24377A_0184'": "'EcE24377A_1213'"
  },
  {
    "'EcE24377A_0184'": "'EcE24377A_2799'"
  },
  {
    "'EcE24377A_0184'": "'EcE24377A_3047'"
  },
  {
    "'EcE24377A_0184'": "'EcE24377A_3048'"
  },
  {
    "'EcE24377A_0184'": "'EcE24377A_3284'"
  },
  {
    "'EcE24377A_0184'": "'EcE24377A_0847'"
  },
  {
    "'EcE24377A_0184'": "'EcE24377A_4134'"
  },
  {
    "'EcE24377A_0184'": "'EcE24377A_0137'"
  },
  {
    "'EcE24377A_0184'": "'EcE24377A_0009'"
  },
  {
    "'EcE24377A_0184'": "'EcE24377A_1192'"
  },
  {
    "'EcE24377A_0184'": "'EcE24377A_0848'"
  },
  {
    "'EcE24377A_0184'": "'EcE24377A_0897'"
  },
  {
    "'EcE24377A_0184'": "'EcE24377A_4481'"
  },
  {
    "'EcE24377A_0184'": "'EcE24377A_2899'"
  },
  {
    "'EcE24377A_0184'": "'EcE24377A_1961'"
  },
  {
    "'EcE24377A_0184'": "'EcE24377A_0665'"
  },
  {
    "'EcE24377A_0184'": "'EcE24377A_0111'"
  },
  {
    "'EcE24377A_0184'": "'EcE24377A_4825'"
  },
  {
    "'EcE24377A_0184'": "'EcE24377A_3673'"
  },
  {
    "'EcE24377A_0184'": "'EcE24377A_1004'"
  },
  {
    "'EcE24377A_0184'": "'EcE24377A_1484'"
  },
  {
    "'EcE24377A_0184'": "'EcE24377A_2605'"
  },
  {
    "'EcE24377A_0184'": "'EcE24377A_4362'"
  },
  {
    "'EcE24377A_0184'": "'EcE24377A_4143'"
  },
  {
    "'EcE24377A_0184'": "'EcE24377A_0413'"
  },
  {
    "'EcE24377A_0184'": "'EcE24377A_0136'"
  },
  {
    "'EcE24377A_0184'": "'EcE24377A_0089'"
  },
  {
    "'EcE24377A_0184'": "'EcE24377A_3064'"
  },
  {
    "'EcE24377A_0184'": "'EcE24377A_2850'"
  },
  {
    "'EcE24377A_0184'": "'EcE24377A_0056'"
  },
  {
    "'EcE24377A_0184'": "'EcE24377A_2614'"
  },
  {
    "'EcE24377A_0184'": "'EcE24377A_3661'"
  },
  {
    "'EcE24377A_0184'": "'EcE24377A_3887'"
  },
  {
    "'EcE24377A_0184'": "'EcE24377A_4513'"
  },
  {
    "'EcE24377A_0184'": "'EcE24377A_0393'"
  },
  {
    "'EcE24377A_0184'": "'EcE24377A_4140'"
  },
  {
    "'EcE24377A_0184'": "'EcE24377A_4369'"
  },
  {
    "'EcE24377A_0184'": "'EcE24377A_4548'"
  },
  {
    "'EcE24377A_0184'": "'EcE24377A_2782'"
  },
  {
    "'EcE24377A_0184'": "'EcE24377A_2317'"
  },
  {
    "'EcE24377A_0184'": "'EcE24377A_2757'"
  },
  {
    "'EcE24377A_0184'": "'EcE24377A_2842'"
  },
  {
    "'EcE24377A_0184'": "'EcE24377A_2315'"
  },
  {
    "'EcE24377A_0184'": "'EcE24377A_1005'"
  },
  {
    "'EcE24377A_0184'": "'EcE24377A_4717'"
  },
  {
    "'EcE24377A_0184'": "'EcE24377A_2872'"
  },
  {
    "'EcE24377A_0184'": "'EcE24377A_4135'"
  },
  {
    "'EcE24377A_0184'": "'EcE24377A_0777'"
  },
  {
    "'EcE24377A_0184'": "'EcE24377A_1876'"
  },
  {
    "'EcE24377A_0184'": "'EcE24377A_0446'"
  },
  {
    "'EcE24377A_0184'": "'EcE24377A_2970'"
  },
  {
    "'EcE24377A_0184'": "'EcE24377A_3053'"
  },
  {
    "'EcE24377A_0184'": "'EcE24377A_3052'"
  },
  {
    "'EcE24377A_0184'": "'EcE24377A_2751'"
  },
  {
    "'EcE24377A_0184'": "'EcE24377A_4111'"
  },
  {
    "'EcE24377A_0184'": "'EcE24377A_3838'"
  },
  {
    "'EcE24377A_0184'": "'EcE24377A_4479'"
  },
  {
    "'EcE24377A_0184'": "'EcE24377A_1013'"
  },
  {
    "'EcE24377A_0184'": "'EcE24377A_0169'"
  },
  {
    "'EcE24377A_0184'": "'EcE24377A_0455'"
  },
  {
    "'EcE24377A_0184'": "'EcE24377A_4533'"
  },
  {
    "'EcE24377A_0184'": "'EcE24377A_4531'"
  },
  {
    "'EcE24377A_0184'": "'EcE24377A_4534'"
  },
  {
    "'EcE24377A_0184'": "'EcE24377A_2743'"
  },
  {
    "'EcE24377A_0184'": "'EcE24377A_3147'"
  },
  {
    "'EcE24377A_0184'": "'EcE24377A_0448'"
  },
  {
    "'EcE24377A_0184'": "'EcE24377A_4535'"
  },
  {
    "'EcE24377A_0184'": "'EcE24377A_1459'"
  },
  {
    "'EcE24377A_0184'": "'EcE24377A_1460'"
  },
  {
    "'EcE24377A_0184'": "'EcE24377A_4532'"
  },
  {
    "'EcE24377A_0184'": "'EcE24377A_0183'"
  },
  {
    "'EcE24377A_0184'": "'EcE24377A_0087'"
  },
  {
    "'EcE24377A_0184'": "'EcE24377A_0185'"
  },
  {
    "'EcE24377A_0184'": "'EcE24377A_3675'"
  },
  {
    "'EcE24377A_0184'": "'EcE24377A_0092'"
  },
  {
    "'EcE24377A_0184'": "'EcE24377A_0090'"
  },
  {
    "'EcE24377A_0184'": "'EcE24377A_0093'"
  },
  {
    "'EcE24377A_0184'": "'EcE24377A_4511'"
  },
  {
    "'EcE24377A_0184'": "'EcE24377A_0178'"
  },
  {
    "'EcE24377A_0184'": "'EcE24377A_0088'"
  },
  {
    "'EcE24377A_0184'": "'EcE24377A_0098'"
  },
  {
    "'EcE24377A_0184'": "'EcE24377A_4319'"
  },
  {
    "'EcE24377A_0184'": "'EcE24377A_4540'"
  },
  {
    "'EcE24377A_0184'": "'EcE24377A_0563'"
  }
]