[
  {
    "'Unknown'": "'g.2752.peg.1582'"
  },
  {
    "'Unknown'": "'g.2752.peg.1126'"
  },
  {
    "'Unknown'": "'645127.4.peg.729'"
  },
  {
    "'Unknown'": "'645127.4.peg.1848'"
  },
  {
    "'Unknown'": "'g.2752.peg.1048'"
  },
  {
    "'Unknown'": "'645127.4.peg.727'"
  },
  {
    "'Unknown'": "'645127.4.peg.1799'"
  },
  {
    "'Unknown'": "'645127.4.peg.1008'"
  },
  {
    "'Unknown'": "'g.2752.peg.628'"
  },
  {
    "'Unknown'": "'g.2752.peg.1038'"
  },
  {
    "'Unknown'": "'g.2752.peg.404'"
  },
  {
    "'Unknown'": "'g.2752.peg.532'"
  },
  {
    "'Unknown'": "'645127.4.peg.1006'"
  },
  {
    "'Unknown'": "'g.2752.peg.690'"
  },
  {
    "'Unknown'": "'g.2752.peg.1734'"
  },
  {
    "'Unknown'": "'645127.4.peg.476'"
  },
  {
    "'Unknown'": "'g.2752.peg.1722'"
  },
  {
    "'Unknown'": "'645127.4.peg.847'"
  },
  {
    "'Unknown'": "'g.2752.peg.558'"
  },
  {
    "'Unknown'": "'g.2752.peg.2191'"
  },
  {
    "'Unknown'": "'645127.4.peg.1169'"
  },
  {
    "'Unknown'": "'645127.4.peg.561'"
  },
  {
    "'Unknown'": "'g.2752.peg.1193'"
  },
  {
    "'Unknown'": "'g.2752.peg.1797'"
  },
  {
    "'Unknown'": "'g.2752.peg.1841'"
  },
  {
    "'Unknown'": "'g.2752.peg.739'"
  },
  {
    "'Unknown'": "'645127.4.peg.1441'"
  },
  {
    "'Unknown'": "'g.2752.peg.76'"
  },
  {
    "'Unknown'": "'645127.4.peg.726'"
  },
  {
    "'Unknown'": "'g.2752.peg.97'"
  },
  {
    "'Unknown'": "'g.2752.peg.1925'"
  },
  {
    "'Unknown'": "'645127.4.peg.713'"
  },
  {
    "'Unknown'": "'g.2752.peg.2143'"
  },
  {
    "'Unknown'": "'g.2752.peg.950'"
  },
  {
    "'Unknown'": "'645127.4.peg.1390'"
  },
  {
    "'Unknown'": "'645127.4.peg.1700'"
  },
  {
    "'Unknown'": "'645127.4.peg.1806'"
  },
  {
    "'Unknown'": "'645127.4.peg.589'"
  },
  {
    "'Unknown'": "'645127.4.peg.1015'"
  },
  {
    "'Unknown'": "'g.2752.peg.1343'"
  },
  {
    "'Unknown'": "'645127.4.peg.1235'"
  },
  {
    "'Unknown'": "'645127.4.peg.1005'"
  },
  {
    "'Unknown'": "'645127.4.peg.1007'"
  },
  {
    "'Unknown'": "'g.2752.peg.945'"
  },
  {
    "'Unknown'": "'g.2752.peg.999'"
  },
  {
    "'Unknown'": "'g.2752.peg.1375'"
  },
  {
    "'Unknown'": "'g.2752.peg.304'"
  },
  {
    "'Unknown'": "'g.2752.peg.1445'"
  },
  {
    "'Unknown'": "'g.2752.peg.1828'"
  },
  {
    "'Unknown'": "'645127.4.peg.989'"
  },
  {
    "'Unknown'": "'g.2752.peg.1695'"
  },
  {
    "'Unknown'": "'g.2752.peg.1942'"
  },
  {
    "'Unknown'": "'g.2752.peg.1547'"
  },
  {
    "'Unknown'": "'g.2752.peg.1557'"
  },
  {
    "'Unknown'": "'g.2752.peg.1157'"
  },
  {
    "'Unknown'": "'g.2752.peg.1878'"
  },
  {
    "'Unknown'": "'g.2752.peg.1272'"
  },
  {
    "'Unknown'": "'g.2752.peg.1585'"
  },
  {
    "'Unknown'": "'g.2752.peg.1060'"
  },
  {
    "'Unknown'": "'g.2752.peg.1110'"
  },
  {
    "'Unknown'": "'g.2752.peg.1145'"
  },
  {
    "'Unknown'": "'g.2752.peg.1313'"
  },
  {
    "'Unknown'": "'g.2752.peg.1468'"
  },
  {
    "'Unknown'": "'g.2752.peg.1506'"
  },
  {
    "'Unknown'": "'g.2752.peg.155'"
  },
  {
    "'Unknown'": "'g.2752.peg.1709'"
  },
  {
    "'Unknown'": "'g.2752.peg.1761'"
  },
  {
    "'Unknown'": "'g.2752.peg.2025'"
  },
  {
    "'Unknown'": "'g.2752.peg.2156'"
  },
  {
    "'Unknown'": "'g.2752.peg.637'"
  },
  {
    "'Unknown'": "'g.2752.peg.701'"
  },
  {
    "'Unknown'": "'g.2752.peg.809'"
  },
  {
    "'Unknown'": "'g.2752.peg.1087'"
  },
  {
    "'Unknown'": "'g.2752.peg.1103'"
  },
  {
    "'Unknown'": "'g.2752.peg.1108'"
  },
  {
    "'Unknown'": "'g.2752.peg.1190'"
  },
  {
    "'Unknown'": "'g.2752.peg.1196'"
  },
  {
    "'Unknown'": "'g.2752.peg.1204'"
  },
  {
    "'Unknown'": "'g.2752.peg.13'"
  },
  {
    "'Unknown'": "'g.2752.peg.1322'"
  },
  {
    "'Unknown'": "'g.2752.peg.1409'"
  },
  {
    "'Unknown'": "'g.2752.peg.1429'"
  },
  {
    "'Unknown'": "'g.2752.peg.143'"
  },
  {
    "'Unknown'": "'g.2752.peg.1487'"
  },
  {
    "'Unknown'": "'g.2752.peg.152'"
  },
  {
    "'Unknown'": "'g.2752.peg.1528'"
  },
  {
    "'Unknown'": "'g.2752.peg.1573'"
  },
  {
    "'Unknown'": "'g.2752.peg.1654'"
  },
  {
    "'Unknown'": "'g.2752.peg.1670'"
  },
  {
    "'Unknown'": "'g.2752.peg.1715'"
  },
  {
    "'Unknown'": "'g.2752.peg.1724'"
  },
  {
    "'Unknown'": "'g.2752.peg.176'"
  },
  {
    "'Unknown'": "'g.2752.peg.1854'"
  },
  {
    "'Unknown'": "'g.2752.peg.1870'"
  },
  {
    "'Unknown'": "'g.2752.peg.1875'"
  },
  {
    "'Unknown'": "'g.2752.peg.19'"
  },
  {
    "'Unknown'": "'g.2752.peg.20'"
  },
  {
    "'Unknown'": "'g.2752.peg.2051'"
  },
  {
    "'Unknown'": "'g.2752.peg.2080'"
  },
  {
    "'Unknown'": "'g.2752.peg.2137'"
  },
  {
    "'Unknown'": "'g.2752.peg.2150'"
  },
  {
    "'Unknown'": "'g.2752.peg.2175'"
  },
  {
    "'Unknown'": "'g.2752.peg.26'"
  },
  {
    "'Unknown'": "'g.2752.peg.296'"
  },
  {
    "'Unknown'": "'g.2752.peg.303'"
  },
  {
    "'Unknown'": "'g.2752.peg.32'"
  },
  {
    "'Unknown'": "'g.2752.peg.333'"
  },
  {
    "'Unknown'": "'g.2752.peg.343'"
  },
  {
    "'Unknown'": "'g.2752.peg.368'"
  },
  {
    "'Unknown'": "'g.2752.peg.391'"
  },
  {
    "'Unknown'": "'g.2752.peg.393'"
  },
  {
    "'Unknown'": "'g.2752.peg.418'"
  },
  {
    "'Unknown'": "'g.2752.peg.422'"
  },
  {
    "'Unknown'": "'g.2752.peg.428'"
  },
  {
    "'Unknown'": "'g.2752.peg.441'"
  },
  {
    "'Unknown'": "'g.2752.peg.456'"
  },
  {
    "'Unknown'": "'g.2752.peg.475'"
  },
  {
    "'Unknown'": "'g.2752.peg.479'"
  },
  {
    "'Unknown'": "'g.2752.peg.493'"
  },
  {
    "'Unknown'": "'g.2752.peg.497'"
  },
  {
    "'Unknown'": "'g.2752.peg.518'"
  },
  {
    "'Unknown'": "'g.2752.peg.535'"
  },
  {
    "'Unknown'": "'g.2752.peg.588'"
  },
  {
    "'Unknown'": "'g.2752.peg.629'"
  },
  {
    "'Unknown'": "'g.2752.peg.672'"
  },
  {
    "'Unknown'": "'g.2752.peg.70'"
  },
  {
    "'Unknown'": "'g.2752.peg.702'"
  },
  {
    "'Unknown'": "'g.2752.peg.748'"
  },
  {
    "'Unknown'": "'g.2752.peg.776'"
  },
  {
    "'Unknown'": "'g.2752.peg.79'"
  },
  {
    "'Unknown'": "'g.2752.peg.794'"
  },
  {
    "'Unknown'": "'g.2752.peg.808'"
  },
  {
    "'Unknown'": "'g.2752.peg.891'"
  },
  {
    "'Unknown'": "'g.2752.peg.917'"
  },
  {
    "'Unknown'": "'g.2752.peg.927'"
  },
  {
    "'Unknown'": "'g.2752.peg.929'"
  },
  {
    "'Unknown'": "'g.2752.peg.936'"
  },
  {
    "'Unknown'": "'g.2752.peg.938'"
  },
  {
    "'Unknown'": "'g.2752.peg.972'"
  },
  {
    "'Unknown'": "'g.2752.peg.973'"
  },
  {
    "'Unknown'": "'g.2752.peg.990'"
  },
  {
    "'Unknown'": "'g.2752.peg.992'"
  },
  {
    "'Unknown'": "'g.2752.peg.1527'"
  },
  {
    "'Unknown'": "'g.2752.peg.154'"
  },
  {
    "'Unknown'": "'g.2752.peg.1630'"
  },
  {
    "'Unknown'": "'g.2752.peg.1935'"
  },
  {
    "'Unknown'": "'g.2752.peg.235'"
  },
  {
    "'Unknown'": "'g.2752.peg.408'"
  },
  {
    "'Unknown'": "'g.2752.peg.869'"
  },
  {
    "'Unknown'": "'g.2752.peg.93'"
  }
]