[
  {
    "'ECs3693'": "'ECs1038'",
    "'ECs1038'": "'ECs4774'"
  },
  {
    "'ECs3693'": "'ECs1038'",
    "'ECs1038'": "'ECs0506'"
  },
  {
    "'ECs3693'": "'ECs4076'",
    "'ECs1038'": "'ECs3564'"
  },
  {
    "'ECs3693'": "'ECs0082'",
    "'ECs1038'": "'ECs4611'"
  },
  {
    "'ECs3693'": "'ECs0082'",
    "'ECs1038'": "'ECs4612'"
  },
  {
    "'ECs3693'": "'ECs4611'",
    "'ECs1038'": "'ECs0081'"
  },
  {
    "'ECs3693'": "'ECs0081'",
    "'ECs1038'": "'ECs4612'"
  },
  {
    "'ECs3693'": "'ECs2559'",
    "'ECs1038'": "'ECs3362'"
  },
  {
    "'ECs3693'": "'ECs1849'",
    "'ECs1038'": "'ECs0122'"
  },
  {
    "'ECs3693'": "'ECs1468'",
    "'ECs1038'": "'ECs5024'"
  },
  {
    "'ECs3693'": "'ECs0527'",
    "'ECs1038'": "'ECs3380'"
  },
  {
    "'ECs3693'": "'ECs0527'",
    "'ECs1038'": "'ECs5342'"
  },
  {
    "'ECs3693'": "'ECs0527'",
    "'ECs1038'": "'ECs1712'"
  },
  {
    "'ECs3693'": "'ECs0527'",
    "'ECs1038'": "'ECs5077'"
  },
  {
    "'ECs3693'": "'ECs0096'",
    "'ECs1038'": "'ECs0431'"
  },
  {
    "'ECs3693'": "'ECs1685'",
    "'ECs1038'": "'ECs5035'"
  },
  {
    "'ECs3693'": "'ECs3417'",
    "'ECs1038'": "'ECs3784'"
  },
  {
    "'ECs3693'": "'ECs3417'",
    "'ECs1038'": "'ECs5346'"
  },
  {
    "'ECs3693'": "'ECs3942'",
    "'ECs1038'": "'ECs5024'"
  },
  {
    "'ECs3693'": "'ECs0704'",
    "'ECs1038'": "'ECs4686'"
  },
  {
    "'ECs3693'": "'ECs4869'",
    "'ECs1038'": "'ECs0002'"
  },
  {
    "'ECs3693'": "'ECs0159'",
    "'ECs1038'": "'ECs2298'"
  },
  {
    "'ECs3693'": "'ECs3307'",
    "'ECs1038'": "'ECs4789'"
  },
  {
    "'ECs3693'": "'ECs3892'",
    "'ECs1038'": "'ECs2330'"
  },
  {
    "'ECs3693'": "'ECs3286'",
    "'ECs1038'": "'ECs3292'"
  },
  {
    "'ECs3693'": "'ECs0993'",
    "'ECs1038'": "'ECs0173'"
  },
  {
    "'ECs3693'": "'ECs0051'",
    "'ECs1038'": "'ECs2312'"
  },
  {
    "'ECs3693'": "'ECs0103'",
    "'ECs1038'": "'ECs2575'"
  },
  {
    "'ECs3693'": "'ECs3798'",
    "'ECs1038'": "'ECs2488'"
  },
  {
    "'ECs3693'": "'ECs1874'",
    "'ECs1038'": "'ECs4792'"
  },
  {
    "'ECs3693'": "'ECs2467'",
    "'ECs1038'": "'ECs4092'"
  },
  {
    "'ECs3693'": "'ECs2467'",
    "'ECs1038'": "'ECs4091'"
  },
  {
    "'ECs3693'": "'ECs2830'",
    "'ECs1038'": "'ECs4228'"
  },
  {
    "'ECs3693'": "'ECs4372'",
    "'ECs1038'": "'ECs0973'"
  },
  {
    "'ECs3693'": "'ECs0265'",
    "'ECs1038'": "'ECs3370'"
  },
  {
    "'ECs3693'": "'ECs0130'",
    "'ECs1038'": "'ECs0392'"
  },
  {
    "'ECs3693'": "'ECs3741'",
    "'ECs1038'": "'ECs3370'"
  },
  {
    "'ECs3693'": "'ECs3740'",
    "'ECs1038'": "'ECs3370'"
  },
  {
    "'ECs3693'": "'ECs3739'",
    "'ECs1038'": "'ECs3370'"
  },
  {
    "'ECs3693'": "'ECs3395'",
    "'ECs1038'": "'ECs2388'"
  },
  {
    "'ECs3693'": "'ECs3395'",
    "'ECs1038'": "'ECs2386'"
  },
  {
    "'ECs3693'": "'ECs3395'",
    "'ECs1038'": "'ECs2390'"
  },
  {
    "'ECs3693'": "'ECs3395'",
    "'ECs1038'": "'ECs2389'"
  },
  {
    "'ECs3693'": "'ECs3395'",
    "'ECs1038'": "'ECs2387'"
  },
  {
    "'ECs3693'": "'ECs3395'",
    "'ECs1038'": "'ECs2391'"
  },
  {
    "'ECs3693'": "'ECs3394'",
    "'ECs1038'": "'ECs2388'"
  },
  {
    "'ECs3693'": "'ECs3394'",
    "'ECs1038'": "'ECs2386'"
  },
  {
    "'ECs3693'": "'ECs3394'",
    "'ECs1038'": "'ECs2390'"
  },
  {
    "'ECs3693'": "'ECs3394'",
    "'ECs1038'": "'ECs2389'"
  },
  {
    "'ECs3693'": "'ECs3394'",
    "'ECs1038'": "'ECs2387'"
  },
  {
    "'ECs3693'": "'ECs3394'",
    "'ECs1038'": "'ECs2391'"
  },
  {
    "'ECs3693'": "'ECs4932'",
    "'ECs1038'": "'ECs4885'"
  },
  {
    "'ECs3693'": "'ECs4759'",
    "'ECs1038'": "'ECs4937'"
  },
  {
    "'ECs3693'": "'ECs0792'",
    "'ECs1038'": "'ECs3295'"
  },
  {
    "'ECs3693'": "'ECs0792'",
    "'ECs1038'": "'ECs3293'"
  },
  {
    "'ECs3693'": "'ECs0792'",
    "'ECs1038'": "'ECs3294'"
  },
  {
    "'ECs3693'": "'ECs0793'",
    "'ECs1038'": "'ECs3295'"
  },
  {
    "'ECs3693'": "'ECs0793'",
    "'ECs1038'": "'ECs3293'"
  },
  {
    "'ECs3693'": "'ECs0793'",
    "'ECs1038'": "'ECs3294'"
  },
  {
    "'ECs3693'": "'ECs3295'",
    "'ECs1038'": "'ECs0791'"
  },
  {
    "'ECs3693'": "'ECs3293'",
    "'ECs1038'": "'ECs0791'"
  },
  {
    "'ECs3693'": "'ECs3294'",
    "'ECs1038'": "'ECs0791'"
  },
  {
    "'ECs3693'": "'ECs5342'",
    "'ECs1038'": "'ECs1712'"
  },
  {
    "'ECs3693'": "'ECs1712'",
    "'ECs1038'": "'ECs5077'"
  },
  {
    "'ECs3693'": "'ECs2399'",
    "'ECs1038'": "'ECs4147'"
  },
  {
    "'ECs3693'": "'ECs4228'",
    "'ECs1038'": "'ECs3785'"
  },
  {
    "'ECs3693'": "'ECs0438'",
    "'ECs1038'": "'ECs4232'"
  },
  {
    "'ECs3693'": "'ECs3997'",
    "'ECs1038'": "'ECs4706'"
  }
]