[
  {
    "'525258.3.peg.525'": "'525258.3.peg.3042'"
  },
  {
    "'525258.3.peg.525'": "'525258.3.peg.721'"
  },
  {
    "'525258.3.peg.525'": "'525258.3.peg.2969'"
  },
  {
    "'525258.3.peg.525'": "'525258.3.peg.2279'"
  },
  {
    "'525258.3.peg.525'": "'525258.3.peg.623'"
  },
  {
    "'525258.3.peg.525'": "'525258.3.peg.1450'"
  },
  {
    "'525258.3.peg.525'": "'525258.3.peg.1452'"
  },
  {
    "'525258.3.peg.525'": "'525258.3.peg.1245'"
  },
  {
    "'525258.3.peg.525'": "'525258.3.peg.3176'"
  },
  {
    "'525258.3.peg.525'": "'525258.3.peg.2477'"
  },
  {
    "'525258.3.peg.525'": "'525258.3.peg.3254'"
  },
  {
    "'525258.3.peg.525'": "'525258.3.peg.2770'"
  },
  {
    "'525258.3.peg.525'": "'525258.3.peg.3174'"
  },
  {
    "'525258.3.peg.525'": "'525258.3.peg.3063'"
  },
  {
    "'525258.3.peg.525'": "'525258.3.peg.619'"
  },
  {
    "'525258.3.peg.525'": "'525258.3.peg.3390'"
  },
  {
    "'525258.3.peg.525'": "'525258.3.peg.86'"
  },
  {
    "'525258.3.peg.525'": "'525258.3.peg.2768'"
  },
  {
    "'525258.3.peg.525'": "'525258.3.peg.3393'"
  },
  {
    "'525258.3.peg.525'": "'525258.3.peg.3394'"
  },
  {
    "'525258.3.peg.525'": "'525258.3.peg.147'"
  },
  {
    "'525258.3.peg.525'": "'525258.3.peg.3316'"
  },
  {
    "'525258.3.peg.525'": "'525258.3.peg.1514'"
  },
  {
    "'525258.3.peg.525'": "'525258.3.peg.1388'"
  },
  {
    "'525258.3.peg.525'": "'525258.3.peg.2049'"
  },
  {
    "'525258.3.peg.525'": "'525258.3.peg.612'"
  },
  {
    "'525258.3.peg.525'": "'525258.3.peg.1454'"
  },
  {
    "'525258.3.peg.525'": "'525258.3.peg.576'"
  },
  {
    "'525258.3.peg.525'": "'525258.3.peg.1485'"
  },
  {
    "'525258.3.peg.525'": "'525258.3.peg.3028'"
  },
  {
    "'525258.3.peg.525'": "'525258.3.peg.2610'"
  },
  {
    "'525258.3.peg.525'": "'525258.3.peg.1377'"
  },
  {
    "'525258.3.peg.525'": "'525258.3.peg.154'"
  },
  {
    "'525258.3.peg.525'": "'525258.3.peg.1391'"
  },
  {
    "'525258.3.peg.525'": "'525258.3.peg.1389'"
  },
  {
    "'525258.3.peg.525'": "'525258.3.peg.580'"
  },
  {
    "'525258.3.peg.525'": "'525258.3.peg.971'"
  },
  {
    "'525258.3.peg.525'": "'525258.3.peg.1387'"
  },
  {
    "'525258.3.peg.525'": "'525258.3.peg.2787'"
  },
  {
    "'525258.3.peg.525'": "'525258.3.peg.2878'"
  },
  {
    "'525258.3.peg.525'": "'525258.3.peg.2879'"
  },
  {
    "'525258.3.peg.525'": "'525258.3.peg.1455'"
  },
  {
    "'525258.3.peg.525'": "'525258.3.peg.1566'"
  },
  {
    "'525258.3.peg.525'": "'525258.3.peg.1650'"
  },
  {
    "'525258.3.peg.525'": "'525258.3.peg.2709'"
  },
  {
    "'525258.3.peg.525'": "'525258.3.peg.2925'"
  },
  {
    "'525258.3.peg.525'": "'525258.3.peg.3072'"
  },
  {
    "'525258.3.peg.525'": "'525258.3.peg.3082'"
  },
  {
    "'525258.3.peg.525'": "'525258.3.peg.3083'"
  },
  {
    "'525258.3.peg.525'": "'525258.3.peg.3104'"
  },
  {
    "'525258.3.peg.525'": "'525258.3.peg.3129'"
  },
  {
    "'525258.3.peg.525'": "'525258.3.peg.3444'"
  },
  {
    "'525258.3.peg.525'": "'525258.3.peg.401'"
  },
  {
    "'525258.3.peg.525'": "'525258.3.peg.558'"
  },
  {
    "'525258.3.peg.525'": "'525258.3.peg.604'"
  },
  {
    "'525258.3.peg.525'": "'525258.3.peg.723'"
  },
  {
    "'525258.3.peg.525'": "'525258.3.peg.729'"
  },
  {
    "'525258.3.peg.525'": "'525258.3.peg.750'"
  },
  {
    "'525258.3.peg.525'": "'525258.3.peg.751'"
  },
  {
    "'525258.3.peg.525'": "'525258.3.peg.754'"
  },
  {
    "'525258.3.peg.525'": "'525258.3.peg.755'"
  },
  {
    "'525258.3.peg.525'": "'525258.3.peg.844'"
  },
  {
    "'525258.3.peg.525'": "'525258.3.peg.918'"
  },
  {
    "'525258.3.peg.525'": "'525258.3.peg.965'"
  },
  {
    "'525258.3.peg.525'": "'525258.3.peg.1226'"
  },
  {
    "'525258.3.peg.525'": "'525258.3.peg.1321'"
  },
  {
    "'525258.3.peg.525'": "'525258.3.peg.1322'"
  },
  {
    "'525258.3.peg.525'": "'525258.3.peg.1426'"
  },
  {
    "'525258.3.peg.525'": "'525258.3.peg.1434'"
  },
  {
    "'525258.3.peg.525'": "'525258.3.peg.1457'"
  },
  {
    "'525258.3.peg.525'": "'525258.3.peg.1480'"
  },
  {
    "'525258.3.peg.525'": "'525258.3.peg.1517'"
  },
  {
    "'525258.3.peg.525'": "'525258.3.peg.1567'"
  },
  {
    "'525258.3.peg.525'": "'525258.3.peg.1594'"
  },
  {
    "'525258.3.peg.525'": "'525258.3.peg.1609'"
  },
  {
    "'525258.3.peg.525'": "'525258.3.peg.1610'"
  },
  {
    "'525258.3.peg.525'": "'525258.3.peg.1826'"
  },
  {
    "'525258.3.peg.525'": "'525258.3.peg.201'"
  },
  {
    "'525258.3.peg.525'": "'525258.3.peg.2122'"
  },
  {
    "'525258.3.peg.525'": "'525258.3.peg.2133'"
  },
  {
    "'525258.3.peg.525'": "'525258.3.peg.2134'"
  },
  {
    "'525258.3.peg.525'": "'525258.3.peg.2147'"
  },
  {
    "'525258.3.peg.525'": "'525258.3.peg.2148'"
  },
  {
    "'525258.3.peg.525'": "'525258.3.peg.2789'"
  },
  {
    "'525258.3.peg.525'": "'525258.3.peg.2851'"
  },
  {
    "'525258.3.peg.525'": "'525258.3.peg.3062'"
  },
  {
    "'525258.3.peg.525'": "'525258.3.peg.3096'"
  },
  {
    "'525258.3.peg.525'": "'525258.3.peg.3121'"
  },
  {
    "'525258.3.peg.525'": "'525258.3.peg.3125'"
  },
  {
    "'525258.3.peg.525'": "'525258.3.peg.3205'"
  },
  {
    "'525258.3.peg.525'": "'525258.3.peg.3219'"
  },
  {
    "'525258.3.peg.525'": "'525258.3.peg.3221'"
  },
  {
    "'525258.3.peg.525'": "'525258.3.peg.3332'"
  },
  {
    "'525258.3.peg.525'": "'525258.3.peg.3333'"
  },
  {
    "'525258.3.peg.525'": "'525258.3.peg.3338'"
  },
  {
    "'525258.3.peg.525'": "'525258.3.peg.3340'"
  },
  {
    "'525258.3.peg.525'": "'525258.3.peg.3341'"
  },
  {
    "'525258.3.peg.525'": "'525258.3.peg.3342'"
  },
  {
    "'525258.3.peg.525'": "'525258.3.peg.3343'"
  },
  {
    "'525258.3.peg.525'": "'525258.3.peg.3349'"
  },
  {
    "'525258.3.peg.525'": "'525258.3.peg.3350'"
  },
  {
    "'525258.3.peg.525'": "'525258.3.peg.3351'"
  },
  {
    "'525258.3.peg.525'": "'525258.3.peg.3352'"
  },
  {
    "'525258.3.peg.525'": "'525258.3.peg.3353'"
  },
  {
    "'525258.3.peg.525'": "'525258.3.peg.3354'"
  },
  {
    "'525258.3.peg.525'": "'525258.3.peg.3355'"
  },
  {
    "'525258.3.peg.525'": "'525258.3.peg.3356'"
  },
  {
    "'525258.3.peg.525'": "'525258.3.peg.3357'"
  },
  {
    "'525258.3.peg.525'": "'525258.3.peg.3358'"
  },
  {
    "'525258.3.peg.525'": "'525258.3.peg.3359'"
  },
  {
    "'525258.3.peg.525'": "'525258.3.peg.3360'"
  },
  {
    "'525258.3.peg.525'": "'525258.3.peg.3361'"
  },
  {
    "'525258.3.peg.525'": "'525258.3.peg.3362'"
  },
  {
    "'525258.3.peg.525'": "'525258.3.peg.3363'"
  },
  {
    "'525258.3.peg.525'": "'525258.3.peg.3364'"
  },
  {
    "'525258.3.peg.525'": "'525258.3.peg.3365'"
  },
  {
    "'525258.3.peg.525'": "'525258.3.peg.3366'"
  },
  {
    "'525258.3.peg.525'": "'525258.3.peg.3367'"
  },
  {
    "'525258.3.peg.525'": "'525258.3.peg.3368'"
  },
  {
    "'525258.3.peg.525'": "'525258.3.peg.3369'"
  },
  {
    "'525258.3.peg.525'": "'525258.3.peg.3371'"
  },
  {
    "'525258.3.peg.525'": "'525258.3.peg.3372'"
  },
  {
    "'525258.3.peg.525'": "'525258.3.peg.3376'"
  },
  {
    "'525258.3.peg.525'": "'525258.3.peg.3377'"
  },
  {
    "'525258.3.peg.525'": "'525258.3.peg.3378'"
  },
  {
    "'525258.3.peg.525'": "'525258.3.peg.3382'"
  },
  {
    "'525258.3.peg.525'": "'525258.3.peg.3388'"
  },
  {
    "'525258.3.peg.525'": "'525258.3.peg.3391'"
  },
  {
    "'525258.3.peg.525'": "'525258.3.peg.3392'"
  },
  {
    "'525258.3.peg.525'": "'525258.3.peg.3446'"
  },
  {
    "'525258.3.peg.525'": "'525258.3.peg.547'"
  },
  {
    "'525258.3.peg.525'": "'525258.3.peg.595'"
  },
  {
    "'525258.3.peg.525'": "'525258.3.peg.609'"
  },
  {
    "'525258.3.peg.525'": "'525258.3.peg.617'"
  },
  {
    "'525258.3.peg.525'": "'525258.3.peg.724'"
  },
  {
    "'525258.3.peg.525'": "'525258.3.peg.728'"
  },
  {
    "'525258.3.peg.525'": "'525258.3.peg.730'"
  },
  {
    "'525258.3.peg.525'": "'525258.3.peg.749'"
  },
  {
    "'525258.3.peg.525'": "'525258.3.peg.865'"
  },
  {
    "'525258.3.peg.525'": "'525258.3.peg.866'"
  },
  {
    "'525258.3.peg.525'": "'525258.3.peg.2179'"
  },
  {
    "'525258.3.peg.525'": "'525258.3.peg.1573'"
  },
  {
    "'525258.3.peg.525'": "'525258.3.peg.208'"
  },
  {
    "'525258.3.peg.525'": "'525258.3.peg.3070'"
  },
  {
    "'525258.3.peg.525'": "'525258.3.peg.3122'"
  },
  {
    "'525258.3.peg.525'": "'525258.3.peg.3131'"
  },
  {
    "'525258.3.peg.525'": "'525258.3.peg.3339'"
  },
  {
    "'525258.3.peg.525'": "'525258.3.peg.3373'"
  },
  {
    "'525258.3.peg.525'": "'525258.3.peg.3374'"
  },
  {
    "'525258.3.peg.525'": "'525258.3.peg.748'"
  }
]