12DGR180ti,3HAD180,EX_ocdca(e)
12DGR180ti,3HAD180,OCDCAt2
12DGR180ti,3OAR180,EX_ocdca(e)
12DGR180ti,3OAR180,OCDCAt2
12DGR180ti,3OAS180,EX_ocdca(e)
12DGR180ti,3OAS180,OCDCAt2
12DGR180ti,ACOAAGPAT180,AGPAT180
12DGR180ti,EAR180x,EX_ocdca(e)
12DGR180ti,EAR180x,OCDCAt2
12DGR180ti,G3PAT180,SGAT
2DMMQ8abc,ASAD,CHRPL
2DMMQ8abc,ASAD,DMQMT
2DMMQ8abc,ASAD,HBZOPT
2DMMQ8abc,ASAD,HETT
2DMMQ8abc,ASAD,OHPHM
2DMMQ8abc,ASAD,OMBZLM
2DMMQ8abc,ASAD,OPHBDC
2DMMQ8abc,ASPKi,CHRPL
2DMMQ8abc,ASPKi,DMQMT
2DMMQ8abc,ASPKi,HBZOPT
2DMMQ8abc,ASPKi,HETT
2DMMQ8abc,ASPKi,OHPHM
2DMMQ8abc,ASPKi,OMBZLM
2DMMQ8abc,ASPKi,OPHBDC
2DMMQ8abc,CHRPL,HSERTA
2DMMQ8abc,DMQMT,HSERTA
2DMMQ8abc,HBZOPT,HSERTA
2DMMQ8abc,HETT,HSERTA
2DMMQ8abc,HSERTA,OHPHM
2DMMQ8abc,HSERTA,OMBZLM
2DMMQ8abc,HSERTA,OPHBDC
3HAD180,DAGK180,EX_ocdca(e)
3HAD180,DAGK180,OCDCAt2
3HAD180,EX_12dgr180(e),EX_ocdca(e)
3HAD180,EX_12dgr180(e),OCDCAt2
3MOPt2r,ACHBPL,EX_ile_L(e)
3MOPt2r,ACHBPL,ILETA
3MOPt2r,ACHBPL,ILEt2r
3MOPt2r,DHAD2,EX_ile_L(e)
3MOPt2r,DHAD2,ILETA
3MOPt2r,DHAD2,ILEt2r
3OAR180,DAGK180,EX_ocdca(e)
3OAR180,DAGK180,OCDCAt2
3OAR180,EX_12dgr180(e),EX_ocdca(e)
3OAR180,EX_12dgr180(e),OCDCAt2
3OAS180,DAGK180,EX_ocdca(e)
3OAS180,DAGK180,OCDCAt2
3OAS180,EX_12dgr180(e),EX_ocdca(e)
3OAS180,EX_12dgr180(e),OCDCAt2
4ABZt2,CHORS,CHORt
4ABZt2,CHORS,EX_chor(e)
4ABZt2,CHORt,DDPA
4ABZt2,CHORt,DHQS
4ABZt2,CHORt,DHQTi
4ABZt2,CHORt,PSCVT
4ABZt2,CHORt,SHK3Dr
4ABZt2,CHORt,SHKK
4ABZt2,DDPA,EX_chor(e)
4ABZt2,DHQS,EX_chor(e)
4ABZt2,DHQTi,EX_chor(e)
4ABZt2,EX_chor(e),PSCVT
4ABZt2,EX_chor(e),SHK3Dr
4ABZt2,EX_chor(e),SHKK
ACGK,EX_arg_L(e),EX_orn(e)
ACGK,EX_arg_L(e),r1667
ACGK,EX_orn(e),OCBT
ACGK,OCBT,r1667
ACGS,ARGt2,ORNTAC
ACHBPL,EX_3mop(e),EX_ile_L(e)
ACHBPL,EX_3mop(e),ILETA
ACHBPL,EX_3mop(e),ILEt2r
ACOAAGPAT180,AGPAT180,DAGK180
ACOAAGPAT180,AGPAT180,EX_12dgr180(e)
ACODAr,ARGt2,ORNTAC
ACOTA,EX_arg_L(e),EX_orn(e)
ACOTA,EX_arg_L(e),r1667
ACOTA,EX_orn(e),OCBT
ACOTA,OCBT,r1667
ADK5,CYTK1,NDPK3
ADK5,NDPK3,UMPK
ADK7,GK1,NDPK8
ADK7,GK2,NDPK8
ADNCNT3tc,ADSL2r,HXPRT
ADNCNT3tc,AICART,HXPRT
ADNCNT3tc,AIRC4,HXPRT
ADNCNT3tc,EX_ins(e),RPE
ADNCNT3tc,EX_ins(e),RPI
ADNCNT3tc,EX_ins(e),TKT2
ADNCNT3tc,GLUPRT,HXPRT
ADNCNT3tc,H2CO3D,HXPRT
ADNCNT3tc,HXPRT,IMPC
ADNCNT3tc,HXPRT,PRAGS
ADNCNT3tc,HXPRT,PRAIS
ADNCNT3tc,HXPRT,PRASCSi
ADNCNT3tc,HXPRT,PRFGS
ADNCNT3tc,INSt,RPE
ADNCNT3tc,INSt,RPI
ADNCNT3tc,INSt,TKT2
ADNCNT3tc,METAT,NTD7
ADNCNT3tc,PUNP5,RPE
ADNCNT3tc,PUNP5,RPI
ADNCNT3tc,PUNP5,TKT2
ADNK1,ADSL2r,HXPRT
ADNK1,AICART,HXPRT
ADNK1,AIRC4,HXPRT
ADNK1,GLUPRT,HXPRT
ADNK1,H2CO3D,HXPRT
ADNK1,HXPRT,IMPC
ADNK1,HXPRT,PRAGS
ADNK1,HXPRT,PRAIS
ADNK1,HXPRT,PRASCSi
ADNK1,HXPRT,PRFGS
ADNUC,PPM,RPE
ADNUC,PPM,RPI
ADNUC,PPM,TKT2
ADNUC,RPE,RPI
ADNUC,RPI,TKT2
ADSL2r,EX_adn(e),HXPRT
AEPPT,EX_o2(e),MOHMT
AEPPT,MOHMT,O2t
AGPR,EX_arg_L(e),EX_orn(e)
AGPR,EX_arg_L(e),r1667
AGPR,EX_orn(e),OCBT
AGPR,OCBT,r1667
AHC,AHCYSNS_r,EX_mqn8(e)
AHC,AHCYSNS_r,EX_q8(e)
AHC,AHCYSNS_r,MK8t
AHC,AHCYSNS_r,Q8abc
AHC,DM_dhptd(c),EX_mqn8(e)
AHC,DM_dhptd(c),EX_q8(e)
AHC,DM_dhptd(c),MK8t
AHC,DM_dhptd(c),Q8abc
AHC,EX_mqn8(e),RHCCE
AHC,EX_q8(e),RHCCE
AHC,MK8t,RHCCE
AHC,Q8abc,RHCCE
AHSERL2,AHSERL3,METAT
AICART,ALAHIS1c,EX_his_L(e)
AICART,ALAHISabc,EX_his_L(e)
AICART,EX_adn(e),HXPRT
AICART,EX_alahis(e),EX_his_L(e)
AIRC4,EX_adn(e),HXPRT
ALACI,EX_val_L(e),KARA1
ALACI,KARA1,VALTA
ALACI,KARA1,VALt2r
ALAHIS1c,ATPPRT,EX_his_L(e)
ALAHIS1c,EX_his_L(e),HISTP
ALAHIS1c,EX_his_L(e),HSTPTr
ALAHIS1c,EX_his_L(e),IG3PS
ALAHIS1c,EX_his_L(e),IGPDH
ALAHIS1c,EX_his_L(e),IMPC
ALAHIS1c,EX_his_L(e),PRAMPC
ALAHIS1c,EX_his_L(e),PRATPP
ALAHIS1c,EX_his_L(e),PRMICI
ALAHISabc,ATPPRT,EX_his_L(e)
ALAHISabc,EX_his_L(e),HISTP
ALAHISabc,EX_his_L(e),HSTPTr
ALAHISabc,EX_his_L(e),IG3PS
ALAHISabc,EX_his_L(e),IGPDH
ALAHISabc,EX_his_L(e),IMPC
ALAHISabc,EX_his_L(e),PRAMPC
ALAHISabc,EX_his_L(e),PRATPP
ALAHISabc,EX_his_L(e),PRMICI
ALATHR1c,EX_thr_L(e),HSK
ALATHR1c,EX_thr_L(e),THRS
ALATHR1c,HSK,THRt2r
ALATHR1c,THRS,THRt2r
ALATHRabc,EX_thr_L(e),HSK
ALATHRabc,EX_thr_L(e),THRS
ALATHRabc,HSK,THRt2r
ALATHRabc,THRS,THRt2r
ALCD19,EX_glyc(e),GLYK
ALCD19,GLYCt,GLYK
AMMQLT8,AMMQT8r,EX_mqn8(e)
AMMQLT8,AMMQT8r,MK8t
ANS,ANS2,EX_trp_L(e)
ANS,ANS2,TRPt2r
APATr,H2CO3D,MALCOAPYRCT
ARGSL,ARGt2,EX_orn(e)
ARGSL,ARGt2,r1667
ARGSSr,ARGt2,EX_orn(e)
ARGSSr,ARGt2,r1667
ASAD,CHRPL,EX_2dmmq8(e)
ASAD,DMQMT,EX_2dmmq8(e)
ASAD,EX_2dmmq8(e),HBZOPT
ASAD,EX_2dmmq8(e),HETT
ASAD,EX_2dmmq8(e),OHPHM
ASAD,EX_2dmmq8(e),OMBZLM
ASAD,EX_2dmmq8(e),OPHBDC
ASP1DC,H2CO3D,MALCOAPYRCT
ASPKi,CHRPL,EX_2dmmq8(e)
ASPKi,DMQMT,EX_2dmmq8(e)
ASPKi,EX_2dmmq8(e),HBZOPT
ASPKi,EX_2dmmq8(e),HETT
ASPKi,EX_2dmmq8(e),OHPHM
ASPKi,EX_2dmmq8(e),OMBZLM
ASPKi,EX_2dmmq8(e),OPHBDC
ASPO7,FMNRx,MOHMT
ATPPRT,EX_alahis(e),EX_his_L(e)
CBMKr,CBPS,EX_arg_L(e)
CBMKr,EX_arg_L(e),H2CO3D
CGLYabc,EX_gthrd(e),GLUCYS
CGLYabc,EX_gthrd(e),GTHS
CGLYabc,GLUCYS,GTHRDt2
CGLYabc,GTHRDt2,GTHS
CHORS,CHORt,EX_4abz(e)
CHORS,CHORt,EX_q8(e)
CHORS,CHORt,EX_trp_L(e)
CHORS,CHORt,Q8abc
CHORS,CHORt,TRPt2r
CHORS,EX_4abz(e),EX_chor(e)
CHORS,EX_chor(e),EX_q8(e)
CHORS,EX_chor(e),EX_trp_L(e)
CHORS,EX_chor(e),Q8abc
CHORS,EX_chor(e),TRPt2r
CHORS,EX_gua(e),TALA
CHORS,GUAt,TALA
CHORS,RPE,TALA
CHORt,DDPA,EX_4abz(e)
CHORt,DDPA,EX_q8(e)
CHORt,DDPA,EX_trp_L(e)
CHORt,DDPA,Q8abc
CHORt,DDPA,TRPt2r
CHORt,DHQS,EX_4abz(e)
CHORt,DHQS,EX_q8(e)
CHORt,DHQS,EX_trp_L(e)
CHORt,DHQS,Q8abc
CHORt,DHQS,TRPt2r
CHORt,DHQTi,EX_4abz(e)
CHORt,DHQTi,EX_q8(e)
CHORt,DHQTi,EX_trp_L(e)
CHORt,DHQTi,Q8abc
CHORt,DHQTi,TRPt2r
CHORt,EX_4abz(e),PSCVT
CHORt,EX_4abz(e),SHK3Dr
CHORt,EX_4abz(e),SHKK
CHORt,EX_q8(e),PSCVT
CHORt,EX_q8(e),SHK3Dr
CHORt,EX_q8(e),SHKK
CHORt,EX_trp_L(e),PSCVT
CHORt,EX_trp_L(e),SHK3Dr
CHORt,EX_trp_L(e),SHKK
CHORt,PSCVT,Q8abc
CHORt,PSCVT,TRPt2r
CHORt,Q8abc,SHK3Dr
CHORt,Q8abc,SHKK
CHORt,SHK3Dr,TRPt2r
CHORt,SHKK,TRPt2r
CHRPL,EX_2dmmq8(e),HSERTA
CTPS1,CTPS2,CYTDK3
CTPS1,CTPS2,CYTDt2r
CTPS1,CTPS2,CYTK1
CTPS1,CTPS2,EX_cytd(e)
CTPS1,CTPS2,NDPK9
CYTD,CYTDt2r,CYTK1
CYTD,CYTK1,EX_cytd(e)
CYTDK3,NDPK2,UTPATPT
CYTDt2r,NDPK2,UTPATPT
CYTK1,NDPK2,UTPATPT
DADA,PUNP5,RPE
DADA,PUNP5,RPI
DADA,PUNP5,TKT2
DADNt2r,PUNP3,RPE
DADNt2r,PUNP3,RPI
DADNt2r,PUNP3,TKT2
DAGK180,EAR180x,EX_ocdca(e)
DAGK180,EAR180x,OCDCAt2
DAGK180,G3PAT180,SGAT
DCTPD,EX_thymd(e),RNDR4
DCTPD,RNDR4,THMDt2r
DCTPD2,NDPK2,UTPATPT
DDPA,EX_4abz(e),EX_chor(e)
DDPA,EX_chor(e),EX_q8(e)
DDPA,EX_chor(e),EX_trp_L(e)
DDPA,EX_chor(e),Q8abc
DDPA,EX_chor(e),TRPt2r
DDPA,EX_gua(e),TALA
DDPA,GUAt,TALA
DDPA,RPE,TALA
DGK1,PUNP3,RPE
DGK1,PUNP3,RPI
DGK1,PUNP3,TKT2
DHAD2,EX_3mop(e),EX_ile_L(e)
DHAD2,EX_3mop(e),ILETA
DHAD2,EX_3mop(e),ILEt2r
DHNPA2,DHPS,FOLD3
DHNPA2,DHPS,HPPK
DHPS,DHPS2,FOLD3
DHPS,DHPS2,HPPK
DHPS,FOLD3,HPPK2
DHPS,HPPK,HPPK2
DHQS,EX_4abz(e),EX_chor(e)
DHQS,EX_chor(e),EX_q8(e)
DHQS,EX_chor(e),EX_trp_L(e)
DHQS,EX_chor(e),Q8abc
DHQS,EX_chor(e),TRPt2r
DHQS,EX_gua(e),TALA
DHQS,GUAt,TALA
DHQS,RPE,TALA
DHQTi,EX_4abz(e),EX_chor(e)
DHQTi,EX_chor(e),EX_q8(e)
DHQTi,EX_chor(e),EX_trp_L(e)
DHQTi,EX_chor(e),Q8abc
DHQTi,EX_chor(e),TRPt2r
DHQTi,EX_gua(e),TALA
DHQTi,GUAt,TALA
DHQTi,RPE,TALA
DMQMT,EX_2dmmq8(e),HSERTA
DRIBI,RPE,RPI
DRIBI,RPI,TKT2
DUTPDP,EX_thymd(e),URIDK3
DUTPDP,THMDt2r,URIDK3
EAR180x,EX_12dgr180(e),EX_ocdca(e)
EAR180x,EX_12dgr180(e),OCDCAt2
ETHAP,EX_o2(e),MOHMT
ETHAP,MOHMT,O2t
ETHAt2,EX_o2(e),MOHMT
ETHAt2,MOHMT,O2t
EX_12dgr180(e),G3PAT180,SGAT
EX_2dmmq8(e),HBZOPT,HSERTA
EX_2dmmq8(e),HETT,HSERTA
EX_2dmmq8(e),HSERTA,OHPHM
EX_2dmmq8(e),HSERTA,OMBZLM
EX_2dmmq8(e),HSERTA,OPHBDC
EX_4abz(e),EX_chor(e),PSCVT
EX_4abz(e),EX_chor(e),SHK3Dr
EX_4abz(e),EX_chor(e),SHKK
EX_adn(e),EX_ins(e),RPE
EX_adn(e),EX_ins(e),RPI
EX_adn(e),EX_ins(e),TKT2
EX_adn(e),GLUPRT,HXPRT
EX_adn(e),H2CO3D,HXPRT
EX_adn(e),HXPRT,IMPC
EX_adn(e),HXPRT,PRAGS
EX_adn(e),HXPRT,PRAIS
EX_adn(e),HXPRT,PRASCSi
EX_adn(e),HXPRT,PRFGS
EX_adn(e),INSt,RPE
EX_adn(e),INSt,RPI
EX_adn(e),INSt,TKT2
EX_adn(e),METAT,NTD7
EX_adn(e),PUNP5,RPE
EX_adn(e),PUNP5,RPI
EX_adn(e),PUNP5,TKT2
EX_alahis(e),EX_his_L(e),HISTP
EX_alahis(e),EX_his_L(e),HSTPTr
EX_alahis(e),EX_his_L(e),IG3PS
EX_alahis(e),EX_his_L(e),IGPDH
EX_alahis(e),EX_his_L(e),IMPC
EX_alahis(e),EX_his_L(e),PRAMPC
EX_alahis(e),EX_his_L(e),PRATPP
EX_alahis(e),EX_his_L(e),PRMICI
EX_alathr(e),EX_thr_L(e),HSK
EX_alathr(e),EX_thr_L(e),THRS
EX_alathr(e),HSK,THRt2r
EX_alathr(e),THRS,THRt2r
EX_arg_L(e),HYPSUCORNS,OCBT
EX_arg_L(e),OCBT,SUCCITRDSs
EX_arg_L(e),OCBT,SUCORNTC
EX_cgly(e),EX_gthrd(e),GLUCYS
EX_cgly(e),EX_gthrd(e),GTHS
EX_cgly(e),GLUCYS,GTHRDt2
EX_cgly(e),GTHRDt2,GTHS
EX_chor(e),EX_q8(e),PSCVT
EX_chor(e),EX_q8(e),SHK3Dr
EX_chor(e),EX_q8(e),SHKK
EX_chor(e),EX_trp_L(e),PSCVT
EX_chor(e),EX_trp_L(e),SHK3Dr
EX_chor(e),EX_trp_L(e),SHKK
EX_chor(e),PSCVT,Q8abc
EX_chor(e),PSCVT,TRPt2r
EX_chor(e),Q8abc,SHK3Dr
EX_chor(e),Q8abc,SHKK
EX_chor(e),SHK3Dr,TRPt2r
EX_chor(e),SHKK,TRPt2r
EX_cytd(e),NDPK2,UTPATPT
EX_dad_2(e),PUNP3,RPE
EX_dad_2(e),PUNP3,RPI
EX_dad_2(e),PUNP3,TKT2
EX_etha(e),EX_o2(e),MOHMT
EX_etha(e),MOHMT,O2t
EX_fru(e),GLYK,TPI
EX_gcald(e),r0339,r0392
EX_glc_D(e),G6PI,PGI
EX_glc_D(e),G6PI3,PGI
EX_glyphe(e),EX_phe_L(e),PHETA1
EX_glyphe(e),PHETA1,PHEt2r
EX_glypro(e),EX_pro_L(e),G5SADs
EX_glypro(e),EX_pro_L(e),P5CRyr
EX_gthrd(e),GGTA,GLUCYS
EX_gthrd(e),GGTA,GTHS
EX_gua(e),GMPS2,PUNP3
EX_gua(e),GMPS2,r1384
EX_gua(e),PSCVT,TALA
EX_gua(e),SHK3Dr,TALA
EX_gua(e),SHKK,TALA
EX_nac(e),FMNRx,MOHMT
EX_o2(e),MOHMT,PACTH
EX_o2(e),MOHMT,r0010
EX_phe_L(e),GLYPHEHYc,PHETA1
EX_phe_L(e),GLYPHEabc,PHETA1
EX_pro_L(e),G5SADs,GLYPROPRO1c
EX_pro_L(e),G5SADs,GLYPROabc
EX_pro_L(e),GLYPROPRO1c,P5CRyr
EX_pro_L(e),GLYPROabc,P5CRyr
EX_q8(e),FRTT,PREN
EX_q8(e),GGTT,PREN
EX_q8(e),HEXTT,PREN
EX_q8(e),OMMBLHX,OMMBLHX3
EX_q8(e),OMPHHX,OMPHHX3
EX_q8(e),PPTT,PREN
EX_ser_L(e),GHMT2r,PGCDr
EX_ser_L(e),GHMT2r,PSERT
EX_ser_L(e),GHMT2r,PSP_L
EX_trp_L(e),TRPS1,TRPS2
EX_trp_L(e),TRPS1,TRPS3
EX_val_L(e),KARA1,KARA3
FMNRx,MOHMT,NACt2r
FMNRx,MOHMT,NNDPR
FMNRx,MOHMT,NP1_r
FMNRx,MOHMT,NT5C
FMNRx,MOHMT,QULNS
FRTT,PREN,Q8abc
FRUpts,GLYK,TPI
FTHFL,MTHFD,MTHFD2
G3PD1,G3PD2,GLYK
G6PI,GLCpts,PGI
G6PI3,GLCpts,PGI
GCALDt,r0339,r0392
GGTA,GLUCYS,GTHRDt2
GGTA,GTHRDt2,GTHS
GGTT,PREN,Q8abc
GHMT2r,PGCDr,SERt2r
GHMT2r,PSERT,SERt2r
GHMT2r,PSP_L,SERt2r
GLYPHEHYc,PHETA1,PHEt2r
GLYPHEabc,PHETA1,PHEt2r
GMPS2,PUNP3,RPE
GMPS2,PUNP3,RPI
GMPS2,PUNP3,TKT2
GMPS2,RPE,r1384
GMPS2,RPI,r1384
GMPS2,TKT2,r1384
GUAPRT,IMPD,XPPT
GUAt,PSCVT,TALA
GUAt,SHK3Dr,TALA
GUAt,SHKK,TALA
H2CO3D,MALCOAPYRCT,MMSAD5
HEXTT,PREN,Q8abc
HKt,Kt1r,ZN2t4
HKt,Kt1r,ZNabc
HSDx,HSDy,METAT
HXAND,HXPRT,RPE
HXAND,HXPRT,RPI
HXAND,HXPRT,TKT2
HXAND,IMPD,RPE
HXAND,IMPD,RPI
HXAND,IMPD,TKT2
KARA1,KARA3,VALTA
KARA1,KARA3,VALt2r
MOHMT,O2t,PACTH
MOHMT,O2t,r0010
NDPK2,NDPK9,UTPATPT
NTD8,PUNP3,RPE
NTD8,PUNP3,RPI
NTD8,PUNP3,TKT2
OMMBLHX,OMMBLHX3,Q8abc
OMPHHX,OMPHHX3,Q8abc
PIabc,PIt6b,PIt7ir
PPM,RBK,RPI
PPTT,PREN,Q8abc
PSCVT,RPE,TALA
PUNP2,PUNP3,RPE
PUNP2,PUNP3,RPI
PUNP2,PUNP3,TKT2
PUNP2,PUNP5,RPE
PUNP2,PUNP5,RPI
PUNP2,PUNP5,TKT2
PUNP3,PUNP4,RPE
PUNP3,PUNP4,RPI
PUNP3,PUNP4,TKT2
PUNP5,PUNP6,RPE
PUNP5,PUNP6,RPI
PUNP5,PUNP6,TKT2
RBK_D,RPE,RPI
RBK_D,RPI,TKT2
RPE,SHK3Dr,TALA
RPE,SHKK,TALA
TMDK1,TMDK2,TMDS
TRPS1,TRPS2,TRPt2r
TRPS1,TRPS3,TRPt2r
