[
  {
    "'g.2243.peg.2108'": "'Unknown'"
  },
  {
    "'g.2243.peg.2108'": "'g.2243.peg.1947'"
  },
  {
    "'g.2243.peg.2108'": "'g.2243.peg.552'"
  },
  {
    "'g.2243.peg.2108'": "'g.2243.peg.2292'"
  },
  {
    "'g.2243.peg.2108'": "'g.2243.peg.131'"
  },
  {
    "'g.2243.peg.2108'": "'553177.6.peg.549'"
  },
  {
    "'g.2243.peg.2108'": "'553177.6.peg.618'"
  },
  {
    "'g.2243.peg.2108'": "'g.2243.peg.1348'"
  },
  {
    "'g.2243.peg.2108'": "'g.2243.peg.847'"
  },
  {
    "'g.2243.peg.2108'": "'g.2243.peg.2180'"
  },
  {
    "'g.2243.peg.2108'": "'g.2243.peg.2544'"
  },
  {
    "'g.2243.peg.2108'": "'g.2243.peg.1504'"
  },
  {
    "'g.2243.peg.2108'": "'553177.6.peg.972'"
  },
  {
    "'g.2243.peg.2108'": "'g.2243.peg.2346'"
  },
  {
    "'g.2243.peg.2108'": "'553177.6.peg.1782'"
  },
  {
    "'g.2243.peg.2108'": "'553177.6.peg.464'"
  },
  {
    "'g.2243.peg.2108'": "'553177.6.peg.1554'"
  },
  {
    "'g.2243.peg.2108'": "'g.2243.peg.812'"
  },
  {
    "'g.2243.peg.2108'": "'553177.6.peg.2596'"
  },
  {
    "'g.2243.peg.2108'": "'553177.6.peg.2307'"
  },
  {
    "'g.2243.peg.2108'": "'g.2243.peg.93'"
  },
  {
    "'g.2243.peg.2108'": "'g.2243.peg.274'"
  },
  {
    "'g.2243.peg.2108'": "'553177.6.peg.45'"
  },
  {
    "'g.2243.peg.2108'": "'g.2243.peg.221'"
  },
  {
    "'g.2243.peg.2108'": "'g.2243.peg.2512'"
  },
  {
    "'g.2243.peg.2108'": "'g.2243.peg.536'"
  },
  {
    "'g.2243.peg.2108'": "'g.2243.peg.1669'"
  },
  {
    "'g.2243.peg.2108'": "'g.2243.peg.1622'"
  },
  {
    "'g.2243.peg.2108'": "'553177.6.peg.42'"
  },
  {
    "'g.2243.peg.2108'": "'g.2243.peg.515'"
  },
  {
    "'g.2243.peg.2108'": "'553177.6.peg.13'"
  },
  {
    "'g.2243.peg.2108'": "'g.2243.peg.1026'"
  },
  {
    "'g.2243.peg.2108'": "'553177.6.peg.812'"
  },
  {
    "'g.2243.peg.2108'": "'553177.6.peg.547'"
  },
  {
    "'g.2243.peg.2108'": "'553177.6.peg.128'"
  },
  {
    "'g.2243.peg.2108'": "'g.2243.peg.2442'"
  },
  {
    "'g.2243.peg.2108'": "'553177.6.peg.1000'"
  },
  {
    "'g.2243.peg.2108'": "'g.2243.peg.2208'"
  },
  {
    "'g.2243.peg.2108'": "'g.2243.peg.1262'"
  },
  {
    "'g.2243.peg.2108'": "'g.2243.peg.2231'"
  },
  {
    "'g.2243.peg.2108'": "'g.2243.peg.2628'"
  },
  {
    "'g.2243.peg.2108'": "'g.2243.peg.2429'"
  },
  {
    "'g.2243.peg.2108'": "'g.2243.peg.1641'"
  },
  {
    "'g.2243.peg.2108'": "'g.2243.peg.132'"
  },
  {
    "'g.2243.peg.2108'": "'g.2243.peg.886'"
  },
  {
    "'g.2243.peg.2108'": "'g.2243.peg.9'"
  },
  {
    "'g.2243.peg.2108'": "'553177.6.peg.1028'"
  },
  {
    "'g.2243.peg.2108'": "'553177.6.peg.99'"
  },
  {
    "'g.2243.peg.2108'": "'g.2243.peg.164'"
  },
  {
    "'g.2243.peg.2108'": "'553177.6.peg.685'"
  },
  {
    "'g.2243.peg.2108'": "'553177.6.peg.89'"
  },
  {
    "'g.2243.peg.2108'": "'g.2243.peg.2254'"
  },
  {
    "'g.2243.peg.2108'": "'g.2243.peg.2608'"
  },
  {
    "'g.2243.peg.2108'": "'553177.6.peg.41'"
  },
  {
    "'g.2243.peg.2108'": "'553177.6.peg.1730'"
  },
  {
    "'g.2243.peg.2108'": "'553177.6.peg.1710'"
  },
  {
    "'g.2243.peg.2108'": "'g.2243.peg.2507'"
  },
  {
    "'g.2243.peg.2108'": "'g.2243.peg.2228'"
  },
  {
    "'g.2243.peg.2108'": "'553177.6.peg.742'"
  },
  {
    "'g.2243.peg.2108'": "'g.2243.peg.572'"
  },
  {
    "'g.2243.peg.2108'": "'g.2243.peg.384'"
  },
  {
    "'g.2243.peg.2108'": "'g.2243.peg.1543'"
  },
  {
    "'g.2243.peg.2108'": "'g.2243.peg.1614'"
  },
  {
    "'g.2243.peg.2108'": "'g.2243.peg.2519'"
  },
  {
    "'g.2243.peg.2108'": "'g.2243.peg.149'"
  },
  {
    "'g.2243.peg.2108'": "'g.2243.peg.2010'"
  },
  {
    "'g.2243.peg.2108'": "'g.2243.peg.1410'"
  },
  {
    "'g.2243.peg.2108'": "'g.2243.peg.1663'"
  },
  {
    "'g.2243.peg.2108'": "'553177.6.peg.794'"
  },
  {
    "'g.2243.peg.2108'": "'g.2243.peg.169'"
  },
  {
    "'g.2243.peg.2108'": "'g.2243.peg.1114'"
  },
  {
    "'g.2243.peg.2108'": "'g.2243.peg.1244'"
  },
  {
    "'g.2243.peg.2108'": "'g.2243.peg.1258'"
  },
  {
    "'g.2243.peg.2108'": "'g.2243.peg.1467'"
  },
  {
    "'g.2243.peg.2108'": "'g.2243.peg.1646'"
  },
  {
    "'g.2243.peg.2108'": "'g.2243.peg.1847'"
  },
  {
    "'g.2243.peg.2108'": "'g.2243.peg.2066'"
  },
  {
    "'g.2243.peg.2108'": "'g.2243.peg.2069'"
  },
  {
    "'g.2243.peg.2108'": "'g.2243.peg.2097'"
  },
  {
    "'g.2243.peg.2108'": "'g.2243.peg.2299'"
  },
  {
    "'g.2243.peg.2108'": "'g.2243.peg.2452'"
  },
  {
    "'g.2243.peg.2108'": "'g.2243.peg.2568'"
  },
  {
    "'g.2243.peg.2108'": "'g.2243.peg.582'"
  },
  {
    "'g.2243.peg.2108'": "'g.2243.peg.793'"
  },
  {
    "'g.2243.peg.2108'": "'g.2243.peg.850'"
  },
  {
    "'g.2243.peg.2108'": "'g.2243.peg.890'"
  },
  {
    "'g.2243.peg.2108'": "'g.2243.peg.1012'"
  },
  {
    "'g.2243.peg.2108'": "'g.2243.peg.1040'"
  },
  {
    "'g.2243.peg.2108'": "'g.2243.peg.1054'"
  },
  {
    "'g.2243.peg.2108'": "'g.2243.peg.109'"
  },
  {
    "'g.2243.peg.2108'": "'g.2243.peg.1113'"
  },
  {
    "'g.2243.peg.2108'": "'g.2243.peg.1116'"
  },
  {
    "'g.2243.peg.2108'": "'g.2243.peg.123'"
  },
  {
    "'g.2243.peg.2108'": "'g.2243.peg.128'"
  },
  {
    "'g.2243.peg.2108'": "'g.2243.peg.14'"
  },
  {
    "'g.2243.peg.2108'": "'g.2243.peg.140'"
  },
  {
    "'g.2243.peg.2108'": "'g.2243.peg.1457'"
  },
  {
    "'g.2243.peg.2108'": "'g.2243.peg.1507'"
  },
  {
    "'g.2243.peg.2108'": "'g.2243.peg.1545'"
  },
  {
    "'g.2243.peg.2108'": "'g.2243.peg.158'"
  },
  {
    "'g.2243.peg.2108'": "'g.2243.peg.1640'"
  },
  {
    "'g.2243.peg.2108'": "'g.2243.peg.1643'"
  },
  {
    "'g.2243.peg.2108'": "'g.2243.peg.1690'"
  },
  {
    "'g.2243.peg.2108'": "'g.2243.peg.1701'"
  },
  {
    "'g.2243.peg.2108'": "'g.2243.peg.1806'"
  },
  {
    "'g.2243.peg.2108'": "'g.2243.peg.190'"
  },
  {
    "'g.2243.peg.2108'": "'g.2243.peg.1924'"
  },
  {
    "'g.2243.peg.2108'": "'g.2243.peg.1957'"
  },
  {
    "'g.2243.peg.2108'": "'g.2243.peg.1972'"
  },
  {
    "'g.2243.peg.2108'": "'g.2243.peg.203'"
  },
  {
    "'g.2243.peg.2108'": "'g.2243.peg.2053'"
  },
  {
    "'g.2243.peg.2108'": "'g.2243.peg.215'"
  },
  {
    "'g.2243.peg.2108'": "'g.2243.peg.223'"
  },
  {
    "'g.2243.peg.2108'": "'g.2243.peg.2415'"
  },
  {
    "'g.2243.peg.2108'": "'g.2243.peg.2446'"
  },
  {
    "'g.2243.peg.2108'": "'g.2243.peg.25'"
  },
  {
    "'g.2243.peg.2108'": "'g.2243.peg.2534'"
  },
  {
    "'g.2243.peg.2108'": "'g.2243.peg.2566'"
  },
  {
    "'g.2243.peg.2108'": "'g.2243.peg.276'"
  },
  {
    "'g.2243.peg.2108'": "'g.2243.peg.303'"
  },
  {
    "'g.2243.peg.2108'": "'g.2243.peg.304'"
  },
  {
    "'g.2243.peg.2108'": "'g.2243.peg.329'"
  },
  {
    "'g.2243.peg.2108'": "'g.2243.peg.35'"
  },
  {
    "'g.2243.peg.2108'": "'g.2243.peg.376'"
  },
  {
    "'g.2243.peg.2108'": "'g.2243.peg.381'"
  },
  {
    "'g.2243.peg.2108'": "'g.2243.peg.383'"
  },
  {
    "'g.2243.peg.2108'": "'g.2243.peg.389'"
  },
  {
    "'g.2243.peg.2108'": "'g.2243.peg.411'"
  },
  {
    "'g.2243.peg.2108'": "'g.2243.peg.415'"
  },
  {
    "'g.2243.peg.2108'": "'g.2243.peg.417'"
  },
  {
    "'g.2243.peg.2108'": "'g.2243.peg.432'"
  },
  {
    "'g.2243.peg.2108'": "'g.2243.peg.434'"
  },
  {
    "'g.2243.peg.2108'": "'g.2243.peg.471'"
  },
  {
    "'g.2243.peg.2108'": "'g.2243.peg.479'"
  },
  {
    "'g.2243.peg.2108'": "'g.2243.peg.497'"
  },
  {
    "'g.2243.peg.2108'": "'g.2243.peg.561'"
  },
  {
    "'g.2243.peg.2108'": "'g.2243.peg.577'"
  },
  {
    "'g.2243.peg.2108'": "'g.2243.peg.642'"
  },
  {
    "'g.2243.peg.2108'": "'g.2243.peg.654'"
  },
  {
    "'g.2243.peg.2108'": "'g.2243.peg.714'"
  },
  {
    "'g.2243.peg.2108'": "'g.2243.peg.736'"
  },
  {
    "'g.2243.peg.2108'": "'g.2243.peg.740'"
  },
  {
    "'g.2243.peg.2108'": "'g.2243.peg.754'"
  },
  {
    "'g.2243.peg.2108'": "'g.2243.peg.791'"
  },
  {
    "'g.2243.peg.2108'": "'g.2243.peg.797'"
  },
  {
    "'g.2243.peg.2108'": "'g.2243.peg.845'"
  },
  {
    "'g.2243.peg.2108'": "'g.2243.peg.848'"
  },
  {
    "'g.2243.peg.2108'": "'g.2243.peg.865'"
  },
  {
    "'g.2243.peg.2108'": "'g.2243.peg.889'"
  },
  {
    "'g.2243.peg.2108'": "'g.2243.peg.915'"
  },
  {
    "'g.2243.peg.2108'": "'g.2243.peg.941'"
  },
  {
    "'g.2243.peg.2108'": "'g.2243.peg.947'"
  },
  {
    "'g.2243.peg.2108'": "'g.2243.peg.963'"
  },
  {
    "'g.2243.peg.2108'": "'g.2243.peg.971'"
  },
  {
    "'g.2243.peg.2108'": "'g.2243.peg.987'"
  },
  {
    "'g.2243.peg.2108'": "'g.2243.peg.2373'"
  },
  {
    "'g.2243.peg.2108'": "'g.2243.peg.1307'"
  },
  {
    "'g.2243.peg.2108'": "'g.2243.peg.165'"
  },
  {
    "'g.2243.peg.2108'": "'g.2243.peg.2003'"
  },
  {
    "'g.2243.peg.2108'": "'g.2243.peg.224'"
  },
  {
    "'g.2243.peg.2108'": "'g.2243.peg.2569'"
  },
  {
    "'g.2243.peg.2108'": "'g.2243.peg.323'"
  },
  {
    "'g.2243.peg.2108'": "'g.2243.peg.450'"
  },
  {
    "'g.2243.peg.2108'": "'g.2243.peg.846'"
  },
  {
    "'g.2243.peg.2108'": "'g.2243.peg.937'"
  }
]