[
  {
    "'g.208127.CDS.731'": "'g.208127.CDS.2518'"
  },
  {
    "'g.208127.CDS.731'": "'g.208127.CDS.1027'"
  },
  {
    "'g.208127.CDS.731'": "'g.208127.CDS.1468'"
  },
  {
    "'g.208127.CDS.731'": "'g.208127.CDS.2933'"
  },
  {
    "'g.208127.CDS.731'": "'Unknown'"
  },
  {
    "'g.208127.CDS.731'": "'g.208127.CDS.4315'"
  },
  {
    "'g.208127.CDS.731'": "'g.208127.CDS.3299'"
  },
  {
    "'g.208127.CDS.731'": "'g.208127.CDS.209'"
  },
  {
    "'g.208127.CDS.731'": "'g.208127.CDS.1433'"
  },
  {
    "'g.208127.CDS.731'": "'g.208127.CDS.2737'"
  },
  {
    "'g.208127.CDS.731'": "'g.208127.CDS.1752'"
  },
  {
    "'g.208127.CDS.731'": "'g.208127.CDS.597'"
  },
  {
    "'g.208127.CDS.731'": "'g.208127.CDS.5223'"
  },
  {
    "'g.208127.CDS.731'": "'g.208127.CDS.715'"
  },
  {
    "'g.208127.CDS.731'": "'g.208127.CDS.4953'"
  },
  {
    "'g.208127.CDS.731'": "'g.208127.CDS.2223'"
  },
  {
    "'g.208127.CDS.731'": "'g.208127.CDS.2034'"
  },
  {
    "'g.208127.CDS.731'": "'g.208127.CDS.2722'"
  },
  {
    "'g.208127.CDS.731'": "'g.208127.CDS.5159'"
  },
  {
    "'g.208127.CDS.731'": "'g.208127.CDS.2403'"
  },
  {
    "'g.208127.CDS.731'": "'g.208127.CDS.5253'"
  },
  {
    "'g.208127.CDS.731'": "'g.208127.CDS.1428'"
  },
  {
    "'g.208127.CDS.731'": "'g.208127.CDS.5536'"
  },
  {
    "'g.208127.CDS.731'": "'g.208127.CDS.6078'"
  },
  {
    "'g.208127.CDS.731'": "'g.208127.CDS.861'"
  },
  {
    "'g.208127.CDS.731'": "'g.208127.CDS.1848'"
  },
  {
    "'g.208127.CDS.731'": "'g.208127.CDS.2100'"
  },
  {
    "'g.208127.CDS.731'": "'g.208127.CDS.4546'"
  },
  {
    "'g.208127.CDS.731'": "'g.208127.CDS.2464'"
  },
  {
    "'g.208127.CDS.731'": "'g.208127.CDS.1339'"
  },
  {
    "'g.208127.CDS.731'": "'g.208127.CDS.4952'"
  },
  {
    "'g.208127.CDS.731'": "'g.208127.CDS.3068'"
  },
  {
    "'g.208127.CDS.731'": "'g.208127.CDS.211'"
  },
  {
    "'g.208127.CDS.731'": "'g.208127.CDS.857'"
  },
  {
    "'g.208127.CDS.731'": "'g.208127.CDS.1067'"
  },
  {
    "'g.208127.CDS.731'": "'g.208127.CDS.2909'"
  },
  {
    "'g.208127.CDS.731'": "'g.208127.CDS.5762'"
  },
  {
    "'g.208127.CDS.731'": "'g.208127.CDS.2357'"
  },
  {
    "'g.208127.CDS.731'": "'g.208127.CDS.5357'"
  },
  {
    "'g.208127.CDS.731'": "'g.208127.CDS.361'"
  },
  {
    "'g.208127.CDS.731'": "'g.208127.CDS.6030'"
  },
  {
    "'g.208127.CDS.731'": "'g.208127.CDS.5507'"
  },
  {
    "'g.208127.CDS.731'": "'g.208127.CDS.1732'"
  },
  {
    "'g.208127.CDS.731'": "'g.208127.CDS.5149'"
  },
  {
    "'g.208127.CDS.731'": "'g.208127.CDS.3580'"
  },
  {
    "'g.208127.CDS.731'": "'g.208127.CDS.2290'"
  },
  {
    "'g.208127.CDS.731'": "'g.208127.CDS.2414'"
  },
  {
    "'g.208127.CDS.731'": "'g.208127.CDS.1895'"
  },
  {
    "'g.208127.CDS.731'": "'g.208127.CDS.1032'"
  },
  {
    "'g.208127.CDS.731'": "'g.208127.CDS.5464'"
  },
  {
    "'g.208127.CDS.731'": "'g.208127.CDS.3667'"
  },
  {
    "'g.208127.CDS.731'": "'g.208127.CDS.1008'"
  },
  {
    "'g.208127.CDS.731'": "'g.208127.CDS.2455'"
  },
  {
    "'g.208127.CDS.731'": "'g.208127.CDS.939'"
  },
  {
    "'g.208127.CDS.731'": "'g.208127.CDS.3886'"
  },
  {
    "'g.208127.CDS.731'": "'g.208127.CDS.621'"
  },
  {
    "'g.208127.CDS.731'": "'g.208127.CDS.4681'"
  },
  {
    "'g.208127.CDS.731'": "'g.208127.CDS.5626'"
  },
  {
    "'g.208127.CDS.731'": "'g.208127.CDS.6048'"
  },
  {
    "'g.208127.CDS.731'": "'g.208127.CDS.1499'"
  },
  {
    "'g.208127.CDS.731'": "'g.208127.CDS.1202'"
  },
  {
    "'g.208127.CDS.731'": "'g.208127.CDS.5723'"
  },
  {
    "'g.208127.CDS.731'": "'g.208127.CDS.5295'"
  },
  {
    "'g.208127.CDS.731'": "'g.208127.CDS.1985'"
  },
  {
    "'g.208127.CDS.731'": "'g.208127.CDS.5965'"
  },
  {
    "'g.208127.CDS.731'": "'g.208127.CDS.3275'"
  },
  {
    "'g.208127.CDS.731'": "'g.208127.CDS.3126'"
  },
  {
    "'g.208127.CDS.731'": "'g.208127.CDS.6063'"
  },
  {
    "'g.208127.CDS.731'": "'g.208127.CDS.2829'"
  },
  {
    "'g.208127.CDS.731'": "'g.208127.CDS.3930'"
  },
  {
    "'g.208127.CDS.731'": "'g.208127.CDS.5227'"
  },
  {
    "'g.208127.CDS.731'": "'g.208127.CDS.2382'"
  },
  {
    "'g.208127.CDS.731'": "'g.208127.CDS.165'"
  },
  {
    "'g.208127.CDS.731'": "'g.208127.CDS.2087'"
  },
  {
    "'g.208127.CDS.731'": "'g.208127.CDS.764'"
  },
  {
    "'g.208127.CDS.731'": "'g.208127.CDS.527'"
  },
  {
    "'g.208127.CDS.731'": "'g.208127.CDS.751'"
  },
  {
    "'g.208127.CDS.731'": "'g.208127.CDS.1338'"
  },
  {
    "'g.208127.CDS.731'": "'g.208127.CDS.650'"
  },
  {
    "'g.208127.CDS.731'": "'g.208127.CDS.1230'"
  },
  {
    "'g.208127.CDS.731'": "'g.208127.CDS.1425'"
  },
  {
    "'g.208127.CDS.731'": "'g.208127.CDS.1672'"
  },
  {
    "'g.208127.CDS.731'": "'g.208127.CDS.1757'"
  },
  {
    "'g.208127.CDS.731'": "'g.208127.CDS.2222'"
  },
  {
    "'g.208127.CDS.731'": "'g.208127.CDS.2253'"
  },
  {
    "'g.208127.CDS.731'": "'g.208127.CDS.2644'"
  },
  {
    "'g.208127.CDS.731'": "'g.208127.CDS.2692'"
  },
  {
    "'g.208127.CDS.731'": "'g.208127.CDS.3782'"
  },
  {
    "'g.208127.CDS.731'": "'g.208127.CDS.4058'"
  },
  {
    "'g.208127.CDS.731'": "'g.208127.CDS.4073'"
  },
  {
    "'g.208127.CDS.731'": "'g.208127.CDS.408'"
  },
  {
    "'g.208127.CDS.731'": "'g.208127.CDS.580'"
  },
  {
    "'g.208127.CDS.731'": "'g.208127.CDS.805'"
  },
  {
    "'g.208127.CDS.731'": "'g.208127.CDS.902'"
  },
  {
    "'g.208127.CDS.731'": "'g.208127.CDS.1078'"
  },
  {
    "'g.208127.CDS.731'": "'g.208127.CDS.1106'"
  },
  {
    "'g.208127.CDS.731'": "'g.208127.CDS.1154'"
  },
  {
    "'g.208127.CDS.731'": "'g.208127.CDS.1193'"
  },
  {
    "'g.208127.CDS.731'": "'g.208127.CDS.1212'"
  },
  {
    "'g.208127.CDS.731'": "'g.208127.CDS.1296'"
  },
  {
    "'g.208127.CDS.731'": "'g.208127.CDS.1392'"
  },
  {
    "'g.208127.CDS.731'": "'g.208127.CDS.1805'"
  },
  {
    "'g.208127.CDS.731'": "'g.208127.CDS.189'"
  },
  {
    "'g.208127.CDS.731'": "'g.208127.CDS.1986'"
  },
  {
    "'g.208127.CDS.731'": "'g.208127.CDS.200'"
  },
  {
    "'g.208127.CDS.731'": "'g.208127.CDS.2092'"
  },
  {
    "'g.208127.CDS.731'": "'g.208127.CDS.2126'"
  },
  {
    "'g.208127.CDS.731'": "'g.208127.CDS.2187'"
  },
  {
    "'g.208127.CDS.731'": "'g.208127.CDS.2226'"
  },
  {
    "'g.208127.CDS.731'": "'g.208127.CDS.2473'"
  },
  {
    "'g.208127.CDS.731'": "'g.208127.CDS.2551'"
  },
  {
    "'g.208127.CDS.731'": "'g.208127.CDS.2558'"
  },
  {
    "'g.208127.CDS.731'": "'g.208127.CDS.2610'"
  },
  {
    "'g.208127.CDS.731'": "'g.208127.CDS.2817'"
  },
  {
    "'g.208127.CDS.731'": "'g.208127.CDS.2839'"
  },
  {
    "'g.208127.CDS.731'": "'g.208127.CDS.3529'"
  },
  {
    "'g.208127.CDS.731'": "'g.208127.CDS.367'"
  },
  {
    "'g.208127.CDS.731'": "'g.208127.CDS.3777'"
  },
  {
    "'g.208127.CDS.731'": "'g.208127.CDS.3832'"
  },
  {
    "'g.208127.CDS.731'": "'g.208127.CDS.3950'"
  },
  {
    "'g.208127.CDS.731'": "'g.208127.CDS.4302'"
  },
  {
    "'g.208127.CDS.731'": "'g.208127.CDS.4512'"
  },
  {
    "'g.208127.CDS.731'": "'g.208127.CDS.4836'"
  },
  {
    "'g.208127.CDS.731'": "'g.208127.CDS.4897'"
  },
  {
    "'g.208127.CDS.731'": "'g.208127.CDS.5219'"
  },
  {
    "'g.208127.CDS.731'": "'g.208127.CDS.5242'"
  },
  {
    "'g.208127.CDS.731'": "'g.208127.CDS.5249'"
  },
  {
    "'g.208127.CDS.731'": "'g.208127.CDS.5355'"
  },
  {
    "'g.208127.CDS.731'": "'g.208127.CDS.549'"
  },
  {
    "'g.208127.CDS.731'": "'g.208127.CDS.5535'"
  },
  {
    "'g.208127.CDS.731'": "'g.208127.CDS.5807'"
  },
  {
    "'g.208127.CDS.731'": "'g.208127.CDS.5935'"
  },
  {
    "'g.208127.CDS.731'": "'g.208127.CDS.5954'"
  },
  {
    "'g.208127.CDS.731'": "'g.208127.CDS.5959'"
  },
  {
    "'g.208127.CDS.731'": "'g.208127.CDS.5962'"
  },
  {
    "'g.208127.CDS.731'": "'g.208127.CDS.5963'"
  },
  {
    "'g.208127.CDS.731'": "'g.208127.CDS.5975'"
  },
  {
    "'g.208127.CDS.731'": "'g.208127.CDS.5982'"
  },
  {
    "'g.208127.CDS.731'": "'g.208127.CDS.5985'"
  },
  {
    "'g.208127.CDS.731'": "'g.208127.CDS.5989'"
  },
  {
    "'g.208127.CDS.731'": "'g.208127.CDS.5991'"
  },
  {
    "'g.208127.CDS.731'": "'g.208127.CDS.5999'"
  },
  {
    "'g.208127.CDS.731'": "'g.208127.CDS.6000'"
  },
  {
    "'g.208127.CDS.731'": "'g.208127.CDS.6001'"
  },
  {
    "'g.208127.CDS.731'": "'g.208127.CDS.6002'"
  },
  {
    "'g.208127.CDS.731'": "'g.208127.CDS.6006'"
  },
  {
    "'g.208127.CDS.731'": "'g.208127.CDS.6010'"
  },
  {
    "'g.208127.CDS.731'": "'g.208127.CDS.6012'"
  },
  {
    "'g.208127.CDS.731'": "'g.208127.CDS.6013'"
  },
  {
    "'g.208127.CDS.731'": "'g.208127.CDS.6016'"
  },
  {
    "'g.208127.CDS.731'": "'g.208127.CDS.6017'"
  },
  {
    "'g.208127.CDS.731'": "'g.208127.CDS.6027'"
  },
  {
    "'g.208127.CDS.731'": "'g.208127.CDS.6039'"
  },
  {
    "'g.208127.CDS.731'": "'g.208127.CDS.6045'"
  },
  {
    "'g.208127.CDS.731'": "'g.208127.CDS.6047'"
  },
  {
    "'g.208127.CDS.731'": "'g.208127.CDS.6061'"
  },
  {
    "'g.208127.CDS.731'": "'g.208127.CDS.6062'"
  },
  {
    "'g.208127.CDS.731'": "'g.208127.CDS.6065'"
  },
  {
    "'g.208127.CDS.731'": "'g.208127.CDS.6074'"
  },
  {
    "'g.208127.CDS.731'": "'g.208127.CDS.6076'"
  },
  {
    "'g.208127.CDS.731'": "'g.208127.CDS.6077'"
  },
  {
    "'g.208127.CDS.731'": "'g.208127.CDS.6082'"
  },
  {
    "'g.208127.CDS.731'": "'g.208127.CDS.6100'"
  },
  {
    "'g.208127.CDS.731'": "'g.208127.CDS.757'"
  },
  {
    "'g.208127.CDS.731'": "'g.208127.CDS.860'"
  },
  {
    "'g.208127.CDS.731'": "'g.208127.CDS.890'"
  },
  {
    "'g.208127.CDS.731'": "'g.208127.CDS.999'"
  },
  {
    "'g.208127.CDS.731'": "'g.208127.CDS.1046'"
  },
  {
    "'g.208127.CDS.731'": "'g.208127.CDS.1183'"
  },
  {
    "'g.208127.CDS.731'": "'g.208127.CDS.2124'"
  },
  {
    "'g.208127.CDS.731'": "'g.208127.CDS.2778'"
  },
  {
    "'g.208127.CDS.731'": "'g.208127.CDS.5287'"
  },
  {
    "'g.208127.CDS.731'": "'g.208127.CDS.5634'"
  },
  {
    "'g.208127.CDS.731'": "'g.208127.CDS.5942'"
  },
  {
    "'g.208127.CDS.731'": "'g.208127.CDS.5964'"
  },
  {
    "'g.208127.CDS.731'": "'g.208127.CDS.5987'"
  },
  {
    "'g.208127.CDS.731'": "'g.208127.CDS.603'"
  },
  {
    "'g.208127.CDS.731'": "'g.208127.CDS.6040'"
  }
]