[
  {
    "'SDY_0196'": "'SDY_2057'"
  },
  {
    "'SDY_0196'": "'SDY_2522'"
  },
  {
    "'SDY_0196'": "'SDY_0004'"
  },
  {
    "'SDY_0196'": "'SDY_0175'"
  },
  {
    "'SDY_0196'": "'SDY_2056'"
  },
  {
    "'SDY_0196'": "'s0001'"
  },
  {
    "'SDY_0196'": "'SDY_0201'"
  },
  {
    "'SDY_0196'": "'SDY_2515'"
  },
  {
    "'SDY_0196'": "'SDY_3432'"
  },
  {
    "'SDY_0196'": "'SDY_3433'"
  },
  {
    "'SDY_0196'": "'SDY_3794'"
  },
  {
    "'SDY_0196'": "'SDY_3035'"
  },
  {
    "'SDY_0196'": "'SDY_2059'"
  },
  {
    "'SDY_0196'": "'SDY_3792'"
  },
  {
    "'SDY_0196'": "'SDY_3381'"
  },
  {
    "'SDY_0196'": "'SDY_3382'"
  },
  {
    "'SDY_0196'": "'SDY_3380'"
  },
  {
    "'SDY_0196'": "'SDY_4286'"
  },
  {
    "'SDY_0196'": "'SDY_4285'"
  },
  {
    "'SDY_0196'": "'SDY_0025'"
  },
  {
    "'SDY_0196'": "'SDY_3521'"
  },
  {
    "'SDY_0196'": "'SDY_2949'"
  },
  {
    "'SDY_0196'": "'SDY_2021'"
  },
  {
    "'SDY_0196'": "'SDY_4412'"
  },
  {
    "'SDY_0196'": "'SDY_3219'"
  },
  {
    "'SDY_0196'": "'SDY_3793'"
  },
  {
    "'SDY_0196'": "'SDY_3720'"
  },
  {
    "'SDY_0196'": "'SDY_0274'"
  },
  {
    "'SDY_0196'": "'SDY_0275'"
  },
  {
    "'SDY_0196'": "'SDY_4521'"
  },
  {
    "'SDY_0196'": "'SDY_0832'"
  },
  {
    "'SDY_0196'": "'SDY_3732'"
  },
  {
    "'SDY_0196'": "'SDY_1331'"
  },
  {
    "'SDY_0196'": "'SDY_1332'"
  },
  {
    "'SDY_0196'": "'SDY_0830'"
  },
  {
    "'SDY_0196'": "'SDY_0320'"
  },
  {
    "'SDY_0196'": "'SDY_3795'"
  },
  {
    "'SDY_0196'": "'SDY_3351'"
  },
  {
    "'SDY_0196'": "'SDY_3579'"
  },
  {
    "'SDY_0196'": "'SDY_0041'"
  },
  {
    "'SDY_0196'": "'SDY_4264'"
  },
  {
    "'SDY_0196'": "'SDY_2815'"
  },
  {
    "'SDY_0196'": "'SDY_2329'"
  },
  {
    "'SDY_0196'": "'SDY_2222'"
  },
  {
    "'SDY_0196'": "'SDY_0760'"
  },
  {
    "'SDY_0196'": "'SDY_3888'"
  },
  {
    "'SDY_0196'": "'SDY_4385'"
  },
  {
    "'SDY_0196'": "'SDY_0831'"
  },
  {
    "'SDY_0196'": "'SDY_3377'"
  },
  {
    "'SDY_0196'": "'SDY_3200'"
  },
  {
    "'SDY_0196'": "'SDY_1257'"
  },
  {
    "'SDY_0196'": "'SDY_2766'"
  },
  {
    "'SDY_0196'": "'SDY_2767'"
  },
  {
    "'SDY_0196'": "'SDY_2528'"
  },
  {
    "'SDY_0196'": "'SDY_4535'"
  },
  {
    "'SDY_0196'": "'SDY_2344'"
  },
  {
    "'SDY_0196'": "'SDY_0823'"
  },
  {
    "'SDY_0196'": "'SDY_0825'"
  },
  {
    "'SDY_0196'": "'SDY_0658'"
  },
  {
    "'SDY_0196'": "'SDY_2997'"
  },
  {
    "'SDY_0196'": "'SDY_3055'"
  },
  {
    "'SDY_0196'": "'SDY_3936'"
  },
  {
    "'SDY_0196'": "'SDY_0191'"
  },
  {
    "'SDY_0196'": "'SDY_3226'"
  },
  {
    "'SDY_0196'": "'SDY_0828'"
  },
  {
    "'SDY_0196'": "'SDY_4080'"
  },
  {
    "'SDY_0196'": "'SDY_3977'"
  },
  {
    "'SDY_0196'": "'SDY_0053'"
  },
  {
    "'SDY_0196'": "'SDY_2667'"
  },
  {
    "'SDY_0196'": "'SDY_2091'"
  },
  {
    "'SDY_0196'": "'SDY_3690'"
  },
  {
    "'SDY_0196'": "'SDY_1474'"
  },
  {
    "'SDY_0196'": "'SDY_0309'"
  },
  {
    "'SDY_0196'": "'SDY_0051'"
  },
  {
    "'SDY_0196'": "'SDY_0133'"
  },
  {
    "'SDY_0196'": "'SDY_3974'"
  },
  {
    "'SDY_0196'": "'SDY_2052'"
  },
  {
    "'SDY_0196'": "'SDY_0189'"
  },
  {
    "'SDY_0196'": "'SDY_0310'"
  },
  {
    "'SDY_0196'": "'SDY_1368'"
  },
  {
    "'SDY_0196'": "'SDY_2965'"
  },
  {
    "'SDY_0196'": "'SDY_2966'"
  },
  {
    "'SDY_0196'": "'SDY_0444'"
  },
  {
    "'SDY_0196'": "'SDY_0047'"
  },
  {
    "'SDY_0196'": "'SDY_4018'"
  },
  {
    "'SDY_0196'": "'SDY_0170'"
  },
  {
    "'SDY_0196'": "'SDY_4041'"
  },
  {
    "'SDY_0196'": "'SDY_4019'"
  },
  {
    "'SDY_0196'": "'SDY_2511'"
  },
  {
    "'SDY_0196'": "'SDY_3761'"
  },
  {
    "'SDY_0196'": "'SDY_1259'"
  },
  {
    "'SDY_0196'": "'SDY_2600'"
  },
  {
    "'SDY_0196'": "'SDY_2703'"
  },
  {
    "'SDY_0196'": "'SDY_1353'"
  },
  {
    "'SDY_0196'": "'SDY_4534'"
  },
  {
    "'SDY_0196'": "'SDY_0035'"
  },
  {
    "'SDY_0196'": "'SDY_2221'"
  },
  {
    "'SDY_0196'": "'SDY_2219'"
  },
  {
    "'SDY_0196'": "'SDY_3941'"
  },
  {
    "'SDY_0196'": "'SDY_2277'"
  },
  {
    "'SDY_0196'": "'SDY_0003'"
  },
  {
    "'SDY_0196'": "'SDY_4330'"
  },
  {
    "'SDY_0196'": "'SDY_2220'"
  },
  {
    "'SDY_0196'": "'SDY_2726'"
  },
  {
    "'SDY_0196'": "'SDY_2725'"
  },
  {
    "'SDY_0196'": "'SDY_3938'"
  },
  {
    "'SDY_0196'": "'SDY_2724'"
  },
  {
    "'SDY_0196'": "'SDY_2016'"
  },
  {
    "'SDY_0196'": "'SDY_2216'"
  },
  {
    "'SDY_0196'": "'SDY_2218'"
  },
  {
    "'SDY_0196'": "'SDY_1330'"
  },
  {
    "'SDY_0196'": "'SDY_3978'"
  },
  {
    "'SDY_0196'": "'SDY_2704'"
  },
  {
    "'SDY_0196'": "'SDY_2340'"
  },
  {
    "'SDY_0196'": "'SDY_3379'"
  },
  {
    "'SDY_0196'": "'SDY_1264'"
  },
  {
    "'SDY_0196'": "'SDY_0198'"
  },
  {
    "'SDY_0196'": "'SDY_0829'"
  },
  {
    "'SDY_0196'": "'SDY_2058'"
  },
  {
    "'SDY_0196'": "'SDY_2711'"
  },
  {
    "'SDY_0196'": "'SDY_2945'"
  },
  {
    "'SDY_0196'": "'SDY_2946'"
  },
  {
    "'SDY_0196'": "'SDY_3130'"
  },
  {
    "'SDY_0196'": "'SDY_0822'"
  },
  {
    "'SDY_0196'": "'SDY_4063'"
  },
  {
    "'SDY_0196'": "'SDY_0154'"
  },
  {
    "'SDY_0196'": "'SDY_0009'"
  },
  {
    "'SDY_0196'": "'SDY_2083'"
  },
  {
    "'SDY_0196'": "'SDY_0821'"
  },
  {
    "'SDY_0196'": "'SDY_0761'"
  },
  {
    "'SDY_0196'": "'SDY_3776'"
  },
  {
    "'SDY_0196'": "'SDY_2788'"
  },
  {
    "'SDY_0196'": "'SDY_1540'"
  },
  {
    "'SDY_0196'": "'SDY_0561'"
  },
  {
    "'SDY_0196'": "'SDY_0139'"
  },
  {
    "'SDY_0196'": "'SDY_4276'"
  },
  {
    "'SDY_0196'": "'SDY_3368'"
  },
  {
    "'SDY_0196'": "'SDY_2354'"
  },
  {
    "'SDY_0196'": "'SDY_1357'"
  },
  {
    "'SDY_0196'": "'SDY_3902'"
  },
  {
    "'SDY_0196'": "'SDY_2510'"
  },
  {
    "'SDY_0196'": "'SDY_4073'"
  },
  {
    "'SDY_0196'": "'SDY_0356'"
  },
  {
    "'SDY_0196'": "'SDY_0155'"
  },
  {
    "'SDY_0196'": "'SDY_0117'"
  },
  {
    "'SDY_0196'": "'SDY_2964'"
  },
  {
    "'SDY_0196'": "'SDY_2805'"
  },
  {
    "'SDY_0196'": "'SDY_0077'"
  },
  {
    "'SDY_0196'": "'SDY_2519'"
  },
  {
    "'SDY_0196'": "'SDY_3357'"
  },
  {
    "'SDY_0196'": "'SDY_3663'"
  },
  {
    "'SDY_0196'": "'SDY_3754'"
  },
  {
    "'SDY_0196'": "'SDY_0501'"
  },
  {
    "'SDY_0196'": "'SDY_3791'"
  },
  {
    "'SDY_0196'": "'SDY_4069'"
  },
  {
    "'SDY_0196'": "'SDY_3895'"
  },
  {
    "'SDY_0196'": "'SDY_3721'"
  },
  {
    "'SDY_0196'": "'SDY_2688'"
  },
  {
    "'SDY_0196'": "'SDY_2215'"
  },
  {
    "'SDY_0196'": "'SDY_2664'"
  },
  {
    "'SDY_0196'": "'SDY_2747'"
  },
  {
    "'SDY_0196'": "'SDY_2217'"
  },
  {
    "'SDY_0196'": "'SDY_2353'"
  },
  {
    "'SDY_0196'": "'SDY_4432'"
  },
  {
    "'SDY_0196'": "'SDY_2828'"
  },
  {
    "'SDY_0196'": "'SDY_4064'"
  },
  {
    "'SDY_0196'": "'SDY_0694'"
  },
  {
    "'SDY_0196'": "'SDY_1888'"
  },
  {
    "'SDY_0196'": "'SDY_0319'"
  },
  {
    "'SDY_0196'": "'SDY_2884'"
  },
  {
    "'SDY_0196'": "'SDY_2950'"
  },
  {
    "'SDY_0196'": "'SDY_2951'"
  },
  {
    "'SDY_0196'": "'SDY_2656'"
  },
  {
    "'SDY_0196'": "'SDY_4040'"
  },
  {
    "'SDY_0196'": "'SDY_3530'"
  },
  {
    "'SDY_0196'": "'SDY_3774'"
  },
  {
    "'SDY_0196'": "'SDY_2343'"
  },
  {
    "'SDY_0196'": "'SDY_0182'"
  },
  {
    "'SDY_0196'": "'SDY_0307'"
  },
  {
    "'SDY_0196'": "'SDY_3734'"
  },
  {
    "'SDY_0196'": "'SDY_3735'"
  },
  {
    "'SDY_0196'": "'SDY_3737'"
  },
  {
    "'SDY_0196'": "'SDY_3141'"
  },
  {
    "'SDY_0196'": "'SDY_3044'"
  },
  {
    "'SDY_0196'": "'SDY_0317'"
  },
  {
    "'SDY_0196'": "'SDY_3733'"
  },
  {
    "'SDY_0196'": "'SDY_1329'"
  },
  {
    "'SDY_0196'": "'SDY_1328'"
  },
  {
    "'SDY_0196'": "'SDY_3736'"
  },
  {
    "'SDY_0196'": "'SDY_0195'"
  },
  {
    "'SDY_0196'": "'SDY_0115'"
  },
  {
    "'SDY_0196'": "'SDY_0197'"
  },
  {
    "'SDY_0196'": "'SDY_3370'"
  },
  {
    "'SDY_0196'": "'SDY_0120'"
  },
  {
    "'SDY_0196'": "'SDY_0118'"
  },
  {
    "'SDY_0196'": "'SDY_0121'"
  },
  {
    "'SDY_0196'": "'SDY_3756'"
  },
  {
    "'SDY_0196'": "'SDY_0190'"
  },
  {
    "'SDY_0196'": "'SDY_0116'"
  },
  {
    "'SDY_0196'": "'SDY_0126'"
  },
  {
    "'SDY_0196'": "'SDY_3942'"
  },
  {
    "'SDY_0196'": "'SDY_3729'"
  },
  {
    "'SDY_0196'": "'SDY_0276'"
  }
]