SFxv_1034,SFxv_0288,SFxv_4250
SFxv_2719,SFxv_3776,SFxv_2701
SFxv_2720,SFxv_3776,SFxv_2701
SFxv_0119,SFxv_2854,SFxv_0507
SFxv_0119,SFxv_0507,SFxv_3178
SFxv_0119,SFxv_0507,SFxv_4813
SFxv_0894,SFxv_2854,SFxv_3986
SFxv_0894,SFxv_2854,SFxv_3985
SFxv_2854,SFxv_3170,SFxv_0507
SFxv_2854,SFxv_3168,SFxv_0507
SFxv_2854,SFxv_3169,SFxv_0507
SFxv_4159,SFxv_1630,SFxv_2083
SFxv_4159,SFxv_1630,SFxv_2084
SFxv_4159,SFxv_1630,SFxv_4358
SFxv_4159,SFxv_2083,SFxv_3190
SFxv_4159,SFxv_2084,SFxv_3190
SFxv_4159,SFxv_3190,SFxv_4358
SFxv_4153,SFxv_1630,SFxv_2083
SFxv_4153,SFxv_1630,SFxv_2084
SFxv_4153,SFxv_1630,SFxv_4358
SFxv_4153,SFxv_2083,SFxv_3190
SFxv_4153,SFxv_2084,SFxv_3190
SFxv_4153,SFxv_3190,SFxv_4358
SFxv_4156,SFxv_1630,SFxv_2083
SFxv_4156,SFxv_1630,SFxv_2084
SFxv_4156,SFxv_1630,SFxv_4358
SFxv_4156,SFxv_2083,SFxv_3190
SFxv_4156,SFxv_2084,SFxv_3190
SFxv_4156,SFxv_3190,SFxv_4358
SFxv_4154,SFxv_1630,SFxv_2083
SFxv_4154,SFxv_1630,SFxv_2084
SFxv_4154,SFxv_1630,SFxv_4358
SFxv_4154,SFxv_2083,SFxv_3190
SFxv_4154,SFxv_2084,SFxv_3190
SFxv_4154,SFxv_3190,SFxv_4358
SFxv_4155,SFxv_1630,SFxv_2083
SFxv_4155,SFxv_1630,SFxv_2084
SFxv_4155,SFxv_1630,SFxv_4358
SFxv_4155,SFxv_2083,SFxv_3190
SFxv_4155,SFxv_2084,SFxv_3190
SFxv_4155,SFxv_3190,SFxv_4358
SFxv_4160,SFxv_1630,SFxv_2083
SFxv_4160,SFxv_1630,SFxv_2084
SFxv_4160,SFxv_1630,SFxv_4358
SFxv_4160,SFxv_2083,SFxv_3190
SFxv_4160,SFxv_2084,SFxv_3190
SFxv_4160,SFxv_3190,SFxv_4358
SFxv_4157,SFxv_1630,SFxv_2083
SFxv_4157,SFxv_1630,SFxv_2084
SFxv_4157,SFxv_1630,SFxv_4358
SFxv_4157,SFxv_2083,SFxv_3190
SFxv_4157,SFxv_2084,SFxv_3190
SFxv_4157,SFxv_3190,SFxv_4358
SFxv_4161,SFxv_1630,SFxv_2083
SFxv_4161,SFxv_1630,SFxv_2084
SFxv_4161,SFxv_1630,SFxv_4358
SFxv_4161,SFxv_2083,SFxv_3190
SFxv_4161,SFxv_2084,SFxv_3190
SFxv_4161,SFxv_3190,SFxv_4358
SFxv_4244,SFxv_4631,SFxv_3813
SFxv_4244,SFxv_4631,SFxv_3811
SFxv_4244,SFxv_4631,SFxv_3812
SFxv_4244,SFxv_4631,SFxv_3814
SFxv_4244,SFxv_4631,SFxv_3810
SFxv_1062,SFxv_0620,SFxv_4396
SFxv_1062,SFxv_0621,SFxv_4396
SFxv_1063,SFxv_0620,SFxv_4396
SFxv_1063,SFxv_0621,SFxv_4396
SFxv_2461,SFxv_0981,SFxv_3179
SFxv_2919,SFxv_0606,SFxv_1710
SFxv_2901,SFxv_4200,SFxv_3848
SFxv_1832,SFxv_1831,SFxv_4396
SFxv_1630,SFxv_4451,SFxv_1712
SFxv_1630,SFxv_1712,SFxv_0633
SFxv_1630,SFxv_1712,SFxv_0635
SFxv_1630,SFxv_1712,SFxv_0632
SFxv_1630,SFxv_1712,SFxv_0634
SFxv_1630,SFxv_3179,SFxv_4358
SFxv_1630,SFxv_3463,SFxv_4358
SFxv_2083,SFxv_2326,SFxv_4557
SFxv_2083,SFxv_4557,SFxv_3179
SFxv_2084,SFxv_2326,SFxv_4557
SFxv_2084,SFxv_4557,SFxv_3179
SFxv_3065,SFxv_4451,SFxv_1712
SFxv_3065,SFxv_3309,SFxv_1712
SFxv_3065,SFxv_3735,SFxv_1712
SFxv_3065,SFxv_1712,SFxv_0633
SFxv_3065,SFxv_1712,SFxv_0635
SFxv_3065,SFxv_1712,SFxv_0632
SFxv_3065,SFxv_1712,SFxv_0634
SFxv_2085,SFxv_3776,SFxv_4557
SFxv_2085,SFxv_3776,SFxv_3715
SFxv_3170,SFxv_0507,SFxv_3178
SFxv_3170,SFxv_0507,SFxv_4813
SFxv_3168,SFxv_0507,SFxv_3178
SFxv_3168,SFxv_0507,SFxv_4813
SFxv_3169,SFxv_0507,SFxv_3178
SFxv_3169,SFxv_0507,SFxv_4813
SFxv_2326,SFxv_4557,SFxv_4358
SFxv_3776,SFxv_4557,SFxv_0963
SFxv_3776,SFxv_0963,SFxv_3715
SFxv_3848,SFxv_2557,SFxv_4637
SFxv_3848,SFxv_2558,SFxv_4637
SFxv_4451,SFxv_3190,SFxv_1712
SFxv_4278,SFxv_4171,SFxv_1425
SFxv_4171,SFxv_1425,SFxv_1469
SFxv_4171,SFxv_1425,SFxv_3637
SFxv_0148,SFxv_3725,SFxv_2820
SFxv_2730,SFxv_0597,SFxv_4356
SFxv_2730,SFxv_0595,SFxv_4356
SFxv_2730,SFxv_0596,SFxv_4356
SFxv_0507,SFxv_0972,SFxv_4391
SFxv_0507,SFxv_0972,SFxv_4392
SFxv_1453,SFxv_3402,SFxv_0863
SFxv_4557,SFxv_3715,SFxv_4358
SFxv_4557,SFxv_3179,SFxv_4358
SFxv_3190,SFxv_1712,SFxv_0633
SFxv_3190,SFxv_1712,SFxv_0635
SFxv_3190,SFxv_1712,SFxv_0632
SFxv_3190,SFxv_1712,SFxv_0634
SFxv_3190,SFxv_3179,SFxv_4358
SFxv_3190,SFxv_3463,SFxv_4358
SFxv_2557,SFxv_2966,SFxv_4637
SFxv_2557,SFxv_2965,SFxv_4637
SFxv_2558,SFxv_2966,SFxv_4637
SFxv_2558,SFxv_2965,SFxv_4637
SFxv_2966,SFxv_4637,SFxv_0917
SFxv_2965,SFxv_4637,SFxv_0917
SFxv_3179,SFxv_2760,SFxv_0007
