ECO111_3565,ECO111_1022
ECO111_1022,ECO111_4672
ECO111_1022,ECO111_0485
ECO111_3426,ECO111_4022
ECO111_4494,ECO111_0081
ECO111_4494,ECO111_0080
ECO111_4495,ECO111_0081
ECO111_4495,ECO111_0080
ECO111_2357,ECO111_3224
ECO111_0119,ECO111_1657
ECO111_1367,ECO111_4864
ECO111_0509,ECO111_3242
ECO111_0509,ECO111_1536
ECO111_0509,ECO111_4965
ECO111_0411,ECO111_0095
ECO111_4927,ECO111_1519
ECO111_3277,ECO111_3650
ECO111_3277,ECO111_5249
ECO111_3882,ECO111_4864
ECO111_0693,ECO111_4578
ECO111_4766,ECO111_0002
ECO111_0157,ECO111_2060
ECO111_3165,ECO111_4687
ECO111_3835,ECO111_2091
ECO111_3150,ECO111_3144
ECO111_0978,ECO111_0172
ECO111_3796,ECO111_3799
ECO111_3796,ECO111_3800
ECO111_3796,ECO111_3801
ECO111_0049,ECO111_2075
ECO111_2387,ECO111_0102
ECO111_2282,ECO111_3663
ECO111_1680,ECO111_4690
ECO111_2272,ECO111_4037
ECO111_2272,ECO111_4038
ECO111_2755,ECO111_4195
ECO111_4308,ECO111_0956
ECO111_0300,ECO111_3232
ECO111_0127,ECO111_0376
ECO111_3605,ECO111_3232
ECO111_3606,ECO111_3232
ECO111_3604,ECO111_3232
ECO111_3253,ECO111_2152
ECO111_3253,ECO111_2148
ECO111_3253,ECO111_2149
ECO111_3253,ECO111_2151
ECO111_3253,ECO111_2150
ECO111_3253,ECO111_2153
ECO111_3252,ECO111_2152
ECO111_3252,ECO111_2148
ECO111_3252,ECO111_2149
ECO111_3252,ECO111_2151
ECO111_3252,ECO111_2150
ECO111_3252,ECO111_2153
ECO111_4831,ECO111_4657
ECO111_0774,ECO111_3151
ECO111_0774,ECO111_3152
ECO111_0774,ECO111_3153
ECO111_0775,ECO111_3151
ECO111_0775,ECO111_3152
ECO111_0775,ECO111_3153
ECO111_3151,ECO111_0773
ECO111_0773,ECO111_3152
ECO111_0773,ECO111_3153
ECO111_1536,ECO111_4965
ECO111_2161,ECO111_4101
ECO111_4195,ECO111_3651
ECO111_4199,ECO111_0418
ECO111_4598,ECO111_3941
