[
  {
    "'ECO111_1022'": "'ECO111_4945'",
    "'ECO111_0243'": "'ECO111_0743'",
    "'ECO111_4649'": "'ECO111_0744'"
  },
  {
    "'ECO111_1022'": "'ECO111_4945'",
    "'ECO111_0243'": "'ECO111_0743'",
    "'ECO111_4649'": "'ECO111_0745'"
  },
  {
    "'ECO111_1022'": "'ECO111_4945'",
    "'ECO111_0243'": "'ECO111_0117'",
    "'ECO111_4649'": "'ECO111_0744'"
  },
  {
    "'ECO111_1022'": "'ECO111_4945'",
    "'ECO111_0243'": "'ECO111_0117'",
    "'ECO111_4649'": "'ECO111_0745'"
  },
  {
    "'ECO111_1022'": "'ECO111_4945'",
    "'ECO111_0243'": "'ECO111_0742'",
    "'ECO111_4649'": "'ECO111_0744'"
  },
  {
    "'ECO111_1022'": "'ECO111_4945'",
    "'ECO111_0243'": "'ECO111_0742'",
    "'ECO111_4649'": "'ECO111_0745'"
  },
  {
    "'ECO111_1022'": "'ECO111_0509'",
    "'ECO111_0243'": "'ECO111_5243'",
    "'ECO111_4649'": "'ECO111_4189'"
  },
  {
    "'ECO111_1022'": "'ECO111_0743'",
    "'ECO111_0243'": "'ECO111_3656'",
    "'ECO111_4649'": "'ECO111_0744'"
  },
  {
    "'ECO111_1022'": "'ECO111_0743'",
    "'ECO111_0243'": "'ECO111_3656'",
    "'ECO111_4649'": "'ECO111_0745'"
  },
  {
    "'ECO111_1022'": "'ECO111_0117'",
    "'ECO111_0243'": "'ECO111_3277'",
    "'ECO111_4649'": "'ECO111_0561'"
  },
  {
    "'ECO111_1022'": "'ECO111_0117'",
    "'ECO111_0243'": "'ECO111_0561'",
    "'ECO111_4649'": "'ECO111_3650'"
  },
  {
    "'ECO111_1022'": "'ECO111_0117'",
    "'ECO111_0243'": "'ECO111_0561'",
    "'ECO111_4649'": "'ECO111_5249'"
  },
  {
    "'ECO111_1022'": "'ECO111_0117'",
    "'ECO111_0243'": "'ECO111_3656'",
    "'ECO111_4649'": "'ECO111_0744'"
  },
  {
    "'ECO111_1022'": "'ECO111_0117'",
    "'ECO111_0243'": "'ECO111_3656'",
    "'ECO111_4649'": "'ECO111_0745'"
  },
  {
    "'ECO111_1022'": "'ECO111_0742'",
    "'ECO111_0243'": "'ECO111_3656'",
    "'ECO111_4649'": "'ECO111_0744'"
  },
  {
    "'ECO111_1022'": "'ECO111_0742'",
    "'ECO111_0243'": "'ECO111_3656'",
    "'ECO111_4649'": "'ECO111_0745'"
  },
  {
    "'ECO111_1022'": "'ECO111_0939'",
    "'ECO111_0243'": "'ECO111_3277'",
    "'ECO111_4649'": "'ECO111_4442'"
  },
  {
    "'ECO111_1022'": "'ECO111_0939'",
    "'ECO111_0243'": "'ECO111_3277'",
    "'ECO111_4649'": "'ECO111_4441'"
  },
  {
    "'ECO111_1022'": "'ECO111_3277'",
    "'ECO111_0243'": "'ECO111_3643'",
    "'ECO111_4649'": "'ECO111_0561'"
  },
  {
    "'ECO111_1022'": "'ECO111_3277'",
    "'ECO111_0243'": "'ECO111_3642'",
    "'ECO111_4649'": "'ECO111_0561'"
  },
  {
    "'ECO111_1022'": "'ECO111_3277'",
    "'ECO111_0243'": "'ECO111_3641'",
    "'ECO111_4649'": "'ECO111_0561'"
  },
  {
    "'ECO111_1022'": "'ECO111_3277'",
    "'ECO111_0243'": "'ECO111_4827'",
    "'ECO111_4649'": "'ECO111_4781'"
  },
  {
    "'ECO111_1022'": "'ECO111_3277'",
    "'ECO111_0243'": "'ECO111_4781'",
    "'ECO111_4649'": "'ECO111_0740'"
  },
  {
    "'ECO111_1022'": "'ECO111_3277'",
    "'ECO111_0243'": "'ECO111_4781'",
    "'ECO111_4649'": "'ECO111_0738'"
  },
  {
    "'ECO111_1022'": "'ECO111_3277'",
    "'ECO111_0243'": "'ECO111_4781'",
    "'ECO111_4649'": "'ECO111_0741'"
  },
  {
    "'ECO111_1022'": "'ECO111_3277'",
    "'ECO111_0243'": "'ECO111_4781'",
    "'ECO111_4649'": "'ECO111_0739'"
  },
  {
    "'ECO111_1022'": "'ECO111_3038'",
    "'ECO111_0243'": "'ECO111_3115'",
    "'ECO111_4649'": "'ECO111_4392'"
  },
  {
    "'ECO111_1022'": "'ECO111_0548'",
    "'ECO111_0243'": "'ECO111_4827'",
    "'ECO111_4649'": "'ECO111_4781'"
  },
  {
    "'ECO111_1022'": "'ECO111_0548'",
    "'ECO111_0243'": "'ECO111_4781'",
    "'ECO111_4649'": "'ECO111_0740'"
  },
  {
    "'ECO111_1022'": "'ECO111_0548'",
    "'ECO111_0243'": "'ECO111_4781'",
    "'ECO111_4649'": "'ECO111_0738'"
  },
  {
    "'ECO111_1022'": "'ECO111_0548'",
    "'ECO111_0243'": "'ECO111_4781'",
    "'ECO111_4649'": "'ECO111_0741'"
  },
  {
    "'ECO111_1022'": "'ECO111_0548'",
    "'ECO111_0243'": "'ECO111_4781'",
    "'ECO111_4649'": "'ECO111_0739'"
  },
  {
    "'ECO111_1022'": "'ECO111_0544'",
    "'ECO111_0243'": "'ECO111_4827'",
    "'ECO111_4649'": "'ECO111_4781'"
  },
  {
    "'ECO111_1022'": "'ECO111_0544'",
    "'ECO111_0243'": "'ECO111_4781'",
    "'ECO111_4649'": "'ECO111_0740'"
  },
  {
    "'ECO111_1022'": "'ECO111_0544'",
    "'ECO111_0243'": "'ECO111_4781'",
    "'ECO111_4649'": "'ECO111_0738'"
  },
  {
    "'ECO111_1022'": "'ECO111_0544'",
    "'ECO111_0243'": "'ECO111_4781'",
    "'ECO111_4649'": "'ECO111_0741'"
  },
  {
    "'ECO111_1022'": "'ECO111_0544'",
    "'ECO111_0243'": "'ECO111_4781'",
    "'ECO111_4649'": "'ECO111_0739'"
  },
  {
    "'ECO111_1022'": "'ECO111_4572'",
    "'ECO111_0243'": "'ECO111_2282'",
    "'ECO111_4649'": "'ECO111_2358'"
  },
  {
    "'ECO111_1022'": "'ECO111_4572'",
    "'ECO111_0243'": "'ECO111_2282'",
    "'ECO111_4649'": "'ECO111_2359'"
  },
  {
    "'ECO111_1022'": "'ECO111_4572'",
    "'ECO111_0243'": "'ECO111_2282'",
    "'ECO111_4649'": "'ECO111_4742'"
  },
  {
    "'ECO111_1022'": "'ECO111_4572'",
    "'ECO111_0243'": "'ECO111_2358'",
    "'ECO111_4649'": "'ECO111_3662'"
  },
  {
    "'ECO111_1022'": "'ECO111_4572'",
    "'ECO111_0243'": "'ECO111_2359'",
    "'ECO111_4649'": "'ECO111_3662'"
  },
  {
    "'ECO111_1022'": "'ECO111_4572'",
    "'ECO111_0243'": "'ECO111_3662'",
    "'ECO111_4649'": "'ECO111_4742'"
  },
  {
    "'ECO111_1022'": "'ECO111_4565'",
    "'ECO111_0243'": "'ECO111_2282'",
    "'ECO111_4649'": "'ECO111_2358'"
  },
  {
    "'ECO111_1022'": "'ECO111_4565'",
    "'ECO111_0243'": "'ECO111_2282'",
    "'ECO111_4649'": "'ECO111_2359'"
  },
  {
    "'ECO111_1022'": "'ECO111_4565'",
    "'ECO111_0243'": "'ECO111_2282'",
    "'ECO111_4649'": "'ECO111_4742'"
  },
  {
    "'ECO111_1022'": "'ECO111_4565'",
    "'ECO111_0243'": "'ECO111_2358'",
    "'ECO111_4649'": "'ECO111_3662'"
  },
  {
    "'ECO111_1022'": "'ECO111_4565'",
    "'ECO111_0243'": "'ECO111_2359'",
    "'ECO111_4649'": "'ECO111_3662'"
  },
  {
    "'ECO111_1022'": "'ECO111_4565'",
    "'ECO111_0243'": "'ECO111_3662'",
    "'ECO111_4649'": "'ECO111_4742'"
  },
  {
    "'ECO111_1022'": "'ECO111_4571'",
    "'ECO111_0243'": "'ECO111_2282'",
    "'ECO111_4649'": "'ECO111_2358'"
  },
  {
    "'ECO111_1022'": "'ECO111_4571'",
    "'ECO111_0243'": "'ECO111_2282'",
    "'ECO111_4649'": "'ECO111_2359'"
  },
  {
    "'ECO111_1022'": "'ECO111_4571'",
    "'ECO111_0243'": "'ECO111_2282'",
    "'ECO111_4649'": "'ECO111_4742'"
  },
  {
    "'ECO111_1022'": "'ECO111_4571'",
    "'ECO111_0243'": "'ECO111_2358'",
    "'ECO111_4649'": "'ECO111_3662'"
  },
  {
    "'ECO111_1022'": "'ECO111_4571'",
    "'ECO111_0243'": "'ECO111_2359'",
    "'ECO111_4649'": "'ECO111_3662'"
  },
  {
    "'ECO111_1022'": "'ECO111_4571'",
    "'ECO111_0243'": "'ECO111_3662'",
    "'ECO111_4649'": "'ECO111_4742'"
  },
  {
    "'ECO111_1022'": "'ECO111_4566'",
    "'ECO111_0243'": "'ECO111_2282'",
    "'ECO111_4649'": "'ECO111_2358'"
  },
  {
    "'ECO111_1022'": "'ECO111_4566'",
    "'ECO111_0243'": "'ECO111_2282'",
    "'ECO111_4649'": "'ECO111_2359'"
  },
  {
    "'ECO111_1022'": "'ECO111_4566'",
    "'ECO111_0243'": "'ECO111_2282'",
    "'ECO111_4649'": "'ECO111_4742'"
  },
  {
    "'ECO111_1022'": "'ECO111_4566'",
    "'ECO111_0243'": "'ECO111_2358'",
    "'ECO111_4649'": "'ECO111_3662'"
  },
  {
    "'ECO111_1022'": "'ECO111_4566'",
    "'ECO111_0243'": "'ECO111_2359'",
    "'ECO111_4649'": "'ECO111_3662'"
  },
  {
    "'ECO111_1022'": "'ECO111_4566'",
    "'ECO111_0243'": "'ECO111_3662'",
    "'ECO111_4649'": "'ECO111_4742'"
  },
  {
    "'ECO111_1022'": "'ECO111_4567'",
    "'ECO111_0243'": "'ECO111_2282'",
    "'ECO111_4649'": "'ECO111_2358'"
  },
  {
    "'ECO111_1022'": "'ECO111_4567'",
    "'ECO111_0243'": "'ECO111_2282'",
    "'ECO111_4649'": "'ECO111_2359'"
  },
  {
    "'ECO111_1022'": "'ECO111_4567'",
    "'ECO111_0243'": "'ECO111_2282'",
    "'ECO111_4649'": "'ECO111_4742'"
  },
  {
    "'ECO111_1022'": "'ECO111_4567'",
    "'ECO111_0243'": "'ECO111_2358'",
    "'ECO111_4649'": "'ECO111_3662'"
  },
  {
    "'ECO111_1022'": "'ECO111_4567'",
    "'ECO111_0243'": "'ECO111_2359'",
    "'ECO111_4649'": "'ECO111_3662'"
  },
  {
    "'ECO111_1022'": "'ECO111_4567'",
    "'ECO111_0243'": "'ECO111_3662'",
    "'ECO111_4649'": "'ECO111_4742'"
  },
  {
    "'ECO111_1022'": "'ECO111_4569'",
    "'ECO111_0243'": "'ECO111_2282'",
    "'ECO111_4649'": "'ECO111_2358'"
  },
  {
    "'ECO111_1022'": "'ECO111_4569'",
    "'ECO111_0243'": "'ECO111_2282'",
    "'ECO111_4649'": "'ECO111_2359'"
  },
  {
    "'ECO111_1022'": "'ECO111_4569'",
    "'ECO111_0243'": "'ECO111_2282'",
    "'ECO111_4649'": "'ECO111_4742'"
  },
  {
    "'ECO111_1022'": "'ECO111_4569'",
    "'ECO111_0243'": "'ECO111_2358'",
    "'ECO111_4649'": "'ECO111_3662'"
  },
  {
    "'ECO111_1022'": "'ECO111_4569'",
    "'ECO111_0243'": "'ECO111_2359'",
    "'ECO111_4649'": "'ECO111_3662'"
  },
  {
    "'ECO111_1022'": "'ECO111_4569'",
    "'ECO111_0243'": "'ECO111_3662'",
    "'ECO111_4649'": "'ECO111_4742'"
  },
  {
    "'ECO111_1022'": "'ECO111_4570'",
    "'ECO111_0243'": "'ECO111_2282'",
    "'ECO111_4649'": "'ECO111_2358'"
  },
  {
    "'ECO111_1022'": "'ECO111_4570'",
    "'ECO111_0243'": "'ECO111_2282'",
    "'ECO111_4649'": "'ECO111_2359'"
  },
  {
    "'ECO111_1022'": "'ECO111_4570'",
    "'ECO111_0243'": "'ECO111_2282'",
    "'ECO111_4649'": "'ECO111_4742'"
  },
  {
    "'ECO111_1022'": "'ECO111_4570'",
    "'ECO111_0243'": "'ECO111_2358'",
    "'ECO111_4649'": "'ECO111_3662'"
  },
  {
    "'ECO111_1022'": "'ECO111_4570'",
    "'ECO111_0243'": "'ECO111_2359'",
    "'ECO111_4649'": "'ECO111_3662'"
  },
  {
    "'ECO111_1022'": "'ECO111_4570'",
    "'ECO111_0243'": "'ECO111_3662'",
    "'ECO111_4649'": "'ECO111_4742'"
  },
  {
    "'ECO111_1022'": "'ECO111_4568'",
    "'ECO111_0243'": "'ECO111_2282'",
    "'ECO111_4649'": "'ECO111_2358'"
  },
  {
    "'ECO111_1022'": "'ECO111_4568'",
    "'ECO111_0243'": "'ECO111_2282'",
    "'ECO111_4649'": "'ECO111_2359'"
  },
  {
    "'ECO111_1022'": "'ECO111_4568'",
    "'ECO111_0243'": "'ECO111_2282'",
    "'ECO111_4649'": "'ECO111_4742'"
  },
  {
    "'ECO111_1022'": "'ECO111_4568'",
    "'ECO111_0243'": "'ECO111_2358'",
    "'ECO111_4649'": "'ECO111_3662'"
  },
  {
    "'ECO111_1022'": "'ECO111_4568'",
    "'ECO111_0243'": "'ECO111_2359'",
    "'ECO111_4649'": "'ECO111_3662'"
  },
  {
    "'ECO111_1022'": "'ECO111_4568'",
    "'ECO111_0243'": "'ECO111_3662'",
    "'ECO111_4649'": "'ECO111_4742'"
  },
  {
    "'ECO111_1022'": "'ECO111_4641'",
    "'ECO111_0243'": "'ECO111_5127'",
    "'ECO111_4649'": "'ECO111_4288'"
  },
  {
    "'ECO111_1022'": "'ECO111_4641'",
    "'ECO111_0243'": "'ECO111_5127'",
    "'ECO111_4649'": "'ECO111_4287'"
  },
  {
    "'ECO111_1022'": "'ECO111_4641'",
    "'ECO111_0243'": "'ECO111_5127'",
    "'ECO111_4649'": "'ECO111_4286'"
  },
  {
    "'ECO111_1022'": "'ECO111_4641'",
    "'ECO111_0243'": "'ECO111_5127'",
    "'ECO111_4649'": "'ECO111_4284'"
  },
  {
    "'ECO111_1022'": "'ECO111_4641'",
    "'ECO111_0243'": "'ECO111_5127'",
    "'ECO111_4649'": "'ECO111_4285'"
  },
  {
    "'ECO111_1022'": "'ECO111_0374'",
    "'ECO111_0243'": "'ECO111_0978'",
    "'ECO111_4649'": "'ECO111_3468'"
  },
  {
    "'ECO111_1022'": "'ECO111_3322'",
    "'ECO111_0243'": "'ECO111_2174'",
    "'ECO111_4649'": "'ECO111_0764'"
  },
  {
    "'ECO111_1022'": "'ECO111_4606'",
    "'ECO111_0243'": "'ECO111_3308'",
    "'ECO111_4649'": "'ECO111_4308'"
  },
  {
    "'ECO111_1022'": "'ECO111_2081'",
    "'ECO111_0243'": "'ECO111_2080'",
    "'ECO111_4649'": "'ECO111_4781'"
  },
  {
    "'ECO111_1022'": "'ECO111_2282'",
    "'ECO111_0243'": "'ECO111_4827'",
    "'ECO111_4649'": "'ECO111_2172'"
  },
  {
    "'ECO111_1022'": "'ECO111_2282'",
    "'ECO111_0243'": "'ECO111_2172'",
    "'ECO111_4649'": "'ECO111_0740'"
  },
  {
    "'ECO111_1022'": "'ECO111_2282'",
    "'ECO111_0243'": "'ECO111_2172'",
    "'ECO111_4649'": "'ECO111_0738'"
  },
  {
    "'ECO111_1022'": "'ECO111_2282'",
    "'ECO111_0243'": "'ECO111_2172'",
    "'ECO111_4649'": "'ECO111_0741'"
  },
  {
    "'ECO111_1022'": "'ECO111_2282'",
    "'ECO111_0243'": "'ECO111_2172'",
    "'ECO111_4649'": "'ECO111_0739'"
  },
  {
    "'ECO111_1022'": "'ECO111_2282'",
    "'ECO111_0243'": "'ECO111_3651'",
    "'ECO111_4649'": "'ECO111_4742'"
  },
  {
    "'ECO111_1022'": "'ECO111_3503'",
    "'ECO111_0243'": "'ECO111_4212'",
    "'ECO111_4649'": "'ECO111_2172'"
  },
  {
    "'ECO111_1022'": "'ECO111_2360'",
    "'ECO111_0243'": "'ECO111_4247'",
    "'ECO111_4649'": "'ECO111_4195'"
  },
  {
    "'ECO111_1022'": "'ECO111_3643'",
    "'ECO111_0243'": "'ECO111_0561'",
    "'ECO111_4649'": "'ECO111_3650'"
  },
  {
    "'ECO111_1022'": "'ECO111_3643'",
    "'ECO111_0243'": "'ECO111_0561'",
    "'ECO111_4649'": "'ECO111_5249'"
  },
  {
    "'ECO111_1022'": "'ECO111_3642'",
    "'ECO111_0243'": "'ECO111_0561'",
    "'ECO111_4649'": "'ECO111_3650'"
  },
  {
    "'ECO111_1022'": "'ECO111_3642'",
    "'ECO111_0243'": "'ECO111_0561'",
    "'ECO111_4649'": "'ECO111_5249'"
  },
  {
    "'ECO111_1022'": "'ECO111_3641'",
    "'ECO111_0243'": "'ECO111_0561'",
    "'ECO111_4649'": "'ECO111_3650'"
  },
  {
    "'ECO111_1022'": "'ECO111_3641'",
    "'ECO111_0243'": "'ECO111_0561'",
    "'ECO111_4649'": "'ECO111_5249'"
  },
  {
    "'ECO111_1022'": "'ECO111_4247'",
    "'ECO111_0243'": "'ECO111_0777'",
    "'ECO111_4649'": "'ECO111_4195'"
  },
  {
    "'ECO111_1022'": "'ECO111_4308'",
    "'ECO111_0243'": "'ECO111_2986'",
    "'ECO111_4649'": "'ECO111_5123'"
  },
  {
    "'ECO111_1022'": "'ECO111_4308'",
    "'ECO111_0243'": "'ECO111_2987'",
    "'ECO111_4649'": "'ECO111_5123'"
  },
  {
    "'ECO111_1022'": "'ECO111_3605'",
    "'ECO111_0243'": "'ECO111_4827'",
    "'ECO111_4649'": "'ECO111_4781'"
  },
  {
    "'ECO111_1022'": "'ECO111_3605'",
    "'ECO111_0243'": "'ECO111_4781'",
    "'ECO111_4649'": "'ECO111_0740'"
  },
  {
    "'ECO111_1022'": "'ECO111_3605'",
    "'ECO111_0243'": "'ECO111_4781'",
    "'ECO111_4649'": "'ECO111_0738'"
  },
  {
    "'ECO111_1022'": "'ECO111_3605'",
    "'ECO111_0243'": "'ECO111_4781'",
    "'ECO111_4649'": "'ECO111_0741'"
  },
  {
    "'ECO111_1022'": "'ECO111_3605'",
    "'ECO111_0243'": "'ECO111_4781'",
    "'ECO111_4649'": "'ECO111_0739'"
  },
  {
    "'ECO111_1022'": "'ECO111_3606'",
    "'ECO111_0243'": "'ECO111_4827'",
    "'ECO111_4649'": "'ECO111_4781'"
  },
  {
    "'ECO111_1022'": "'ECO111_3606'",
    "'ECO111_0243'": "'ECO111_4781'",
    "'ECO111_4649'": "'ECO111_0740'"
  },
  {
    "'ECO111_1022'": "'ECO111_3606'",
    "'ECO111_0243'": "'ECO111_4781'",
    "'ECO111_4649'": "'ECO111_0738'"
  },
  {
    "'ECO111_1022'": "'ECO111_3606'",
    "'ECO111_0243'": "'ECO111_4781'",
    "'ECO111_4649'": "'ECO111_0741'"
  },
  {
    "'ECO111_1022'": "'ECO111_3606'",
    "'ECO111_0243'": "'ECO111_4781'",
    "'ECO111_4649'": "'ECO111_0739'"
  },
  {
    "'ECO111_1022'": "'ECO111_3604'",
    "'ECO111_0243'": "'ECO111_4827'",
    "'ECO111_4649'": "'ECO111_4781'"
  },
  {
    "'ECO111_1022'": "'ECO111_3604'",
    "'ECO111_0243'": "'ECO111_4781'",
    "'ECO111_4649'": "'ECO111_0740'"
  },
  {
    "'ECO111_1022'": "'ECO111_3604'",
    "'ECO111_0243'": "'ECO111_4781'",
    "'ECO111_4649'": "'ECO111_0738'"
  },
  {
    "'ECO111_1022'": "'ECO111_3604'",
    "'ECO111_0243'": "'ECO111_4781'",
    "'ECO111_4649'": "'ECO111_0741'"
  },
  {
    "'ECO111_1022'": "'ECO111_3604'",
    "'ECO111_0243'": "'ECO111_4781'",
    "'ECO111_4649'": "'ECO111_0739'"
  },
  {
    "'ECO111_1022'": "'ECO111_4827'",
    "'ECO111_0243'": "'ECO111_0561'",
    "'ECO111_4649'": "'ECO111_4781'"
  },
  {
    "'ECO111_1022'": "'ECO111_4827'",
    "'ECO111_0243'": "'ECO111_3650'",
    "'ECO111_4649'": "'ECO111_4781'"
  },
  {
    "'ECO111_1022'": "'ECO111_4827'",
    "'ECO111_0243'": "'ECO111_3662'",
    "'ECO111_4649'": "'ECO111_2172'"
  },
  {
    "'ECO111_1022'": "'ECO111_4827'",
    "'ECO111_0243'": "'ECO111_4781'",
    "'ECO111_4649'": "'ECO111_5249'"
  },
  {
    "'ECO111_1022'": "'ECO111_4827'",
    "'ECO111_0243'": "'ECO111_4781'",
    "'ECO111_4649'": "'ECO111_0538'"
  },
  {
    "'ECO111_1022'": "'ECO111_4826'",
    "'ECO111_0243'": "'ECO111_3797'",
    "'ECO111_4649'": "'ECO111_4781'"
  },
  {
    "'ECO111_1022'": "'ECO111_0151'",
    "'ECO111_0243'": "'ECO111_4205'",
    "'ECO111_4649'": "'ECO111_3243'"
  },
  {
    "'ECO111_1022'": "'ECO111_0774'",
    "'ECO111_0243'": "'ECO111_3154'",
    "'ECO111_4649'": "'ECO111_4740'"
  },
  {
    "'ECO111_1022'": "'ECO111_3154'",
    "'ECO111_0243'": "'ECO111_0775'",
    "'ECO111_4649'": "'ECO111_4740'"
  },
  {
    "'ECO111_1022'": "'ECO111_3154'",
    "'ECO111_0243'": "'ECO111_4740'",
    "'ECO111_4649'": "'ECO111_0773'"
  },
  {
    "'ECO111_1022'": "'ECO111_0561'",
    "'ECO111_0243'": "'ECO111_0970'",
    "'ECO111_4649'": "'ECO111_4777'"
  },
  {
    "'ECO111_1022'": "'ECO111_0561'",
    "'ECO111_0243'": "'ECO111_0970'",
    "'ECO111_4649'": "'ECO111_4776'"
  },
  {
    "'ECO111_1022'": "'ECO111_0561'",
    "'ECO111_0243'": "'ECO111_4781'",
    "'ECO111_4649'": "'ECO111_0740'"
  },
  {
    "'ECO111_1022'": "'ECO111_0561'",
    "'ECO111_0243'": "'ECO111_4781'",
    "'ECO111_4649'": "'ECO111_0738'"
  },
  {
    "'ECO111_1022'": "'ECO111_0561'",
    "'ECO111_0243'": "'ECO111_4781'",
    "'ECO111_4649'": "'ECO111_0741'"
  },
  {
    "'ECO111_1022'": "'ECO111_0561'",
    "'ECO111_0243'": "'ECO111_4781'",
    "'ECO111_4649'": "'ECO111_0739'"
  },
  {
    "'ECO111_1022'": "'ECO111_1659'",
    "'ECO111_0243'": "'ECO111_0909'",
    "'ECO111_4649'": "'ECO111_3880'"
  },
  {
    "'ECO111_1022'": "'ECO111_3650'",
    "'ECO111_0243'": "'ECO111_4781'",
    "'ECO111_4649'": "'ECO111_0740'"
  },
  {
    "'ECO111_1022'": "'ECO111_3650'",
    "'ECO111_0243'": "'ECO111_4781'",
    "'ECO111_4649'": "'ECO111_0738'"
  },
  {
    "'ECO111_1022'": "'ECO111_3650'",
    "'ECO111_0243'": "'ECO111_4781'",
    "'ECO111_4649'": "'ECO111_0741'"
  },
  {
    "'ECO111_1022'": "'ECO111_3650'",
    "'ECO111_0243'": "'ECO111_4781'",
    "'ECO111_4649'": "'ECO111_0739'"
  },
  {
    "'ECO111_1022'": "'ECO111_3662'",
    "'ECO111_0243'": "'ECO111_2172'",
    "'ECO111_4649'": "'ECO111_0740'"
  },
  {
    "'ECO111_1022'": "'ECO111_3662'",
    "'ECO111_0243'": "'ECO111_2172'",
    "'ECO111_4649'": "'ECO111_0738'"
  },
  {
    "'ECO111_1022'": "'ECO111_3662'",
    "'ECO111_0243'": "'ECO111_2172'",
    "'ECO111_4649'": "'ECO111_0741'"
  },
  {
    "'ECO111_1022'": "'ECO111_3662'",
    "'ECO111_0243'": "'ECO111_2172'",
    "'ECO111_4649'": "'ECO111_0739'"
  },
  {
    "'ECO111_1022'": "'ECO111_3662'",
    "'ECO111_0243'": "'ECO111_3651'",
    "'ECO111_4649'": "'ECO111_4742'"
  },
  {
    "'ECO111_1022'": "'ECO111_4301'",
    "'ECO111_0243'": "'pitB'",
    "'ECO111_4649'": "'ECO111_4556'"
  },
  {
    "'ECO111_1022'": "'ECO111_4301'",
    "'ECO111_0243'": "'pitB'",
    "'ECO111_4649'": "'ECO111_4553'"
  },
  {
    "'ECO111_1022'": "'ECO111_4301'",
    "'ECO111_0243'": "'pitB'",
    "'ECO111_4649'": "'ECO111_4555'"
  },
  {
    "'ECO111_1022'": "'ECO111_4301'",
    "'ECO111_0243'": "'pitB'",
    "'ECO111_4649'": "'ECO111_4554'"
  },
  {
    "'ECO111_1022'": "'ECO111_4781'",
    "'ECO111_0243'": "'ECO111_5249'",
    "'ECO111_4649'": "'ECO111_0740'"
  },
  {
    "'ECO111_1022'": "'ECO111_4781'",
    "'ECO111_0243'": "'ECO111_5249'",
    "'ECO111_4649'": "'ECO111_0738'"
  },
  {
    "'ECO111_1022'": "'ECO111_4781'",
    "'ECO111_0243'": "'ECO111_5249'",
    "'ECO111_4649'": "'ECO111_0741'"
  },
  {
    "'ECO111_1022'": "'ECO111_4781'",
    "'ECO111_0243'": "'ECO111_5249'",
    "'ECO111_4649'": "'ECO111_0739'"
  },
  {
    "'ECO111_1022'": "'ECO111_4781'",
    "'ECO111_0243'": "'ECO111_0740'",
    "'ECO111_4649'": "'ECO111_0538'"
  },
  {
    "'ECO111_1022'": "'ECO111_4781'",
    "'ECO111_0243'": "'ECO111_0738'",
    "'ECO111_4649'": "'ECO111_0538'"
  },
  {
    "'ECO111_1022'": "'ECO111_4781'",
    "'ECO111_0243'": "'ECO111_0741'",
    "'ECO111_4649'": "'ECO111_0538'"
  },
  {
    "'ECO111_1022'": "'ECO111_4781'",
    "'ECO111_0243'": "'ECO111_0739'",
    "'ECO111_4649'": "'ECO111_0538'"
  },
  {
    "'ECO111_1022'": "'ECO111_5243'",
    "'ECO111_0243'": "'ECO111_4189'",
    "'ECO111_4649'": "'ECO111_1536'"
  },
  {
    "'ECO111_1022'": "'ECO111_2986'",
    "'ECO111_0243'": "'ECO111_3399'",
    "'ECO111_4649'": "'ECO111_5123'"
  },
  {
    "'ECO111_1022'": "'ECO111_2986'",
    "'ECO111_0243'": "'ECO111_3400'",
    "'ECO111_4649'": "'ECO111_5123'"
  },
  {
    "'ECO111_1022'": "'ECO111_2987'",
    "'ECO111_0243'": "'ECO111_3399'",
    "'ECO111_4649'": "'ECO111_5123'"
  },
  {
    "'ECO111_1022'": "'ECO111_2987'",
    "'ECO111_0243'": "'ECO111_3400'",
    "'ECO111_4649'": "'ECO111_5123'"
  },
  {
    "'ECO111_1022'": "'ECO111_3399'",
    "'ECO111_0243'": "'ECO111_5123'",
    "'ECO111_4649'": "'ECO111_0956'"
  },
  {
    "'ECO111_1022'": "'ECO111_3400'",
    "'ECO111_0243'": "'ECO111_5123'",
    "'ECO111_4649'": "'ECO111_0956'"
  },
  {
    "'ECO111_1022'": "'ECO111_3651'",
    "'ECO111_0243'": "'ECO111_3184'",
    "'ECO111_4649'": "'ECO111_0008'"
  }
]