'575587.3.peg.2578','575587.3.peg.827'
'575587.3.peg.2578','575587.3.peg.238'
'575587.3.peg.2578','575587.3.peg.761'
'575587.3.peg.1606','575587.3.peg.790'
'575587.3.peg.3037','575587.3.peg.3054'
'575587.3.peg.3037','575587.3.peg.417'
'575587.3.peg.3038','575587.3.peg.3054'
'575587.3.peg.3038','575587.3.peg.417'
'575587.3.peg.1357','575587.3.peg.790'
'575587.3.peg.2576','575587.3.peg.238'
'575587.3.peg.2576','575587.3.peg.761'
'575587.3.peg.2577','575587.3.peg.238'
'575587.3.peg.2577','575587.3.peg.761'
'575587.3.peg.316','575587.3.peg.219'
'575587.3.peg.404','575587.3.peg.3054'
'575587.3.peg.404','575587.3.peg.417'
'575587.3.peg.2489','575587.3.peg.2309'
'575587.3.peg.2489','575587.3.peg.1988'
'575587.3.peg.1091','575587.3.peg.1705'
'575587.3.peg.1517','575587.3.peg.2802'
'575587.3.peg.1839','575587.3.peg.790'
'575587.3.peg.696','575587.3.peg.494'
'575587.3.peg.872','575587.3.peg.494'
'575587.3.peg.2069','575587.3.peg.2417'
'575587.3.peg.1479','575587.3.peg.1193'
'575587.3.peg.1595','575587.3.peg.1922'
'575587.3.peg.1922','575587.3.peg.2079'
'575587.3.peg.1976','575587.3.peg.238'
'575587.3.peg.1976','575587.3.peg.761'
'575587.3.peg.541','575587.3.peg.1705'
'575587.3.peg.2158','575587.3.peg.494'
'575587.3.peg.983','575587.3.peg.494'
'575587.3.peg.101','575587.3.peg.71'
'575587.3.peg.719','575587.3.peg.2919'
'575587.3.peg.719','575587.3.peg.2667'
'575587.3.peg.719','575587.3.peg.2918'
'575587.3.peg.719','575587.3.peg.2920'
'575587.3.peg.543','575587.3.peg.3054'
'575587.3.peg.543','575587.3.peg.417'
'575587.3.peg.2051','575587.3.peg.2988'
'575587.3.peg.3054','575587.3.peg.256'
'575587.3.peg.3054','575587.3.peg.189'
'575587.3.peg.3054','575587.3.peg.403'
'575587.3.peg.3054','575587.3.peg.1453'
'575587.3.peg.3054','575587.3.peg.1946'
'575587.3.peg.3054','575587.3.peg.1432'
'575587.3.peg.256','575587.3.peg.417'
'575587.3.peg.256','575587.3.peg.790'
'575587.3.peg.417','575587.3.peg.189'
'575587.3.peg.417','575587.3.peg.403'
'575587.3.peg.417','575587.3.peg.1453'
'575587.3.peg.417','575587.3.peg.1946'
'575587.3.peg.417','575587.3.peg.1432'
'575587.3.peg.238','575587.3.peg.761'
'575587.3.peg.731','575587.3.peg.790'
'575587.3.peg.1356','575587.3.peg.790'
'575587.3.peg.812','575587.3.peg.790'
'575587.3.peg.853','575587.3.peg.790'
'575587.3.peg.697','575587.3.peg.494'
'575587.3.peg.1916','575587.3.peg.2852'
'575587.3.peg.1916','575587.3.peg.1742'
'575587.3.peg.750','575587.3.peg.1705'
'575587.3.peg.1871','575587.3.peg.1705'
'575587.3.peg.2165','575587.3.peg.690'
'575587.3.peg.790','575587.3.peg.494'
'575587.3.peg.790','575587.3.peg.730'
'575587.3.peg.790','575587.3.peg.941'
'575587.3.peg.790','575587.3.peg.939'
'575587.3.peg.790','575587.3.peg.1858'
'575587.3.peg.790','575587.3.peg.465'
'575587.3.peg.2081','575587.3.peg.494'
'575587.3.peg.2159','575587.3.peg.494'
'575587.3.peg.1011','575587.3.peg.2212'
'575587.3.peg.1012','575587.3.peg.2212'
'575587.3.peg.1213','575587.3.peg.2453'
