[
  {
    "'SFxv_0180'": "'SFxv_1249'"
  },
  {
    "'SFxv_0180'": "'SFxv_2644'"
  },
  {
    "'SFxv_0180'": "'SFxv_0003'"
  },
  {
    "'SFxv_0180'": "'SFxv_0159'"
  },
  {
    "'SFxv_0180'": "'SFxv_1250'"
  },
  {
    "'SFxv_0180'": "'s0001'"
  },
  {
    "'SFxv_0180'": "'SFxv_3607'"
  },
  {
    "'SFxv_0180'": "'SFxv_0185'"
  },
  {
    "'SFxv_0180'": "'SFxv_3606'"
  },
  {
    "'SFxv_0180'": "'SFxv_2637'"
  },
  {
    "'SFxv_0180'": "'SFxv_4399'"
  },
  {
    "'SFxv_0180'": "'SFxv_3102'"
  },
  {
    "'SFxv_0180'": "'SFxv_1247'"
  },
  {
    "'SFxv_0180'": "'SFxv_4397'"
  },
  {
    "'SFxv_0180'": "'SFxv_4611'"
  },
  {
    "'SFxv_0180'": "'SFxv_4609'"
  },
  {
    "'SFxv_0180'": "'SFxv_3553'"
  },
  {
    "'SFxv_0180'": "'SFxv_3554'"
  },
  {
    "'SFxv_0180'": "'SFxv_3552'"
  },
  {
    "'SFxv_0180'": "'SFxv_3689'"
  },
  {
    "'SFxv_0180'": "'SFxv_0464'"
  },
  {
    "'SFxv_0180'": "'SFxv_3041'"
  },
  {
    "'SFxv_0180'": "'SFxv_1311'"
  },
  {
    "'SFxv_0180'": "'SFxv_4721'"
  },
  {
    "'SFxv_0180'": "'SFxv_3361'"
  },
  {
    "'SFxv_0180'": "'SFxv_4398'"
  },
  {
    "'SFxv_0180'": "'SFxv_4445'"
  },
  {
    "'SFxv_0180'": "'SFxv_0500'"
  },
  {
    "'SFxv_0180'": "'SFxv_0501'"
  },
  {
    "'SFxv_0180'": "'SFxv_0790'"
  },
  {
    "'SFxv_0180'": "'SFxv_4433'"
  },
  {
    "'SFxv_0180'": "'SFxv_1438'"
  },
  {
    "'SFxv_0180'": "'SFxv_1439'"
  },
  {
    "'SFxv_0180'": "'SFxv_0791'"
  },
  {
    "'SFxv_0180'": "'SFxv_0391'"
  },
  {
    "'SFxv_0180'": "'SFxv_4400'"
  },
  {
    "'SFxv_0180'": "'SFxv_3526'"
  },
  {
    "'SFxv_0180'": "'SFxv_3773'"
  },
  {
    "'SFxv_0180'": "'SFxv_0135'"
  },
  {
    "'SFxv_0180'": "'SFxv_4628'"
  },
  {
    "'SFxv_0180'": "'SFxv_1000'"
  },
  {
    "'SFxv_0180'": "'SFxv_2316'"
  },
  {
    "'SFxv_0180'": "'SFxv_0847'"
  },
  {
    "'SFxv_0180'": "'SFxv_4283'"
  },
  {
    "'SFxv_0180'": "'SFxv_4661'"
  },
  {
    "'SFxv_0180'": "'SFxv_0789'"
  },
  {
    "'SFxv_0180'": "'SFxv_3549'"
  },
  {
    "'SFxv_0180'": "'SFxv_3380'"
  },
  {
    "'SFxv_0180'": "'SFxv_1383'"
  },
  {
    "'SFxv_0180'": "'SFxv_2917'"
  },
  {
    "'SFxv_0180'": "'SFxv_2918'"
  },
  {
    "'SFxv_0180'": "'SFxv_2650'"
  },
  {
    "'SFxv_0180'": "'SFxv_4542'"
  },
  {
    "'SFxv_0180'": "'SFxv_0985'"
  },
  {
    "'SFxv_0180'": "'SFxv_0797'"
  },
  {
    "'SFxv_0180'": "'SFxv_0799'"
  },
  {
    "'SFxv_0180'": "'SFxv_0636'"
  },
  {
    "'SFxv_0180'": "'SFxv_3066'"
  },
  {
    "'SFxv_0180'": "'SFxv_3123'"
  },
  {
    "'SFxv_0180'": "'SFxv_4234'"
  },
  {
    "'SFxv_0180'": "'SFxv_0175'"
  },
  {
    "'SFxv_0180'": "'SFxv_3382'"
  },
  {
    "'SFxv_0180'": "'SFxv_0793'"
  },
  {
    "'SFxv_0180'": "'SFxv_4016'"
  },
  {
    "'SFxv_0180'": "'SFxv_4192'"
  },
  {
    "'SFxv_0180'": "'SFxv_0029'"
  },
  {
    "'SFxv_0180'": "'SFxv_2776'"
  },
  {
    "'SFxv_0180'": "'SFxv_1216'"
  },
  {
    "'SFxv_0180'": "'SFxv_3718'"
  },
  {
    "'SFxv_0180'": "'SFxv_1930'"
  },
  {
    "'SFxv_0180'": "'SFxv_0398'"
  },
  {
    "'SFxv_0180'": "'SFxv_0027'"
  },
  {
    "'SFxv_0180'": "'SFxv_0105'"
  },
  {
    "'SFxv_0180'": "'SFxv_4194'"
  },
  {
    "'SFxv_0180'": "'SFxv_1254'"
  },
  {
    "'SFxv_0180'": "'SFxv_0173'"
  },
  {
    "'SFxv_0180'": "'SFxv_0397'"
  },
  {
    "'SFxv_0180'": "'SFxv_1465'"
  },
  {
    "'SFxv_0180'": "'SFxv_3048'"
  },
  {
    "'SFxv_0180'": "'SFxv_3049'"
  },
  {
    "'SFxv_0180'": "'SFxv_0465'"
  },
  {
    "'SFxv_0180'": "'SFxv_0023'"
  },
  {
    "'SFxv_0180'": "'SFxv_4152'"
  },
  {
    "'SFxv_0180'": "'SFxv_0154'"
  },
  {
    "'SFxv_0180'": "'SFxv_3975'"
  },
  {
    "'SFxv_0180'": "'SFxv_4151'"
  },
  {
    "'SFxv_0180'": "'SFxv_2633'"
  },
  {
    "'SFxv_0180'": "'SFxv_4412'"
  },
  {
    "'SFxv_0180'": "'SFxv_1385'"
  },
  {
    "'SFxv_0180'": "'SFxv_2710'"
  },
  {
    "'SFxv_0180'": "'SFxv_2808'"
  },
  {
    "'SFxv_0180'": "'SFxv_1452'"
  },
  {
    "'SFxv_0180'": "'SFxv_4541'"
  },
  {
    "'SFxv_0180'": "'SFxv_0129'"
  },
  {
    "'SFxv_0180'": "'SFxv_2317'"
  },
  {
    "'SFxv_0180'": "'SFxv_2319'"
  },
  {
    "'SFxv_0180'": "'SFxv_4225'"
  },
  {
    "'SFxv_0180'": "'SFxv_2393'"
  },
  {
    "'SFxv_0180'": "'SFxv_0002'"
  },
  {
    "'SFxv_0180'": "'SFxv_4449'"
  },
  {
    "'SFxv_0180'": "'SFxv_2318'"
  },
  {
    "'SFxv_0180'": "'SFxv_2833'"
  },
  {
    "'SFxv_0180'": "'SFxv_4227'"
  },
  {
    "'SFxv_0180'": "'SFxv_1316'"
  },
  {
    "'SFxv_0180'": "'SFxv_2320'"
  },
  {
    "'SFxv_0180'": "'SFxv_2322'"
  },
  {
    "'SFxv_0180'": "'SFxv_1437'"
  },
  {
    "'SFxv_0180'": "'SFxv_4191'"
  },
  {
    "'SFxv_0180'": "'SFxv_2809'"
  },
  {
    "'SFxv_0180'": "'SFxv_0072'"
  },
  {
    "'SFxv_0180'": "'SFxv_0070'"
  },
  {
    "'SFxv_0180'": "'SFxv_0071'"
  },
  {
    "'SFxv_0180'": "'SFxv_0073'"
  },
  {
    "'SFxv_0180'": "'SFxv_0989'"
  },
  {
    "'SFxv_0180'": "'SFxv_3551'"
  },
  {
    "'SFxv_0180'": "'SFxv_1390'"
  },
  {
    "'SFxv_0180'": "'SFxv_0182'"
  },
  {
    "'SFxv_0180'": "'SFxv_0792'"
  },
  {
    "'SFxv_0180'": "'SFxv_1248'"
  },
  {
    "'SFxv_0180'": "'SFxv_2816'"
  },
  {
    "'SFxv_0180'": "'SFxv_3037'"
  },
  {
    "'SFxv_0180'": "'SFxv_3038'"
  },
  {
    "'SFxv_0180'": "'SFxv_3214'"
  },
  {
    "'SFxv_0180'": "'SFxv_0800'"
  },
  {
    "'SFxv_0180'": "'SFxv_4001'"
  },
  {
    "'SFxv_0180'": "'SFxv_0138'"
  },
  {
    "'SFxv_0180'": "'SFxv_0008'"
  },
  {
    "'SFxv_0180'": "'SFxv_1223'"
  },
  {
    "'SFxv_0180'": "'SFxv_0801'"
  },
  {
    "'SFxv_0180'": "'SFxv_0846'"
  },
  {
    "'SFxv_0180'": "'SFxv_4381'"
  },
  {
    "'SFxv_0180'": "'SFxv_2933'"
  },
  {
    "'SFxv_0180'": "'SFxv_1676'"
  },
  {
    "'SFxv_0180'": "'SFxv_1003'"
  },
  {
    "'SFxv_0180'": "'SFxv_0709'"
  },
  {
    "'SFxv_0180'": "'SFxv_4618'"
  },
  {
    "'SFxv_0180'": "'SFxv_3540'"
  },
  {
    "'SFxv_0180'": "'SFxv_0977'"
  },
  {
    "'SFxv_0180'": "'SFxv_1457'"
  },
  {
    "'SFxv_0180'": "'SFxv_4272'"
  },
  {
    "'SFxv_0180'": "'SFxv_2632'"
  },
  {
    "'SFxv_0180'": "'SFxv_4010'"
  },
  {
    "'SFxv_0180'": "'SFxv_0362'"
  },
  {
    "'SFxv_0180'": "'SFxv_0137'"
  },
  {
    "'SFxv_0180'": "'SFxv_0088'"
  },
  {
    "'SFxv_0180'": "'SFxv_3047'"
  },
  {
    "'SFxv_0180'": "'SFxv_0051'"
  },
  {
    "'SFxv_0180'": "'SFxv_2883'"
  },
  {
    "'SFxv_0180'": "'SFxv_2641'"
  },
  {
    "'SFxv_0180'": "'SFxv_3529'"
  },
  {
    "'SFxv_0180'": "'SFxv_3752'"
  },
  {
    "'SFxv_0180'": "'SFxv_4418'"
  },
  {
    "'SFxv_0180'": "'SFxv_0263'"
  },
  {
    "'SFxv_0180'": "'SFxv_4007'"
  },
  {
    "'SFxv_0180'": "'SFxv_4279'"
  },
  {
    "'SFxv_0180'": "'SFxv_4444'"
  },
  {
    "'SFxv_0180'": "'SFxv_2797'"
  },
  {
    "'SFxv_0180'": "'SFxv_2323'"
  },
  {
    "'SFxv_0180'": "'SFxv_2773'"
  },
  {
    "'SFxv_0180'": "'SFxv_2860'"
  },
  {
    "'SFxv_0180'": "'SFxv_2321'"
  },
  {
    "'SFxv_0180'": "'SFxv_1382'"
  },
  {
    "'SFxv_0180'": "'SFxv_0978'"
  },
  {
    "'SFxv_0180'": "'SFxv_4707'"
  },
  {
    "'SFxv_0180'": "'SFxv_2904'"
  },
  {
    "'SFxv_0180'": "'SFxv_4002'"
  },
  {
    "'SFxv_0180'": "'SFxv_1898'"
  },
  {
    "'SFxv_0180'": "'SFxv_0392'"
  },
  {
    "'SFxv_0180'": "'SFxv_2978'"
  },
  {
    "'SFxv_0180'": "'SFxv_3042'"
  },
  {
    "'SFxv_0180'": "'SFxv_3043'"
  },
  {
    "'SFxv_0180'": "'SFxv_2769'"
  },
  {
    "'SFxv_0180'": "'SFxv_3974'"
  },
  {
    "'SFxv_0180'": "'SFxv_3698'"
  },
  {
    "'SFxv_0180'": "'SFxv_4378'"
  },
  {
    "'SFxv_0180'": "'SFxv_0986'"
  },
  {
    "'SFxv_0180'": "'SFxv_0165'"
  },
  {
    "'SFxv_0180'": "'SFxv_4429'"
  },
  {
    "'SFxv_0180'": "'thiS'"
  },
  {
    "'SFxv_0180'": "'SFxv_0400'"
  },
  {
    "'SFxv_0180'": "'SFxv_4431'"
  },
  {
    "'SFxv_0180'": "'SFxv_2761'"
  },
  {
    "'SFxv_0180'": "'SFxv_3111'"
  },
  {
    "'SFxv_0180'": "'SFxv_0394'"
  },
  {
    "'SFxv_0180'": "'SFxv_4432'"
  },
  {
    "'SFxv_0180'": "'SFxv_1435'"
  },
  {
    "'SFxv_0180'": "'SFxv_1436'"
  },
  {
    "'SFxv_0180'": "'SFxv_4430'"
  },
  {
    "'SFxv_0180'": "'SFxv_0179'"
  },
  {
    "'SFxv_0180'": "'SFxv_0086'"
  },
  {
    "'SFxv_0180'": "'SFxv_0181'"
  },
  {
    "'SFxv_0180'": "'SFxv_3542'"
  },
  {
    "'SFxv_0180'": "'SFxv_0091'"
  },
  {
    "'SFxv_0180'": "'SFxv_0089'"
  },
  {
    "'SFxv_0180'": "'SFxv_0092'"
  },
  {
    "'SFxv_0180'": "'SFxv_4415'"
  },
  {
    "'SFxv_0180'": "'SFxv_0174'"
  },
  {
    "'SFxv_0180'": "'SFxv_0087'"
  },
  {
    "'SFxv_0180'": "'SFxv_0098'"
  },
  {
    "'SFxv_0180'": "'SFxv_4224'"
  },
  {
    "'SFxv_0180'": "'SFxv_0502'"
  }
]