[
  {
    "'g.1744.peg.1005'": "'480119.5.peg.564'",
    "'480119.5.peg.673'": "'480119.5.peg.3276'"
  },
  {
    "'g.1744.peg.1005'": "'g.1744.peg.3065'",
    "'480119.5.peg.673'": "'480119.5.peg.858'"
  },
  {
    "'g.1744.peg.1005'": "'g.1744.peg.1488'",
    "'480119.5.peg.673'": "'480119.5.peg.3699'"
  },
  {
    "'g.1744.peg.1005'": "'g.1744.peg.2717'",
    "'480119.5.peg.673'": "'g.1744.peg.2992'"
  },
  {
    "'g.1744.peg.1005'": "'480119.5.peg.1080'",
    "'480119.5.peg.673'": "'g.1744.peg.3073'"
  },
  {
    "'g.1744.peg.1005'": "'g.1744.peg.3600'",
    "'480119.5.peg.673'": "'480119.5.peg.2767'"
  },
  {
    "'g.1744.peg.1005'": "'g.1744.peg.3600'",
    "'480119.5.peg.673'": "'480119.5.peg.1281'"
  },
  {
    "'g.1744.peg.1005'": "'g.1744.peg.458'",
    "'480119.5.peg.673'": "'g.1744.peg.783'"
  },
  {
    "'g.1744.peg.1005'": "'g.1744.peg.1244'",
    "'480119.5.peg.673'": "'480119.5.peg.858'"
  },
  {
    "'g.1744.peg.1005'": "'480119.5.peg.499'",
    "'480119.5.peg.673'": "'g.1744.peg.479'"
  },
  {
    "'g.1744.peg.1005'": "'480119.5.peg.1197'",
    "'480119.5.peg.673'": "'g.1744.peg.479'"
  },
  {
    "'g.1744.peg.1005'": "'g.1744.peg.408'",
    "'480119.5.peg.673'": "'480119.5.peg.673'"
  },
  {
    "'g.1744.peg.1005'": "'g.1744.peg.241'",
    "'480119.5.peg.673'": "'g.1744.peg.3470'"
  },
  {
    "'g.1744.peg.1005'": "'g.1744.peg.1512'",
    "'480119.5.peg.673'": "'g.1744.peg.2756'"
  },
  {
    "'g.1744.peg.1005'": "'g.1744.peg.2719'",
    "'480119.5.peg.673'": "'g.1744.peg.3768'"
  },
  {
    "'g.1744.peg.1005'": "'g.1744.peg.357'",
    "'480119.5.peg.673'": "'g.1744.peg.1099'"
  },
  {
    "'g.1744.peg.1005'": "'g.1744.peg.357'",
    "'480119.5.peg.673'": "'480119.5.peg.2242'"
  },
  {
    "'g.1744.peg.1005'": "'480119.5.peg.3692'",
    "'480119.5.peg.673'": "'480119.5.peg.855'"
  },
  {
    "'g.1744.peg.1005'": "'g.1744.peg.3509'",
    "'480119.5.peg.673'": "'480119.5.peg.2242'"
  },
  {
    "'g.1744.peg.1005'": "'g.1744.peg.1552'",
    "'480119.5.peg.673'": "'480119.5.peg.2392'"
  },
  {
    "'g.1744.peg.1005'": "'480119.5.peg.3763'",
    "'480119.5.peg.673'": "'480119.5.peg.3276'"
  },
  {
    "'g.1744.peg.1005'": "'480119.5.peg.3763'",
    "'480119.5.peg.673'": "'g.1744.peg.1563'"
  },
  {
    "'g.1744.peg.1005'": "'g.1744.peg.3545'",
    "'480119.5.peg.673'": "'g.1744.peg.3486'"
  },
  {
    "'g.1744.peg.1005'": "'g.1744.peg.3545'",
    "'480119.5.peg.673'": "'480119.5.peg.2174'"
  },
  {
    "'g.1744.peg.1005'": "'g.1744.peg.3432'",
    "'480119.5.peg.673'": "'480119.5.peg.673'"
  },
  {
    "'g.1744.peg.1005'": "'g.1744.peg.1524'",
    "'480119.5.peg.673'": "'g.1744.peg.2014'"
  },
  {
    "'g.1744.peg.1005'": "'480119.5.peg.3706'",
    "'480119.5.peg.673'": "'480119.5.peg.453'"
  },
  {
    "'g.1744.peg.1005'": "'480119.5.peg.563'",
    "'480119.5.peg.673'": "'g.1744.peg.479'"
  },
  {
    "'g.1744.peg.1005'": "'480119.5.peg.3276'",
    "'480119.5.peg.673'": "'g.1744.peg.1563'"
  },
  {
    "'g.1744.peg.1005'": "'480119.5.peg.3276'",
    "'480119.5.peg.673'": "'480119.5.peg.491'"
  },
  {
    "'g.1744.peg.1005'": "'480119.5.peg.3276'",
    "'480119.5.peg.673'": "'480119.5.peg.614'"
  },
  {
    "'g.1744.peg.1005'": "'480119.5.peg.3276'",
    "'480119.5.peg.673'": "'g.1744.peg.3288'"
  },
  {
    "'g.1744.peg.1005'": "'g.1744.peg.1563'",
    "'480119.5.peg.673'": "'480119.5.peg.614'"
  },
  {
    "'g.1744.peg.1005'": "'g.1744.peg.1160'",
    "'480119.5.peg.673'": "'g.1744.peg.1442'"
  },
  {
    "'g.1744.peg.1005'": "'480119.5.peg.673'",
    "'480119.5.peg.673'": "'g.1744.peg.2694'"
  },
  {
    "'g.1744.peg.1005'": "'g.1744.peg.2370'",
    "'480119.5.peg.673'": "'480119.5.peg.92'"
  },
  {
    "'g.1744.peg.1005'": "'g.1744.peg.2370'",
    "'480119.5.peg.673'": "'480119.5.peg.744'"
  },
  {
    "'g.1744.peg.1005'": "'g.1744.peg.3073'",
    "'480119.5.peg.673'": "'480119.5.peg.2242'"
  },
  {
    "'g.1744.peg.1005'": "'g.1744.peg.1099'",
    "'480119.5.peg.673'": "'480119.5.peg.2242'"
  },
  {
    "'g.1744.peg.1005'": "'g.1744.peg.1859'",
    "'480119.5.peg.673'": "'g.1744.peg.3020'"
  },
  {
    "'g.1744.peg.1005'": "'g.1744.peg.3293'",
    "'480119.5.peg.673'": "'g.1744.peg.3492'"
  },
  {
    "'g.1744.peg.1005'": "'g.1744.peg.1630'",
    "'480119.5.peg.673'": "'g.1744.peg.3435'"
  },
  {
    "'g.1744.peg.1005'": "'g.1744.peg.2138'",
    "'480119.5.peg.673'": "'g.1744.peg.2891'"
  },
  {
    "'g.1744.peg.1005'": "'g.1744.peg.1000'",
    "'480119.5.peg.673'": "'g.1744.peg.3525'"
  },
  {
    "'g.1744.peg.1005'": "'g.1744.peg.1574'",
    "'480119.5.peg.673'": "'g.1744.peg.3473'"
  },
  {
    "'g.1744.peg.1005'": "'g.1744.peg.2263'",
    "'480119.5.peg.673'": "'g.1744.peg.3210'"
  },
  {
    "'g.1744.peg.1005'": "'g.1744.peg.1592'",
    "'480119.5.peg.673'": "'g.1744.peg.3425'"
  }
]