[
  {
    "'g.1744.peg.1488'": "'g.1744.peg.1488'",
    "'g.1744.peg.210'": "'g.1744.peg.2014'",
    "'480119.5.peg.117'": "'480119.5.peg.408'"
  },
  {
    "'g.1744.peg.1488'": "'480119.5.peg.914'",
    "'g.1744.peg.210'": "'g.1744.peg.1993'",
    "'480119.5.peg.117'": "'g.1744.peg.3284'"
  },
  {
    "'g.1744.peg.1488'": "'480119.5.peg.612'",
    "'g.1744.peg.210'": "'480119.5.peg.613'",
    "'480119.5.peg.117'": "'480119.5.peg.3276'"
  },
  {
    "'g.1744.peg.1488'": "'480119.5.peg.612'",
    "'g.1744.peg.210'": "'480119.5.peg.613'",
    "'480119.5.peg.117'": "'g.1744.peg.1563'"
  },
  {
    "'g.1744.peg.1488'": "'480119.5.peg.2197'",
    "'g.1744.peg.210'": "'g.1744.peg.1993'",
    "'480119.5.peg.117'": "'g.1744.peg.3284'"
  },
  {
    "'g.1744.peg.1488'": "'480119.5.peg.1080'",
    "'g.1744.peg.210'": "'g.1744.peg.357'",
    "'480119.5.peg.117'": "'480119.5.peg.588'"
  },
  {
    "'g.1744.peg.1488'": "'480119.5.peg.1080'",
    "'g.1744.peg.210'": "'g.1744.peg.3509'",
    "'480119.5.peg.117'": "'480119.5.peg.588'"
  },
  {
    "'g.1744.peg.1488'": "'480119.5.peg.1080'",
    "'g.1744.peg.210'": "'480119.5.peg.588'",
    "'480119.5.peg.117'": "'g.1744.peg.1099'"
  },
  {
    "'g.1744.peg.1488'": "'g.1744.peg.3600'",
    "'g.1744.peg.210'": "'480119.5.peg.2438'",
    "'480119.5.peg.117'": "'g.1744.peg.3688'"
  },
  {
    "'g.1744.peg.1488'": "'g.1744.peg.3600'",
    "'g.1744.peg.210'": "'480119.5.peg.2518'",
    "'480119.5.peg.117'": "'g.1744.peg.3688'"
  },
  {
    "'g.1744.peg.1488'": "'g.1744.peg.3600'",
    "'g.1744.peg.210'": "'g.1744.peg.3688'",
    "'480119.5.peg.117'": "'480119.5.peg.2439'"
  },
  {
    "'g.1744.peg.1488'": "'g.1744.peg.3600'",
    "'g.1744.peg.210'": "'g.1744.peg.3688'",
    "'480119.5.peg.117'": "'480119.5.peg.2909'"
  },
  {
    "'g.1744.peg.1488'": "'g.1744.peg.3600'",
    "'g.1744.peg.210'": "'g.1744.peg.3688'",
    "'480119.5.peg.117'": "'480119.5.peg.3731'"
  },
  {
    "'g.1744.peg.1488'": "'g.1744.peg.3600'",
    "'g.1744.peg.210'": "'g.1744.peg.3688'",
    "'480119.5.peg.117'": "'480119.5.peg.2887'"
  },
  {
    "'g.1744.peg.1488'": "'g.1744.peg.1293'",
    "'g.1744.peg.210'": "'g.1744.peg.2573'",
    "'480119.5.peg.117'": "'g.1744.peg.479'"
  },
  {
    "'g.1744.peg.1488'": "'g.1744.peg.1293'",
    "'g.1744.peg.210'": "'g.1744.peg.1136'",
    "'480119.5.peg.117'": "'g.1744.peg.3486'"
  },
  {
    "'g.1744.peg.1488'": "'g.1744.peg.1293'",
    "'g.1744.peg.210'": "'g.1744.peg.1136'",
    "'480119.5.peg.117'": "'480119.5.peg.2174'"
  },
  {
    "'g.1744.peg.1488'": "'g.1744.peg.1293'",
    "'g.1744.peg.210'": "'g.1744.peg.3486'",
    "'480119.5.peg.117'": "'480119.5.peg.2174'"
  },
  {
    "'g.1744.peg.1488'": "'480119.5.peg.2171'",
    "'g.1744.peg.210'": "'g.1744.peg.1993'",
    "'480119.5.peg.117'": "'g.1744.peg.3284'"
  },
  {
    "'g.1744.peg.1488'": "'480119.5.peg.1855'",
    "'g.1744.peg.210'": "'480119.5.peg.3532'",
    "'480119.5.peg.117'": "'g.1744.peg.479'"
  },
  {
    "'g.1744.peg.1488'": "'480119.5.peg.2438'",
    "'g.1744.peg.210'": "'g.1744.peg.3688'",
    "'480119.5.peg.117'": "'g.1744.peg.2659'"
  },
  {
    "'g.1744.peg.1488'": "'480119.5.peg.2863'",
    "'g.1744.peg.210'": "'g.1744.peg.2203'",
    "'480119.5.peg.117'": "'480119.5.peg.673'"
  },
  {
    "'g.1744.peg.1488'": "'g.1744.peg.1248'",
    "'g.1744.peg.210'": "'g.1744.peg.1699'",
    "'480119.5.peg.117'": "'480119.5.peg.673'"
  },
  {
    "'g.1744.peg.1488'": "'g.1744.peg.3229'",
    "'g.1744.peg.210'": "'g.1744.peg.3515'",
    "'480119.5.peg.117'": "'480119.5.peg.673'"
  },
  {
    "'g.1744.peg.1488'": "'480119.5.peg.1870'",
    "'g.1744.peg.210'": "'g.1744.peg.3545'",
    "'480119.5.peg.117'": "'480119.5.peg.2308'"
  },
  {
    "'g.1744.peg.1488'": "'480119.5.peg.1870'",
    "'g.1744.peg.210'": "'g.1744.peg.3486'",
    "'480119.5.peg.117'": "'480119.5.peg.2308'"
  },
  {
    "'g.1744.peg.1488'": "'g.1744.peg.1552'",
    "'g.1744.peg.210'": "'480119.5.peg.2391'",
    "'480119.5.peg.117'": "'480119.5.peg.672'"
  },
  {
    "'g.1744.peg.1488'": "'g.1744.peg.2154'",
    "'g.1744.peg.210'": "'g.1744.peg.3545'",
    "'480119.5.peg.117'": "'480119.5.peg.2308'"
  },
  {
    "'g.1744.peg.1488'": "'g.1744.peg.2154'",
    "'g.1744.peg.210'": "'g.1744.peg.3486'",
    "'480119.5.peg.117'": "'480119.5.peg.2308'"
  },
  {
    "'g.1744.peg.1488'": "'g.1744.peg.1670'",
    "'g.1744.peg.210'": "'g.1744.peg.1136'",
    "'480119.5.peg.117'": "'480119.5.peg.2174'"
  },
  {
    "'g.1744.peg.1488'": "'g.1744.peg.2589'",
    "'g.1744.peg.210'": "'g.1744.peg.3486'",
    "'480119.5.peg.117'": "'480119.5.peg.2174'"
  },
  {
    "'g.1744.peg.1488'": "'g.1744.peg.3545'",
    "'g.1744.peg.210'": "'g.1744.peg.2203'",
    "'480119.5.peg.117'": "'480119.5.peg.673'"
  },
  {
    "'g.1744.peg.1488'": "'g.1744.peg.3545'",
    "'g.1744.peg.210'": "'480119.5.peg.2541'",
    "'480119.5.peg.117'": "'480119.5.peg.2308'"
  },
  {
    "'g.1744.peg.1488'": "'g.1744.peg.3545'",
    "'g.1744.peg.210'": "'g.1744.peg.2903'",
    "'480119.5.peg.117'": "'480119.5.peg.2308'"
  },
  {
    "'g.1744.peg.1488'": "'g.1744.peg.3545'",
    "'g.1744.peg.210'": "'480119.5.peg.3502'",
    "'480119.5.peg.117'": "'480119.5.peg.2308'"
  },
  {
    "'g.1744.peg.1488'": "'480119.5.peg.1279'",
    "'g.1744.peg.210'": "'g.1744.peg.2269'",
    "'480119.5.peg.117'": "'g.1744.peg.2433'"
  },
  {
    "'g.1744.peg.1488'": "'g.1744.peg.2360'",
    "'g.1744.peg.210'": "'g.1744.peg.3299'",
    "'480119.5.peg.117'": "'g.1744.peg.98'"
  },
  {
    "'g.1744.peg.1488'": "'g.1744.peg.2203'",
    "'g.1744.peg.210'": "'480119.5.peg.673'",
    "'480119.5.peg.117'": "'480119.5.peg.92'"
  },
  {
    "'g.1744.peg.1488'": "'g.1744.peg.2203'",
    "'g.1744.peg.210'": "'480119.5.peg.673'",
    "'480119.5.peg.117'": "'g.1744.peg.1099'"
  },
  {
    "'g.1744.peg.1488'": "'g.1744.peg.2203'",
    "'g.1744.peg.210'": "'480119.5.peg.673'",
    "'480119.5.peg.117'": "'480119.5.peg.744'"
  },
  {
    "'g.1744.peg.1488'": "'g.1744.peg.1078'",
    "'g.1744.peg.210'": "'g.1744.peg.2014'",
    "'480119.5.peg.117'": "'480119.5.peg.408'"
  },
  {
    "'g.1744.peg.1488'": "'480119.5.peg.174'",
    "'g.1744.peg.210'": "'480119.5.peg.3395'",
    "'480119.5.peg.117'": "'g.1744.peg.3688'"
  },
  {
    "'g.1744.peg.1488'": "'g.1744.peg.3688'",
    "'g.1744.peg.210'": "'480119.5.peg.3624'",
    "'480119.5.peg.117'": "'g.1744.peg.2659'"
  },
  {
    "'g.1744.peg.1488'": "'g.1744.peg.1626'",
    "'g.1744.peg.210'": "'g.1744.peg.3486'",
    "'480119.5.peg.117'": "'480119.5.peg.2174'"
  },
  {
    "'g.1744.peg.1488'": "'480119.5.peg.1886'",
    "'g.1744.peg.210'": "'480119.5.peg.326'",
    "'480119.5.peg.117'": "'g.1744.peg.479'"
  },
  {
    "'g.1744.peg.1488'": "'480119.5.peg.3276'",
    "'g.1744.peg.210'": "'480119.5.peg.488'",
    "'480119.5.peg.117'": "'480119.5.peg.489'"
  },
  {
    "'g.1744.peg.1488'": "'480119.5.peg.3276'",
    "'g.1744.peg.210'": "'g.1744.peg.3678'",
    "'480119.5.peg.117'": "'g.1744.peg.3740'"
  },
  {
    "'g.1744.peg.1488'": "'480119.5.peg.2541'",
    "'g.1744.peg.210'": "'g.1744.peg.3486'",
    "'480119.5.peg.117'": "'480119.5.peg.2308'"
  },
  {
    "'g.1744.peg.1488'": "'g.1744.peg.1099'",
    "'g.1744.peg.210'": "'g.1744.peg.3519'",
    "'480119.5.peg.117'": "'g.1744.peg.3486'"
  },
  {
    "'g.1744.peg.1488'": "'g.1744.peg.1099'",
    "'g.1744.peg.210'": "'g.1744.peg.3519'",
    "'480119.5.peg.117'": "'480119.5.peg.2174'"
  },
  {
    "'g.1744.peg.1488'": "'480119.5.peg.3315'",
    "'g.1744.peg.210'": "'g.1744.peg.2269'",
    "'480119.5.peg.117'": "'g.1744.peg.2433'"
  },
  {
    "'g.1744.peg.1488'": "'g.1744.peg.1028'",
    "'g.1744.peg.210'": "'g.1744.peg.1660'",
    "'480119.5.peg.117'": "'g.1744.peg.2141'"
  },
  {
    "'g.1744.peg.1488'": "'g.1744.peg.1044'",
    "'g.1744.peg.210'": "'g.1744.peg.116'",
    "'480119.5.peg.117'": "'g.1744.peg.3462'"
  },
  {
    "'g.1744.peg.1488'": "'g.1744.peg.1081'",
    "'g.1744.peg.210'": "'g.1744.peg.116'",
    "'480119.5.peg.117'": "'g.1744.peg.3462'"
  },
  {
    "'g.1744.peg.1488'": "'g.1744.peg.1643'",
    "'g.1744.peg.210'": "'g.1744.peg.116'",
    "'480119.5.peg.117'": "'g.1744.peg.3462'"
  },
  {
    "'g.1744.peg.1488'": "'g.1744.peg.1770'",
    "'g.1744.peg.210'": "'g.1744.peg.116'",
    "'480119.5.peg.117'": "'g.1744.peg.3462'"
  },
  {
    "'g.1744.peg.1488'": "'g.1744.peg.3486'",
    "'g.1744.peg.210'": "'g.1744.peg.2903'",
    "'480119.5.peg.117'": "'480119.5.peg.2308'"
  },
  {
    "'g.1744.peg.1488'": "'g.1744.peg.3486'",
    "'g.1744.peg.210'": "'480119.5.peg.3502'",
    "'480119.5.peg.117'": "'480119.5.peg.2308'"
  },
  {
    "'g.1744.peg.1488'": "'480119.5.peg.1024'",
    "'g.1744.peg.210'": "'480119.5.peg.1025'",
    "'480119.5.peg.117'": "'480119.5.peg.1714'"
  }
]