[
  {
    "'Rv1295'": "'Rv1559'",
    "'Rv1559'": "'Rv1296'"
  },
  {
    "'Rv1295'": "'Rv1448c'",
    "'Rv1559'": "'Rv1408'"
  },
  {
    "'Rv1295'": "'Rv2397c'",
    "'Rv1559'": "'Rv1739c'"
  },
  {
    "'Rv1295'": "'Rv2400c'",
    "'Rv1559'": "'Rv1739c'"
  },
  {
    "'Rv1295'": "'Rv2398c'",
    "'Rv1559'": "'Rv1739c'"
  },
  {
    "'Rv1295'": "'Rv1739c'",
    "'Rv1559'": "'Rv2399c'"
  },
  {
    "'Rv1295'": "'Rv1408'",
    "'Rv1559'": "'Rv1445c'"
  },
  {
    "'Rv1295'": "'Rv1236'",
    "'Rv1559'": "'Rv0946c'"
  },
  {
    "'Rv1295'": "'Rv1236'",
    "'Rv1559'": "'Rv1099c'"
  },
  {
    "'Rv1295'": "'Rv1236'",
    "'Rv1559'": "'Rv0363c'"
  },
  {
    "'Rv1295'": "'Rv1238'",
    "'Rv1559'": "'Rv0946c'"
  },
  {
    "'Rv1295'": "'Rv1238'",
    "'Rv1559'": "'Rv1099c'"
  },
  {
    "'Rv1295'": "'Rv1238'",
    "'Rv1559'": "'Rv0363c'"
  },
  {
    "'Rv1295'": "'Rv1237'",
    "'Rv1559'": "'Rv0946c'"
  },
  {
    "'Rv1295'": "'Rv1237'",
    "'Rv1559'": "'Rv1099c'"
  },
  {
    "'Rv1295'": "'Rv1237'",
    "'Rv1559'": "'Rv0363c'"
  },
  {
    "'Rv1295'": "'Rv3307'",
    "'Rv1559'": "'Rv3624c'"
  },
  {
    "'Rv1295'": "'Rv0505c'",
    "'Rv1559'": "'Rv3042c'"
  },
  {
    "'Rv1295'": "'Rv2945c'",
    "'Rv1559'": "'Rv3356c'"
  },
  {
    "'Rv1295'": "'Rv1822'",
    "'Rv1559'": "'Rv2746c'"
  },
  {
    "'Rv1295'": "'Rv0489'",
    "'Rv1559'": "'Rv1437'"
  },
  {
    "'Rv1295'": "'Rv0489'",
    "'Rv1559'": "'Rv1436'"
  },
  {
    "'Rv1295'": "'Rv1437'",
    "'Rv1559'": "'Rv1023'"
  },
  {
    "'Rv1295'": "'Rv0728c'",
    "'Rv1559'": "'Rv2996c'"
  },
  {
    "'Rv1295'": "'Rv1604'",
    "'Rv1559'": "'Rv2701c'"
  },
  {
    "'Rv1295'": "'Rv0649'",
    "'Rv1559'": "'Rv2243'"
  },
  {
    "'Rv1295'": "'Rv2883c'",
    "'Rv1559'": "'Rv1712'"
  },
  {
    "'Rv1295'": "'Rv0295c'",
    "'Rv1559'": "'Rv1373'"
  },
  {
    "'Rv1295'": "'Rv2754c'",
    "'Rv1559'": "'Rv2764c'"
  },
  {
    "'Rv1295'": "'Rv3273'",
    "'Rv1559'": "'Rv3588c'"
  },
  {
    "'Rv1295'": "'Rv0112'",
    "'Rv1559'": "'Rv1511'"
  },
  {
    "'Rv1295'": "'Rv1602'",
    "'Rv1559'": "'Rv0808'"
  },
  {
    "'Rv1295'": "'Rv2439c'",
    "'Rv1559'": "'Rv2322c'"
  },
  {
    "'Rv1295'": "'Rv2439c'",
    "'Rv1559'": "'Rv2321c'"
  },
  {
    "'Rv1295'": "'Rv1093'",
    "'Rv1559'": "'Rv0070c'"
  },
  {
    "'Rv1295'": "'Rv0389'",
    "'Rv1559'": "'Rv0956'"
  },
  {
    "'Rv1295'": "'Rv1436'",
    "'Rv1559'": "'Rv1023'"
  },
  {
    "'Rv1295'": "'Rv2427c'",
    "'Rv1559'": "'Rv2322c'"
  },
  {
    "'Rv1295'": "'Rv2427c'",
    "'Rv1559'": "'Rv2321c'"
  },
  {
    "'Rv1295'": "'Rv1483'",
    "'Rv1559'": "'Rv0098'"
  },
  {
    "'Rv1295'": "'Rv2682c'",
    "'Rv1559'": "'Rv3379c'"
  },
  {
    "'Rv1295'": "'Rv3565'",
    "'Rv1559'": "'Rv0337c'"
  },
  {
    "'Rv1295'": "'Rv1658'",
    "'Rv1559'": "'Rv1001'"
  },
  {
    "'Rv1295'": "'Rv1659'",
    "'Rv1559'": "'Rv1001'"
  },
  {
    "'Rv1295'": "'Rv1609'",
    "'Rv1559'": "'Rv2859c'"
  },
  {
    "'Rv1295'": "'Rv2182c'",
    "'Rv1559'": "'Rv2483c'"
  },
  {
    "'Rv1295'": "'Rv3826'",
    "'Rv1559'": "'Rv1529'"
  },
  {
    "'Rv1295'": "'Rv0904c'",
    "'Rv1559'": "'Rv3281'"
  }
]