[
  {
    "'Rv1201c'": "'Rv3266c'"
  },
  {
    "'Rv1201c'": "'Rv3465'"
  },
  {
    "'Rv1201c'": "'Rv1079'"
  },
  {
    "'Rv1201c'": "'Rv0391'"
  },
  {
    "'Rv1201c'": "'Rv2539c'"
  },
  {
    "'Rv1201c'": "'Rv2552c'"
  },
  {
    "'Rv1201c'": "'Rv2335'"
  },
  {
    "'Rv1201c'": "'Rv0858c'"
  },
  {
    "'Rv1201c'": "'Rv1202'"
  },
  {
    "'Rv1201c'": "'Rv2386c'"
  },
  {
    "'Rv1201c'": "'Rv1285'"
  },
  {
    "'Rv1201c'": "'Rv1286'"
  },
  {
    "'Rv1201c'": "'Rv2958c'"
  },
  {
    "'Rv1201c'": "'Rv2962c'"
  },
  {
    "'Rv1201c'": "'Rv2465c'"
  },
  {
    "'Rv1201c'": "'Rv1981c'"
  },
  {
    "'Rv1201c'": "'Rv0570'"
  },
  {
    "'Rv1201c'": "'Rv3051c'"
  },
  {
    "'Rv1201c'": "'Rv3048c'"
  },
  {
    "'Rv1201c'": "'Rv0436c'"
  },
  {
    "'Rv1201c'": "'Rv0884c'"
  },
  {
    "'Rv1201c'": "'Rv0437c'"
  },
  {
    "'Rv1201c'": "'Rv3227'"
  },
  {
    "'Rv1201c'": "'Rv1017c'"
  },
  {
    "'Rv1201c'": "'Rv1603'"
  },
  {
    "'Rv1201c'": "'Rv0803'"
  },
  {
    "'Rv1201c'": "'Rv0788'"
  },
  {
    "'Rv1201c'": "'Rv2934'"
  },
  {
    "'Rv1201c'": "'Rv2932'"
  },
  {
    "'Rv1201c'": "'Rv2935'"
  },
  {
    "'Rv1201c'": "'Rv2931'"
  },
  {
    "'Rv1201c'": "'Rv2933'"
  },
  {
    "'Rv1201c'": "'Rv2928'"
  },
  {
    "'Rv1201c'": "'Rv2122c'"
  },
  {
    "'Rv1201c'": "'Rv0780'"
  },
  {
    "'Rv1201c'": "'Rv1606'"
  },
  {
    "'Rv1201c'": "'Rv0809'"
  },
  {
    "'Rv1201c'": "'Rv0772'"
  },
  {
    "'Rv1201c'": "'Rv2163c'"
  },
  {
    "'Rv1201c'": "'Rv3838c'"
  },
  {
    "'Rv1201c'": "'Rv3754'"
  },
  {
    "'Rv1201c'": "'Rv2941'"
  },
  {
    "'Rv1201c'": "'Rv3628'"
  },
  {
    "'Rv1201c'": "'Rv2156c'"
  },
  {
    "'Rv1201c'": "'Rv3068c'"
  },
  {
    "'Rv1201c'": "'Rv2392'"
  },
  {
    "'Rv1201c'": "'Rv0500'"
  },
  {
    "'Rv1201c'": "'Rv1692'"
  },
  {
    "'Rv1201c'": "'Rv1493'"
  },
  {
    "'Rv1201c'": "'Rv1492'"
  },
  {
    "'Rv1201c'": "'Rv0855'"
  },
  {
    "'Rv1201c'": "'Rv0046c'"
  },
  {
    "'Rv1201c'": "'Rv2124c'"
  },
  {
    "'Rv1201c'": "'Rv1392'"
  },
  {
    "'Rv1201c'": "'Rv3582c'"
  },
  {
    "'Rv1201c'": "'Rv3581c'"
  },
  {
    "'Rv1201c'": "'Rv2381c'"
  },
  {
    "'Rv1201c'": "'Rv2379c'"
  },
  {
    "'Rv1201c'": "'Rv2383c'"
  },
  {
    "'Rv1201c'": "'Rv2378c'"
  },
  {
    "'Rv1201c'": "'Rv2384'"
  },
  {
    "'Rv1201c'": "'Rv2382c'"
  },
  {
    "'Rv1201c'": "'Rv2380c'"
  },
  {
    "'Rv1201c'": "'Rv2611c'"
  },
  {
    "'Rv1201c'": "'Rv3255c'"
  },
  {
    "'Rv1201c'": "'Rv3264c'"
  },
  {
    "'Rv1201c'": "'Rv2210c'"
  },
  {
    "'Rv1201c'": "'Rv2157c'"
  },
  {
    "'Rv1201c'": "'Rv2152c'"
  },
  {
    "'Rv1201c'": "'Rv2155c'"
  },
  {
    "'Rv1201c'": "'Rv2153c'"
  },
  {
    "'Rv1201c'": "'Rv2158c'"
  },
  {
    "'Rv1201c'": "'Rv3809c'"
  },
  {
    "'Rv1201c'": "'Rv2136c'"
  },
  {
    "'Rv1201c'": "'Rv0482'"
  },
  {
    "'Rv1201c'": "'Rv3818'"
  },
  {
    "'Rv1201c'": "'Rv1018c'"
  },
  {
    "'Rv1201c'": "'Rv1315'"
  },
  {
    "'Rv1201c'": "'Rv1613'"
  },
  {
    "'Rv1201c'": "'Rv1612'"
  },
  {
    "'Rv1201c'": "'Rv3490'"
  },
  {
    "'Rv1201c'": "'Rv2006'"
  },
  {
    "'Rv1201c'": "'Rv3372'"
  },
  {
    "'Rv1201c'": "'Rv3913'"
  },
  {
    "'Rv1201c'": "'Rv1449c'"
  },
  {
    "'Rv1201c'": "'Rv3001c'"
  },
  {
    "'Rv1201c'": "'Rv3710'"
  },
  {
    "'Rv1201c'": "'Rv2987c'"
  },
  {
    "'Rv1201c'": "'Rv2988c'"
  },
  {
    "'Rv1201c'": "'Rv2995c'"
  },
  {
    "'Rv1201c'": "'Rv3393'"
  },
  {
    "'Rv1201c'": "'Rv1843c'"
  },
  {
    "'Rv1201c'": "'Rv3410c'"
  },
  {
    "'Rv1201c'": "'Rv3411c'"
  },
  {
    "'Rv1201c'": "'Rv0957'"
  },
  {
    "'Rv1201c'": "'Rv1611'"
  },
  {
    "'Rv1201c'": "'Rv1601'"
  },
  {
    "'Rv1201c'": "'Rv1605'"
  },
  {
    "'Rv1201c'": "'Rv1294'"
  },
  {
    "'Rv1201c'": "'Rv1599'"
  },
  {
    "'Rv1201c'": "'Rv1086'"
  },
  {
    "'Rv1201c'": "'Rv2051c'"
  },
  {
    "'Rv1201c'": "'Rv3396c'"
  },
  {
    "'Rv1201c'": "'Rv1338'"
  },
  {
    "'Rv1201c'": "'Rv2860c'"
  },
  {
    "'Rv1201c'": "'Rv2222c'"
  },
  {
    "'Rv1201c'": "'Rv1878'"
  },
  {
    "'Rv1201c'": "'Rv2220'"
  },
  {
    "'Rv1201c'": "'Rv1389'"
  },
  {
    "'Rv1201c'": "'Rv1512'"
  },
  {
    "'Rv1201c'": "'Rv3436c'"
  },
  {
    "'Rv1201c'": "'Rv0993'"
  },
  {
    "'Rv1201c'": "'Rv0618'"
  },
  {
    "'Rv1201c'": "'Rv0619'"
  },
  {
    "'Rv1201c'": "'Rv0620'"
  },
  {
    "'Rv1201c'": "'Rv3808c'"
  },
  {
    "'Rv1201c'": "'Rv1551'"
  },
  {
    "'Rv1201c'": "'Rv0334'"
  },
  {
    "'Rv1201c'": "'Rv2610c'"
  },
  {
    "'Rv1201c'": "'Rv2957'"
  },
  {
    "'Rv1201c'": "'Rv0382c'"
  },
  {
    "'Rv1201c'": "'Rv1653'"
  },
  {
    "'Rv1201c'": "'Rv1385'"
  },
  {
    "'Rv1201c'": "'Rv2503c'"
  },
  {
    "'Rv1201c'": "'Rv2504c'"
  },
  {
    "'Rv1201c'": "'Rv1656'"
  },
  {
    "'Rv1201c'": "'Rv3265c'"
  },
  {
    "'Rv1201c'": "'Rv2445c'"
  },
  {
    "'Rv1201c'": "'Rv2246'"
  },
  {
    "'Rv1201c'": "'Rv2245'"
  },
  {
    "'Rv1201c'": "'Rv3800c'"
  },
  {
    "'Rv1201c'": "'Rv0644c'"
  },
  {
    "'Rv1201c'": "'Rv0470c'"
  },
  {
    "'Rv1201c'": "'Rv2870c'"
  },
  {
    "'Rv1201c'": "'Rv3398c'"
  },
  {
    "'Rv1201c'": "'Rv2538c'"
  },
  {
    "'Rv1201c'": "'Rv2537c'"
  },
  {
    "'Rv1201c'": "'Rv1381'"
  },
  {
    "'Rv1201c'": "'Rv2139'"
  },
  {
    "'Rv1201c'": "'Rv2763c'"
  },
  {
    "'Rv1201c'": "'Rv2753c'"
  },
  {
    "'Rv1201c'": "'Rv2773c'"
  },
  {
    "'Rv1201c'": "'Rv0189c'"
  },
  {
    "'Rv1201c'": "'Rv2178c'"
  },
  {
    "'Rv1201c'": "'Rv2881c'"
  },
  {
    "'Rv1201c'": "'Rv2726c'"
  },
  {
    "'Rv1201c'": "'Rv1293'"
  },
  {
    "'Rv1201c'": "'Rv3340'"
  },
  {
    "'Rv1201c'": "'Rv1699'"
  },
  {
    "'Rv1201c'": "'Rv2949c'"
  },
  {
    "'Rv1201c'": "'Rv2540c'"
  },
  {
    "'Rv1201c'": "'Rv1885c'"
  },
  {
    "'Rv1201c'": "'Rv2612c'"
  },
  {
    "'Rv1201c'": "'Rv1011'"
  },
  {
    "'Rv1201c'": "'Rv1383'"
  },
  {
    "'Rv1201c'": "'Rv2121c'"
  },
  {
    "'Rv1201c'": "'Rv3709c'"
  },
  {
    "'Rv1201c'": "'Rv1380'"
  },
  {
    "'Rv1201c'": "'Rv2201'"
  },
  {
    "'Rv1201c'": "'Rv3708c'"
  },
  {
    "'Rv1201c'": "'Rv2192c'"
  },
  {
    "'Rv1201c'": "'Rv3423c'"
  },
  {
    "'Rv1201c'": "'Rv2981c'"
  },
  {
    "'Rv1201c'": "'Rv3248c'"
  },
  {
    "'Rv1201c'": "'Rv1652'"
  },
  {
    "'Rv1201c'": "'Rv3792'"
  },
  {
    "'Rv1201c'": "'Rv3794'"
  },
  {
    "'Rv1201c'": "'Rv3793'"
  },
  {
    "'Rv1201c'": "'Rv3795'"
  },
  {
    "'Rv1201c'": "'Rv0357c'"
  },
  {
    "'Rv1201c'": "'Rv0777'"
  },
  {
    "'Rv1201c'": "'Rv2940c'"
  },
  {
    "'Rv1201c'": "'Rv1662'"
  },
  {
    "'Rv1201c'": "'Rv1663'"
  },
  {
    "'Rv1201c'": "'Rv1484'"
  },
  {
    "'Rv1201c'": "'Rv1350'"
  },
  {
    "'Rv1201c'": "'Rv2947c'"
  },
  {
    "'Rv1201c'": "'Rv2524c'"
  },
  {
    "'Rv1201c'": "'Rv1323'"
  },
  {
    "'Rv1201c'": "'Rv3801c'"
  },
  {
    "'Rv1201c'": "'Rv0733'"
  },
  {
    "'Rv1201c'": "'Rv1655'"
  },
  {
    "'Rv1201c'": "'Rv3002c'"
  },
  {
    "'Rv1201c'": "'Rv1654'"
  },
  {
    "'Rv1201c'": "'Rv1302'"
  },
  {
    "'Rv1201c'": "'Rv3280'"
  },
  {
    "'Rv1201c'": "'Rv3815c'"
  }
]