[
  {
    "'KPN_03043'": "'KPN_02364'",
    "'KPN_03607'": "'KPN_02825'"
  },
  {
    "'KPN_03043'": "'KPN_02364'",
    "'KPN_03607'": "'KPN_00484'"
  },
  {
    "'KPN_03043'": "'KPN_04246'",
    "'KPN_03607'": "'KPN_01464'"
  },
  {
    "'KPN_03043'": "'KPN_00456'",
    "'KPN_03607'": "'KPN_02848'"
  },
  {
    "'KPN_03043'": "'KPN_00456'",
    "'KPN_03607'": "'KPN_04839'"
  },
  {
    "'KPN_03043'": "'KPN_00456'",
    "'KPN_03607'": "'KPN_02238'"
  },
  {
    "'KPN_03043'": "'KPN_00456'",
    "'KPN_03607'": "'KPN_04492'"
  },
  {
    "'KPN_03043'": "'KPN_00120'",
    "'KPN_03607'": "'KPN_00735'"
  },
  {
    "'KPN_03043'": "'KPN_00120'",
    "'KPN_03607'": "'KPN_00734'"
  },
  {
    "'KPN_03043'": "'KPN_00733'",
    "'KPN_03607'": "'KPN_00735'"
  },
  {
    "'KPN_03043'": "'KPN_00733'",
    "'KPN_03607'": "'KPN_00734'"
  },
  {
    "'KPN_03043'": "'KPN_00732'",
    "'KPN_03607'": "'KPN_00735'"
  },
  {
    "'KPN_03043'": "'KPN_00732'",
    "'KPN_03607'": "'KPN_00734'"
  },
  {
    "'KPN_03043'": "'KPN_00096'",
    "'KPN_03607'": "'KPN_00323'"
  },
  {
    "'KPN_03043'": "'KPN_04440'",
    "'KPN_03607'": "'KPN_02308'"
  },
  {
    "'KPN_03043'": "'KPN_02876'",
    "'KPN_03607'": "'KPN_00935'"
  },
  {
    "'KPN_03043'": "'KPN_02876'",
    "'KPN_03607'": "'KPN_03348'"
  },
  {
    "'KPN_03043'": "'KPN_02876'",
    "'KPN_03607'": "'KPN_04843'"
  },
  {
    "'KPN_03043'": "'KPN_04249'",
    "'KPN_03607'": "'KPN_03580'"
  },
  {
    "'KPN_03043'": "'KPN_00695'",
    "'KPN_03607'": "'KPN_04149'"
  },
  {
    "'KPN_03043'": "'KPN_00002'",
    "'KPN_03607'": "'KPN_04234'"
  },
  {
    "'KPN_03043'": "'KPN_00645'",
    "'KPN_03607'": "'KPN_00955'"
  },
  {
    "'KPN_03043'": "'KPN_00040'",
    "'KPN_03607'": "'KPN_00041'"
  },
  {
    "'KPN_03043'": "'KPN_02190'",
    "'KPN_03607'": "'KPN_00817'"
  },
  {
    "'KPN_03043'": "'KPN_00727'",
    "'KPN_03607'": "'KPN_00793'"
  },
  {
    "'KPN_03043'": "'KPN_00727'",
    "'KPN_03607'": "'KPN_01770'"
  },
  {
    "'KPN_03043'": "'KPN_00727'",
    "'KPN_03607'": "'KPN_00796'"
  },
  {
    "'KPN_03043'": "'KPN_00727'",
    "'KPN_03607'": "'KPN_00792'"
  },
  {
    "'KPN_03043'": "'KPN_00727'",
    "'KPN_03607'": "'KPN_00795'"
  },
  {
    "'KPN_03043'": "'KPN_03409'",
    "'KPN_03607'": "'KPN_03951'"
  },
  {
    "'KPN_03043'": "'KPN_03428'",
    "'KPN_03607'": "'KPN_01511'"
  },
  {
    "'KPN_03043'": "'KPN_00937'",
    "'KPN_03607'": "'KPN_03106'"
  },
  {
    "'KPN_03043'": "'KPN_00937'",
    "'KPN_03607'": "'KPN_00184'"
  },
  {
    "'KPN_03043'": "'KPN_01523'",
    "'KPN_03607'": "'KPN_00045'"
  },
  {
    "'KPN_03043'": "'KPN_00355'",
    "'KPN_03607'": "'KPN_02322'"
  },
  {
    "'KPN_03043'": "'KPN_00355'",
    "'KPN_03607'": "'KPN_04316'"
  },
  {
    "'KPN_03043'": "'KPN_00793'",
    "'KPN_03607'": "'KPN_01144'"
  },
  {
    "'KPN_03043'": "'KPN_01770'",
    "'KPN_03607'": "'KPN_01144'"
  },
  {
    "'KPN_03043'": "'KPN_02825'",
    "'KPN_03607'": "'KPN_00484'"
  },
  {
    "'KPN_03043'": "'KPN_01021'",
    "'KPN_03607'": "'KPN_04178'"
  },
  {
    "'KPN_03043'": "'KPN_02499'",
    "'KPN_03607'": "'KPN_03757'"
  },
  {
    "'KPN_03043'": "'KPN_02014'",
    "'KPN_03607'": "'KPN_00134'"
  },
  {
    "'KPN_03043'": "'KPN_00310'",
    "'KPN_03607'": "'KPN_04239'"
  },
  {
    "'KPN_03043'": "'KPN_00796'",
    "'KPN_03607'": "'KPN_01144'"
  },
  {
    "'KPN_03043'": "'KPN_01144'",
    "'KPN_03607'": "'KPN_00792'"
  },
  {
    "'KPN_03043'": "'KPN_01144'",
    "'KPN_03607'": "'KPN_00795'"
  },
  {
    "'KPN_03043'": "'KPN_00080'",
    "'KPN_03607'": "'KPN_03016'"
  },
  {
    "'KPN_03043'": "'KPN_02770'",
    "'KPN_03607'": "'KPN_00778'"
  },
  {
    "'KPN_03043'": "'KPN_02770'",
    "'KPN_03607'": "'KPN_00779'"
  },
  {
    "'KPN_03043'": "'KPN_02770'",
    "'KPN_03607'": "'KPN_00777'"
  },
  {
    "'KPN_03043'": "'KPN_02771'",
    "'KPN_03607'": "'KPN_00778'"
  },
  {
    "'KPN_03043'": "'KPN_02771'",
    "'KPN_03607'": "'KPN_00779'"
  },
  {
    "'KPN_03043'": "'KPN_02771'",
    "'KPN_03607'": "'KPN_00777'"
  },
  {
    "'KPN_03043'": "'KPN_02772'",
    "'KPN_03607'": "'KPN_00778'"
  },
  {
    "'KPN_03043'": "'KPN_02772'",
    "'KPN_03607'": "'KPN_00779'"
  },
  {
    "'KPN_03043'": "'KPN_02772'",
    "'KPN_03607'": "'KPN_00777'"
  },
  {
    "'KPN_03043'": "'KPN_00484'",
    "'KPN_03607'": "'KPN_00930'"
  },
  {
    "'KPN_03043'": "'KPN_01274'",
    "'KPN_03607'": "'KPN_00370'"
  },
  {
    "'KPN_03043'": "'KPN_03021'",
    "'KPN_03607'": "'KPN_00711'"
  },
  {
    "'KPN_03043'": "'KPN_03858'",
    "'KPN_03607'": "'KPN_04133'"
  },
  {
    "'KPN_03043'": "'KPN_03858'",
    "'KPN_03607'": "'KPN_04132'"
  },
  {
    "'KPN_03043'": "'KPN_03858'",
    "'KPN_03607'": "'KPN_04131'"
  },
  {
    "'KPN_03043'": "'KPN_03858'",
    "'KPN_03607'": "'KPN_04130'"
  },
  {
    "'KPN_03043'": "'KPN_04839'",
    "'KPN_03607'": "'KPN_02238'"
  },
  {
    "'KPN_03043'": "'KPN_02238'",
    "'KPN_03607'": "'KPN_04492'"
  },
  {
    "'KPN_03043'": "'KPN_03682'",
    "'KPN_03607'": "'KPN_00075'"
  },
  {
    "'KPN_03043'": "'KPN_03761'",
    "'KPN_03607'": "'KPN_00332'"
  },
  {
    "'KPN_03043'": "'KPN_02488'",
    "'KPN_03607'": "'KPN_02494'"
  },
  {
    "'KPN_03043'": "'KPN_02495'",
    "'KPN_03607'": "'KPN_02489'"
  }
]