[
  {
    "'KPN_00983'": "'KPN_01091'"
  },
  {
    "'KPN_00983'": "'KPN_01093'"
  },
  {
    "'KPN_00983'": "'KPN_02713'"
  },
  {
    "'KPN_00983'": "'KPN_00004'"
  },
  {
    "'KPN_00983'": "'KPN_01092'"
  },
  {
    "'KPN_00983'": "'KPN_SPONT'"
  },
  {
    "'KPN_00983'": "'KPN_03664'"
  },
  {
    "'KPN_00983'": "'KPN_03665'"
  },
  {
    "'KPN_00983'": "'KPN_00198'"
  },
  {
    "'KPN_00983'": "'KPN_02706'"
  },
  {
    "'KPN_00983'": "'KPN_04248'"
  },
  {
    "'KPN_00983'": "'KPN_03226'"
  },
  {
    "'KPN_00983'": "'KPN_03112'"
  },
  {
    "'KPN_00983'": "'KPN_01139'"
  },
  {
    "'KPN_00983'": "'KPN_04576'"
  },
  {
    "'KPN_00983'": "'KPN_03963'"
  },
  {
    "'KPN_00983'": "'KPN_03436'"
  },
  {
    "'KPN_00983'": "'KPN_04247'"
  },
  {
    "'KPN_00983'": "'KPN_04388'"
  },
  {
    "'KPN_00983'": "'KPN_00477'"
  },
  {
    "'KPN_00983'": "'KPN_00478'"
  },
  {
    "'KPN_00983'": "'KPN_01256'"
  },
  {
    "'KPN_00983'": "'KPN_01257'"
  },
  {
    "'KPN_00983'": "'KPN_03799'"
  },
  {
    "'KPN_00983'": "'KPN_04657'"
  },
  {
    "'KPN_00983'": "'KPN_04656'"
  },
  {
    "'KPN_00983'": "'KPN_02475'"
  },
  {
    "'KPN_00983'": "'KPN_03453'"
  },
  {
    "'KPN_00983'": "'KPN_02920'"
  },
  {
    "'KPN_00983'": "'KPN_02922'"
  },
  {
    "'KPN_00983'": "'KPN_02719'"
  },
  {
    "'KPN_00983'": "'KPN_00941'"
  },
  {
    "'KPN_00983'": "'KPN_03124'"
  },
  {
    "'KPN_00983'": "'KPN_03252'"
  },
  {
    "'KPN_00983'": "'KPN_04308'"
  },
  {
    "'KPN_00983'": "'KPN_00188'"
  },
  {
    "'KPN_00983'": "'KPN_03996'"
  },
  {
    "'KPN_00983'": "'KPN_04270'"
  },
  {
    "'KPN_00983'": "'KPN_00039'"
  },
  {
    "'KPN_00983'": "'KPN_02812'"
  },
  {
    "'KPN_00983'": "'KPN_00974'"
  },
  {
    "'KPN_00983'": "'KPN_01074'"
  },
  {
    "'KPN_00983'": "'KPN_03760'"
  },
  {
    "'KPN_00983'": "'KPN_00073'"
  },
  {
    "'KPN_00983'": "'KPN_04273'"
  },
  {
    "'KPN_00983'": "'KPN_01096'"
  },
  {
    "'KPN_00983'": "'KPN_01284'"
  },
  {
    "'KPN_00983'": "'KPN_03119'"
  },
  {
    "'KPN_00983'": "'KPN_03118'"
  },
  {
    "'KPN_00983'": "'KPN_04135'"
  },
  {
    "'KPN_00983'": "'KPN_04429'"
  },
  {
    "'KPN_00983'": "'KPN_03952'"
  },
  {
    "'KPN_00983'": "'KPN_02202'"
  },
  {
    "'KPN_00983'": "'KPN_04134'"
  },
  {
    "'KPN_00983'": "'KPN_02492'"
  },
  {
    "'KPN_00983'": "'KPN_02702'"
  },
  {
    "'KPN_00983'": "'KPN_04256'"
  },
  {
    "'KPN_00983'": "'KPN_00214'"
  },
  {
    "'KPN_00983'": "'KPN_02833'"
  },
  {
    "'KPN_00983'": "'KPN_02476'"
  },
  {
    "'KPN_00983'": "'KPN_02478'"
  },
  {
    "'KPN_00983'": "'KPN_00003'"
  },
  {
    "'KPN_00983'": "'KPN_04394'"
  },
  {
    "'KPN_00983'": "'KPN_02477'"
  },
  {
    "'KPN_00983'": "'KPN_02481'"
  },
  {
    "'KPN_00983'": "'KPN_02479'"
  },
  {
    "'KPN_00983'": "'KPN_01255'"
  },
  {
    "'KPN_00983'": "'KPN_04269'"
  },
  {
    "'KPN_00983'": "'KPN_02834'"
  },
  {
    "'KPN_00983'": "'KPN_00079'"
  },
  {
    "'KPN_00983'": "'KPN_00077'"
  },
  {
    "'KPN_00983'": "'KPN_00078'"
  },
  {
    "'KPN_00983'": "'KPN_03608'"
  },
  {
    "'KPN_00983'": "'KPN_02230'"
  },
  {
    "'KPN_00983'": "'KPN_00195'"
  },
  {
    "'KPN_00983'": "'KPN_01515'"
  },
  {
    "'KPN_00983'": "'KPN_01090'"
  },
  {
    "'KPN_00983'": "'KPN_00414'"
  },
  {
    "'KPN_00983'": "'KPN_04659'"
  },
  {
    "'KPN_00983'": "'KPN_01277'"
  },
  {
    "'KPN_00983'": "'KPN_03983'"
  },
  {
    "'KPN_00983'": "'KPN_00329'"
  },
  {
    "'KPN_00983'": "'KPN_00091'"
  },
  {
    "'KPN_00983'": "'KPN_03117'"
  },
  {
    "'KPN_00983'": "'KPN_03586'"
  },
  {
    "'KPN_00983'": "'KPN_02410'"
  },
  {
    "'KPN_00983'": "'KPN_04387'"
  },
  {
    "'KPN_00983'": "'KPN_02824'"
  },
  {
    "'KPN_00983'": "'KPN_02482'"
  },
  {
    "'KPN_00983'": "'KPN_02810'"
  },
  {
    "'KPN_00983'": "'KPN_02882'"
  },
  {
    "'KPN_00983'": "'KPN_02480'"
  },
  {
    "'KPN_00983'": "'KPN_00936'"
  },
  {
    "'KPN_00983'": "'KPN_04557'"
  },
  {
    "'KPN_00983'": "'KPN_02908'"
  },
  {
    "'KPN_00983'": "'KPN_00236'"
  },
  {
    "'KPN_00983'": "'KPN_03113'"
  },
  {
    "'KPN_00983'": "'KPN_03114'"
  },
  {
    "'KPN_00983'": "'KPN_02805'"
  },
  {
    "'KPN_00983'": "'KPN_04233'"
  },
  {
    "'KPN_00983'": "'KPN_00942'"
  },
  {
    "'KPN_00983'": "'KPN_00179'"
  },
  {
    "'KPN_00983'": "'KPN_03236'"
  },
  {
    "'KPN_00983'": "'KPN_01253'"
  },
  {
    "'KPN_00983'": "'KPN_01254'"
  },
  {
    "'KPN_00983'": "'KPN_00192'"
  },
  {
    "'KPN_00983'": "'KPN_00089'"
  },
  {
    "'KPN_00983'": "'KPN_00194'"
  },
  {
    "'KPN_00983'": "'KPN_03599'"
  },
  {
    "'KPN_00983'": "'KPN_00094'"
  },
  {
    "'KPN_00983'": "'KPN_00092'"
  },
  {
    "'KPN_00983'": "'KPN_00095'"
  },
  {
    "'KPN_00983'": "'KPN_04350'"
  },
  {
    "'KPN_00983'": "'KPN_00773'"
  },
  {
    "'KPN_00983'": "'KPN_02493'"
  },
  {
    "'KPN_00983'": "'KPN_00090'"
  },
  {
    "'KPN_00983'": "'KPN_00100'"
  },
  {
    "'KPN_00983'": "'KPN_00480'"
  }
]