[
  {
    "'g.32451.CDS.110'": "'g.32451.CDS.110'",
    "'g.32451.CDS.1259'": "'g.32451.CDS.1259'",
    "'g.32451.CDS.661'": "'997872.3.peg.34'"
  },
  {
    "'g.32451.CDS.110'": "'g.32451.CDS.110'",
    "'g.32451.CDS.1259'": "'997872.3.peg.1500'",
    "'g.32451.CDS.661'": "'997872.3.peg.596'"
  },
  {
    "'g.32451.CDS.110'": "'g.32451.CDS.124'",
    "'g.32451.CDS.1259'": "'997872.3.peg.1500'",
    "'g.32451.CDS.661'": "'997872.3.peg.596'"
  },
  {
    "'g.32451.CDS.110'": "'g.32451.CDS.1382'",
    "'g.32451.CDS.1259'": "'g.32451.CDS.1476'",
    "'g.32451.CDS.661'": "'g.32451.CDS.779'"
  }
]