THRS,SHSL4r,CYSTGL
THRD_L,SHSL4r,CYSTGL
TALA,PGM,TPI
TALA,PGK,TPI
TALA,PGI,FBP
TALA,PGI,FBA
TALA,TPI,GAPD
TALA,TPI,ENO
SUCOAS,PPCSCT,ACACCT
SUCOAS,ACS2,ACACCT
SSALy,SSALx,NH4t
SSALy,SSALx,EX_nh4_e
SHSL4r,HSK,CYSTGL
RPE,PGM,TPI
RPE,PGI,FBP
RPE,PGI,FBA
RPE,TPI,ENO
PUNP5,NTD11,ADA
PTPATi,NDPK3,CYTK1
PTAr,CITL_copy1,ACS
PTAr,ACS,ACONT
PPNCL,NDPK3,CYTK1
G6PP,PGI,HEX1
G6PP,MALT,GLCabc
G6PP,MALT,EX_glc__D_e
G6PP,HEX1,FBP
G6PP,HEX1,FBA
G6PP,GLCabc,MTI
G6PP,EX_glc__D_e,MTI
PPDIMAT,PDIMAT,MTHFC
PPDIMAT,MTHFC,EX_pdima_e
PPCDC,NDPK3,CYTK1
PNTK,NDPK3,CYTK1
PGM,PGL,TPI
PGM,PGI,TPI
PGM,TPI,TKT2
PGM,TPI,TKT1
PGM,TPI,GND
PGM,TPI,GLCabc
PGM,TPI,G6PDH2r
PGM,TPI,EX_glc__D_e
PGM,GLYK,GLCabc
PGM,GLYK,EX_glc__D_e
PGM,GLCabc,G3PD1ir
PGM,G3PD1ir,EX_glc__D_e
PGL,PGK,TPI
PGL,PGI,FBP
PGL,PGI,FBA
PGL,TPI,GAPD
PGL,TPI,ENO
PGK,MDH,ATPS4r
PGK,TPI,TKT1
PGK,TPI,GND
PGK,TPI,GLCabc
PGK,TPI,G6PDH2r
PGK,TPI,EX_glc__D_e
PGK,L_LACt3,ATPS4r
PGK,L_LACt2r,ATPS4r
PGK,H2CO3TP,EX_co2_e
PGK,H2CO3TP,CO2t
PGK,H2CO3D,EX_co2_e
PGK,H2CO3D,CO2t
PGK,GLYK,GLCabc
PGK,GLYK,EX_glc__D_e
PGK,GLUt2r,EX_cit_e
PGK,GLUt2r,CITabc
PGK,GLUt2r,ATPS4r
PGK,GLCabc,G3PD1ir
PGK,G3PD1ir,EX_glc__D_e
PGK,FUM,EX_cit_e
PGK,FUM,CITabc
PGK,FUM,CITL_copy1
PGK,FUM,ATPS4r
PGK,EX_h_e,ATPS4r
PGK,EX_h2co3_e,EX_co2_e
PGK,EX_h2co3_e,CO2t
PGK,EX_glu__L_e,EX_cit_e
PGK,EX_glu__L_e,CITabc
PGK,EX_glu__L_e,ATPS4r
PGK,EX_cit_e,DHORD3
PGK,EX_cit_e,FRD5
PGK,NH4t,ATPS4r
PGK,DHORD3,CITabc
PGK,DHORD3,CITL_copy1
PGK,DHORD3,ATPS4r
PGK,CITabc,FRD5
PGK,CITL_copy1,FRD5
PGK,ATPS4r,FRD5
PGK,ATPS4r,EX_nh4_e
PGI,TPI,ENO
PGI,TKT1,FBP
PGI,TKT1,FBA
PGI,GND,FBP
PGI,GND,FBA
PGI,G6PDH2r,FBP
PGI,G6PDH2r,FBA
PFL,MTHFC,ICL
PFL,MTHFC,GLXO1
PFL,MTHFC,OXCDC
PFL,MTHFC,OXACOAL
PFL,MTHFC,ACONT
PFK,TPI,GLYK
PEPCK_re,NDPK1,ADK3
PDIMAT,MTHFC,EX_ppdima_e
PANTS,NDPK3,CYTK1
MTHFC,FTHFLi,AICART2
MTHFC,FTHFLi,AICART
MTHFC,EX_ppdima_e,EX_pdima_e
MOHMT,NDPK3,CYTK1
MDH,GAPD,ATPS4r
URIDK2r,NTD3,DUTPDP
URIDK2r,DUTPDP,DURIK1
URIDK2r,DUTPDP,DCYTD
UDPDPS2,UDPDPS,UDCPDPS
UDPDPS2,UDCPDPS,DPPS
UDPDPS,UDCPDPS,DCPDPS
UDCPDPS,DPPS,DCPDPS
TPI,TKT2,ENO
TPI,TKT1,GAPD
TPI,TKT1,ENO
TPI,H2CO3TP,EX_co2_e
TPI,H2CO3TP,CO2t
TPI,H2CO3D,EX_co2_e
TPI,H2CO3D,CO2t
TPI,GND,GAPD
TPI,GND,ENO
TPI,GLYK,GLCabc
TPI,GLYK,EX_glc__D_e
TPI,GLYK,FBA
TPI,GLCabc,GAPD
TPI,GLCabc,G3PD1ir
TPI,GLCabc,ENO
TPI,GAPD,G6PDH2r
TPI,GAPD,EX_glc__D_e
TPI,G6PDH2r,ENO
TPI,G3PD1ir,EX_glc__D_e
TPI,EX_h2co3_e,EX_co2_e
TPI,EX_h2co3_e,CO2t
TPI,EX_glc__D_e,ENO
L_LACt3,GAPD,ATPS4r
L_LACt2r,GAPD,ATPS4r
H2Ot,H2CO3TP,EX_cit_e
H2Ot,H2CO3TP,CITabc
H2Ot,H2CO3TP,CITL_copy1
H2Ot,H2CO3D,EX_cit_e
H2Ot,H2CO3D,CITabc
H2Ot,H2CO3D,CITL_copy1
H2Ot,EX_h2co3_e,EX_cit_e
H2Ot,EX_h2co3_e,CITabc
H2Ot,EX_h2co3_e,CITL_copy1
H2CO3TP,GAPD,EX_co2_e
H2CO3TP,GAPD,CO2t
H2CO3TP,EX_h2o_e,EX_cit_e
H2CO3TP,EX_h2o_e,CITabc
H2CO3TP,EX_h2o_e,CITL_copy1
H2CO3D,GAPD,EX_co2_e
H2CO3D,GAPD,CO2t
H2CO3D,EX_h2o_e,EX_cit_e
H2CO3D,EX_h2o_e,CITabc
H2CO3D,EX_h2o_e,CITL_copy1
GLYK,GLCabc,GAPD
GLYK,GLCabc,ENO
GLYK,GAPD,EX_glc__D_e
GLYK,EX_glc__D_e,ENO
GLUt2r,GLUSy,GLUDxi
GLUt2r,GAPD,EX_cit_e
GLUt2r,GAPD,CITabc
GLUt2r,GAPD,ATPS4r
GLUSy,GLUDxi,EX_glu__L_e
GLUDC,OXGDC,NH4t
GLUDC,OXGDC,EX_nh4_e
GLCabc,GAPD,G3PD1ir
GLCabc,G3PD1ir,ENO
GAPD,G3PD1ir,EX_glc__D_e
GAPD,FUM,EX_cit_e
GAPD,FUM,CITabc
GAPD,FUM,CITL_copy1
GAPD,FUM,ATPS4r
GAPD,EX_h_e,ATPS4r
GAPD,EX_h2co3_e,EX_co2_e
GAPD,EX_h2co3_e,CO2t
GAPD,EX_glu__L_e,EX_cit_e
GAPD,EX_glu__L_e,CITabc
GAPD,EX_glu__L_e,ATPS4r
GAPD,EX_cit_e,DHORD3
GAPD,EX_cit_e,FRD5
GAPD,NH4t,ATPS4r
GAPD,DHORD3,CITabc
GAPD,DHORD3,CITL_copy1
GAPD,DHORD3,ATPS4r
GAPD,CITabc,FRD5
GAPD,CITL_copy1,FRD5
GAPD,ATPS4r,FRD5
GAPD,ATPS4r,EX_nh4_e
G5SD2,G5SD,ORNTA
G3PD1ir,EX_glc__D_e,ENO
EX_h2o_e,EX_h2co3_e,EX_cit_e
EX_h2o_e,EX_h2co3_e,CITabc
EX_h2o_e,EX_h2co3_e,CITL_copy1
EX_coa_e,NDPK3,CYTK1
OXGDC,NH4t,ABTA
OXGDC,EX_nh4_e,ABTA
NDPK3,DPR,CYTK1
NDPK3,DPCOAK,CYTK1
NDPK3,CYTK1,COAt
NDPK3,CYTK1,ASP1DC
DHORD5,DHORD3,DHORD2
DHORD5,DHORD3,CYTBD
DHORD5,DHORD2,FRD5
DHORD5,CYTBD,FRD5
CITL_copy1,ACS,ACKr
ACS,ACONT,ACKr
