[
  {
    "'UM146_23705'": "'UM146_11860'"
  },
  {
    "'UM146_23705'": "'UM146_05195'"
  },
  {
    "'UM146_23705'": "'UM146_22795'"
  },
  {
    "'UM146_23705'": "'UM146_23610'"
  },
  {
    "'UM146_23705'": "'UM146_11855'"
  },
  {
    "'UM146_23705'": "'s0001'"
  },
  {
    "'UM146_23705'": "'UM146_00135'"
  },
  {
    "'UM146_23705'": "'UM146_00130'"
  },
  {
    "'UM146_23705'": "'UM146_23730'"
  },
  {
    "'UM146_23705'": "'UM146_05230'"
  },
  {
    "'UM146_23705'": "'UM146_20050'"
  },
  {
    "'UM146_23705'": "'UM146_02335'"
  },
  {
    "'UM146_23705'": "'UM146_11870'"
  },
  {
    "'UM146_23705'": "'UM146_20040'"
  },
  {
    "'UM146_23705'": "'UM146_21570'"
  },
  {
    "'UM146_23705'": "'UM146_00380'"
  },
  {
    "'UM146_23705'": "'UM146_00375'"
  },
  {
    "'UM146_23705'": "'UM146_21565'"
  },
  {
    "'UM146_23705'": "'UM146_00385'"
  },
  {
    "'UM146_23705'": "'UM146_16875'"
  },
  {
    "'UM146_23705'": "'UM146_11845'"
  },
  {
    "'UM146_23705'": "'UM146_08110'"
  },
  {
    "'UM146_23705'": "'UM146_16880'"
  },
  {
    "'UM146_23705'": "'UM146_02805'"
  },
  {
    "'UM146_23705'": "'UM146_11660'"
  },
  {
    "'UM146_23705'": "'UM146_21120'"
  },
  {
    "'UM146_23705'": "'UM146_01250'"
  },
  {
    "'UM146_23705'": "'UM146_20045'"
  },
  {
    "'UM146_23705'": "'UM146_16630'"
  },
  {
    "'UM146_23705'": "'UM146_14750'"
  },
  {
    "'UM146_23705'": "'UM146_14745'"
  },
  {
    "'UM146_23705'": "'UM146_13780'"
  },
  {
    "'UM146_23705'": "'UM146_16695'"
  },
  {
    "'UM146_23705'": "'UM146_10465'"
  },
  {
    "'UM146_23705'": "'UM146_10460'"
  },
  {
    "'UM146_23705'": "'UM146_13770'"
  },
  {
    "'UM146_23705'": "'UM146_15290'"
  },
  {
    "'UM146_23705'": "'UM146_20055'"
  },
  {
    "'UM146_23705'": "'UM146_00515'"
  },
  {
    "'UM146_23705'": "'UM146_17270'"
  },
  {
    "'UM146_23705'": "'UM146_23460'"
  },
  {
    "'UM146_23705'": "'UM146_21490'"
  },
  {
    "'UM146_23705'": "'UM146_03845'"
  },
  {
    "'UM146_23705'": "'UM146_12910'"
  },
  {
    "'UM146_23705'": "'UM146_06700'"
  },
  {
    "'UM146_23705'": "'UM146_13515'"
  },
  {
    "'UM146_23705'": "'UM146_19515'"
  },
  {
    "'UM146_23705'": "'UM146_21355'"
  },
  {
    "'UM146_23705'": "'UM146_13775'"
  },
  {
    "'UM146_23705'": "'UM146_00400'"
  },
  {
    "'UM146_23705'": "'UM146_01095'"
  },
  {
    "'UM146_23705'": "'UM146_11020'"
  },
  {
    "'UM146_23705'": "'UM146_03710'"
  },
  {
    "'UM146_23705'": "'UM146_03715'"
  },
  {
    "'UM146_23705'": "'UM146_05165'"
  },
  {
    "'UM146_23705'": "'UM146_20310'"
  },
  {
    "'UM146_23705'": "'UM146_12980'"
  },
  {
    "'UM146_23705'": "'UM146_13740'"
  },
  {
    "'UM146_23705'": "'UM146_13730'"
  },
  {
    "'UM146_23705'": "'UM146_14020'"
  },
  {
    "'UM146_23705'": "'UM146_02670'"
  },
  {
    "'UM146_23705'": "'UM146_02235'"
  },
  {
    "'UM146_23705'": "'UM146_19180'"
  },
  {
    "'UM146_23705'": "'UM146_23680'"
  },
  {
    "'UM146_23705'": "'UM146_01065'"
  },
  {
    "'UM146_23705'": "'UM146_13760'"
  },
  {
    "'UM146_23705'": "'UM146_18395'"
  },
  {
    "'UM146_23705'": "'UM146_19000'"
  },
  {
    "'UM146_23705'": "'UM146_22930'"
  },
  {
    "'UM146_23705'": "'UM146_04275'"
  },
  {
    "'UM146_23705'": "'UM146_05235'"
  },
  {
    "'UM146_23705'": "'UM146_01010'"
  },
  {
    "'UM146_23705'": "'UM146_12020'"
  },
  {
    "'UM146_23705'": "'UM146_00495'"
  },
  {
    "'UM146_23705'": "'UM146_17000'"
  },
  {
    "'UM146_23705'": "'UM146_08685'"
  },
  {
    "'UM146_23705'": "'UM146_15255'"
  },
  {
    "'UM146_23705'": "'UM146_22915'"
  },
  {
    "'UM146_23705'": "'UM146_23300'"
  },
  {
    "'UM146_23705'": "'UM146_19015'"
  },
  {
    "'UM146_23705'": "'UM146_11835'"
  },
  {
    "'UM146_23705'": "'UM146_23670'"
  },
  {
    "'UM146_23705'": "'UM146_15260'"
  },
  {
    "'UM146_23705'": "'UM146_10320'"
  },
  {
    "'UM146_23705'": "'UM146_02775'"
  },
  {
    "'UM146_23705'": "'UM146_02770'"
  },
  {
    "'UM146_23705'": "'UM146_14985'"
  },
  {
    "'UM146_23705'": "'UM146_22895'"
  },
  {
    "'UM146_23705'": "'UM146_18840'"
  },
  {
    "'UM146_23705'": "'UM146_23585'"
  },
  {
    "'UM146_23705'": "'UM146_18205'"
  },
  {
    "'UM146_23705'": "'UM146_09930'"
  },
  {
    "'UM146_23705'": "'UM146_18835'"
  },
  {
    "'UM146_23705'": "'UM146_19590'"
  },
  {
    "'UM146_23705'": "'UM146_05250'"
  },
  {
    "'UM146_23705'": "'UM146_20110'"
  },
  {
    "'UM146_23705'": "'UM146_11010'"
  },
  {
    "'UM146_23705'": "'UM146_04610'"
  },
  {
    "'UM146_23705'": "'UM146_04185'"
  },
  {
    "'UM146_23705'": "'UM146_06025'"
  },
  {
    "'UM146_23705'": "'UM146_10385'"
  },
  {
    "'UM146_23705'": "'UM146_20315'"
  },
  {
    "'UM146_23705'": "'UM146_23435'"
  },
  {
    "'UM146_23705'": "'UM146_06695'"
  },
  {
    "'UM146_23705'": "'UM146_06685'"
  },
  {
    "'UM146_23705'": "'UM146_19150'"
  },
  {
    "'UM146_23705'": "'UM146_06275'"
  },
  {
    "'UM146_23705'": "'UM146_23515'"
  },
  {
    "'UM146_23705'": "'UM146_22790'"
  },
  {
    "'UM146_23705'": "'UM146_20125'"
  },
  {
    "'UM146_23705'": "'UM146_06690'"
  },
  {
    "'UM146_23705'": "'UM146_04050'"
  },
  {
    "'UM146_23705'": "'UM146_19160'"
  },
  {
    "'UM146_23705'": "'UM146_11635'"
  },
  {
    "'UM146_23705'": "'UM146_06670'"
  },
  {
    "'UM146_23705'": "'UM146_06680'"
  },
  {
    "'UM146_23705'": "'UM146_10470'"
  },
  {
    "'UM146_23705'": "'UM146_18995'"
  },
  {
    "'UM146_23705'": "'UM146_23160'"
  },
  {
    "'UM146_23705'": "'UM146_23150'"
  },
  {
    "'UM146_23705'": "'UM146_23155'"
  },
  {
    "'UM146_23705'": "'UM146_23165'"
  },
  {
    "'UM146_23705'": "'UM146_12960'"
  },
  {
    "'UM146_23705'": "'UM146_00390'"
  },
  {
    "'UM146_23705'": "'UM146_10985'"
  },
  {
    "'UM146_23705'": "'UM146_23715'"
  },
  {
    "'UM146_23705'": "'UM146_13765'"
  },
  {
    "'UM146_23705'": "'UM146_11865'"
  },
  {
    "'UM146_23705'": "'UM146_04130'"
  },
  {
    "'UM146_23705'": "'UM146_02825'"
  },
  {
    "'UM146_23705'": "'UM146_02820'"
  },
  {
    "'UM146_23705'": "'UM146_01805'"
  },
  {
    "'UM146_23705'": "'UM146_13725'"
  },
  {
    "'UM146_23705'": "'UM146_18320'"
  },
  {
    "'UM146_23705'": "'UM146_23475'"
  },
  {
    "'UM146_23705'": "'UM146_22820'"
  },
  {
    "'UM146_23705'": "'UM146_11980'"
  },
  {
    "'UM146_23705'": "'UM146_13720'"
  },
  {
    "'UM146_23705'": "'UM146_13520'"
  },
  {
    "'UM146_23705'": "'UM146_19965'"
  },
  {
    "'UM146_23705'": "'UM146_03640'"
  },
  {
    "'UM146_23705'": "'UM146_08450'"
  },
  {
    "'UM146_23705'": "'UM146_14320'"
  },
  {
    "'UM146_23705'": "'UM146_23325'"
  },
  {
    "'UM146_23705'": "'UM146_21530'"
  },
  {
    "'UM146_23705'": "'UM146_00445'"
  },
  {
    "'UM146_23705'": "'UM146_13015'"
  },
  {
    "'UM146_23705'": "'UM146_10365'"
  },
  {
    "'UM146_23705'": "'UM146_05255'"
  },
  {
    "'UM146_23705'": "'UM146_19470'"
  },
  {
    "'UM146_23705'": "'UM146_18365'"
  },
  {
    "'UM146_23705'": "'UM146_15435'"
  },
  {
    "'UM146_23705'": "'UM146_23470'"
  },
  {
    "'UM146_23705'": "'UM146_23220'"
  },
  {
    "'UM146_23705'": "'UM146_02780'"
  },
  {
    "'UM146_23705'": "'UM146_03900'"
  },
  {
    "'UM146_23705'": "'UM146_23055'"
  },
  {
    "'UM146_23705'": "'UM146_05210'"
  },
  {
    "'UM146_23705'": "'UM146_00500'"
  },
  {
    "'UM146_23705'": "'UM146_17120'"
  },
  {
    "'UM146_23705'": "'UM146_16615'"
  },
  {
    "'UM146_23705'": "'UM146_15515'"
  },
  {
    "'UM146_23705'": "'UM146_18350'"
  },
  {
    "'UM146_23705'": "'UM146_19505'"
  },
  {
    "'UM146_23705'": "'UM146_16635'"
  },
  {
    "'UM146_23705'": "'UM146_04230'"
  },
  {
    "'UM146_23705'": "'UM146_06665'"
  },
  {
    "'UM146_23705'": "'UM146_04285'"
  },
  {
    "'UM146_23705'": "'UM146_03935'"
  },
  {
    "'UM146_23705'": "'UM146_06675'"
  },
  {
    "'UM146_23705'": "'UM146_13010'"
  },
  {
    "'UM146_23705'": "'UM146_21050'"
  },
  {
    "'UM146_23705'": "'UM146_03790'"
  },
  {
    "'UM146_23705'": "'UM146_18325'"
  },
  {
    "'UM146_23705'": "'UM146_13905'"
  },
  {
    "'UM146_23705'": "'UM146_08835'"
  },
  {
    "'UM146_23705'": "'UM146_15285'"
  },
  {
    "'UM146_23705'": "'UM146_03140'"
  },
  {
    "'UM146_23705'": "'UM146_02800'"
  },
  {
    "'UM146_23705'": "'UM146_02795'"
  },
  {
    "'UM146_23705'": "'UM146_04310'"
  },
  {
    "'UM146_23705'": "'UM146_18200'"
  },
  {
    "'UM146_23705'": "'UM146_16925'"
  },
  {
    "'UM146_23705'": "'UM146_19935'"
  },
  {
    "'UM146_23705'": "'UM146_12975'"
  },
  {
    "'UM146_23705'": "'UM146_23635'"
  },
  {
    "'UM146_23705'": "'UM146_16705'"
  },
  {
    "'UM146_23705'": "'UM146_16710'"
  },
  {
    "'UM146_23705'": "'UM146_15245'"
  },
  {
    "'UM146_23705'": "'UM146_16720'"
  },
  {
    "'UM146_23705'": "'UM146_02290'"
  },
  {
    "'UM146_23705'": "'UM146_15275'"
  },
  {
    "'UM146_23705'": "'UM146_16700'"
  },
  {
    "'UM146_23705'": "'UM146_10475'"
  },
  {
    "'UM146_23705'": "'UM146_10480'"
  },
  {
    "'UM146_23705'": "'UM146_16715'"
  },
  {
    "'UM146_23705'": "'UM146_23700'"
  },
  {
    "'UM146_23705'": "'UM146_23210'"
  },
  {
    "'UM146_23705'": "'UM146_23710'"
  },
  {
    "'UM146_23705'": "'UM146_00435'"
  },
  {
    "'UM146_23705'": "'UM146_23235'"
  },
  {
    "'UM146_23705'": "'UM146_23225'"
  },
  {
    "'UM146_23705'": "'UM146_23240'"
  },
  {
    "'UM146_23705'": "'UM146_16625'"
  },
  {
    "'UM146_23705'": "'UM146_23675'"
  },
  {
    "'UM146_23705'": "'UM146_23215'"
  },
  {
    "'UM146_23705'": "'UM146_23265'"
  },
  {
    "'UM146_23705'": "'UM146_19145'"
  },
  {
    "'UM146_23705'": "'UM146_16680'"
  },
  {
    "'UM146_23705'": "'UM146_14735'"
  }
]