'26DAPLLAT','SDPDS'
'26DAPLLAT','SDPTA'
'26DAPLLAT','THDPS'
'3HAD100','AACPS7'
'3HAD100','DDCAt'
'3HAD100','EX_ddca(e)'
'3HAD120','AACPS7'
'3HAD120','DDCAt'
'3HAD120','EX_ddca(e)'
'3HAD140','EX_ttdca(e)'
'3HAD140','FACOAL140'
'3HAD140','TDCOATA'
'3HAD180','EX_ocdca(e)'
'3HAD180','FACOAL180'
'3HAD40','AACPS7'
'3HAD40','DDCAt'
'3HAD40','EX_ddca(e)'
'3HAD60','AACPS7'
'3HAD60','DDCAt'
'3HAD60','EX_ddca(e)'
'3HAD80','AACPS7'
'3HAD80','DDCAt'
'3HAD80','EX_ddca(e)'
'3OAR100','AACPS7'
'3OAR100','DDCAt'
'3OAR100','EX_ddca(e)'
'3OAR120','AACPS7'
'3OAR120','DDCAt'
'3OAR120','EX_ddca(e)'
'3OAR180','EX_ocdca(e)'
'3OAR180','FACOAL180'
'3OAR40','AACPS7'
'3OAR40','DDCAt'
'3OAR40','EX_ddca(e)'
'3OAR60','AACPS7'
'3OAR60','DDCAt'
'3OAR60','EX_ddca(e)'
'3OAR80','AACPS7'
'3OAR80','DDCAt'
'3OAR80','EX_ddca(e)'
'3OAS100','AACPS7'
'3OAS100','DDCAt'
'3OAS100','EX_ddca(e)'
'3OAS120','AACPS7'
'3OAS120','DDCAt'
'3OAS120','EX_ddca(e)'
'3OAS180','EX_ocdca(e)'
'3OAS180','FACOAL180'
'3OAS60','AACPS7'
'3OAS60','DDCAt'
'3OAS60','EX_ddca(e)'
'3OAS80','AACPS7'
'3OAS80','DDCAt'
'3OAS80','EX_ddca(e)'
'AACPS7','ACOATA'
'AACPS7','EAR100x'
'AACPS7','EAR120x'
'AACPS7','EAR40x'
'AACPS7','EAR60x'
'AACPS7','EAR80x'
'AACPS7','KAS14'
'ACHBPL','EX_ile_L(e)'
'ACHBPL','ILETA'
'ACHBPL','ILEt2r'
'ACKr','ACtr'
'ACKr','EX_ac(e)'
'ACKr','OOR2r'
'ACKr','POR4'
'ACKr','SUCOAS'
'ACLS_a','EX_ile_L(e)'
'ACLS_a','EX_val_L(e)'
'ACLS_a','ILETA'
'ACLS_a','ILEt2r'
'ACLS_a','VALTA'
'ACLS_a','VALt2r'
'ACLS_b','EX_val_L(e)'
'ACLS_b','VALTA'
'ACLS_b','VALt2r'
'ACOAAGPAT180','AGPAT180'
'ACOATA','DDCAt'
'ACOATA','EX_ddca(e)'
'ACtr','OOR2r'
'ACtr','POR4'
'ACtr','PTAr'
'ACtr','SUCOAS'
'ADK10','NDPK4'
'ADK3','NDPK1'
'ANS','ANS2'
'CO2t','PC'
'CPPPGO','CPPPGO2'
'CPPPGO2','EX_o2(e)'
'CPPPGO2','O2t'
'CTPS1','CTPS2'
'DAPDC','EX_lys_L(e)'
'DAPDC','LYSt3r'
'DDCAt','EAR100x'
'DDCAt','EAR120x'
'DDCAt','EAR40x'
'DDCAt','EAR60x'
'DDCAt','EAR80x'
'DDCAt','KAS14'
'DHAD1','EX_val_L(e)'
'DHAD1','VALTA'
'DHAD1','VALt2r'
'DHAD2','EX_ile_L(e)'
'DHAD2','ILETA'
'DHAD2','ILEt2r'
'DHNPA','DHNPA2'
'DHNPA','DHPS2'
'DHNPA','HPPK2'
'DMPPS','DMPPS2r'
'EAR100x','EX_ddca(e)'
'EAR120x','EX_ddca(e)'
'EAR140x','EX_ttdca(e)'
'EAR140x','FACOAL140'
'EAR140x','TDCOATA'
'EAR180x','EX_ocdca(e)'
'EAR180x','FACOAL180'
'EAR40x','EX_ddca(e)'
'EAR60x','EX_ddca(e)'
'EAR80x','EX_ddca(e)'
'ENO','EX_gcald(e)'
'ENO','GCALDD'
'ENO','GCALDt'
'ENO','GLXCL'
'ENO','GLYCLTDxr'
'ENO','PPCKr'
'ENO','TRSARr'
'ENO','r0339'
'EX_ac(e)','OOR2r'
'EX_ac(e)','POR4'
'EX_ac(e)','PTAr'
'EX_ac(e)','SUCOAS'
'EX_co2(e)','PC'
'EX_ddca(e)','KAS14'
'EX_gcald(e)','GCALDD'
'EX_gcald(e)','GLXCL'
'EX_gcald(e)','GLYCLTDxr'
'EX_gcald(e)','PGM'
'EX_gcald(e)','PPCKr'
'EX_gcald(e)','TRSARr'
'EX_gcald(e)','r0339'
'EX_ile_L(e)','ILETA'
'EX_ile_L(e)','THRD_L'
'EX_met_L(e)','EX_metsox_S_L(e)'
'EX_met_L(e)','METSOX1abc'
'EX_met_L(e)','METSOXR1r'
'EX_metsox_S_L(e)','METabc'
'EX_o2(e)','FRD7'
'EX_pro_L(e)','G5SADs'
'EX_pro_L(e)','G5SDr'
'EX_pro_L(e)','GLU5K'
'EX_pro_L(e)','P5CRyr'
'EX_ser_L(e)','PGCDr'
'EX_ser_L(e)','PSERT'
'EX_ser_L(e)','PSP_L'
'EX_val_L(e)','VALTA'
'FRD7','O2t'
'G3PAT180','SGAT'
'G3PD1','G3PD2'
'G5SADs','NAt3_1'
'G5SADs','PROt4r'
'G5SDr','NAt3_1'
'G5SDr','PROt4r'
'G6PI','PGI'
'G6PI3','PGI'
'GCALDD','GCALDt'
'GCALDD','PGM'
'GCALDD','PPCKr'
'GCALDt','GLXCL'
'GCALDt','GLYCLTDxr'
'GCALDt','PGM'
'GCALDt','PPCKr'
'GCALDt','TRSARr'
'GCALDt','r0339'
'GK1','GK2'
'GLU5K','NAt3_1'
'GLU5K','PROt4r'
'GLXCL','PGM'
'GLXCL','PPCKr'
'GLYCLTDxr','PGM'
'GLYCLTDxr','PPCKr'
'HISTD','HISTDOX'
'HISTD','HISTLOX'
'HSDx','HSDy'
'ILETA','ILEt2r'
'ILETA','THRD_L'
'ILEt2r','THRD_L'
'IPDPS','IPDPS2'
'LARGNAT','TYRTA'
'L_AROND','TYRTA'
'METSOX1abc','METabc'
'METSOXR1r','METabc'
'NADK','NADK2'
'NADS1','NADS2'
'NAt3_1','P5CRyr'
'NDPK2','UTPATPT'
'OOR2r','PTAr'
'P5CRyr','PROt4r'
'PGCDr','SERt2r'
'PGM','PPCKr'
'PGM','TRSARr'
'PGM','r0339'
'POR4','PTAr'
'PPCKr','TRSARr'
'PPCKr','r0339'
'PPNCL3','r0671'
'PSERT','SERt2r'
'PSP_L','SERt2r'
'PTAr','SUCOAS'
'RNDR1','RNTR1'
'RNDR2','RNTR2'
'RNDR3','RNTR3'
'TRPS1','TRPS2'
'TRPS1','TRPS3'
'VALTA','VALt2r'
