'23DHMPO','EX_ile_L(e)','KARA2'
'23DHMPO','ILETA','KARA2'
'23DHMPO','ILEt2r','KARA2'
'26DAPLLAT','OOR2r','SUCOAS'
'26DAPLLAT','POR4','SUCOAS'
'2AHBUTI','EX_ile_L(e)','KARA2'
'2AHBUTI','ILETA','KARA2'
'2AHBUTI','ILEt2r','KARA2'
'3HAD100','EX_ppi(e)','PPA'
'3HAD100','PPA','PPIt2e'
'3HAD120','EX_ppi(e)','PPA'
'3HAD120','PPA','PPIt2e'
'3HAD140','EX_ppi(e)','PPA'
'3HAD140','PPA','PPIt2e'
'3HAD140','TTDCAt2','TTDCAtr'
'3HAD160','EX_hdca(e)','EX_ocdca(e)'
'3HAD160','EX_hdca(e)','FACOAL180'
'3HAD160','EX_ocdca(e)','FACOAL160'
'3HAD160','EX_ocdca(e)','PMTCOATA'
'3HAD160','FACOAL160','FACOAL180'
'3HAD160','FACOAL180','PMTCOATA'
'3HAD180','ACOAAGPAT180','STCOATA'
'3HAD180','OCDCAt2','OCDCAtr'
'3HAD180','SGAT','STCOATA'
'3HAD40','EX_ppi(e)','PPA'
'3HAD40','PPA','PPIt2e'
'3HAD60','EX_ppi(e)','PPA'
'3HAD60','PPA','PPIt2e'
'3HAD80','EX_ppi(e)','PPA'
'3HAD80','PPA','PPIt2e'
'3OAR100','EX_ppi(e)','PPA'
'3OAR100','PPA','PPIt2e'
'3OAR120','EX_ppi(e)','PPA'
'3OAR120','PPA','PPIt2e'
'3OAR180','ACOAAGPAT180','STCOATA'
'3OAR180','OCDCAt2','OCDCAtr'
'3OAR180','SGAT','STCOATA'
'3OAR40','EX_ppi(e)','PPA'
'3OAR40','PPA','PPIt2e'
'3OAR60','EX_ppi(e)','PPA'
'3OAR60','PPA','PPIt2e'
'3OAR80','EX_ppi(e)','PPA'
'3OAR80','PPA','PPIt2e'
'3OAS100','EX_ppi(e)','PPA'
'3OAS100','PPA','PPIt2e'
'3OAS120','EX_ppi(e)','PPA'
'3OAS120','PPA','PPIt2e'
'3OAS180','ACOAAGPAT180','STCOATA'
'3OAS180','OCDCAt2','OCDCAtr'
'3OAS180','SGAT','STCOATA'
'3OAS60','EX_ppi(e)','PPA'
'3OAS60','PPA','PPIt2e'
'3OAS80','EX_ppi(e)','PPA'
'3OAS80','PPA','PPIt2e'
'5DOAN','CPPPGO','DM_dad_5'
'5DOAN','DM_dad_5','EX_o2(e)'
'5DOAN','DM_dad_5','O2t'
'ACKr','ASPTA','GLUDy'
'ACKr','CO2t','EX_gcald(e)'
'ACKr','CO2t','EX_pyr(e)'
'ACKr','CO2t','GCALDD'
'ACKr','CO2t','GCALDt'
'ACKr','CO2t','GLXCL'
'ACKr','CO2t','GLYCLTDxr'
'ACKr','CO2t','PYRt2r'
'ACKr','CO2t','TRSARr'
'ACKr','CO2t','r0339'
'ACKr','EX_co2(e)','EX_gcald(e)'
'ACKr','EX_co2(e)','EX_pyr(e)'
'ACKr','EX_co2(e)','GCALDD'
'ACKr','EX_co2(e)','GCALDt'
'ACKr','EX_co2(e)','GLXCL'
'ACKr','EX_co2(e)','GLYCLTDxr'
'ACKr','EX_co2(e)','PYRt2r'
'ACKr','EX_co2(e)','TRSARr'
'ACKr','EX_co2(e)','r0339'
'ACKr','EX_gcald(e)','EX_h(e)'
'ACKr','EX_glu_L(e)','EX_pro_L(e)'
'ACKr','EX_glu_L(e)','G5SADs'
'ACKr','EX_glu_L(e)','G5SDr'
'ACKr','EX_glu_L(e)','GLU5K'
'ACKr','EX_glu_L(e)','P5CRyr'
'ACKr','EX_glu_L(e)','PROt4r'
'ACKr','EX_h(e)','GCALDD'
'ACKr','EX_h(e)','GCALDt'
'ACKr','EX_h(e)','GLXCL'
'ACKr','EX_h(e)','GLYCLTDxr'
'ACKr','EX_h(e)','TRSARr'
'ACKr','EX_h(e)','r0339'
'ACKr','EX_pro_L(e)','GLUt2r'
'ACKr','G5SADs','GLUt2r'
'ACKr','G5SDr','GLUt2r'
'ACKr','GLU5K','GLUt2r'
'ACKr','GLUt2r','P5CRyr'
'ACKr','GLUt2r','PROt4r'
'ACOAAGPAT180','EAR180x','STCOATA'
'ACOATA','EX_ppi(e)','PPA'
'ACOATA','PPA','PPIt2e'
'ACtr','ASPTA','GLUDy'
'ACtr','CO2t','EX_gcald(e)'
'ACtr','CO2t','EX_pyr(e)'
'ACtr','CO2t','GCALDD'
'ACtr','CO2t','GCALDt'
'ACtr','CO2t','GLXCL'
'ACtr','CO2t','GLYCLTDxr'
'ACtr','CO2t','PYRt2r'
'ACtr','CO2t','TRSARr'
'ACtr','CO2t','r0339'
'ACtr','EX_co2(e)','EX_gcald(e)'
'ACtr','EX_co2(e)','EX_pyr(e)'
'ACtr','EX_co2(e)','GCALDD'
'ACtr','EX_co2(e)','GCALDt'
'ACtr','EX_co2(e)','GLXCL'
'ACtr','EX_co2(e)','GLYCLTDxr'
'ACtr','EX_co2(e)','PYRt2r'
'ACtr','EX_co2(e)','TRSARr'
'ACtr','EX_co2(e)','r0339'
'ACtr','EX_gcald(e)','EX_h(e)'
'ACtr','EX_glu_L(e)','EX_pro_L(e)'
'ACtr','EX_glu_L(e)','G5SADs'
'ACtr','EX_glu_L(e)','G5SDr'
'ACtr','EX_glu_L(e)','GLU5K'
'ACtr','EX_glu_L(e)','P5CRyr'
'ACtr','EX_glu_L(e)','PROt4r'
'ACtr','EX_h(e)','GCALDD'
'ACtr','EX_h(e)','GCALDt'
'ACtr','EX_h(e)','GLXCL'
'ACtr','EX_h(e)','GLYCLTDxr'
'ACtr','EX_h(e)','TRSARr'
'ACtr','EX_h(e)','r0339'
'ACtr','EX_pro_L(e)','GLUt2r'
'ACtr','G5SADs','GLUt2r'
'ACtr','G5SDr','GLUt2r'
'ACtr','GLU5K','GLUt2r'
'ACtr','GLUt2r','P5CRyr'
'ACtr','GLUt2r','PROt4r'
'ADK11','NDPK6','RNDR4'
'ADK5','NDPK3','RNTR3'
'ADK7','GK1','NDPK8'
'ADK8','NDPK7','RNTR3'
'ADK9','NDPK5','RNTR2'
'AGPAT180','EX_ocdca(e)','STCOATA'
'AGPAT180','FACOAL180','STCOATA'
'ALACI','EX_val_L(e)','KARA1'
'ALACI','KARA1','VALTA'
'ALACI','KARA1','VALt2r'
'ASPTA','EX_ac(e)','GLUDy'
'ASPTA','GLUDy','PTAr'
'CCOuq','CYTBD','FRD7'
'CO2t','EX_ac(e)','EX_gcald(e)'
'CO2t','EX_ac(e)','EX_pyr(e)'
'CO2t','EX_ac(e)','GCALDD'
'CO2t','EX_ac(e)','GCALDt'
'CO2t','EX_ac(e)','GLXCL'
'CO2t','EX_ac(e)','GLYCLTDxr'
'CO2t','EX_ac(e)','PYRt2r'
'CO2t','EX_ac(e)','TRSARr'
'CO2t','EX_ac(e)','r0339'
'CO2t','EX_gcald(e)','EX_h(e)'
'CO2t','EX_gcald(e)','OOR2r'
'CO2t','EX_gcald(e)','POR4'
'CO2t','EX_gcald(e)','PTAr'
'CO2t','EX_glu_L(e)','EX_pyr(e)'
'CO2t','EX_glu_L(e)','PYRt2r'
'CO2t','EX_h(e)','GCALDD'
'CO2t','EX_h(e)','GCALDt'
'CO2t','EX_h(e)','GLXCL'
'CO2t','EX_h(e)','GLYCLTDxr'
'CO2t','EX_h(e)','TRSARr'
'CO2t','EX_h(e)','r0339'
'CO2t','EX_pyr(e)','OOR2r'
'CO2t','EX_pyr(e)','POR4'
'CO2t','EX_pyr(e)','PTAr'
'CO2t','GCALDD','OOR2r'
'CO2t','GCALDD','POR4'
'CO2t','GCALDD','PTAr'
'CO2t','GCALDt','OOR2r'
'CO2t','GCALDt','POR4'
'CO2t','GCALDt','PTAr'
'CO2t','GLXCL','OOR2r'
'CO2t','GLXCL','POR4'
'CO2t','GLXCL','PTAr'
'CO2t','GLYCLTDxr','OOR2r'
'CO2t','GLYCLTDxr','POR4'
'CO2t','GLYCLTDxr','PTAr'
'CO2t','OOR2r','PYRt2r'
'CO2t','OOR2r','TRSARr'
'CO2t','OOR2r','r0339'
'CO2t','POR4','PYRt2r'
'CO2t','POR4','TRSARr'
'CO2t','POR4','r0339'
'CO2t','PTAr','PYRt2r'
'CO2t','PTAr','TRSARr'
'CO2t','PTAr','r0339'
'CPPPGO','DM_5DRIB','DM_dad_5'
'DCTPD','RNDR4','RNTR4'
'DHNPA2','DHPS','FOLD3'
'DHNPA2','DHPS','HPPK'
'DHPS','DHPS2','FOLD3'
'DHPS','DHPS2','HPPK'
'DHPS','FOLD3','HPPK2'
'DHPS','HPPK','HPPK2'
'DM_5DRIB','DM_dad_5','EX_o2(e)'
'DM_5DRIB','DM_dad_5','O2t'
'EAR100x','EX_ppi(e)','PPA'
'EAR100x','PPA','PPIt2e'
'EAR120x','EX_ppi(e)','PPA'
'EAR120x','PPA','PPIt2e'
'EAR140x','EX_ppi(e)','PPA'
'EAR140x','PPA','PPIt2e'
'EAR140x','TTDCAt2','TTDCAtr'
'EAR160x','EX_hdca(e)','EX_ocdca(e)'
'EAR160x','EX_hdca(e)','FACOAL180'
'EAR160x','EX_ocdca(e)','FACOAL160'
'EAR160x','EX_ocdca(e)','PMTCOATA'
'EAR160x','FACOAL160','FACOAL180'
'EAR160x','FACOAL180','PMTCOATA'
'EAR180x','OCDCAt2','OCDCAtr'
'EAR180x','SGAT','STCOATA'
'EAR40x','EX_ppi(e)','PPA'
'EAR40x','PPA','PPIt2e'
'EAR60x','EX_ppi(e)','PPA'
'EAR60x','PPA','PPIt2e'
'EAR80x','EX_ppi(e)','PPA'
'EAR80x','PPA','PPIt2e'
'EX_ac(e)','EX_co2(e)','EX_gcald(e)'
'EX_ac(e)','EX_co2(e)','EX_pyr(e)'
'EX_ac(e)','EX_co2(e)','GCALDD'
'EX_ac(e)','EX_co2(e)','GCALDt'
'EX_ac(e)','EX_co2(e)','GLXCL'
'EX_ac(e)','EX_co2(e)','GLYCLTDxr'
'EX_ac(e)','EX_co2(e)','PYRt2r'
'EX_ac(e)','EX_co2(e)','TRSARr'
'EX_ac(e)','EX_co2(e)','r0339'
'EX_ac(e)','EX_gcald(e)','EX_h(e)'
'EX_ac(e)','EX_glu_L(e)','EX_pro_L(e)'
'EX_ac(e)','EX_glu_L(e)','G5SADs'
'EX_ac(e)','EX_glu_L(e)','G5SDr'
'EX_ac(e)','EX_glu_L(e)','GLU5K'
'EX_ac(e)','EX_glu_L(e)','P5CRyr'
'EX_ac(e)','EX_glu_L(e)','PROt4r'
'EX_ac(e)','EX_h(e)','GCALDD'
'EX_ac(e)','EX_h(e)','GCALDt'
'EX_ac(e)','EX_h(e)','GLXCL'
'EX_ac(e)','EX_h(e)','GLYCLTDxr'
'EX_ac(e)','EX_h(e)','TRSARr'
'EX_ac(e)','EX_h(e)','r0339'
'EX_ac(e)','EX_pro_L(e)','GLUt2r'
'EX_ac(e)','G5SADs','GLUt2r'
'EX_ac(e)','G5SDr','GLUt2r'
'EX_ac(e)','GLU5K','GLUt2r'
'EX_ac(e)','GLUt2r','P5CRyr'
'EX_ac(e)','GLUt2r','PROt4r'
'EX_co2(e)','EX_gcald(e)','EX_h(e)'
'EX_co2(e)','EX_gcald(e)','OOR2r'
'EX_co2(e)','EX_gcald(e)','POR4'
'EX_co2(e)','EX_gcald(e)','PTAr'
'EX_co2(e)','EX_glu_L(e)','EX_pyr(e)'
'EX_co2(e)','EX_glu_L(e)','PYRt2r'
'EX_co2(e)','EX_h(e)','GCALDD'
'EX_co2(e)','EX_h(e)','GCALDt'
'EX_co2(e)','EX_h(e)','GLXCL'
'EX_co2(e)','EX_h(e)','GLYCLTDxr'
'EX_co2(e)','EX_h(e)','TRSARr'
'EX_co2(e)','EX_h(e)','r0339'
'EX_co2(e)','EX_pyr(e)','OOR2r'
'EX_co2(e)','EX_pyr(e)','POR4'
'EX_co2(e)','EX_pyr(e)','PTAr'
'EX_co2(e)','GCALDD','OOR2r'
'EX_co2(e)','GCALDD','POR4'
'EX_co2(e)','GCALDD','PTAr'
'EX_co2(e)','GCALDt','OOR2r'
'EX_co2(e)','GCALDt','POR4'
'EX_co2(e)','GCALDt','PTAr'
'EX_co2(e)','GLXCL','OOR2r'
'EX_co2(e)','GLXCL','POR4'
'EX_co2(e)','GLXCL','PTAr'
'EX_co2(e)','GLYCLTDxr','OOR2r'
'EX_co2(e)','GLYCLTDxr','POR4'
'EX_co2(e)','GLYCLTDxr','PTAr'
'EX_co2(e)','OOR2r','PYRt2r'
'EX_co2(e)','OOR2r','TRSARr'
'EX_co2(e)','OOR2r','r0339'
'EX_co2(e)','POR4','PYRt2r'
'EX_co2(e)','POR4','TRSARr'
'EX_co2(e)','POR4','r0339'
'EX_co2(e)','PTAr','PYRt2r'
'EX_co2(e)','PTAr','TRSARr'
'EX_co2(e)','PTAr','r0339'
'EX_gcald(e)','EX_h(e)','OOR2r'
'EX_gcald(e)','EX_h(e)','PC'
'EX_gcald(e)','EX_h(e)','POR4'
'EX_gcald(e)','EX_h(e)','PTAr'
'EX_glu_L(e)','EX_pro_L(e)','PTAr'
'EX_glu_L(e)','G5SADs','PTAr'
'EX_glu_L(e)','G5SDr','PTAr'
'EX_glu_L(e)','GLU5K','PTAr'
'EX_glu_L(e)','OAASr','OOR2r'
'EX_glu_L(e)','OAASr','POR4'
'EX_glu_L(e)','OAASr','SUCOAS'
'EX_glu_L(e)','P5CRyr','PTAr'
'EX_glu_L(e)','PROt4r','PTAr'
'EX_h(e)','GCALDD','OOR2r'
'EX_h(e)','GCALDD','PC'
'EX_h(e)','GCALDD','POR4'
'EX_h(e)','GCALDD','PTAr'
'EX_h(e)','GCALDt','OOR2r'
'EX_h(e)','GCALDt','PC'
'EX_h(e)','GCALDt','POR4'
'EX_h(e)','GCALDt','PTAr'
'EX_h(e)','GLXCL','OOR2r'
'EX_h(e)','GLXCL','PC'
'EX_h(e)','GLXCL','POR4'
'EX_h(e)','GLXCL','PTAr'
'EX_h(e)','GLYCLTDxr','OOR2r'
'EX_h(e)','GLYCLTDxr','PC'
'EX_h(e)','GLYCLTDxr','POR4'
'EX_h(e)','GLYCLTDxr','PTAr'
'EX_h(e)','OOR2r','TRSARr'
'EX_h(e)','OOR2r','r0339'
'EX_h(e)','PC','TRSARr'
'EX_h(e)','PC','r0339'
'EX_h(e)','POR4','TRSARr'
'EX_h(e)','POR4','r0339'
'EX_h(e)','PTAr','TRSARr'
'EX_h(e)','PTAr','r0339'
'EX_ppi(e)','KAS14','PPA'
'EX_pro_L(e)','GLUt2r','PTAr'
'EX_val_L(e)','KARA1','KARA3'
'FACOAL180','G3PAT180','STCOATA'
'G5SADs','GLUt2r','PTAr'
'G5SDr','GLUt2r','PTAr'
'GLU5K','GLUt2r','PTAr'
'GLUt2r','P5CRyr','PTAr'
'GLUt2r','PROt4r','PTAr'
'KARA1','KARA3','VALTA'
'KARA1','KARA3','VALt2r'
'KAS14','PPA','PPIt2e'
'LARGNAT','PPND','PPND2'
'L_AROND','PPND','PPND2'
'PIabc','PIt6b','PIt7ir'
