[
  {
    "'2MBCOATA'": "'3HAD10M12'"
  },
  {
    "'2MBCOATA'": "'3HAD11M12'"
  },
  {
    "'2MBCOATA'": "'3HAD12M14'"
  },
  {
    "'2MBCOATA'": "'3HAD13M14'"
  },
  {
    "'2MBCOATA'": "'3HAD14M16'"
  },
  {
    "'2MBCOATA'": "'3HAD15M16'"
  },
  {
    "'2MBCOATA'": "'3HAD4M6'"
  },
  {
    "'2MBCOATA'": "'3HAD5M6'"
  },
  {
    "'2MBCOATA'": "'3HAD6M8'"
  },
  {
    "'2MBCOATA'": "'3HAD7M8'"
  },
  {
    "'2MBCOATA'": "'3HAD8M10'"
  },
  {
    "'2MBCOATA'": "'3HAD9M10'"
  },
  {
    "'2MBCOATA'": "'3OAR10M12'"
  },
  {
    "'2MBCOATA'": "'3OAR11M12'"
  },
  {
    "'2MBCOATA'": "'3OAR12M14'"
  },
  {
    "'2MBCOATA'": "'3OAR13M14'"
  },
  {
    "'2MBCOATA'": "'3OAR140'"
  },
  {
    "'2MBCOATA'": "'3OAR14M16'"
  },
  {
    "'2MBCOATA'": "'3OAR15M16'"
  },
  {
    "'2MBCOATA'": "'3OAR4M6'"
  },
  {
    "'2MBCOATA'": "'3OAR5M6'"
  },
  {
    "'2MBCOATA'": "'3OAR6M8'"
  },
  {
    "'2MBCOATA'": "'3OAR7M8'"
  },
  {
    "'2MBCOATA'": "'3OAR8M10'"
  },
  {
    "'2MBCOATA'": "'3OAR9M10'"
  },
  {
    "'2MBCOATA'": "'3OAS10M12'"
  },
  {
    "'2MBCOATA'": "'3OAS11M12'"
  },
  {
    "'2MBCOATA'": "'3OAS12M14'"
  },
  {
    "'2MBCOATA'": "'3OAS13M14'"
  },
  {
    "'2MBCOATA'": "'3OAS140'"
  },
  {
    "'2MBCOATA'": "'3OAS3M4'"
  },
  {
    "'2MBCOATA'": "'3OAS4M3O6'"
  },
  {
    "'2MBCOATA'": "'3OAS4M6'"
  },
  {
    "'2MBCOATA'": "'3OAS5M6'"
  },
  {
    "'2MBCOATA'": "'3OAS6M8'"
  },
  {
    "'2MBCOATA'": "'3OAS7M8'"
  },
  {
    "'2MBCOATA'": "'3OAS8M10'"
  },
  {
    "'2MBCOATA'": "'3OAS9M10'"
  },
  {
    "'2MBCOATA'": "'A5PISO'"
  },
  {
    "'2MBCOATA'": "'ACBIPGT'"
  },
  {
    "'2MBCOATA'": "'ACOAAGPATAI17'"
  },
  {
    "'2MBCOATA'": "'ACOAAGPATI17'"
  },
  {
    "'2MBCOATA'": "'ACPS1'"
  },
  {
    "'2MBCOATA'": "'ADCL'"
  },
  {
    "'2MBCOATA'": "'ADCS'"
  },
  {
    "'2MBCOATA'": "'ADK2'"
  },
  {
    "'2MBCOATA'": "'ADOCBLS'"
  },
  {
    "'2MBCOATA'": "'AGMHE'"
  },
  {
    "'2MBCOATA'": "'AHCYSNS_r'"
  },
  {
    "'2MBCOATA'": "'AIHPDCOATA'"
  },
  {
    "'2MBCOATA'": "'AKP1'"
  },
  {
    "'2MBCOATA'": "'ALAALA'"
  },
  {
    "'2MBCOATA'": "'AMMQT8r'"
  },
  {
    "'2MBCOATA'": "'APRAUR'"
  },
  {
    "'2MBCOATA'": "'ASAD'"
  },
  {
    "'2MBCOATA'": "'ASPKi'"
  },
  {
    "'2MBCOATA'": "'BPNT'"
  },
  {
    "'2MBCOATA'": "'CAt4i'"
  },
  {
    "'2MBCOATA'": "'CBIAT'"
  },
  {
    "'2MBCOATA'": "'CDOSKT'"
  },
  {
    "'2MBCOATA'": "'CDPMEK'"
  },
  {
    "'2MBCOATA'": "'CHORS'"
  },
  {
    "'2MBCOATA'": "'CLPNS180'"
  },
  {
    "'2MBCOATA'": "'CLPNSAI17'"
  },
  {
    "'2MBCOATA'": "'CLPNSI17'"
  },
  {
    "'2MBCOATA'": "'COBALTt5'"
  },
  {
    "'2MBCOATA'": "'Cuabc'"
  },
  {
    "'2MBCOATA'": "'DAPE'"
  },
  {
    "'2MBCOATA'": "'DASYN180'"
  },
  {
    "'2MBCOATA'": "'DASYNAI17'"
  },
  {
    "'2MBCOATA'": "'DASYNI17'"
  },
  {
    "'2MBCOATA'": "'DB4PS'"
  },
  {
    "'2MBCOATA'": "'DDPA'"
  },
  {
    "'2MBCOATA'": "'DHDPRy'"
  },
  {
    "'2MBCOATA'": "'DHDPS'"
  },
  {
    "'2MBCOATA'": "'DHFR'"
  },
  {
    "'2MBCOATA'": "'DHFS'"
  },
  {
    "'2MBCOATA'": "'DHNAOT4'"
  },
  {
    "'2MBCOATA'": "'DHPPDA'"
  },
  {
    "'2MBCOATA'": "'DHQS'"
  },
  {
    "'2MBCOATA'": "'DHQTi'"
  },
  {
    "'2MBCOATA'": "'DMATT'"
  },
  {
    "'2MBCOATA'": "'DM_dhptd(c)'"
  },
  {
    "'2MBCOATA'": "'DPCOAK'"
  },
  {
    "'2MBCOATA'": "'DTMPK'"
  },
  {
    "'2MBCOATA'": "'DXPRIr'"
  },
  {
    "'2MBCOATA'": "'DXPS'"
  },
  {
    "'2MBCOATA'": "'EAR10M12x'"
  },
  {
    "'2MBCOATA'": "'EAR11M12x'"
  },
  {
    "'2MBCOATA'": "'EAR12M14x'"
  },
  {
    "'2MBCOATA'": "'EAR13M14x'"
  },
  {
    "'2MBCOATA'": "'EAR14M16x'"
  },
  {
    "'2MBCOATA'": "'EAR15M16x'"
  },
  {
    "'2MBCOATA'": "'EAR4M6x'"
  },
  {
    "'2MBCOATA'": "'EAR5M6x'"
  },
  {
    "'2MBCOATA'": "'EAR6M8x'"
  },
  {
    "'2MBCOATA'": "'EAR7M8x'"
  },
  {
    "'2MBCOATA'": "'EAR8M10x'"
  },
  {
    "'2MBCOATA'": "'EAR9M10x'"
  },
  {
    "'2MBCOATA'": "'EDTXS1'"
  },
  {
    "'2MBCOATA'": "'EDTXS2'"
  },
  {
    "'2MBCOATA'": "'EX_biomass(e)'"
  },
  {
    "'2MBCOATA'": "'EX_ca2(e)'"
  },
  {
    "'2MBCOATA'": "'EX_cl(e)'"
  },
  {
    "'2MBCOATA'": "'EX_cobalt2(e)'"
  },
  {
    "'2MBCOATA'": "'EX_cu2(e)'"
  },
  {
    "'2MBCOATA'": "'EX_fe2(e)'"
  },
  {
    "'2MBCOATA'": "'EX_k(e)'"
  },
  {
    "'2MBCOATA'": "'EX_mg2(e)'"
  },
  {
    "'2MBCOATA'": "'EX_mn2(e)'"
  },
  {
    "'2MBCOATA'": "'EX_so4(e)'"
  },
  {
    "'2MBCOATA'": "'EX_zn2(e)'"
  },
  {
    "'2MBCOATA'": "'FCLTc'"
  },
  {
    "'2MBCOATA'": "'FE2abc'"
  },
  {
    "'2MBCOATA'": "'FMNAT'"
  },
  {
    "'2MBCOATA'": "'FT'"
  },
  {
    "'2MBCOATA'": "'G1PACT'"
  },
  {
    "'2MBCOATA'": "'G1PTT'"
  },
  {
    "'2MBCOATA'": "'G1SAT'"
  },
  {
    "'2MBCOATA'": "'G3PATAI17'"
  },
  {
    "'2MBCOATA'": "'G3PATI17'"
  },
  {
    "'2MBCOATA'": "'GALT1'"
  },
  {
    "'2MBCOATA'": "'GLCTR1'"
  },
  {
    "'2MBCOATA'": "'GLCTR2'"
  },
  {
    "'2MBCOATA'": "'GLCTR3'"
  },
  {
    "'2MBCOATA'": "'GLUR'"
  },
  {
    "'2MBCOATA'": "'GLUTRR'"
  },
  {
    "'2MBCOATA'": "'GLUTRS'"
  },
  {
    "'2MBCOATA'": "'GMHEPAT'"
  },
  {
    "'2MBCOATA'": "'GMHEPK'"
  },
  {
    "'2MBCOATA'": "'GMHEPPA'"
  },
  {
    "'2MBCOATA'": "'GRTT'"
  },
  {
    "'2MBCOATA'": "'GTPCI'"
  },
  {
    "'2MBCOATA'": "'GTPCII'"
  },
  {
    "'2MBCOATA'": "'H2CO3D'"
  },
  {
    "'2MBCOATA'": "'HBZOPT'"
  },
  {
    "'2MBCOATA'": "'HEPK1'"
  },
  {
    "'2MBCOATA'": "'HEPK2'"
  },
  {
    "'2MBCOATA'": "'HEPT1'"
  },
  {
    "'2MBCOATA'": "'HEPT2'"
  },
  {
    "'2MBCOATA'": "'HEPT3'"
  },
  {
    "'2MBCOATA'": "'HEPT4'"
  },
  {
    "'2MBCOATA'": "'HETT'"
  },
  {
    "'2MBCOATA'": "'HEXTT'"
  },
  {
    "'2MBCOATA'": "'HMBS'"
  },
  {
    "'2MBCOATA'": "'ICHORS'"
  },
  {
    "'2MBCOATA'": "'IHPDCOATA'"
  },
  {
    "'2MBCOATA'": "'IPDPUPT'"
  },
  {
    "'2MBCOATA'": "'IPFPHS'"
  },
  {
    "'2MBCOATA'": "'IVCOATA'"
  },
  {
    "'2MBCOATA'": "'KDOCT2'"
  },
  {
    "'2MBCOATA'": "'KDOPP'"
  },
  {
    "'2MBCOATA'": "'KDOPSr'"
  },
  {
    "'2MBCOATA'": "'LPADSS'"
  },
  {
    "'2MBCOATA'": "'MCOATA'"
  },
  {
    "'2MBCOATA'": "'MECDPDH2'"
  },
  {
    "'2MBCOATA'": "'MECDPS'"
  },
  {
    "'2MBCOATA'": "'MEPCT'"
  },
  {
    "'2MBCOATA'": "'METAT'"
  },
  {
    "'2MBCOATA'": "'MOAT'"
  },
  {
    "'2MBCOATA'": "'MOAT3C'"
  },
  {
    "'2MBCOATA'": "'MTHFC'"
  },
  {
    "'2MBCOATA'": "'MTHFD'"
  },
  {
    "'2MBCOATA'": "'NNDMBRT'"
  },
  {
    "'2MBCOATA'": "'NPHS'"
  },
  {
    "'2MBCOATA'": "'OHPHM'"
  },
  {
    "'2MBCOATA'": "'OIVD1r'"
  },
  {
    "'2MBCOATA'": "'OIVD3'"
  },
  {
    "'2MBCOATA'": "'OPHBDC'"
  },
  {
    "'2MBCOATA'": "'PAPPT3'"
  },
  {
    "'2MBCOATA'": "'PEPGLY'"
  },
  {
    "'2MBCOATA'": "'PGAMT'"
  },
  {
    "'2MBCOATA'": "'PGPP180'"
  },
  {
    "'2MBCOATA'": "'PGPPAI17'"
  },
  {
    "'2MBCOATA'": "'PGPPI17'"
  },
  {
    "'2MBCOATA'": "'PGSA180'"
  },
  {
    "'2MBCOATA'": "'PGSAAI17'"
  },
  {
    "'2MBCOATA'": "'PGSAI17'"
  },
  {
    "'2MBCOATA'": "'PMDPHT'"
  },
  {
    "'2MBCOATA'": "'PNTK'"
  },
  {
    "'2MBCOATA'": "'PPBNGS'"
  },
  {
    "'2MBCOATA'": "'PPCDC'"
  },
  {
    "'2MBCOATA'": "'PPPGO3'"
  },
  {
    "'2MBCOATA'": "'PRPPS'"
  },
  {
    "'2MBCOATA'": "'PSCVT'"
  },
  {
    "'2MBCOATA'": "'PSD180'"
  },
  {
    "'2MBCOATA'": "'PSDAI17'"
  },
  {
    "'2MBCOATA'": "'PSDI17'"
  },
  {
    "'2MBCOATA'": "'PSSA180'"
  },
  {
    "'2MBCOATA'": "'PSSAAI17'"
  },
  {
    "'2MBCOATA'": "'PSSAI17'"
  },
  {
    "'2MBCOATA'": "'PTPAT'"
  },
  {
    "'2MBCOATA'": "'RBFK'"
  },
  {
    "'2MBCOATA'": "'RBFSa'"
  },
  {
    "'2MBCOATA'": "'RBFSb'"
  },
  {
    "'2MBCOATA'": "'RHAT1'"
  },
  {
    "'2MBCOATA'": "'RHCCE'"
  },
  {
    "'2MBCOATA'": "'RZ5PP'"
  },
  {
    "'2MBCOATA'": "'S7PIr'"
  },
  {
    "'2MBCOATA'": "'SDPDS'"
  },
  {
    "'2MBCOATA'": "'SDPTA'"
  },
  {
    "'2MBCOATA'": "'SEPHCHS'"
  },
  {
    "'2MBCOATA'": "'SHCHCS3'"
  },
  {
    "'2MBCOATA'": "'SHCHD2'"
  },
  {
    "'2MBCOATA'": "'SHCHF'"
  },
  {
    "'2MBCOATA'": "'SHK3Dr'"
  },
  {
    "'2MBCOATA'": "'SHKK'"
  },
  {
    "'2MBCOATA'": "'SO4t2'"
  },
  {
    "'2MBCOATA'": "'SUCBZL'"
  },
  {
    "'2MBCOATA'": "'SUCBZS'"
  },
  {
    "'2MBCOATA'": "'SUCOAS'"
  },
  {
    "'2MBCOATA'": "'TDPDRE'"
  },
  {
    "'2MBCOATA'": "'TDPDRRr'"
  },
  {
    "'2MBCOATA'": "'TDPGDH'"
  },
  {
    "'2MBCOATA'": "'TDSK'"
  },
  {
    "'2MBCOATA'": "'THDPS'"
  },
  {
    "'2MBCOATA'": "'TRDRr'"
  },
  {
    "'2MBCOATA'": "'U23GAAT'"
  },
  {
    "'2MBCOATA'": "'UAAGDS'"
  },
  {
    "'2MBCOATA'": "'UAGAAT'"
  },
  {
    "'2MBCOATA'": "'UAGCVT_r'"
  },
  {
    "'2MBCOATA'": "'UAGDP'"
  },
  {
    "'2MBCOATA'": "'UAGPT3'"
  },
  {
    "'2MBCOATA'": "'UAMAGS'"
  },
  {
    "'2MBCOATA'": "'UAMAS'"
  },
  {
    "'2MBCOATA'": "'UAPGR'"
  },
  {
    "'2MBCOATA'": "'UDCPDP'"
  },
  {
    "'2MBCOATA'": "'UGMDDS'"
  },
  {
    "'2MBCOATA'": "'UHGADA'"
  },
  {
    "'2MBCOATA'": "'UPP3MT'"
  },
  {
    "'2MBCOATA'": "'UPP3S'"
  },
  {
    "'2MBCOATA'": "'UPPDC1'"
  },
  {
    "'2MBCOATA'": "'USHD'"
  },
  {
    "'2MBCOATA'": "'ZNabc'"
  },
  {
    "'2MBCOATA'": "'dreplication'"
  },
  {
    "'2MBCOATA'": "'pbiosynthesis'"
  },
  {
    "'2MBCOATA'": "'r2137'"
  },
  {
    "'2MBCOATA'": "'rtranscription'"
  },
  {
    "'2MBCOATA'": "'biomass345'"
  }
]