[
  {
    "'SFV_2914'": "'SFV_0962'",
    "'SFV_0962'": "'SFV_3654'"
  },
  {
    "'SFV_2914'": "'SFV_0962'",
    "'SFV_0962'": "'SFV_0426'"
  },
  {
    "'SFV_2914'": "'SFV_2797'",
    "'SFV_0962'": "'SFV_3227'"
  },
  {
    "'SFV_2914'": "'SFV_0068'",
    "'SFV_0962'": "'SFV_3838'"
  },
  {
    "'SFV_2914'": "'SFV_0068'",
    "'SFV_0962'": "'SFV_3839'"
  },
  {
    "'SFV_2914'": "'SFV_0069'",
    "'SFV_0962'": "'SFV_3838'"
  },
  {
    "'SFV_2914'": "'SFV_0069'",
    "'SFV_0962'": "'SFV_3839'"
  },
  {
    "'SFV_2914'": "'SFV_1851'",
    "'SFV_0962'": "'SFV_2545'"
  },
  {
    "'SFV_2914'": "'SFV_1289'",
    "'SFV_0962'": "'SFV_0109'"
  },
  {
    "'SFV_2914'": "'SFV_1110'",
    "'SFV_0962'": "'SFV_4172'"
  },
  {
    "'SFV_2914'": "'SFV_0344'",
    "'SFV_0962'": "'SFV_0085'"
  },
  {
    "'SFV_2914'": "'SFV_4160'",
    "'SFV_0962'": "'SFV_1197'"
  },
  {
    "'SFV_2914'": "'SFV_2599'",
    "'SFV_0962'": "'SFV_2960'"
  },
  {
    "'SFV_2914'": "'SFV_2599'",
    "'SFV_0962'": "'SFV_4422'"
  },
  {
    "'SFV_2914'": "'SFV_3099'",
    "'SFV_0962'": "'SFV_4172'"
  },
  {
    "'SFV_2914'": "'SFV_0657'",
    "'SFV_0962'": "'SFV_3770'"
  },
  {
    "'SFV_2914'": "'SFV_0001'",
    "'SFV_0962'": "'SFV_4010'"
  },
  {
    "'SFV_2914'": "'SFV_0479'",
    "'SFV_0962'": "'SFV_0026'"
  },
  {
    "'SFV_2914'": "'SFV_0479'",
    "'SFV_0962'": "'SFV_0027'"
  },
  {
    "'SFV_2914'": "'SFV_0140'",
    "'SFV_0962'": "'SFV_1607'"
  },
  {
    "'SFV_2914'": "'SFV_2488'",
    "'SFV_0962'": "'SFV_3634'"
  },
  {
    "'SFV_2914'": "'SFV_3058'",
    "'SFV_0962'": "'SFV_1639'"
  },
  {
    "'SFV_2914'": "'SFV_2466'",
    "'SFV_0962'": "'SFV_2474'"
  },
  {
    "'SFV_2914'": "'SFV_0987'",
    "'SFV_0962'": "'SFV_4025'"
  },
  {
    "'SFV_2914'": "'SFV_0988'",
    "'SFV_0962'": "'SFV_4025'"
  },
  {
    "'SFV_2914'": "'SFV_0911'",
    "'SFV_0962'": "'SFV_2754'"
  },
  {
    "'SFV_2914'": "'SFV_0911'",
    "'SFV_0962'": "'SFV_0154'"
  },
  {
    "'SFV_2914'": "'SFV_0042'",
    "'SFV_0962'": "'SFV_1621'"
  },
  {
    "'SFV_2914'": "'SFV_0092'",
    "'SFV_0962'": "'SFV_1867'"
  },
  {
    "'SFV_2914'": "'SFV_1436'",
    "'SFV_0962'": "'SFV_2973'"
  },
  {
    "'SFV_2914'": "'SFV_1311'",
    "'SFV_0962'": "'SFV_3631'"
  },
  {
    "'SFV_2914'": "'SFV_1457'",
    "'SFV_0962'": "'SFV_3243'"
  },
  {
    "'SFV_2914'": "'SFV_1457'",
    "'SFV_0962'": "'SFV_3242'"
  },
  {
    "'SFV_2914'": "'SFV_2089'",
    "'SFV_0962'": "'SFV_3391'"
  },
  {
    "'SFV_2914'": "'SFV_3512'",
    "'SFV_0962'": "'SFV_0879'"
  },
  {
    "'SFV_2914'": "'SFV_0292'",
    "'SFV_0962'": "'SFV_2555'"
  },
  {
    "'SFV_2914'": "'SFV_2931'",
    "'SFV_0962'": "'SFV_2555'"
  },
  {
    "'SFV_2914'": "'SFV_2932'",
    "'SFV_0962'": "'SFV_2555'"
  },
  {
    "'SFV_2914'": "'SFV_2933'",
    "'SFV_0962'": "'SFV_2555'"
  },
  {
    "'SFV_2914'": "'SFV_2577'",
    "'SFV_0962'": "'SFV_1706'"
  },
  {
    "'SFV_2914'": "'SFV_2577'",
    "'SFV_0962'": "'SFV_1705'"
  },
  {
    "'SFV_2914'": "'SFV_2577'",
    "'SFV_0962'": "'SFV_1704'"
  },
  {
    "'SFV_2914'": "'SFV_2577'",
    "'SFV_0962'": "'SFV_1703'"
  },
  {
    "'SFV_2914'": "'SFV_2577'",
    "'SFV_0962'": "'SFV_1702'"
  },
  {
    "'SFV_2914'": "'SFV_2577'",
    "'SFV_0962'": "'SFV_1707'"
  },
  {
    "'SFV_2914'": "'SFV_2576'",
    "'SFV_0962'": "'SFV_1706'"
  },
  {
    "'SFV_2914'": "'SFV_2576'",
    "'SFV_0962'": "'SFV_1705'"
  },
  {
    "'SFV_2914'": "'SFV_2576'",
    "'SFV_0962'": "'SFV_1704'"
  },
  {
    "'SFV_2914'": "'SFV_2576'",
    "'SFV_0962'": "'SFV_1703'"
  },
  {
    "'SFV_2914'": "'SFV_2576'",
    "'SFV_0962'": "'SFV_1702'"
  },
  {
    "'SFV_2914'": "'SFV_2576'",
    "'SFV_0962'": "'SFV_1707'"
  },
  {
    "'SFV_2914'": "'SFV_4086'",
    "'SFV_0962'": "'SFV_4025'"
  },
  {
    "'SFV_2914'": "'SFV_3031'",
    "'SFV_0962'": "'SFV_4025'"
  },
  {
    "'SFV_2914'": "'SFV_3669'",
    "'SFV_0962'": "'SFV_4090'"
  },
  {
    "'SFV_2914'": "'SFV_0575'",
    "'SFV_0962'": "'SFV_2476'"
  },
  {
    "'SFV_2914'": "'SFV_0575'",
    "'SFV_0962'": "'SFV_2477'"
  },
  {
    "'SFV_2914'": "'SFV_0575'",
    "'SFV_0962'": "'SFV_2475'"
  },
  {
    "'SFV_2914'": "'SFV_2476'",
    "'SFV_0962'": "'SFV_0577'"
  },
  {
    "'SFV_2914'": "'SFV_2476'",
    "'SFV_0962'": "'SFV_0576'"
  },
  {
    "'SFV_2914'": "'SFV_0577'",
    "'SFV_0962'": "'SFV_2477'"
  },
  {
    "'SFV_2914'": "'SFV_0577'",
    "'SFV_0962'": "'SFV_2475'"
  },
  {
    "'SFV_2914'": "'SFV_2477'",
    "'SFV_0962'": "'SFV_0576'"
  },
  {
    "'SFV_2914'": "'SFV_0576'",
    "'SFV_0962'": "'SFV_2475'"
  },
  {
    "'SFV_2914'": "'SFV_3505'",
    "'SFV_0962'": "'SFV_3782'"
  },
  {
    "'SFV_2914'": "'SFV_3505'",
    "'SFV_0962'": "'SFV_3780'"
  },
  {
    "'SFV_2914'": "'SFV_3505'",
    "'SFV_0962'": "'SFV_3781'"
  },
  {
    "'SFV_2914'": "'SFV_3505'",
    "'SFV_0962'": "'SFV_3779'"
  },
  {
    "'SFV_2914'": "'SFV_4025'",
    "'SFV_0962'": "'SFV_0612'"
  },
  {
    "'SFV_2914'": "'SFV_4025'",
    "'SFV_0962'": "'SFV_0611'"
  },
  {
    "'SFV_2914'": "'SFV_4025'",
    "'SFV_0962'": "'SFV_0613'"
  },
  {
    "'SFV_2914'": "'SFV_4025'",
    "'SFV_0962'": "'SFV_0614'"
  },
  {
    "'SFV_2914'": "'SFV_1718'",
    "'SFV_0962'": "'SFV_3302'"
  },
  {
    "'SFV_2914'": "'SFV_3391'",
    "'SFV_0962'": "'SFV_2961'"
  },
  {
    "'SFV_2914'": "'SFV_3395'",
    "'SFV_0962'": "'SFV_0353'"
  },
  {
    "'SFV_2914'": "'SFV_3158'",
    "'SFV_0962'": "'SFV_3730'"
  }
]