[
  {
    "'SFV_0163'": "'SFV_1113'"
  },
  {
    "'SFV_0163'": "'SFV_2392'"
  },
  {
    "'SFV_0163'": "'SFV_0003'"
  },
  {
    "'SFV_0163'": "'SFV_0144'"
  },
  {
    "'SFV_0163'": "'SFV_1114'"
  },
  {
    "'SFV_0163'": "'s0001'"
  },
  {
    "'SFV_0163'": "'SFV_3280'"
  },
  {
    "'SFV_0163'": "'SFV_2385'"
  },
  {
    "'SFV_0163'": "'SFV_0168'"
  },
  {
    "'SFV_0163'": "'SFV_3281'"
  },
  {
    "'SFV_0163'": "'SFV_4028'"
  },
  {
    "'SFV_0163'": "'SFV_2896'"
  },
  {
    "'SFV_0163'": "'SFV_1111'"
  },
  {
    "'SFV_0163'": "'SFV_4026'"
  },
  {
    "'SFV_0163'": "'SFV_4232'"
  },
  {
    "'SFV_0163'": "'SFV_3230'"
  },
  {
    "'SFV_0163'": "'SFV_3229'"
  },
  {
    "'SFV_0163'": "'SFV_4231'"
  },
  {
    "'SFV_0163'": "'SFV_3231'"
  },
  {
    "'SFV_0163'": "'SFV_3365'"
  },
  {
    "'SFV_0163'": "'SFV_1116'"
  },
  {
    "'SFV_0163'": "'SFV_3366'"
  },
  {
    "'SFV_0163'": "'SFV_1417'"
  },
  {
    "'SFV_0163'": "'SFV_0447'"
  },
  {
    "'SFV_0163'": "'SFV_2748'"
  },
  {
    "'SFV_0163'": "'SFV_1166'"
  },
  {
    "'SFV_0163'": "'SFV_4335'"
  },
  {
    "'SFV_0163'": "'SFV_3067'"
  },
  {
    "'SFV_0163'": "'SFV_4027'"
  },
  {
    "'SFV_0163'": "'SFV_4078'"
  },
  {
    "'SFV_0163'": "'SFV_0480'"
  },
  {
    "'SFV_0163'": "'SFV_0481'"
  },
  {
    "'SFV_0163'": "'SFV_0758'"
  },
  {
    "'SFV_0163'": "'SFV_4066'"
  },
  {
    "'SFV_0163'": "'SFV_1277'"
  },
  {
    "'SFV_0163'": "'SFV_1278'"
  },
  {
    "'SFV_0163'": "'SFV_0759'"
  },
  {
    "'SFV_0163'": "'SFV_0379'"
  },
  {
    "'SFV_0163'": "'SFV_4029'"
  },
  {
    "'SFV_0163'": "'SFV_3202'"
  },
  {
    "'SFV_0163'": "'SFV_3442'"
  },
  {
    "'SFV_0163'": "'SFV_0121'"
  },
  {
    "'SFV_0163'": "'SFV_4247'"
  },
  {
    "'SFV_0163'": "'SFV_0930'"
  },
  {
    "'SFV_0163'": "'SFV_2079'"
  },
  {
    "'SFV_0163'": "'SFV_0810'"
  },
  {
    "'SFV_0163'": "'SFV_3644'"
  },
  {
    "'SFV_0163'": "'SFV_4273'"
  },
  {
    "'SFV_0163'": "'SFV_0757'"
  },
  {
    "'SFV_0163'": "'SFV_3226'"
  },
  {
    "'SFV_0163'": "'SFV_3084'"
  },
  {
    "'SFV_0163'": "'SFV_1222'"
  },
  {
    "'SFV_0163'": "'SFV_2871'"
  },
  {
    "'SFV_0163'": "'SFV_2872'"
  },
  {
    "'SFV_0163'": "'SFV_2398'"
  },
  {
    "'SFV_0163'": "'SFV_4174'"
  },
  {
    "'SFV_0163'": "'SFV_0915'"
  },
  {
    "'SFV_0163'": "'SFV_0764'"
  },
  {
    "'SFV_0163'": "'SFV_0766'"
  },
  {
    "'SFV_0163'": "'SFV_0615'"
  },
  {
    "'SFV_0163'": "'SFV_2675'"
  },
  {
    "'SFV_0163'": "'SFV_3030'"
  },
  {
    "'SFV_0163'": "'SFV_2916'"
  },
  {
    "'SFV_0163'": "'SFV_3690'"
  },
  {
    "'SFV_0163'": "'SFV_0158'"
  },
  {
    "'SFV_0163'": "'SFV_3085'"
  },
  {
    "'SFV_0163'": "'SFV_0761'"
  },
  {
    "'SFV_0163'": "'SFV_3881'"
  },
  {
    "'SFV_0163'": "'SFV_3731'"
  },
  {
    "'SFV_0163'": "'SFV_0025'"
  },
  {
    "'SFV_0163'": "'SFV_2523'"
  },
  {
    "'SFV_0163'": "'SFV_2384'"
  },
  {
    "'SFV_0163'": "'SFV_3098'"
  },
  {
    "'SFV_0163'": "'SFV_1084'"
  },
  {
    "'SFV_0163'": "'SFV_3207'"
  },
  {
    "'SFV_0163'": "'SFV_3394'"
  },
  {
    "'SFV_0163'": "'SFV_1719'"
  },
  {
    "'SFV_0163'": "'SFV_0386'"
  },
  {
    "'SFV_0163'": "'SFV_0023'"
  },
  {
    "'SFV_0163'": "'SFV_0095'"
  },
  {
    "'SFV_0163'": "'SFV_3729'"
  },
  {
    "'SFV_0163'": "'SFV_1118'"
  },
  {
    "'SFV_0163'": "'SFV_0156'"
  },
  {
    "'SFV_0163'": "'SFV_0385'"
  },
  {
    "'SFV_0163'": "'SFV_1302'"
  },
  {
    "'SFV_0163'": "'SFV_2742'"
  },
  {
    "'SFV_0163'": "'SFV_2741'"
  },
  {
    "'SFV_0163'": "'SFV_0448'"
  },
  {
    "'SFV_0163'": "'SFV_0019'"
  },
  {
    "'SFV_0163'": "'SFV_3756'"
  },
  {
    "'SFV_0163'": "'SFV_0139'"
  },
  {
    "'SFV_0163'": "'SFV_3923'"
  },
  {
    "'SFV_0163'": "'SFV_1791'"
  },
  {
    "'SFV_0163'": "'SFV_3755'"
  },
  {
    "'SFV_0163'": "'SFV_2381'"
  },
  {
    "'SFV_0163'": "'SFV_4040'"
  },
  {
    "'SFV_0163'": "'SFV_1224'"
  },
  {
    "'SFV_0163'": "'SFV_2455'"
  },
  {
    "'SFV_0163'": "'SFV_2554'"
  },
  {
    "'SFV_0163'": "'SFV_2228'"
  },
  {
    "'SFV_0163'": "'SFV_1290'"
  },
  {
    "'SFV_0163'": "'SFV_4173'"
  },
  {
    "'SFV_0163'": "'SFV_0117'"
  },
  {
    "'SFV_0163'": "'SFV_2080'"
  },
  {
    "'SFV_0163'": "'SFV_2082'"
  },
  {
    "'SFV_0163'": "'SFV_3697'"
  },
  {
    "'SFV_0163'": "'SFV_2158'"
  },
  {
    "'SFV_0163'": "'SFV_0127'"
  },
  {
    "'SFV_0163'": "'SFV_0002'"
  },
  {
    "'SFV_0163'": "'SFV_4084'"
  },
  {
    "'SFV_0163'": "'SFV_2081'"
  },
  {
    "'SFV_0163'": "'SFV_2578'"
  },
  {
    "'SFV_0163'": "'SFV_3695'"
  },
  {
    "'SFV_0163'": "'SFV_1171'"
  },
  {
    "'SFV_0163'": "'SFV_2085'"
  },
  {
    "'SFV_0163'": "'SFV_2083'"
  },
  {
    "'SFV_0163'": "'SFV_1276'"
  },
  {
    "'SFV_0163'": "'SFV_3732'"
  },
  {
    "'SFV_0163'": "'SFV_0065'"
  },
  {
    "'SFV_0163'": "'SFV_0064'"
  },
  {
    "'SFV_0163'": "'SFV_0063'"
  },
  {
    "'SFV_0163'": "'SFV_0066'"
  },
  {
    "'SFV_0163'": "'SFV_0919'"
  },
  {
    "'SFV_0163'": "'SFV_3228'"
  },
  {
    "'SFV_0163'": "'SFV_1229'"
  },
  {
    "'SFV_0163'": "'SFV_0165'"
  },
  {
    "'SFV_0163'": "'SFV_0760'"
  },
  {
    "'SFV_0163'": "'SFV_1112'"
  },
  {
    "'SFV_0163'": "'SFV_2562'"
  },
  {
    "'SFV_0163'": "'SFV_2752'"
  },
  {
    "'SFV_0163'": "'SFV_2751'"
  },
  {
    "'SFV_0163'": "'SFV_2996'"
  },
  {
    "'SFV_0163'": "'SFV_0767'"
  },
  {
    "'SFV_0163'": "'SFV_3896'"
  },
  {
    "'SFV_0163'": "'SFV_0124'"
  },
  {
    "'SFV_0163'": "'SFV_0008'"
  },
  {
    "'SFV_0163'": "'SFV_1091'"
  },
  {
    "'SFV_0163'": "'SFV_0768'"
  },
  {
    "'SFV_0163'": "'SFV_0809'"
  },
  {
    "'SFV_0163'": "'SFV_4011'"
  },
  {
    "'SFV_0163'": "'SFV_2856'"
  },
  {
    "'SFV_0163'": "'SFV_1480'"
  },
  {
    "'SFV_0163'": "'SFV_0933'"
  },
  {
    "'SFV_0163'": "'SFV_0687'"
  },
  {
    "'SFV_0163'": "'SFV_4239'"
  },
  {
    "'SFV_0163'": "'SFV_3217'"
  },
  {
    "'SFV_0163'": "'SFV_0907'"
  },
  {
    "'SFV_0163'": "'SFV_1294'"
  },
  {
    "'SFV_0163'": "'SFV_3657'"
  },
  {
    "'SFV_0163'": "'SFV_2380'"
  },
  {
    "'SFV_0163'": "'SFV_3888'"
  },
  {
    "'SFV_0163'": "'SFV_0351'"
  },
  {
    "'SFV_0163'": "'SFV_0123'"
  },
  {
    "'SFV_0163'": "'SFV_0080'"
  },
  {
    "'SFV_0163'": "'SFV_2743'"
  },
  {
    "'SFV_0163'": "'SFV_0046'"
  },
  {
    "'SFV_0163'": "'SFV_2627'"
  },
  {
    "'SFV_0163'": "'SFV_2389'"
  },
  {
    "'SFV_0163'": "'SFV_3206'"
  },
  {
    "'SFV_0163'": "'SFV_3420'"
  },
  {
    "'SFV_0163'": "'SFV_4047'"
  },
  {
    "'SFV_0163'": "'SFV_0333'"
  },
  {
    "'SFV_0163'": "'SFV_3891'"
  },
  {
    "'SFV_0163'": "'SFV_3650'"
  },
  {
    "'SFV_0163'": "'SFV_4077'"
  },
  {
    "'SFV_0163'": "'SFV_2544'"
  },
  {
    "'SFV_0163'": "'SFV_2086'"
  },
  {
    "'SFV_0163'": "'SFV_2521'"
  },
  {
    "'SFV_0163'": "'SFV_2605'"
  },
  {
    "'SFV_0163'": "'SFV_2084'"
  },
  {
    "'SFV_0163'": "'SFV_1221'"
  },
  {
    "'SFV_0163'": "'SFV_0908'"
  },
  {
    "'SFV_0163'": "'SFV_4317'"
  },
  {
    "'SFV_0163'": "'SFV_2648'"
  },
  {
    "'SFV_0163'": "'SFV_3895'"
  },
  {
    "'SFV_0163'": "'SFV_1684'"
  },
  {
    "'SFV_0163'": "'SFV_0380'"
  },
  {
    "'SFV_0163'": "'SFV_2817'"
  },
  {
    "'SFV_0163'": "'SFV_2747'"
  },
  {
    "'SFV_0163'": "'SFV_2746'"
  },
  {
    "'SFV_0163'": "'SFV_2516'"
  },
  {
    "'SFV_0163'": "'SFV_3924'"
  },
  {
    "'SFV_0163'": "'SFV_3374'"
  },
  {
    "'SFV_0163'": "'SFV_4009'"
  },
  {
    "'SFV_0163'": "'SFV_0916'"
  },
  {
    "'SFV_0163'": "'SFV_0149'"
  },
  {
    "'SFV_0163'": "'SFV_4062'"
  },
  {
    "'SFV_0163'": "'SFV_4064'"
  },
  {
    "'SFV_0163'": "'SFV_0388'"
  },
  {
    "'SFV_0163'": "'SFV_4061'"
  },
  {
    "'SFV_0163'": "'SFV_2509'"
  },
  {
    "'SFV_0163'": "'SFV_2905'"
  },
  {
    "'SFV_0163'": "'SFV_0382'"
  },
  {
    "'SFV_0163'": "'SFV_4065'"
  },
  {
    "'SFV_0163'": "'SFV_1274'"
  },
  {
    "'SFV_0163'": "'SFV_1275'"
  },
  {
    "'SFV_0163'": "'SFV_4063'"
  },
  {
    "'SFV_0163'": "'SFV_0162'"
  },
  {
    "'SFV_0163'": "'SFV_0078'"
  },
  {
    "'SFV_0163'": "'SFV_0164'"
  },
  {
    "'SFV_0163'": "'SFV_3219'"
  },
  {
    "'SFV_0163'": "'SFV_0083'"
  },
  {
    "'SFV_0163'": "'SFV_0081'"
  },
  {
    "'SFV_0163'": "'SFV_0084'"
  },
  {
    "'SFV_0163'": "'SFV_4045'"
  },
  {
    "'SFV_0163'": "'SFV_0157'"
  },
  {
    "'SFV_0163'": "'SFV_0079'"
  },
  {
    "'SFV_0163'": "'SFV_0089'"
  },
  {
    "'SFV_0163'": "'SFV_3698'"
  },
  {
    "'SFV_0163'": "'SFV_4069'"
  },
  {
    "'SFV_0163'": "'SFV_0482'"
  }
]