[
  {
    "'645464.7.peg.600'": "'645464.7.peg.113'"
  },
  {
    "'645464.7.peg.600'": "'645464.7.peg.257'"
  },
  {
    "'645464.7.peg.600'": "'645464.7.peg.309'"
  },
  {
    "'645464.7.peg.600'": "'645464.7.peg.423'"
  },
  {
    "'645464.7.peg.600'": "'645464.7.peg.681'"
  },
  {
    "'645464.7.peg.600'": "'645464.7.peg.124'"
  },
  {
    "'645464.7.peg.600'": "'645464.7.peg.424'"
  },
  {
    "'645464.7.peg.600'": "'645464.7.peg.487'"
  },
  {
    "'645464.7.peg.600'": "'645464.7.peg.209'"
  },
  {
    "'645464.7.peg.600'": "'645464.7.peg.1347'"
  },
  {
    "'645464.7.peg.600'": "'645464.7.peg.829'"
  },
  {
    "'645464.7.peg.600'": "'645464.7.peg.327'"
  },
  {
    "'645464.7.peg.600'": "'645464.7.peg.607'"
  },
  {
    "'645464.7.peg.600'": "'645464.7.peg.885'"
  },
  {
    "'645464.7.peg.600'": "'645464.7.peg.1426'"
  },
  {
    "'645464.7.peg.600'": "'645464.7.peg.1118'"
  },
  {
    "'645464.7.peg.600'": "'645464.7.peg.917'"
  },
  {
    "'645464.7.peg.600'": "'645464.7.peg.767'"
  },
  {
    "'645464.7.peg.600'": "'645464.7.peg.863'"
  },
  {
    "'645464.7.peg.600'": "'645464.7.peg.305'"
  },
  {
    "'645464.7.peg.600'": "'645464.7.peg.326'"
  },
  {
    "'645464.7.peg.600'": "'645464.7.peg.1546'"
  },
  {
    "'645464.7.peg.600'": "'645464.7.peg.983'"
  },
  {
    "'645464.7.peg.600'": "'645464.7.peg.1061'"
  },
  {
    "'645464.7.peg.600'": "'645464.7.peg.96'"
  },
  {
    "'645464.7.peg.600'": "'645464.7.peg.1602'"
  },
  {
    "'645464.7.peg.600'": "'645464.7.peg.1255'"
  },
  {
    "'645464.7.peg.600'": "'645464.7.peg.1256'"
  },
  {
    "'645464.7.peg.600'": "'645464.7.peg.1067'"
  },
  {
    "'645464.7.peg.600'": "'645464.7.peg.1558'"
  },
  {
    "'645464.7.peg.600'": "'645464.7.peg.26'"
  },
  {
    "'645464.7.peg.600'": "'645464.7.peg.1457'"
  },
  {
    "'645464.7.peg.600'": "'645464.7.peg.542'"
  },
  {
    "'645464.7.peg.600'": "'645464.7.peg.696'"
  },
  {
    "'645464.7.peg.600'": "'645464.7.peg.1143'"
  },
  {
    "'645464.7.peg.600'": "'645464.7.peg.190'"
  },
  {
    "'645464.7.peg.600'": "'645464.7.peg.776'"
  },
  {
    "'645464.7.peg.600'": "'645464.7.peg.555'"
  },
  {
    "'645464.7.peg.600'": "'645464.7.peg.1051'"
  },
  {
    "'645464.7.peg.600'": "'645464.7.peg.774'"
  },
  {
    "'645464.7.peg.600'": "'645464.7.peg.242'"
  },
  {
    "'645464.7.peg.600'": "'645464.7.peg.968'"
  },
  {
    "'645464.7.peg.600'": "'645464.7.peg.66'"
  },
  {
    "'645464.7.peg.600'": "'645464.7.peg.852'"
  },
  {
    "'645464.7.peg.600'": "'645464.7.peg.1456'"
  },
  {
    "'645464.7.peg.600'": "'645464.7.peg.732'"
  },
  {
    "'645464.7.peg.600'": "'645464.7.peg.1286'"
  },
  {
    "'645464.7.peg.600'": "'645464.7.peg.302'"
  },
  {
    "'645464.7.peg.600'": "'645464.7.peg.1338'"
  },
  {
    "'645464.7.peg.600'": "'645464.7.peg.1096'"
  },
  {
    "'645464.7.peg.600'": "'645464.7.peg.567'"
  },
  {
    "'645464.7.peg.600'": "'645464.7.peg.807'"
  },
  {
    "'645464.7.peg.600'": "'645464.7.peg.1336'"
  },
  {
    "'645464.7.peg.600'": "'645464.7.peg.559'"
  },
  {
    "'645464.7.peg.600'": "'645464.7.peg.790'"
  },
  {
    "'645464.7.peg.600'": "'645464.7.peg.787'"
  },
  {
    "'645464.7.peg.600'": "'645464.7.peg.1098'"
  },
  {
    "'645464.7.peg.600'": "'645464.7.peg.819'"
  },
  {
    "'645464.7.peg.600'": "'645464.7.peg.310'"
  },
  {
    "'645464.7.peg.600'": "'645464.7.peg.338'"
  },
  {
    "'645464.7.peg.600'": "'645464.7.peg.1461'"
  },
  {
    "'645464.7.peg.600'": "'645464.7.peg.1462'"
  },
  {
    "'645464.7.peg.600'": "'645464.7.peg.1308'"
  },
  {
    "'645464.7.peg.600'": "'645464.7.peg.382'"
  },
  {
    "'645464.7.peg.600'": "'645464.7.peg.189'"
  },
  {
    "'645464.7.peg.600'": "'645464.7.peg.1577'"
  },
  {
    "'645464.7.peg.600'": "'645464.7.peg.510'"
  },
  {
    "'645464.7.peg.600'": "'645464.7.peg.1253'"
  },
  {
    "'645464.7.peg.600'": "'645464.7.peg.1117'"
  },
  {
    "'645464.7.peg.600'": "'645464.7.peg.1119'"
  },
  {
    "'645464.7.peg.600'": "'645464.7.peg.1215'"
  },
  {
    "'645464.7.peg.600'": "'645464.7.peg.187'"
  },
  {
    "'645464.7.peg.600'": "'645464.7.peg.219'"
  },
  {
    "'645464.7.peg.600'": "'645464.7.peg.1095'"
  },
  {
    "'645464.7.peg.600'": "'645464.7.peg.1113'"
  },
  {
    "'645464.7.peg.600'": "'645464.7.peg.513'"
  },
  {
    "'645464.7.peg.600'": "'645464.7.peg.466'"
  },
  {
    "'645464.7.peg.600'": "'645464.7.peg.1022'"
  },
  {
    "'645464.7.peg.600'": "'645464.7.peg.783'"
  },
  {
    "'645464.7.peg.600'": "'645464.7.peg.615'"
  },
  {
    "'645464.7.peg.600'": "'645464.7.peg.364'"
  },
  {
    "'645464.7.peg.600'": "'645464.3.peg.255'"
  },
  {
    "'645464.7.peg.600'": "'645464.7.peg.271'"
  },
  {
    "'645464.7.peg.600'": "'645464.7.peg.666'"
  },
  {
    "'645464.7.peg.600'": "'645464.7.peg.1531'"
  },
  {
    "'645464.7.peg.600'": "'645464.7.peg.1059'"
  },
  {
    "'645464.7.peg.600'": "'645464.7.peg.1169'"
  },
  {
    "'645464.7.peg.600'": "'645464.7.peg.821'"
  },
  {
    "'645464.7.peg.600'": "'645464.7.peg.609'"
  },
  {
    "'645464.7.peg.600'": "'645464.7.peg.361'"
  },
  {
    "'645464.7.peg.600'": "'645464.7.peg.215'"
  },
  {
    "'645464.7.peg.600'": "'645464.7.peg.413'"
  },
  {
    "'645464.7.peg.600'": "'645464.7.peg.479'"
  },
  {
    "'645464.7.peg.600'": "'645464.7.peg.1345'"
  },
  {
    "'645464.7.peg.600'": "'645464.7.peg.1534'"
  },
  {
    "'645464.7.peg.600'": "'645464.7.peg.1029'"
  },
  {
    "'645464.7.peg.600'": "'645464.7.peg.374'"
  },
  {
    "'645464.7.peg.600'": "'645464.7.peg.955'"
  },
  {
    "'645464.7.peg.600'": "'645464.7.peg.788'"
  },
  {
    "'645464.7.peg.600'": "'645464.7.peg.1217'"
  },
  {
    "'645464.7.peg.600'": "'645464.3.peg.330'"
  },
  {
    "'645464.7.peg.600'": "'645464.7.peg.1455'"
  },
  {
    "'645464.7.peg.600'": "'645464.7.peg.483'"
  },
  {
    "'645464.7.peg.600'": "'645464.7.peg.876'"
  },
  {
    "'645464.7.peg.600'": "'645464.7.peg.853'"
  },
  {
    "'645464.7.peg.600'": "'645464.7.peg.813'"
  },
  {
    "'645464.7.peg.600'": "'645464.7.peg.1077'"
  },
  {
    "'645464.7.peg.600'": "'645464.7.peg.733'"
  },
  {
    "'645464.7.peg.600'": "'645464.7.peg.430'"
  },
  {
    "'645464.7.peg.600'": "'645464.7.peg.363'"
  },
  {
    "'645464.7.peg.600'": "'645464.7.peg.1184'"
  },
  {
    "'645464.7.peg.600'": "'645464.7.peg.1164'"
  },
  {
    "'645464.7.peg.600'": "'645464.7.peg.883'"
  },
  {
    "'645464.7.peg.600'": "'645464.7.peg.1116'"
  },
  {
    "'645464.7.peg.600'": "'645464.7.peg.1013'"
  },
  {
    "'645464.7.peg.600'": "'645464.7.peg.385'"
  },
  {
    "'645464.7.peg.600'": "'645464.7.peg.367'"
  },
  {
    "'645464.7.peg.600'": "'645464.7.peg.781'"
  },
  {
    "'645464.7.peg.600'": "'645464.7.peg.1529'"
  },
  {
    "'645464.7.peg.600'": "'645464.7.peg.1570'"
  },
  {
    "'645464.7.peg.600'": "'645464.7.peg.1388'"
  },
  {
    "'645464.7.peg.600'": "'645464.7.peg.329'"
  },
  {
    "'645464.7.peg.600'": "'645464.7.peg.330'"
  },
  {
    "'645464.7.peg.600'": "'645464.7.peg.546'"
  },
  {
    "'645464.7.peg.600'": "'645464.7.peg.1566'"
  },
  {
    "'645464.7.peg.600'": "'645464.7.peg.258'"
  },
  {
    "'645464.7.peg.600'": "'645464.7.peg.824'"
  },
  {
    "'645464.7.peg.600'": "'645464.7.peg.1000'"
  },
  {
    "'645464.7.peg.600'": "'645464.7.peg.412'"
  },
  {
    "'645464.7.peg.600'": "'645464.7.peg.1019'"
  },
  {
    "'645464.7.peg.600'": "'645464.7.peg.1600'"
  },
  {
    "'645464.7.peg.600'": "'645464.7.peg.198'"
  },
  {
    "'645464.7.peg.600'": "'645464.7.peg.764'"
  },
  {
    "'645464.7.peg.600'": "'645464.7.peg.129'"
  },
  {
    "'645464.7.peg.600'": "'645464.7.peg.1240'"
  },
  {
    "'645464.7.peg.600'": "'645464.7.peg.1043'"
  },
  {
    "'645464.7.peg.600'": "'645464.7.peg.1'"
  },
  {
    "'645464.7.peg.600'": "'645464.7.peg.1034'"
  },
  {
    "'645464.7.peg.600'": "'645464.7.peg.1125'"
  },
  {
    "'645464.7.peg.600'": "'645464.7.peg.1606'"
  },
  {
    "'645464.7.peg.600'": "'645464.7.peg.2'"
  },
  {
    "'645464.7.peg.600'": "'645464.7.peg.3'"
  },
  {
    "'645464.7.peg.600'": "'645464.7.peg.556'"
  },
  {
    "'645464.7.peg.600'": "'645464.7.peg.648'"
  },
  {
    "'645464.7.peg.600'": "'645464.7.peg.698'"
  },
  {
    "'645464.7.peg.600'": "'645464.7.peg.987'"
  },
  {
    "'645464.7.peg.600'": "'645464.7.peg.1023'"
  },
  {
    "'645464.7.peg.600'": "'645464.7.peg.1024'"
  },
  {
    "'645464.7.peg.600'": "'645464.7.peg.1033'"
  },
  {
    "'645464.7.peg.600'": "'645464.7.peg.1035'"
  },
  {
    "'645464.7.peg.600'": "'645464.7.peg.1054'"
  },
  {
    "'645464.7.peg.600'": "'645464.7.peg.1141'"
  },
  {
    "'645464.7.peg.600'": "'645464.7.peg.1148'"
  },
  {
    "'645464.7.peg.600'": "'645464.7.peg.1163'"
  },
  {
    "'645464.7.peg.600'": "'645464.7.peg.1200'"
  },
  {
    "'645464.7.peg.600'": "'645464.7.peg.1237'"
  },
  {
    "'645464.7.peg.600'": "'645464.7.peg.1383'"
  },
  {
    "'645464.7.peg.600'": "'645464.7.peg.1408'"
  },
  {
    "'645464.7.peg.600'": "'645464.7.peg.1409'"
  },
  {
    "'645464.7.peg.600'": "'645464.7.peg.1516'"
  },
  {
    "'645464.7.peg.600'": "'645464.7.peg.1517'"
  },
  {
    "'645464.7.peg.600'": "'645464.7.peg.1518'"
  },
  {
    "'645464.7.peg.600'": "'645464.7.peg.1519'"
  },
  {
    "'645464.7.peg.600'": "'645464.7.peg.1521'"
  },
  {
    "'645464.7.peg.600'": "'645464.7.peg.1535'"
  },
  {
    "'645464.7.peg.600'": "'645464.7.peg.157'"
  },
  {
    "'645464.7.peg.600'": "'645464.7.peg.1617'"
  },
  {
    "'645464.7.peg.600'": "'645464.7.peg.1618'"
  },
  {
    "'645464.7.peg.600'": "'645464.7.peg.1619'"
  },
  {
    "'645464.7.peg.600'": "'645464.7.peg.1620'"
  },
  {
    "'645464.7.peg.600'": "'645464.7.peg.1621'"
  },
  {
    "'645464.7.peg.600'": "'645464.7.peg.1622'"
  },
  {
    "'645464.7.peg.600'": "'645464.7.peg.1623'"
  },
  {
    "'645464.7.peg.600'": "'645464.7.peg.1624'"
  },
  {
    "'645464.7.peg.600'": "'645464.7.peg.1625'"
  },
  {
    "'645464.7.peg.600'": "'645464.7.peg.1626'"
  },
  {
    "'645464.7.peg.600'": "'645464.7.peg.1627'"
  },
  {
    "'645464.7.peg.600'": "'645464.7.peg.1628'"
  },
  {
    "'645464.7.peg.600'": "'645464.7.peg.1629'"
  },
  {
    "'645464.7.peg.600'": "'645464.7.peg.1630'"
  },
  {
    "'645464.7.peg.600'": "'645464.7.peg.1631'"
  },
  {
    "'645464.7.peg.600'": "'645464.7.peg.1632'"
  },
  {
    "'645464.7.peg.600'": "'645464.7.peg.1633'"
  },
  {
    "'645464.7.peg.600'": "'645464.7.peg.1634'"
  },
  {
    "'645464.7.peg.600'": "'645464.7.peg.1635'"
  },
  {
    "'645464.7.peg.600'": "'645464.7.peg.1636'"
  },
  {
    "'645464.7.peg.600'": "'645464.7.peg.199'"
  },
  {
    "'645464.7.peg.600'": "'645464.7.peg.226'"
  },
  {
    "'645464.7.peg.600'": "'645464.7.peg.227'"
  },
  {
    "'645464.7.peg.600'": "'645464.7.peg.311'"
  },
  {
    "'645464.7.peg.600'": "'645464.7.peg.350'"
  },
  {
    "'645464.7.peg.600'": "'645464.7.peg.368'"
  },
  {
    "'645464.7.peg.600'": "'645464.7.peg.369'"
  },
  {
    "'645464.7.peg.600'": "'645464.7.peg.378'"
  },
  {
    "'645464.7.peg.600'": "'645464.7.peg.381'"
  },
  {
    "'645464.7.peg.600'": "'645464.7.peg.429'"
  },
  {
    "'645464.7.peg.600'": "'645464.7.peg.450'"
  },
  {
    "'645464.7.peg.600'": "'645464.7.peg.454'"
  },
  {
    "'645464.7.peg.600'": "'645464.7.peg.455'"
  },
  {
    "'645464.7.peg.600'": "'645464.7.peg.456'"
  },
  {
    "'645464.7.peg.600'": "'645464.7.peg.459'"
  },
  {
    "'645464.7.peg.600'": "'645464.7.peg.460'"
  },
  {
    "'645464.7.peg.600'": "'645464.7.peg.477'"
  },
  {
    "'645464.7.peg.600'": "'645464.7.peg.608'"
  },
  {
    "'645464.7.peg.600'": "'645464.7.peg.630'"
  },
  {
    "'645464.7.peg.600'": "'645464.7.peg.683'"
  },
  {
    "'645464.7.peg.600'": "'645464.7.peg.690'"
  },
  {
    "'645464.7.peg.600'": "'645464.7.peg.694'"
  },
  {
    "'645464.7.peg.600'": "'645464.7.peg.731'"
  },
  {
    "'645464.7.peg.600'": "'645464.7.peg.744'"
  },
  {
    "'645464.7.peg.600'": "'645464.7.peg.772'"
  },
  {
    "'645464.7.peg.600'": "'645464.7.peg.805'"
  },
  {
    "'645464.7.peg.600'": "'645464.7.peg.843'"
  },
  {
    "'645464.7.peg.600'": "'645464.7.peg.854'"
  },
  {
    "'645464.7.peg.600'": "'645464.7.peg.855'"
  },
  {
    "'645464.7.peg.600'": "'645464.7.peg.91'"
  },
  {
    "'645464.7.peg.600'": "'645464.7.peg.92'"
  },
  {
    "'645464.7.peg.600'": "'645464.7.peg.925'"
  },
  {
    "'645464.7.peg.600'": "'645464.7.peg.95'"
  },
  {
    "'645464.7.peg.600'": "'645464.7.peg.1520'"
  },
  {
    "'645464.7.peg.600'": "'645464.7.peg.1559'"
  },
  {
    "'645464.7.peg.600'": "'645464.7.peg.439'"
  },
  {
    "'645464.7.peg.600'": "'645464.7.peg.457'"
  },
  {
    "'645464.7.peg.600'": "'645464.7.peg.458'"
  },
  {
    "'645464.7.peg.600'": "'645464.7.peg.693'"
  },
  {
    "'645464.7.peg.600'": "'645464.7.peg.758'"
  },
  {
    "'645464.7.peg.600'": "'645464.7.peg.924'"
  },
  {
    "'645464.7.peg.600'": "'645464.7.peg.961'"
  }
]