[
  {
    "'888826.3.peg.358'": "'888826.3.peg.560'"
  },
  {
    "'888826.3.peg.358'": "'888826.3.peg.1293'"
  },
  {
    "'888826.3.peg.358'": "'888826.3.peg.1512'"
  },
  {
    "'888826.3.peg.358'": "'888826.3.peg.1292'"
  },
  {
    "'888826.3.peg.358'": "'888826.3.peg.1187'"
  },
  {
    "'888826.3.peg.358'": "'888826.3.peg.512'"
  },
  {
    "'888826.3.peg.358'": "'888826.3.peg.450'"
  },
  {
    "'888826.3.peg.358'": "'888826.3.peg.1082'"
  },
  {
    "'888826.3.peg.358'": "'888826.3.peg.1295'"
  },
  {
    "'888826.3.peg.358'": "'888826.3.peg.578'"
  },
  {
    "'888826.3.peg.358'": "'888826.3.peg.72'"
  },
  {
    "'888826.3.peg.358'": "'888826.3.peg.511'"
  },
  {
    "'888826.3.peg.358'": "'888826.3.peg.1180'"
  },
  {
    "'888826.3.peg.358'": "'888826.3.peg.451'"
  },
  {
    "'888826.3.peg.358'": "'888826.3.peg.78'"
  },
  {
    "'888826.3.peg.358'": "'888826.3.peg.174'"
  },
  {
    "'888826.3.peg.358'": "'888826.3.peg.504'"
  },
  {
    "'888826.3.peg.358'": "'888826.3.peg.1086'"
  },
  {
    "'888826.3.peg.358'": "'888826.3.peg.1439'"
  },
  {
    "'888826.3.peg.358'": "'888826.3.peg.498'"
  },
  {
    "'888826.3.peg.358'": "'888826.3.peg.1527'"
  },
  {
    "'888826.3.peg.358'": "'888826.3.peg.422'"
  },
  {
    "'888826.3.peg.358'": "'888826.3.peg.1465'"
  },
  {
    "'888826.3.peg.358'": "'888826.3.peg.1418'"
  },
  {
    "'888826.3.peg.358'": "'888826.3.peg.1514'"
  },
  {
    "'888826.3.peg.358'": "'888826.3.peg.547'"
  },
  {
    "'888826.3.peg.358'": "'888826.3.peg.812'"
  },
  {
    "'888826.3.peg.358'": "'888826.3.peg.1023'"
  },
  {
    "'888826.3.peg.358'": "'888826.3.peg.772'"
  },
  {
    "'888826.3.peg.358'": "'888826.3.peg.774'"
  },
  {
    "'888826.3.peg.358'": "'888826.3.peg.1025'"
  },
  {
    "'888826.3.peg.358'": "'888826.3.peg.166'"
  },
  {
    "'888826.3.peg.358'": "'888826.3.peg.236'"
  },
  {
    "'888826.3.peg.358'": "'888826.3.peg.585'"
  },
  {
    "'888826.3.peg.358'": "'888826.3.peg.1417'"
  },
  {
    "'888826.3.peg.358'": "'888826.3.peg.1590'"
  },
  {
    "'888826.3.peg.358'": "'888826.3.peg.612'"
  },
  {
    "'888826.3.peg.358'": "'888826.3.peg.702'"
  },
  {
    "'888826.3.peg.358'": "'888826.3.peg.1192'"
  },
  {
    "'888826.3.peg.358'": "'888826.3.peg.1224'"
  },
  {
    "'888826.3.peg.358'": "'888826.3.peg.1197'"
  },
  {
    "'888826.3.peg.358'": "'888826.3.peg.190'"
  },
  {
    "'888826.3.peg.358'": "'888826.3.peg.366'"
  },
  {
    "'888826.3.peg.358'": "'888826.3.peg.951'"
  },
  {
    "'888826.3.peg.358'": "'888826.3.peg.895'"
  },
  {
    "'888826.3.peg.358'": "'888826.3.peg.653'"
  },
  {
    "'888826.3.peg.358'": "'888826.3.peg.1472'"
  },
  {
    "'888826.3.peg.358'": "'888826.3.peg.863'"
  },
  {
    "'888826.3.peg.358'": "'888826.3.peg.1071'"
  },
  {
    "'888826.3.peg.358'": "'888826.3.peg.830'"
  },
  {
    "'888826.3.peg.358'": "'888826.3.peg.1424'"
  },
  {
    "'888826.3.peg.358'": "'888826.3.peg.82'"
  },
  {
    "'888826.3.peg.358'": "'888826.3.peg.84'"
  },
  {
    "'888826.3.peg.358'": "'888826.3.peg.85'"
  },
  {
    "'888826.3.peg.358'": "'888826.3.peg.86'"
  },
  {
    "'888826.3.peg.358'": "'888826.3.peg.87'"
  },
  {
    "'888826.3.peg.358'": "'888826.3.peg.43'"
  },
  {
    "'888826.3.peg.358'": "'888826.3.peg.684'"
  },
  {
    "'888826.3.peg.358'": "'888826.3.peg.1539'"
  },
  {
    "'888826.3.peg.358'": "'888826.3.peg.462'"
  },
  {
    "'888826.3.peg.358'": "'888826.3.peg.920'"
  },
  {
    "'888826.3.peg.358'": "'888826.3.peg.448'"
  },
  {
    "'888826.3.peg.358'": "'888826.3.peg.1078'"
  },
  {
    "'888826.3.peg.358'": "'888826.3.peg.1191'"
  },
  {
    "'888826.3.peg.358'": "'888826.3.peg.1385'"
  },
  {
    "'888826.3.peg.358'": "'888826.3.peg.1075'"
  },
  {
    "'888826.3.peg.358'": "'888826.3.peg.463'"
  },
  {
    "'888826.3.peg.358'": "'888826.3.peg.631'"
  },
  {
    "'888826.3.peg.358'": "'888826.3.peg.1584'"
  },
  {
    "'888826.3.peg.358'": "'888826.3.peg.1193'"
  },
  {
    "'888826.3.peg.358'": "'888826.3.peg.630'"
  },
  {
    "'888826.3.peg.358'": "'888826.3.peg.645'"
  },
  {
    "'888826.3.peg.358'": "'888826.3.peg.367'"
  },
  {
    "'888826.3.peg.358'": "'888826.3.peg.123'"
  },
  {
    "'888826.3.peg.358'": "'888826.3.peg.623'"
  },
  {
    "'888826.3.peg.358'": "'888826.3.peg.513'"
  },
  {
    "'888826.3.peg.358'": "'888826.3.peg.1416'"
  },
  {
    "'888826.3.peg.358'": "'888826.3.peg.1496'"
  },
  {
    "'888826.3.peg.358'": "'888826.3.peg.102'"
  },
  {
    "'888826.3.peg.358'": "'888826.3.peg.584'"
  },
  {
    "'888826.3.peg.358'": "'888826.3.peg.1591'"
  },
  {
    "'888826.3.peg.358'": "'888826.3.peg.1387'"
  },
  {
    "'888826.3.peg.358'": "'888826.3.peg.569'"
  },
  {
    "'888826.3.peg.358'": "'888826.3.peg.213'"
  },
  {
    "'888826.3.peg.358'": "'888826.3.peg.656'"
  },
  {
    "'888826.3.peg.358'": "'888826.3.peg.1460'"
  },
  {
    "'888826.3.peg.358'": "'888826.3.peg.1062'"
  },
  {
    "'888826.3.peg.358'": "'888826.3.peg.514'"
  },
  {
    "'888826.3.peg.358'": "'888826.3.peg.515'"
  },
  {
    "'888826.3.peg.358'": "'888826.3.peg.1009'"
  },
  {
    "'888826.3.peg.358'": "'888826.3.peg.259'"
  },
  {
    "'888826.3.peg.358'": "'888826.3.peg.90'"
  },
  {
    "'888826.3.peg.358'": "'888826.3.peg.762'"
  },
  {
    "'888826.3.peg.358'": "'888826.3.peg.657'"
  },
  {
    "'888826.3.peg.358'": "'888826.3.peg.1228'"
  },
  {
    "'888826.3.peg.358'": "'888826.3.peg.1303'"
  },
  {
    "'888826.3.peg.358'": "'888826.3.peg.69'"
  },
  {
    "'888826.3.peg.358'": "'888826.3.peg.792'"
  },
  {
    "'888826.3.peg.358'": "'888826.3.peg.113'"
  },
  {
    "'888826.3.peg.358'": "'888826.3.peg.1309'"
  },
  {
    "'888826.3.peg.358'": "'888826.3.peg.1322'"
  },
  {
    "'888826.3.peg.358'": "'888826.3.peg.1323'"
  },
  {
    "'888826.3.peg.358'": "'888826.3.peg.1324'"
  },
  {
    "'888826.3.peg.358'": "'888826.3.peg.1363'"
  },
  {
    "'888826.3.peg.358'": "'888826.3.peg.1523'"
  },
  {
    "'888826.3.peg.358'": "'888826.3.peg.36'"
  },
  {
    "'888826.3.peg.358'": "'888826.3.peg.672'"
  },
  {
    "'888826.3.peg.358'": "'888826.3.peg.759'"
  },
  {
    "'888826.3.peg.358'": "'888826.3.peg.10'"
  },
  {
    "'888826.3.peg.358'": "'888826.3.peg.1099'"
  },
  {
    "'888826.3.peg.358'": "'888826.3.peg.11'"
  },
  {
    "'888826.3.peg.358'": "'888826.3.peg.1100'"
  },
  {
    "'888826.3.peg.358'": "'888826.3.peg.1259'"
  },
  {
    "'888826.3.peg.358'": "'888826.3.peg.1261'"
  },
  {
    "'888826.3.peg.358'": "'888826.3.peg.1262'"
  },
  {
    "'888826.3.peg.358'": "'888826.3.peg.1263'"
  },
  {
    "'888826.3.peg.358'": "'888826.3.peg.1264'"
  },
  {
    "'888826.3.peg.358'": "'888826.3.peg.1265'"
  },
  {
    "'888826.3.peg.358'": "'888826.3.peg.1266'"
  },
  {
    "'888826.3.peg.358'": "'888826.3.peg.1267'"
  },
  {
    "'888826.3.peg.358'": "'888826.3.peg.1268'"
  },
  {
    "'888826.3.peg.358'": "'888826.3.peg.1269'"
  },
  {
    "'888826.3.peg.358'": "'888826.3.peg.1270'"
  },
  {
    "'888826.3.peg.358'": "'888826.3.peg.1271'"
  },
  {
    "'888826.3.peg.358'": "'888826.3.peg.1272'"
  },
  {
    "'888826.3.peg.358'": "'888826.3.peg.1273'"
  },
  {
    "'888826.3.peg.358'": "'888826.3.peg.1274'"
  },
  {
    "'888826.3.peg.358'": "'888826.3.peg.1275'"
  },
  {
    "'888826.3.peg.358'": "'888826.3.peg.1276'"
  },
  {
    "'888826.3.peg.358'": "'888826.3.peg.1277'"
  },
  {
    "'888826.3.peg.358'": "'888826.3.peg.1278'"
  },
  {
    "'888826.3.peg.358'": "'888826.3.peg.1279'"
  },
  {
    "'888826.3.peg.358'": "'888826.3.peg.1280'"
  },
  {
    "'888826.3.peg.358'": "'888826.3.peg.1302'"
  },
  {
    "'888826.3.peg.358'": "'888826.3.peg.1351'"
  },
  {
    "'888826.3.peg.358'": "'888826.3.peg.1352'"
  },
  {
    "'888826.3.peg.358'": "'888826.3.peg.1394'"
  },
  {
    "'888826.3.peg.358'": "'888826.3.peg.1461'"
  },
  {
    "'888826.3.peg.358'": "'888826.3.peg.1462'"
  },
  {
    "'888826.3.peg.358'": "'888826.3.peg.1535'"
  },
  {
    "'888826.3.peg.358'": "'888826.3.peg.1574'"
  },
  {
    "'888826.3.peg.358'": "'888826.3.peg.1586'"
  },
  {
    "'888826.3.peg.358'": "'888826.3.peg.1589'"
  },
  {
    "'888826.3.peg.358'": "'888826.3.peg.196'"
  },
  {
    "'888826.3.peg.358'": "'888826.3.peg.272'"
  },
  {
    "'888826.3.peg.358'": "'888826.3.peg.329'"
  },
  {
    "'888826.3.peg.358'": "'888826.3.peg.339'"
  },
  {
    "'888826.3.peg.358'": "'888826.3.peg.35'"
  },
  {
    "'888826.3.peg.358'": "'888826.3.peg.37'"
  },
  {
    "'888826.3.peg.358'": "'888826.3.peg.383'"
  },
  {
    "'888826.3.peg.358'": "'888826.3.peg.401'"
  },
  {
    "'888826.3.peg.358'": "'888826.3.peg.41'"
  },
  {
    "'888826.3.peg.358'": "'888826.3.peg.42'"
  },
  {
    "'888826.3.peg.358'": "'888826.3.peg.449'"
  },
  {
    "'888826.3.peg.358'": "'888826.3.peg.480'"
  },
  {
    "'888826.3.peg.358'": "'888826.3.peg.523'"
  },
  {
    "'888826.3.peg.358'": "'888826.3.peg.548'"
  },
  {
    "'888826.3.peg.358'": "'888826.3.peg.552'"
  },
  {
    "'888826.3.peg.358'": "'888826.3.peg.558'"
  },
  {
    "'888826.3.peg.358'": "'888826.3.peg.582'"
  },
  {
    "'888826.3.peg.358'": "'888826.3.peg.583'"
  },
  {
    "'888826.3.peg.358'": "'888826.3.peg.64'"
  },
  {
    "'888826.3.peg.358'": "'888826.3.peg.649'"
  },
  {
    "'888826.3.peg.358'": "'888826.3.peg.652'"
  },
  {
    "'888826.3.peg.358'": "'888826.3.peg.694'"
  },
  {
    "'888826.3.peg.358'": "'888826.3.peg.776'"
  },
  {
    "'888826.3.peg.358'": "'888826.3.peg.810'"
  },
  {
    "'888826.3.peg.358'": "'888826.3.peg.817'"
  },
  {
    "'888826.3.peg.358'": "'888826.3.peg.850'"
  },
  {
    "'888826.3.peg.358'": "'888826.3.peg.899'"
  },
  {
    "'888826.3.peg.358'": "'888826.3.peg.900'"
  },
  {
    "'888826.3.peg.358'": "'888826.3.peg.907'"
  },
  {
    "'888826.3.peg.358'": "'888826.3.peg.908'"
  },
  {
    "'888826.3.peg.358'": "'888826.3.peg.909'"
  },
  {
    "'888826.3.peg.358'": "'888826.3.peg.913'"
  },
  {
    "'888826.3.peg.358'": "'888826.3.peg.932'"
  },
  {
    "'888826.3.peg.358'": "'888826.3.peg.972'"
  },
  {
    "'888826.3.peg.358'": "'888826.3.peg.974'"
  },
  {
    "'888826.3.peg.358'": "'888826.3.peg.975'"
  },
  {
    "'888826.3.peg.358'": "'888826.3.peg.976'"
  },
  {
    "'888826.3.peg.358'": "'888826.3.peg.1526'"
  },
  {
    "'888826.3.peg.358'": "'888826.3.peg.308'"
  },
  {
    "'888826.3.peg.358'": "'888826.3.peg.424'"
  },
  {
    "'888826.3.peg.358'": "'888826.3.peg.479'"
  },
  {
    "'888826.3.peg.358'": "'888826.3.peg.549'"
  },
  {
    "'888826.3.peg.358'": "'888826.3.peg.591'"
  },
  {
    "'888826.3.peg.358'": "'888826.3.peg.845'"
  },
  {
    "'888826.3.peg.358'": "'888826.3.peg.905'"
  },
  {
    "'888826.3.peg.358'": "'888826.3.peg.906'"
  },
  {
    "'888826.3.peg.358'": "'888826.3.peg.973'"
  }
]