[
  {
    "'S3044'": "'S1020'",
    "'S1020'": "'S3830'"
  },
  {
    "'S3044'": "'S1020'",
    "'S1020'": "'S0403'"
  },
  {
    "'S3044'": "'S3455'",
    "'S1020'": "'S2922'"
  },
  {
    "'S3044'": "'S0074'",
    "'S1020'": "'S3978'"
  },
  {
    "'S3044'": "'S0074'",
    "'S1020'": "'S3977'"
  },
  {
    "'S3044'": "'S3978'",
    "'S1020'": "'S0075'"
  },
  {
    "'S3044'": "'S3977'",
    "'S1020'": "'S0075'"
  },
  {
    "'S3044'": "'S1925'",
    "'S1020'": "'S2693'"
  },
  {
    "'S3044'": "'S0117'",
    "'S1020'": "'S1363'"
  },
  {
    "'S3044'": "'S1174'",
    "'S1020'": "'S3567'"
  },
  {
    "'S3044'": "'S0583'",
    "'S1020'": "'S0582'"
  },
  {
    "'S3044'": "'S0583'",
    "'S1020'": "'S0581'"
  },
  {
    "'S3044'": "'S0115'",
    "'S1020'": "'S0582'"
  },
  {
    "'S3044'": "'S0115'",
    "'S1020'": "'S0581'"
  },
  {
    "'S3044'": "'S0584'",
    "'S1020'": "'S0582'"
  },
  {
    "'S3044'": "'S0584'",
    "'S1020'": "'S0581'"
  },
  {
    "'S3044'": "'S0254'",
    "'S1020'": "'S0091'"
  },
  {
    "'S3044'": "'S3578'",
    "'S1020'": "'S1267'"
  },
  {
    "'S3044'": "'S2770'",
    "'S1020'": "'S3098'"
  },
  {
    "'S3044'": "'S2770'",
    "'S1020'": "'S4691'"
  },
  {
    "'S3044'": "'S3305'",
    "'S1020'": "'S3567'"
  },
  {
    "'S3044'": "'S0630'",
    "'S1020'": "'S3944'"
  },
  {
    "'S3044'": "'S0002'",
    "'S1020'": "'S3729'"
  },
  {
    "'S3044'": "'S0460'",
    "'S1020'": "'S0031'"
  },
  {
    "'S3044'": "'S0460'",
    "'S1020'": "'S0032'"
  },
  {
    "'S3044'": "'S1745'",
    "'S1020'": "'S0150'"
  },
  {
    "'S3044'": "'S3256'",
    "'S1020'": "'S1779'"
  },
  {
    "'S3044'": "'S2622'",
    "'S1020'": "'S2615'"
  },
  {
    "'S3044'": "'S0970'",
    "'S1020'": "'S2960'"
  },
  {
    "'S3044'": "'S0970'",
    "'S1020'": "'S0164'"
  },
  {
    "'S3044'": "'S0047'",
    "'S1020'": "'S1759'"
  },
  {
    "'S3044'": "'S3112'",
    "'S1020'": "'S1559'"
  },
  {
    "'S3044'": "'S1384'",
    "'S1020'": "'S3806'"
  },
  {
    "'S3044'": "'S2212'",
    "'S1020'": "'S4358'"
  },
  {
    "'S3044'": "'S4237'",
    "'S1020'": "'S0888'"
  },
  {
    "'S3044'": "'S0307'",
    "'S1020'": "'S2726'"
  },
  {
    "'S3044'": "'S3070'",
    "'S1020'": "'S2726'"
  },
  {
    "'S3044'": "'S3068'",
    "'S1020'": "'S2726'"
  },
  {
    "'S3044'": "'S3069'",
    "'S1020'": "'S2726'"
  },
  {
    "'S3044'": "'S2748'",
    "'S1020'": "'S1842'"
  },
  {
    "'S3044'": "'S2748'",
    "'S1020'": "'S1845'"
  },
  {
    "'S3044'": "'S2748'",
    "'S1020'": "'S1844'"
  },
  {
    "'S3044'": "'S2748'",
    "'S1020'": "'S1841'"
  },
  {
    "'S3044'": "'S2748'",
    "'S1020'": "'S1843'"
  },
  {
    "'S3044'": "'S2748'",
    "'S1020'": "'S1846'"
  },
  {
    "'S3044'": "'S2747'",
    "'S1020'": "'S1842'"
  },
  {
    "'S3044'": "'S2747'",
    "'S1020'": "'S1845'"
  },
  {
    "'S3044'": "'S2747'",
    "'S1020'": "'S1844'"
  },
  {
    "'S3044'": "'S2747'",
    "'S1020'": "'S1841'"
  },
  {
    "'S3044'": "'S2747'",
    "'S1020'": "'S1843'"
  },
  {
    "'S3044'": "'S2747'",
    "'S1020'": "'S1846'"
  },
  {
    "'S3044'": "'S3649'",
    "'S1020'": "'S3713'"
  },
  {
    "'S3044'": "'S3216'",
    "'S1020'": "'S3713'"
  },
  {
    "'S3044'": "'S0144'",
    "'S1020'": "'S4348'"
  },
  {
    "'S3044'": "'S3848'",
    "'S1020'": "'S3645'"
  },
  {
    "'S3044'": "'S0548'",
    "'S1020'": "'S2624'"
  },
  {
    "'S3044'": "'S0548'",
    "'S1020'": "'S2623'"
  },
  {
    "'S3044'": "'S0548'",
    "'S1020'": "'S2625'"
  },
  {
    "'S3044'": "'S2624'",
    "'S1020'": "'S0547'"
  },
  {
    "'S3044'": "'S2624'",
    "'S1020'": "'S0549'"
  },
  {
    "'S3044'": "'S0547'",
    "'S1020'": "'S2623'"
  },
  {
    "'S3044'": "'S0547'",
    "'S1020'": "'S2625'"
  },
  {
    "'S3044'": "'S0549'",
    "'S1020'": "'S2623'"
  },
  {
    "'S3044'": "'S0549'",
    "'S1020'": "'S2625'"
  },
  {
    "'S3044'": "'S3713'",
    "'S1020'": "'S0587'"
  },
  {
    "'S3044'": "'S3713'",
    "'S1020'": "'S0589'"
  },
  {
    "'S3044'": "'S3713'",
    "'S1020'": "'S0586'"
  },
  {
    "'S3044'": "'S3713'",
    "'S1020'": "'S0588'"
  },
  {
    "'S3044'": "'S1854'",
    "'S1020'": "'S3537'"
  },
  {
    "'S3044'": "'S4358'",
    "'S1020'": "'S3099'"
  },
  {
    "'S3044'": "'S4354'",
    "'S1020'": "'S0332'"
  },
  {
    "'S3044'": "'S3369'",
    "'S1020'": "'S3912'"
  }
]