[
  {
    "'S0173'": "'S1177'"
  },
  {
    "'S0173'": "'S2534'"
  },
  {
    "'S0173'": "'S0004'"
  },
  {
    "'S0173'": "'S0154'"
  },
  {
    "'S0173'": "'S1178'"
  },
  {
    "'S0173'": "'S0001'"
  },
  {
    "'S0173'": "'S2527'"
  },
  {
    "'S0173'": "'S3510'"
  },
  {
    "'S0173'": "'S3511'"
  },
  {
    "'S0173'": "'S0178'"
  },
  {
    "'S0173'": "'S3710'"
  },
  {
    "'S0173'": "'S3026'"
  },
  {
    "'S0173'": "'S1175'"
  },
  {
    "'S0173'": "'S3712'"
  },
  {
    "'S0173'": "'S4488'"
  },
  {
    "'S0173'": "'S3457'"
  },
  {
    "'S0173'": "'S3458'"
  },
  {
    "'S0173'": "'S3459'"
  },
  {
    "'S0173'": "'S4489'"
  },
  {
    "'S0173'": "'S4385'"
  },
  {
    "'S0173'": "'S0426'"
  },
  {
    "'S0173'": "'S2966'"
  },
  {
    "'S0173'": "'S1233'"
  },
  {
    "'S0173'": "'S4600'"
  },
  {
    "'S0173'": "'S3266'"
  },
  {
    "'S0173'": "'S3711'"
  },
  {
    "'S0173'": "'S3657'"
  },
  {
    "'S0173'": "'S0461'"
  },
  {
    "'S0173'": "'S0462'"
  },
  {
    "'S0173'": "'S0765'"
  },
  {
    "'S0173'": "'S3669'"
  },
  {
    "'S0173'": "'S1352'"
  },
  {
    "'S0173'": "'S1353'"
  },
  {
    "'S0173'": "'S0767'"
  },
  {
    "'S0173'": "'S0359'"
  },
  {
    "'S0173'": "'S3709'"
  },
  {
    "'S0173'": "'S3430'"
  },
  {
    "'S0173'": "'S4307'"
  },
  {
    "'S0173'": "'S0130'"
  },
  {
    "'S0173'": "'S4507'"
  },
  {
    "'S0173'": "'S0989'"
  },
  {
    "'S0173'": "'S2202'"
  },
  {
    "'S0173'": "'S0820'"
  },
  {
    "'S0173'": "'S3819'"
  },
  {
    "'S0173'": "'S4537'"
  },
  {
    "'S0173'": "'S0766'"
  },
  {
    "'S0173'": "'S3454'"
  },
  {
    "'S0173'": "'S3285'"
  },
  {
    "'S0173'": "'S1295'"
  },
  {
    "'S0173'": "'S2836'"
  },
  {
    "'S0173'": "'S2837'"
  },
  {
    "'S0173'": "'S2540'"
  },
  {
    "'S0173'": "'S3565'"
  },
  {
    "'S0173'": "'S0974'"
  },
  {
    "'S0173'": "'S0774'"
  },
  {
    "'S0173'": "'S0772'"
  },
  {
    "'S0173'": "'S3809'"
  },
  {
    "'S0173'": "'S0590'"
  },
  {
    "'S0173'": "'S2989'"
  },
  {
    "'S0173'": "'S3046'"
  },
  {
    "'S0173'": "'S3869'"
  },
  {
    "'S0173'": "'S0168'"
  },
  {
    "'S0173'": "'S3286'"
  },
  {
    "'S0173'": "'S0769'"
  },
  {
    "'S0173'": "'S4081'"
  },
  {
    "'S0173'": "'S3913'"
  },
  {
    "'S0173'": "'S0030'"
  },
  {
    "'S0173'": "'S2671'"
  },
  {
    "'S0173'": "'S1146'"
  },
  {
    "'S0173'": "'S4355'"
  },
  {
    "'S0173'": "'S1855'"
  },
  {
    "'S0173'": "'S0366'"
  },
  {
    "'S0173'": "'S0028'"
  },
  {
    "'S0173'": "'S0102'"
  },
  {
    "'S0173'": "'S3910'"
  },
  {
    "'S0173'": "'S1182'"
  },
  {
    "'S0173'": "'S0166'"
  },
  {
    "'S0173'": "'S0365'"
  },
  {
    "'S0173'": "'S1375'"
  },
  {
    "'S0173'": "'S2972'"
  },
  {
    "'S0173'": "'S2973'"
  },
  {
    "'S0173'": "'S0427'"
  },
  {
    "'S0173'": "'S0024'"
  },
  {
    "'S0173'": "'S3958'"
  },
  {
    "'S0173'": "'S0149'"
  },
  {
    "'S0173'": "'S4121'"
  },
  {
    "'S0173'": "'S3959'"
  },
  {
    "'S0173'": "'S2523'"
  },
  {
    "'S0173'": "'S3695'"
  },
  {
    "'S0173'": "'S1297'"
  },
  {
    "'S0173'": "'S2605'"
  },
  {
    "'S0173'": "'S2725'"
  },
  {
    "'S0173'": "'S1364'"
  },
  {
    "'S0173'": "'S3566'"
  },
  {
    "'S0173'": "'S0125'"
  },
  {
    "'S0173'": "'S2203'"
  },
  {
    "'S0173'": "'S2205'"
  },
  {
    "'S0173'": "'S3879'"
  },
  {
    "'S0173'": "'S2290'"
  },
  {
    "'S0173'": "'S0003'"
  },
  {
    "'S0173'": "'S3651'"
  },
  {
    "'S0173'": "'S2204'"
  },
  {
    "'S0173'": "'S2749'"
  },
  {
    "'S0173'": "'S3876'"
  },
  {
    "'S0173'": "'S1238'"
  },
  {
    "'S0173'": "'S2206'"
  },
  {
    "'S0173'": "'S2208'"
  },
  {
    "'S0173'": "'S1351'"
  },
  {
    "'S0173'": "'S3914'"
  },
  {
    "'S0173'": "'S0070'"
  },
  {
    "'S0173'": "'S0069'"
  },
  {
    "'S0173'": "'S0068'"
  },
  {
    "'S0173'": "'S0071'"
  },
  {
    "'S0173'": "'S0978'"
  },
  {
    "'S0173'": "'S3456'"
  },
  {
    "'S0173'": "'S1302'"
  },
  {
    "'S0173'": "'S0175'"
  },
  {
    "'S0173'": "'S0768'"
  },
  {
    "'S0173'": "'S1176'"
  },
  {
    "'S0173'": "'S2733'"
  },
  {
    "'S0173'": "'S2962'"
  },
  {
    "'S0173'": "'S2963'"
  },
  {
    "'S0173'": "'S3137'"
  },
  {
    "'S0173'": "'S0775'"
  },
  {
    "'S0173'": "'S4096'"
  },
  {
    "'S0173'": "'S0133'"
  },
  {
    "'S0173'": "'S0009'"
  },
  {
    "'S0173'": "'S1153'"
  },
  {
    "'S0173'": "'S0776'"
  },
  {
    "'S0173'": "'S0819'"
  },
  {
    "'S0173'": "'S3728'"
  },
  {
    "'S0173'": "'S2852'"
  },
  {
    "'S0173'": "'S1603'"
  },
  {
    "'S0173'": "'S0992'"
  },
  {
    "'S0173'": "'S0664'"
  },
  {
    "'S0173'": "'S4496'"
  },
  {
    "'S0173'": "'S3445'"
  },
  {
    "'S0173'": "'S0966'"
  },
  {
    "'S0173'": "'S1368'"
  },
  {
    "'S0173'": "'S2522'"
  },
  {
    "'S0173'": "'S3833'"
  },
  {
    "'S0173'": "'S4087'"
  },
  {
    "'S0173'": "'S0330'"
  },
  {
    "'S0173'": "'S0132'"
  },
  {
    "'S0173'": "'S0086'"
  },
  {
    "'S0173'": "'S2971'"
  },
  {
    "'S0173'": "'S2799'"
  },
  {
    "'S0173'": "'S0051'"
  },
  {
    "'S0173'": "'S2531'"
  },
  {
    "'S0173'": "'S3434'"
  },
  {
    "'S0173'": "'S4329'"
  },
  {
    "'S0173'": "'S3688'"
  },
  {
    "'S0173'": "'S0270'"
  },
  {
    "'S0173'": "'S4090'"
  },
  {
    "'S0173'": "'S3826'"
  },
  {
    "'S0173'": "'S3658'"
  },
  {
    "'S0173'": "'S2692'"
  },
  {
    "'S0173'": "'S2209'"
  },
  {
    "'S0173'": "'S2669'"
  },
  {
    "'S0173'": "'S2776'"
  },
  {
    "'S0173'": "'S2207'"
  },
  {
    "'S0173'": "'S1294'"
  },
  {
    "'S0173'": "'S0967'"
  },
  {
    "'S0173'": "'S4582'"
  },
  {
    "'S0173'": "'S2820'"
  },
  {
    "'S0173'": "'S4095'"
  },
  {
    "'S0173'": "'S1822'"
  },
  {
    "'S0173'": "'S0360'"
  },
  {
    "'S0173'": "'S2901'"
  },
  {
    "'S0173'": "'S2968'"
  },
  {
    "'S0173'": "'S2967'"
  },
  {
    "'S0173'": "'S2665'"
  },
  {
    "'S0173'": "'S4122'"
  },
  {
    "'S0173'": "'S4376'"
  },
  {
    "'S0173'": "'S3730'"
  },
  {
    "'S0173'": "'S0975'"
  },
  {
    "'S0173'": "'S0159'"
  },
  {
    "'S0173'": "'S0368'"
  },
  {
    "'S0173'": "'S3671'"
  },
  {
    "'S0173'": "'S3673'"
  },
  {
    "'S0173'": "'thiS'"
  },
  {
    "'S0173'": "'S2658'"
  },
  {
    "'S0173'": "'S3035'"
  },
  {
    "'S0173'": "'S0362'"
  },
  {
    "'S0173'": "'S3670'"
  },
  {
    "'S0173'": "'S1350'"
  },
  {
    "'S0173'": "'S1349'"
  },
  {
    "'S0173'": "'S3672'"
  },
  {
    "'S0173'": "'S0172'"
  },
  {
    "'S0173'": "'S0084'"
  },
  {
    "'S0173'": "'S0174'"
  },
  {
    "'S0173'": "'S3447'"
  },
  {
    "'S0173'": "'S0089'"
  },
  {
    "'S0173'": "'S0087'"
  },
  {
    "'S0173'": "'S0090'"
  },
  {
    "'S0173'": "'S3690'"
  },
  {
    "'S0173'": "'S0167'"
  },
  {
    "'S0173'": "'S0085'"
  },
  {
    "'S0173'": "'S0095'"
  },
  {
    "'S0173'": "'S3880'"
  },
  {
    "'S0173'": "'S3666'"
  },
  {
    "'S0173'": "'S0463'"
  },
  {
    "'S0173'": "'S3471'"
  },
  {
    "'S0173'": "'S3470'"
  }
]