ECs3693,ECs1038
ECs1038,ECs4774
ECs1038,ECs0506
ECs4076,ECs3564
ECs0082,ECs4611
ECs0082,ECs4612
ECs4611,ECs0081
ECs0081,ECs4612
ECs2559,ECs3362
ECs1849,ECs0122
ECs1468,ECs5024
ECs0527,ECs3380
ECs0527,ECs5342
ECs0527,ECs1712
ECs0527,ECs5077
ECs0096,ECs0431
ECs1685,ECs5035
ECs3417,ECs3784
ECs3417,ECs5346
ECs3942,ECs5024
ECs0704,ECs4686
ECs4869,ECs0002
ECs0159,ECs2298
ECs3307,ECs4789
ECs3892,ECs2330
ECs3286,ECs3292
ECs0993,ECs0173
ECs0051,ECs2312
ECs0103,ECs2575
ECs3798,ECs2488
ECs1874,ECs4792
ECs2467,ECs4092
ECs2467,ECs4091
ECs2830,ECs4228
ECs4372,ECs0973
ECs0265,ECs3370
ECs0130,ECs0392
ECs3741,ECs3370
ECs3740,ECs3370
ECs3739,ECs3370
ECs3395,ECs2388
ECs3395,ECs2386
ECs3395,ECs2390
ECs3395,ECs2389
ECs3395,ECs2387
ECs3395,ECs2391
ECs3394,ECs2388
ECs3394,ECs2386
ECs3394,ECs2390
ECs3394,ECs2389
ECs3394,ECs2387
ECs3394,ECs2391
ECs4932,ECs4885
ECs4759,ECs4937
ECs0792,ECs3295
ECs0792,ECs3293
ECs0792,ECs3294
ECs0793,ECs3295
ECs0793,ECs3293
ECs0793,ECs3294
ECs3295,ECs0791
ECs3293,ECs0791
ECs3294,ECs0791
ECs5342,ECs1712
ECs1712,ECs5077
ECs2399,ECs4147
ECs4228,ECs3785
ECs0438,ECs4232
ECs3997,ECs4706
