[
  {
    "'g.28017.CDS.1189'": "'Unknown'"
  },
  {
    "'g.28017.CDS.1189'": "'g.28017.CDS.870'"
  },
  {
    "'g.28017.CDS.1189'": "'g.28017.CDS.1704'"
  },
  {
    "'g.28017.CDS.1189'": "'g.28017.CDS.548'"
  },
  {
    "'g.28017.CDS.1189'": "'g.28017.CDS.726'"
  },
  {
    "'g.28017.CDS.1189'": "'883077.3.peg.629'"
  },
  {
    "'g.28017.CDS.1189'": "'g.28017.CDS.197'"
  },
  {
    "'g.28017.CDS.1189'": "'g.28017.CDS.1298'"
  },
  {
    "'g.28017.CDS.1189'": "'g.28017.CDS.710'"
  },
  {
    "'g.28017.CDS.1189'": "'g.28017.CDS.1303'"
  },
  {
    "'g.28017.CDS.1189'": "'g.28017.CDS.500'"
  },
  {
    "'g.28017.CDS.1189'": "'g.28017.CDS.1240'"
  },
  {
    "'g.28017.CDS.1189'": "'g.28017.CDS.785'"
  },
  {
    "'g.28017.CDS.1189'": "'g.28017.CDS.189'"
  },
  {
    "'g.28017.CDS.1189'": "'883077.3.peg.1610'"
  },
  {
    "'g.28017.CDS.1189'": "'g.28017.CDS.1675'"
  },
  {
    "'g.28017.CDS.1189'": "'883077.3.peg.1641'"
  },
  {
    "'g.28017.CDS.1189'": "'g.28017.CDS.1335'"
  },
  {
    "'g.28017.CDS.1189'": "'883077.3.peg.872'"
  },
  {
    "'g.28017.CDS.1189'": "'883077.3.peg.1012'"
  },
  {
    "'g.28017.CDS.1189'": "'g.28017.CDS.544'"
  },
  {
    "'g.28017.CDS.1189'": "'g.28017.CDS.87'"
  },
  {
    "'g.28017.CDS.1189'": "'g.28017.CDS.882'"
  },
  {
    "'g.28017.CDS.1189'": "'883077.3.peg.932'"
  },
  {
    "'g.28017.CDS.1189'": "'883077.3.peg.1540'"
  },
  {
    "'g.28017.CDS.1189'": "'g.28017.CDS.249'"
  },
  {
    "'g.28017.CDS.1189'": "'g.28017.CDS.68'"
  },
  {
    "'g.28017.CDS.1189'": "'883077.3.peg.1667'"
  },
  {
    "'g.28017.CDS.1189'": "'g.28017.CDS.1419'"
  },
  {
    "'g.28017.CDS.1189'": "'883077.3.peg.294'"
  },
  {
    "'g.28017.CDS.1189'": "'883077.3.peg.1612'"
  },
  {
    "'g.28017.CDS.1189'": "'g.28017.CDS.217'"
  },
  {
    "'g.28017.CDS.1189'": "'g.28017.CDS.158'"
  },
  {
    "'g.28017.CDS.1189'": "'g.28017.CDS.368'"
  },
  {
    "'g.28017.CDS.1189'": "'g.28017.CDS.277'"
  },
  {
    "'g.28017.CDS.1189'": "'g.28017.CDS.1532'"
  },
  {
    "'g.28017.CDS.1189'": "'883077.3.peg.1448'"
  },
  {
    "'g.28017.CDS.1189'": "'883077.3.peg.628'"
  },
  {
    "'g.28017.CDS.1189'": "'883077.3.peg.1273'"
  },
  {
    "'g.28017.CDS.1189'": "'883077.3.peg.805'"
  },
  {
    "'g.28017.CDS.1189'": "'g.28017.CDS.980'"
  },
  {
    "'g.28017.CDS.1189'": "'g.28017.CDS.1251'"
  },
  {
    "'g.28017.CDS.1189'": "'g.28017.CDS.1011'"
  },
  {
    "'g.28017.CDS.1189'": "'883077.3.peg.295'"
  },
  {
    "'g.28017.CDS.1189'": "'g.28017.CDS.563'"
  },
  {
    "'g.28017.CDS.1189'": "'g.28017.CDS.372'"
  },
  {
    "'g.28017.CDS.1189'": "'g.28017.CDS.1009'"
  },
  {
    "'g.28017.CDS.1189'": "'g.28017.CDS.1450'"
  },
  {
    "'g.28017.CDS.1189'": "'g.28017.CDS.1269'"
  },
  {
    "'g.28017.CDS.1189'": "'g.28017.CDS.1663'"
  },
  {
    "'g.28017.CDS.1189'": "'g.28017.CDS.484'"
  },
  {
    "'g.28017.CDS.1189'": "'g.28017.CDS.1300'"
  },
  {
    "'g.28017.CDS.1189'": "'g.28017.CDS.1034'"
  },
  {
    "'g.28017.CDS.1189'": "'g.28017.CDS.1046'"
  },
  {
    "'g.28017.CDS.1189'": "'g.28017.CDS.1148'"
  },
  {
    "'g.28017.CDS.1189'": "'g.28017.CDS.1213'"
  },
  {
    "'g.28017.CDS.1189'": "'g.28017.CDS.1222'"
  },
  {
    "'g.28017.CDS.1189'": "'g.28017.CDS.1360'"
  },
  {
    "'g.28017.CDS.1189'": "'g.28017.CDS.1389'"
  },
  {
    "'g.28017.CDS.1189'": "'g.28017.CDS.1477'"
  },
  {
    "'g.28017.CDS.1189'": "'g.28017.CDS.296'"
  },
  {
    "'g.28017.CDS.1189'": "'g.28017.CDS.312'"
  },
  {
    "'g.28017.CDS.1189'": "'g.28017.CDS.403'"
  },
  {
    "'g.28017.CDS.1189'": "'g.28017.CDS.643'"
  },
  {
    "'g.28017.CDS.1189'": "'g.28017.CDS.664'"
  },
  {
    "'g.28017.CDS.1189'": "'g.28017.CDS.783'"
  },
  {
    "'g.28017.CDS.1189'": "'g.28017.CDS.797'"
  },
  {
    "'g.28017.CDS.1189'": "'g.28017.CDS.810'"
  },
  {
    "'g.28017.CDS.1189'": "'g.28017.CDS.925'"
  },
  {
    "'g.28017.CDS.1189'": "'g.28017.CDS.960'"
  },
  {
    "'g.28017.CDS.1189'": "'g.28017.CDS.986'"
  },
  {
    "'g.28017.CDS.1189'": "'g.28017.CDS.1015'"
  },
  {
    "'g.28017.CDS.1189'": "'g.28017.CDS.1025'"
  },
  {
    "'g.28017.CDS.1189'": "'g.28017.CDS.1045'"
  },
  {
    "'g.28017.CDS.1189'": "'g.28017.CDS.1077'"
  },
  {
    "'g.28017.CDS.1189'": "'g.28017.CDS.1089'"
  },
  {
    "'g.28017.CDS.1189'": "'g.28017.CDS.1135'"
  },
  {
    "'g.28017.CDS.1189'": "'g.28017.CDS.1138'"
  },
  {
    "'g.28017.CDS.1189'": "'g.28017.CDS.1140'"
  },
  {
    "'g.28017.CDS.1189'": "'g.28017.CDS.1158'"
  },
  {
    "'g.28017.CDS.1189'": "'g.28017.CDS.1218'"
  },
  {
    "'g.28017.CDS.1189'": "'g.28017.CDS.1234'"
  },
  {
    "'g.28017.CDS.1189'": "'g.28017.CDS.1249'"
  },
  {
    "'g.28017.CDS.1189'": "'g.28017.CDS.1256'"
  },
  {
    "'g.28017.CDS.1189'": "'g.28017.CDS.1259'"
  },
  {
    "'g.28017.CDS.1189'": "'g.28017.CDS.1262'"
  },
  {
    "'g.28017.CDS.1189'": "'g.28017.CDS.1270'"
  },
  {
    "'g.28017.CDS.1189'": "'g.28017.CDS.1271'"
  },
  {
    "'g.28017.CDS.1189'": "'g.28017.CDS.1278'"
  },
  {
    "'g.28017.CDS.1189'": "'g.28017.CDS.1281'"
  },
  {
    "'g.28017.CDS.1189'": "'g.28017.CDS.1319'"
  },
  {
    "'g.28017.CDS.1189'": "'g.28017.CDS.1322'"
  },
  {
    "'g.28017.CDS.1189'": "'g.28017.CDS.1333'"
  },
  {
    "'g.28017.CDS.1189'": "'g.28017.CDS.1353'"
  },
  {
    "'g.28017.CDS.1189'": "'g.28017.CDS.1357'"
  },
  {
    "'g.28017.CDS.1189'": "'g.28017.CDS.1359'"
  },
  {
    "'g.28017.CDS.1189'": "'g.28017.CDS.1367'"
  },
  {
    "'g.28017.CDS.1189'": "'g.28017.CDS.1385'"
  },
  {
    "'g.28017.CDS.1189'": "'g.28017.CDS.1402'"
  },
  {
    "'g.28017.CDS.1189'": "'g.28017.CDS.1436'"
  },
  {
    "'g.28017.CDS.1189'": "'g.28017.CDS.1457'"
  },
  {
    "'g.28017.CDS.1189'": "'g.28017.CDS.1471'"
  },
  {
    "'g.28017.CDS.1189'": "'g.28017.CDS.1481'"
  },
  {
    "'g.28017.CDS.1189'": "'g.28017.CDS.1486'"
  },
  {
    "'g.28017.CDS.1189'": "'g.28017.CDS.1487'"
  },
  {
    "'g.28017.CDS.1189'": "'g.28017.CDS.1497'"
  },
  {
    "'g.28017.CDS.1189'": "'g.28017.CDS.1519'"
  },
  {
    "'g.28017.CDS.1189'": "'g.28017.CDS.1530'"
  },
  {
    "'g.28017.CDS.1189'": "'g.28017.CDS.1555'"
  },
  {
    "'g.28017.CDS.1189'": "'g.28017.CDS.1588'"
  },
  {
    "'g.28017.CDS.1189'": "'g.28017.CDS.1592'"
  },
  {
    "'g.28017.CDS.1189'": "'g.28017.CDS.1600'"
  },
  {
    "'g.28017.CDS.1189'": "'g.28017.CDS.1604'"
  },
  {
    "'g.28017.CDS.1189'": "'g.28017.CDS.1621'"
  },
  {
    "'g.28017.CDS.1189'": "'g.28017.CDS.1638'"
  },
  {
    "'g.28017.CDS.1189'": "'g.28017.CDS.1646'"
  },
  {
    "'g.28017.CDS.1189'": "'g.28017.CDS.1655'"
  },
  {
    "'g.28017.CDS.1189'": "'g.28017.CDS.1676'"
  },
  {
    "'g.28017.CDS.1189'": "'g.28017.CDS.1688'"
  },
  {
    "'g.28017.CDS.1189'": "'g.28017.CDS.1729'"
  },
  {
    "'g.28017.CDS.1189'": "'g.28017.CDS.257'"
  },
  {
    "'g.28017.CDS.1189'": "'g.28017.CDS.365'"
  },
  {
    "'g.28017.CDS.1189'": "'g.28017.CDS.405'"
  },
  {
    "'g.28017.CDS.1189'": "'g.28017.CDS.427'"
  },
  {
    "'g.28017.CDS.1189'": "'g.28017.CDS.440'"
  },
  {
    "'g.28017.CDS.1189'": "'g.28017.CDS.447'"
  },
  {
    "'g.28017.CDS.1189'": "'g.28017.CDS.46'"
  },
  {
    "'g.28017.CDS.1189'": "'g.28017.CDS.48'"
  },
  {
    "'g.28017.CDS.1189'": "'g.28017.CDS.549'"
  },
  {
    "'g.28017.CDS.1189'": "'g.28017.CDS.551'"
  },
  {
    "'g.28017.CDS.1189'": "'g.28017.CDS.571'"
  },
  {
    "'g.28017.CDS.1189'": "'g.28017.CDS.582'"
  },
  {
    "'g.28017.CDS.1189'": "'g.28017.CDS.616'"
  },
  {
    "'g.28017.CDS.1189'": "'g.28017.CDS.649'"
  },
  {
    "'g.28017.CDS.1189'": "'g.28017.CDS.70'"
  },
  {
    "'g.28017.CDS.1189'": "'g.28017.CDS.708'"
  },
  {
    "'g.28017.CDS.1189'": "'g.28017.CDS.780'"
  },
  {
    "'g.28017.CDS.1189'": "'g.28017.CDS.872'"
  },
  {
    "'g.28017.CDS.1189'": "'g.28017.CDS.893'"
  },
  {
    "'g.28017.CDS.1189'": "'g.28017.CDS.944'"
  },
  {
    "'g.28017.CDS.1189'": "'g.28017.CDS.959'"
  },
  {
    "'g.28017.CDS.1189'": "'g.28017.CDS.1088'"
  },
  {
    "'g.28017.CDS.1189'": "'g.28017.CDS.1115'"
  },
  {
    "'g.28017.CDS.1189'": "'g.28017.CDS.1338'"
  },
  {
    "'g.28017.CDS.1189'": "'g.28017.CDS.1515'"
  },
  {
    "'g.28017.CDS.1189'": "'g.28017.CDS.152'"
  },
  {
    "'g.28017.CDS.1189'": "'g.28017.CDS.1614'"
  },
  {
    "'g.28017.CDS.1189'": "'g.28017.CDS.288'"
  },
  {
    "'g.28017.CDS.1189'": "'g.28017.CDS.641'"
  },
  {
    "'g.28017.CDS.1189'": "'g.28017.CDS.690'"
  }
]