[
  {
    "'g.28017.CDS.198'": "'883077.3.peg.1288'",
    "'g.28017.CDS.418'": "'g.28017.CDS.58'",
    "'883077.3.peg.1271'": "'883077.3.peg.1398'"
  },
  {
    "'g.28017.CDS.198'": "'883077.3.peg.1288'",
    "'g.28017.CDS.418'": "'g.28017.CDS.687'",
    "'883077.3.peg.1271'": "'883077.3.peg.1398'"
  },
  {
    "'g.28017.CDS.198'": "'g.28017.CDS.423'",
    "'g.28017.CDS.418'": "'g.28017.CDS.781'",
    "'883077.3.peg.1271'": "'883077.3.peg.302'"
  },
  {
    "'g.28017.CDS.198'": "'g.28017.CDS.423'",
    "'g.28017.CDS.418'": "'g.28017.CDS.781'",
    "'883077.3.peg.1271'": "'883077.3.peg.533'"
  },
  {
    "'g.28017.CDS.198'": "'g.28017.CDS.781'",
    "'g.28017.CDS.418'": "'883077.3.peg.302'",
    "'883077.3.peg.1271'": "'g.28017.CDS.985'"
  },
  {
    "'g.28017.CDS.198'": "'g.28017.CDS.781'",
    "'g.28017.CDS.418'": "'883077.3.peg.533'",
    "'883077.3.peg.1271'": "'g.28017.CDS.985'"
  },
  {
    "'g.28017.CDS.198'": "'883077.3.peg.1344'",
    "'g.28017.CDS.418'": "'g.28017.CDS.530'",
    "'883077.3.peg.1271'": "'g.28017.CDS.978'"
  },
  {
    "'g.28017.CDS.198'": "'g.28017.CDS.628'",
    "'g.28017.CDS.418'": "'883077.3.peg.501'",
    "'883077.3.peg.1271'": "'g.28017.CDS.234'"
  },
  {
    "'g.28017.CDS.198'": "'g.28017.CDS.628'",
    "'g.28017.CDS.418'": "'883077.3.peg.90'",
    "'883077.3.peg.1271'": "'g.28017.CDS.234'"
  },
  {
    "'g.28017.CDS.198'": "'g.28017.CDS.628'",
    "'g.28017.CDS.418'": "'883077.3.peg.502'",
    "'883077.3.peg.1271'": "'g.28017.CDS.234'"
  },
  {
    "'g.28017.CDS.198'": "'g.28017.CDS.628'",
    "'g.28017.CDS.418'": "'g.28017.CDS.234'",
    "'883077.3.peg.1271'": "'g.28017.CDS.1003'"
  },
  {
    "'g.28017.CDS.198'": "'g.28017.CDS.37'",
    "'g.28017.CDS.418'": "'g.28017.CDS.1182'",
    "'883077.3.peg.1271'": "'g.28017.CDS.246'"
  },
  {
    "'g.28017.CDS.198'": "'g.28017.CDS.37'",
    "'g.28017.CDS.418'": "'g.28017.CDS.1432'",
    "'883077.3.peg.1271'": "'g.28017.CDS.273'"
  },
  {
    "'g.28017.CDS.198'": "'g.28017.CDS.1141'",
    "'g.28017.CDS.418'": "'g.28017.CDS.104'",
    "'883077.3.peg.1271'": "'883077.3.peg.644'"
  },
  {
    "'g.28017.CDS.198'": "'g.28017.CDS.1141'",
    "'g.28017.CDS.418'": "'g.28017.CDS.104'",
    "'883077.3.peg.1271'": "'883077.3.peg.1511'"
  },
  {
    "'g.28017.CDS.198'": "'g.28017.CDS.104'",
    "'g.28017.CDS.418'": "'883077.3.peg.1219'",
    "'883077.3.peg.1271'": "'883077.3.peg.644'"
  },
  {
    "'g.28017.CDS.198'": "'g.28017.CDS.104'",
    "'g.28017.CDS.418'": "'883077.3.peg.1219'",
    "'883077.3.peg.1271'": "'883077.3.peg.1511'"
  },
  {
    "'g.28017.CDS.198'": "'g.28017.CDS.965'",
    "'g.28017.CDS.418'": "'g.28017.CDS.1492'",
    "'883077.3.peg.1271'": "'g.28017.CDS.425'"
  },
  {
    "'g.28017.CDS.198'": "'g.28017.CDS.1236'",
    "'g.28017.CDS.418'": "'g.28017.CDS.1492'",
    "'883077.3.peg.1271'": "'g.28017.CDS.425'"
  },
  {
    "'g.28017.CDS.198'": "'g.28017.CDS.188'",
    "'g.28017.CDS.418'": "'883077.3.peg.501'",
    "'883077.3.peg.1271'": "'g.28017.CDS.709'"
  },
  {
    "'g.28017.CDS.198'": "'g.28017.CDS.188'",
    "'g.28017.CDS.418'": "'883077.3.peg.90'",
    "'883077.3.peg.1271'": "'g.28017.CDS.709'"
  },
  {
    "'g.28017.CDS.198'": "'g.28017.CDS.188'",
    "'g.28017.CDS.418'": "'883077.3.peg.502'",
    "'883077.3.peg.1271'": "'g.28017.CDS.709'"
  },
  {
    "'g.28017.CDS.198'": "'g.28017.CDS.188'",
    "'g.28017.CDS.418'": "'g.28017.CDS.1003'",
    "'883077.3.peg.1271'": "'g.28017.CDS.709'"
  },
  {
    "'g.28017.CDS.198'": "'883077.3.peg.860'",
    "'g.28017.CDS.418'": "'g.28017.CDS.195'",
    "'883077.3.peg.1271'": "'g.28017.CDS.456'"
  },
  {
    "'g.28017.CDS.198'": "'g.28017.CDS.878'",
    "'g.28017.CDS.418'": "'g.28017.CDS.940'",
    "'883077.3.peg.1271'": "'883077.3.peg.853'"
  },
  {
    "'g.28017.CDS.198'": "'g.28017.CDS.878'",
    "'g.28017.CDS.418'": "'g.28017.CDS.34'",
    "'883077.3.peg.1271'": "'g.28017.CDS.11'"
  },
  {
    "'g.28017.CDS.198'": "'g.28017.CDS.878'",
    "'g.28017.CDS.418'": "'g.28017.CDS.536'",
    "'883077.3.peg.1271'": "'g.28017.CDS.11'"
  },
  {
    "'g.28017.CDS.198'": "'g.28017.CDS.878'",
    "'g.28017.CDS.418'": "'g.28017.CDS.686'",
    "'883077.3.peg.1271'": "'g.28017.CDS.11'"
  },
  {
    "'g.28017.CDS.198'": "'g.28017.CDS.878'",
    "'g.28017.CDS.418'": "'g.28017.CDS.834'",
    "'883077.3.peg.1271'": "'g.28017.CDS.11'"
  },
  {
    "'g.28017.CDS.198'": "'883077.3.peg.1342'",
    "'g.28017.CDS.418'": "'g.28017.CDS.530'",
    "'883077.3.peg.1271'": "'g.28017.CDS.978'"
  },
  {
    "'g.28017.CDS.198'": "'g.28017.CDS.1101'",
    "'g.28017.CDS.418'": "'g.28017.CDS.1287'",
    "'883077.3.peg.1271'": "'g.28017.CDS.940'"
  },
  {
    "'g.28017.CDS.198'": "'g.28017.CDS.911'",
    "'g.28017.CDS.418'": "'883077.3.peg.880'",
    "'883077.3.peg.1271'": "'883077.3.peg.881'"
  },
  {
    "'g.28017.CDS.198'": "'g.28017.CDS.34'",
    "'g.28017.CDS.418'": "'g.28017.CDS.11'",
    "'883077.3.peg.1271'": "'883077.3.peg.853'"
  },
  {
    "'g.28017.CDS.198'": "'g.28017.CDS.536'",
    "'g.28017.CDS.418'": "'g.28017.CDS.11'",
    "'883077.3.peg.1271'": "'883077.3.peg.853'"
  },
  {
    "'g.28017.CDS.198'": "'g.28017.CDS.686'",
    "'g.28017.CDS.418'": "'g.28017.CDS.11'",
    "'883077.3.peg.1271'": "'883077.3.peg.853'"
  },
  {
    "'g.28017.CDS.198'": "'g.28017.CDS.834'",
    "'g.28017.CDS.418'": "'g.28017.CDS.11'",
    "'883077.3.peg.1271'": "'883077.3.peg.853'"
  },
  {
    "'g.28017.CDS.198'": "'g.28017.CDS.1128'",
    "'g.28017.CDS.418'": "'g.28017.CDS.1132'",
    "'883077.3.peg.1271'": "'g.28017.CDS.1167'"
  }
]