[
  {
    "'SF2846'": "'SF0954'",
    "'SF0954'": "'SF3922'"
  },
  {
    "'SF2846'": "'SF0954'",
    "'SF0954'": "'SF0397'"
  },
  {
    "'SF2846'": "'SF3237'",
    "'SF0954'": "'SF2731'"
  },
  {
    "'SF2846'": "'SF3790'",
    "'SF0954'": "'SF0072'"
  },
  {
    "'SF2846'": "'SF3790'",
    "'SF0954'": "'SF0073'"
  },
  {
    "'SF2846'": "'SF0072'",
    "'SF0954'": "'SF3791'"
  },
  {
    "'SF2846'": "'SF3791'",
    "'SF0954'": "'SF0073'"
  },
  {
    "'SF2846'": "'SF1859'",
    "'SF0954'": "'SF2544'"
  },
  {
    "'SF2846'": "'SF1280'",
    "'SF0954'": "'SF0115'"
  },
  {
    "'SF2846'": "'SF1094'",
    "'SF0954'": "'SF4164'"
  },
  {
    "'SF2846'": "'SF0571'",
    "'SF0954'": "'SF0569'"
  },
  {
    "'SF2846'": "'SF0571'",
    "'SF0954'": "'SF0568'"
  },
  {
    "'SF2846'": "'SF0113'",
    "'SF0954'": "'SF0569'"
  },
  {
    "'SF2846'": "'SF0113'",
    "'SF0954'": "'SF0568'"
  },
  {
    "'SF2846'": "'SF0570'",
    "'SF0954'": "'SF0569'"
  },
  {
    "'SF2846'": "'SF0570'",
    "'SF0954'": "'SF0568'"
  },
  {
    "'SF2846'": "'SF0232'",
    "'SF0954'": "'SF0089'"
  },
  {
    "'SF2846'": "'SF1179'",
    "'SF0954'": "'SF4152'"
  },
  {
    "'SF2846'": "'SF2598'",
    "'SF0954'": "'SF2898'"
  },
  {
    "'SF2846'": "'SF2598'",
    "'SF0954'": "'SF4420'"
  },
  {
    "'SF2846'": "'SF3100'",
    "'SF0954'": "'SF4164'"
  },
  {
    "'SF2846'": "'SF0619'",
    "'SF0954'": "'SF3824'"
  },
  {
    "'SF2846'": "'SF4018'",
    "'SF0954'": "'SF0002'"
  },
  {
    "'SF2846'": "'SF0452'",
    "'SF0954'": "'SF0029'"
  },
  {
    "'SF2846'": "'SF0452'",
    "'SF0954'": "'SF0030'"
  },
  {
    "'SF2846'": "'SF0147'",
    "'SF0954'": "'SF1613'"
  },
  {
    "'SF2846'": "'SF2489'",
    "'SF0954'": "'SF3937'"
  },
  {
    "'SF2846'": "'SF2469'",
    "'SF0954'": "'SF2476'"
  },
  {
    "'SF2846'": "'SF0980'",
    "'SF0954'": "'SF4033'"
  },
  {
    "'SF2846'": "'SF0981'",
    "'SF0954'": "'SF4033'"
  },
  {
    "'SF2846'": "'SF0906'",
    "'SF0954'": "'SF2767'"
  },
  {
    "'SF2846'": "'SF0906'",
    "'SF0954'": "'SF0161'"
  },
  {
    "'SF2846'": "'SF0045'",
    "'SF0954'": "'SF1627'"
  },
  {
    "'SF2846'": "'SF2912'",
    "'SF0954'": "'SF1444'"
  },
  {
    "'SF2846'": "'SF1302'",
    "'SF0954'": "'SF3940'"
  },
  {
    "'SF2846'": "'SF1462'",
    "'SF0954'": "'SF3252'"
  },
  {
    "'SF2846'": "'SF1462'",
    "'SF0954'": "'SF3253'"
  },
  {
    "'SF2846'": "'SF2091'",
    "'SF0954'": "'SF3404'"
  },
  {
    "'SF2846'": "'SF3531'",
    "'SF0954'": "'SF0847'"
  },
  {
    "'SF2846'": "'SF0286'",
    "'SF0954'": "'SF2554'"
  },
  {
    "'SF2846'": "'SF2869'",
    "'SF0954'": "'SF2554'"
  },
  {
    "'SF2846'": "'SF2868'",
    "'SF0954'": "'SF2554'"
  },
  {
    "'SF2846'": "'SF2870'",
    "'SF0954'": "'SF2554'"
  },
  {
    "'SF2846'": "'SF2576'",
    "'SF0954'": "'SF1708'"
  },
  {
    "'SF2846'": "'SF2576'",
    "'SF0954'": "'SF1711'"
  },
  {
    "'SF2846'": "'SF2576'",
    "'SF0954'": "'SF1712'"
  },
  {
    "'SF2846'": "'SF2576'",
    "'SF0954'": "'SF1713'"
  },
  {
    "'SF2846'": "'SF2576'",
    "'SF0954'": "'sufS'"
  },
  {
    "'SF2846'": "'SF2576'",
    "'SF0954'": "'SF1714'"
  },
  {
    "'SF2846'": "'SF2575'",
    "'SF0954'": "'SF1708'"
  },
  {
    "'SF2846'": "'SF2575'",
    "'SF0954'": "'SF1711'"
  },
  {
    "'SF2846'": "'SF2575'",
    "'SF0954'": "'SF1712'"
  },
  {
    "'SF2846'": "'SF2575'",
    "'SF0954'": "'SF1713'"
  },
  {
    "'SF2846'": "'SF2575'",
    "'SF0954'": "'sufS'"
  },
  {
    "'SF2846'": "'SF2575'",
    "'SF0954'": "'SF1714'"
  },
  {
    "'SF2846'": "'SF4081'",
    "'SF0954'": "'SF4033'"
  },
  {
    "'SF2846'": "'SF3015'",
    "'SF0954'": "'SF4033'"
  },
  {
    "'SF2846'": "'SF4085'",
    "'SF0954'": "'SF3907'"
  },
  {
    "'SF2846'": "'SF3034'",
    "'SF0954'": "'SF3729'"
  },
  {
    "'SF2846'": "'SF3034'",
    "'SF0954'": "'SF3727'"
  },
  {
    "'SF2846'": "'SF3034'",
    "'SF0954'": "'SF3728'"
  },
  {
    "'SF2846'": "'SF3034'",
    "'SF0954'": "'SF3730'"
  },
  {
    "'SF2846'": "'SF4033'",
    "'SF0954'": "'SF0576'"
  },
  {
    "'SF2846'": "'SF4033'",
    "'SF0954'": "'SF0575'"
  },
  {
    "'SF2846'": "'SF4033'",
    "'SF0954'": "'SF0573'"
  },
  {
    "'SF2846'": "'SF4033'",
    "'SF0954'": "'SF0574'"
  },
  {
    "'SF2846'": "'SF1722'",
    "'SF0954'": "'SF3313'"
  },
  {
    "'SF2846'": "'SF3404'",
    "'SF0954'": "'SF2899'"
  },
  {
    "'SF2846'": "'SF3408'",
    "'SF0954'": "'SF0324'"
  },
  {
    "'SF2846'": "'SF3157'",
    "'SF0954'": "'SF3847'"
  }
]