g.545.peg.770,262727.1.peg.1280
262727.1.peg.146,262727.1.peg.1558
g.545.peg.1416,g.545.peg.832
g.545.peg.149,g.545.peg.1525
g.545.peg.1525,g.545.peg.1294
g.545.peg.1525,g.545.peg.1584
262727.1.peg.939,262727.1.peg.940
g.545.peg.1522,g.545.peg.453
262727.1.peg.1709,g.545.peg.345
g.545.peg.1058,g.545.peg.1377
g.545.peg.1058,g.545.peg.1544
g.545.peg.1058,g.545.peg.61
g.545.peg.1058,g.545.peg.882
262727.1.peg.1417,262727.1.peg.1558
262727.1.peg.1417,g.545.peg.1587
g.545.peg.1674,262727.1.peg.635
g.545.peg.1265,262727.1.peg.635
g.545.peg.1569,262727.1.peg.635
g.545.peg.1656,262727.1.peg.635
g.545.peg.1708,262727.1.peg.635
g.545.peg.1294,g.545.peg.1699
g.545.peg.1171,262727.1.peg.248
g.545.peg.775,g.545.peg.36
g.545.peg.1256,g.545.peg.922
g.545.peg.1772,g.545.peg.922
g.545.peg.936,g.545.peg.36
g.545.peg.36,g.545.peg.478
g.545.peg.36,g.545.peg.568
g.545.peg.36,g.545.peg.798
g.545.peg.36,g.545.peg.434
g.545.peg.269,g.545.peg.870
g.545.peg.1005,262727.1.peg.1280
262727.1.peg.1713,g.545.peg.345
262727.1.peg.1558,g.545.peg.1587
262727.1.peg.1558,262727.1.peg.145
262727.1.peg.1558,262727.1.peg.1458
262727.1.peg.1558,g.545.peg.894
g.545.peg.1587,262727.1.peg.1458
g.545.peg.1377,g.545.peg.1544
g.545.peg.1377,g.545.peg.61
g.545.peg.1377,g.545.peg.882
g.545.peg.1584,g.545.peg.1699
g.545.peg.1056,g.545.peg.604
g.545.peg.1036,g.545.peg.1347
262727.1.peg.1628,262727.1.peg.388
g.545.peg.1487,g.545.peg.1596
g.545.peg.1502,g.545.peg.1699
g.545.peg.1382,g.545.peg.800
g.545.peg.1077,g.545.peg.756
g.545.peg.1477,g.545.peg.1649
g.545.peg.267,g.545.peg.837
g.545.peg.1230,g.545.peg.1302
