[
  {
    "'g.878.peg.2033'": "'g.878.peg.2892'",
    "'g.878.peg.870'": "'g.878.peg.927'"
  },
  {
    "'g.878.peg.2033'": "'321955.3.peg.2530'",
    "'g.878.peg.870'": "'g.878.peg.2956'"
  },
  {
    "'g.878.peg.2033'": "'321955.3.peg.2530'",
    "'g.878.peg.870'": "'g.878.peg.1407'"
  },
  {
    "'g.878.peg.2033'": "'321955.3.peg.2530'",
    "'g.878.peg.870'": "'321955.3.peg.3394'"
  },
  {
    "'g.878.peg.2033'": "'321955.3.peg.2683'",
    "'g.878.peg.870'": "'g.878.peg.196'"
  },
  {
    "'g.878.peg.2033'": "'321955.3.peg.2683'",
    "'g.878.peg.870'": "'g.878.peg.1645'"
  },
  {
    "'g.878.peg.2033'": "'g.878.peg.1541'",
    "'g.878.peg.870'": "'321955.3.peg.1135'"
  },
  {
    "'g.878.peg.2033'": "'g.878.peg.1541'",
    "'g.878.peg.870'": "'321955.3.peg.2847'"
  },
  {
    "'g.878.peg.2033'": "'g.878.peg.1541'",
    "'g.878.peg.870'": "'321955.3.peg.1134'"
  },
  {
    "'g.878.peg.2033'": "'g.878.peg.1541'",
    "'g.878.peg.870'": "'g.878.peg.1875'"
  },
  {
    "'g.878.peg.2033'": "'g.878.peg.1541'",
    "'g.878.peg.870'": "'321955.3.peg.1130'"
  },
  {
    "'g.878.peg.2033'": "'g.878.peg.1541'",
    "'g.878.peg.870'": "'321955.3.peg.2984'"
  },
  {
    "'g.878.peg.2033'": "'g.878.peg.1541'",
    "'g.878.peg.870'": "'g.878.peg.1001'"
  },
  {
    "'g.878.peg.2033'": "'g.878.peg.1541'",
    "'g.878.peg.870'": "'g.878.peg.1420'"
  },
  {
    "'g.878.peg.2033'": "'321955.3.peg.948'",
    "'g.878.peg.870'": "'321955.3.peg.2667'"
  },
  {
    "'g.878.peg.2033'": "'321955.3.peg.948'",
    "'g.878.peg.870'": "'321955.3.peg.1083'"
  },
  {
    "'g.878.peg.2033'": "'321955.3.peg.948'",
    "'g.878.peg.870'": "'g.878.peg.97'"
  },
  {
    "'g.878.peg.2033'": "'321955.3.peg.949'",
    "'g.878.peg.870'": "'321955.3.peg.2667'"
  },
  {
    "'g.878.peg.2033'": "'321955.3.peg.949'",
    "'g.878.peg.870'": "'321955.3.peg.1083'"
  },
  {
    "'g.878.peg.2033'": "'321955.3.peg.949'",
    "'g.878.peg.870'": "'g.878.peg.97'"
  },
  {
    "'g.878.peg.2033'": "'321955.3.peg.950'",
    "'g.878.peg.870'": "'321955.3.peg.2667'"
  },
  {
    "'g.878.peg.2033'": "'321955.3.peg.950'",
    "'g.878.peg.870'": "'321955.3.peg.1083'"
  },
  {
    "'g.878.peg.2033'": "'321955.3.peg.950'",
    "'g.878.peg.870'": "'g.878.peg.97'"
  },
  {
    "'g.878.peg.2033'": "'321955.3.peg.951'",
    "'g.878.peg.870'": "'321955.3.peg.2667'"
  },
  {
    "'g.878.peg.2033'": "'321955.3.peg.951'",
    "'g.878.peg.870'": "'321955.3.peg.1083'"
  },
  {
    "'g.878.peg.2033'": "'321955.3.peg.951'",
    "'g.878.peg.870'": "'g.878.peg.97'"
  },
  {
    "'g.878.peg.2033'": "'321955.3.peg.952'",
    "'g.878.peg.870'": "'321955.3.peg.2667'"
  },
  {
    "'g.878.peg.2033'": "'321955.3.peg.952'",
    "'g.878.peg.870'": "'321955.3.peg.1083'"
  },
  {
    "'g.878.peg.2033'": "'321955.3.peg.952'",
    "'g.878.peg.870'": "'g.878.peg.97'"
  },
  {
    "'g.878.peg.2033'": "'321955.3.peg.953'",
    "'g.878.peg.870'": "'321955.3.peg.2667'"
  },
  {
    "'g.878.peg.2033'": "'321955.3.peg.953'",
    "'g.878.peg.870'": "'321955.3.peg.1083'"
  },
  {
    "'g.878.peg.2033'": "'321955.3.peg.953'",
    "'g.878.peg.870'": "'g.878.peg.97'"
  },
  {
    "'g.878.peg.2033'": "'321955.3.peg.954'",
    "'g.878.peg.870'": "'321955.3.peg.2667'"
  },
  {
    "'g.878.peg.2033'": "'321955.3.peg.954'",
    "'g.878.peg.870'": "'321955.3.peg.1083'"
  },
  {
    "'g.878.peg.2033'": "'321955.3.peg.954'",
    "'g.878.peg.870'": "'g.878.peg.97'"
  },
  {
    "'g.878.peg.2033'": "'321955.3.peg.955'",
    "'g.878.peg.870'": "'321955.3.peg.2667'"
  },
  {
    "'g.878.peg.2033'": "'321955.3.peg.955'",
    "'g.878.peg.870'": "'321955.3.peg.1083'"
  },
  {
    "'g.878.peg.2033'": "'321955.3.peg.955'",
    "'g.878.peg.870'": "'g.878.peg.97'"
  },
  {
    "'g.878.peg.2033'": "'g.878.peg.3567'",
    "'g.878.peg.870'": "'g.878.peg.1415'"
  },
  {
    "'g.878.peg.2033'": "'g.878.peg.3578'",
    "'g.878.peg.870'": "'g.878.peg.868'"
  },
  {
    "'g.878.peg.2033'": "'g.878.peg.2480'",
    "'g.878.peg.870'": "'g.878.peg.160'"
  },
  {
    "'g.878.peg.2033'": "'g.878.peg.1372'",
    "'g.878.peg.870'": "'g.878.peg.429'"
  },
  {
    "'g.878.peg.2033'": "'g.878.peg.1250'",
    "'g.878.peg.870'": "'321955.3.peg.2536'"
  },
  {
    "'g.878.peg.2033'": "'321955.3.peg.2536'",
    "'g.878.peg.870'": "'g.878.peg.1473'"
  },
  {
    "'g.878.peg.2033'": "'g.878.peg.3075'",
    "'g.878.peg.870'": "'g.878.peg.626'"
  },
  {
    "'g.878.peg.2033'": "'g.878.peg.1191'",
    "'g.878.peg.870'": "'g.878.peg.208'"
  },
  {
    "'g.878.peg.2033'": "'g.878.peg.481'",
    "'g.878.peg.870'": "'g.878.peg.726'"
  },
  {
    "'g.878.peg.2033'": "'g.878.peg.481'",
    "'g.878.peg.870'": "'321955.3.peg.975'"
  },
  {
    "'g.878.peg.2033'": "'g.878.peg.2896'",
    "'g.878.peg.870'": "'g.878.peg.726'"
  },
  {
    "'g.878.peg.2033'": "'g.878.peg.2896'",
    "'g.878.peg.870'": "'321955.3.peg.975'"
  },
  {
    "'g.878.peg.2033'": "'g.878.peg.2161'",
    "'g.878.peg.870'": "'g.878.peg.3156'"
  },
  {
    "'g.878.peg.2033'": "'321955.3.peg.2684'",
    "'g.878.peg.870'": "'g.878.peg.196'"
  },
  {
    "'g.878.peg.2033'": "'321955.3.peg.2684'",
    "'g.878.peg.870'": "'g.878.peg.1645'"
  },
  {
    "'g.878.peg.2033'": "'321955.3.peg.710'",
    "'g.878.peg.870'": "'g.878.peg.196'"
  },
  {
    "'g.878.peg.2033'": "'321955.3.peg.710'",
    "'g.878.peg.870'": "'g.878.peg.1645'"
  },
  {
    "'g.878.peg.2033'": "'g.878.peg.196'",
    "'g.878.peg.870'": "'g.878.peg.1875'"
  },
  {
    "'g.878.peg.2033'": "'g.878.peg.196'",
    "'g.878.peg.870'": "'321955.3.peg.703'"
  },
  {
    "'g.878.peg.2033'": "'g.878.peg.196'",
    "'g.878.peg.870'": "'321955.3.peg.711'"
  },
  {
    "'g.878.peg.2033'": "'g.878.peg.1875'",
    "'g.878.peg.870'": "'g.878.peg.1645'"
  },
  {
    "'g.878.peg.2033'": "'g.878.peg.1645'",
    "'g.878.peg.870'": "'321955.3.peg.703'"
  },
  {
    "'g.878.peg.2033'": "'g.878.peg.1645'",
    "'g.878.peg.870'": "'321955.3.peg.711'"
  },
  {
    "'g.878.peg.2033'": "'g.878.peg.1470'",
    "'g.878.peg.870'": "'g.878.peg.2629'"
  },
  {
    "'g.878.peg.2033'": "'g.878.peg.1038'",
    "'g.878.peg.870'": "'321955.3.peg.2628'"
  },
  {
    "'g.878.peg.2033'": "'g.878.peg.1038'",
    "'g.878.peg.870'": "'321955.3.peg.2626'"
  },
  {
    "'g.878.peg.2033'": "'321955.3.peg.3405'",
    "'g.878.peg.870'": "'g.878.peg.1853'"
  },
  {
    "'g.878.peg.2033'": "'g.878.peg.213'",
    "'g.878.peg.870'": "'g.878.peg.379'"
  },
  {
    "'g.878.peg.2033'": "'g.878.peg.2041'",
    "'g.878.peg.870'": "'g.878.peg.3529'"
  },
  {
    "'g.878.peg.2033'": "'321955.3.peg.2811'",
    "'g.878.peg.870'": "'321955.3.peg.3584'"
  },
  {
    "'g.878.peg.2033'": "'g.878.peg.3223'",
    "'g.878.peg.870'": "'g.878.peg.3863'"
  },
  {
    "'g.878.peg.2033'": "'g.878.peg.3334'",
    "'g.878.peg.870'": "'g.878.peg.3732'"
  },
  {
    "'g.878.peg.2033'": "'g.878.peg.3734'",
    "'g.878.peg.870'": "'g.878.peg.3898'"
  },
  {
    "'g.878.peg.2033'": "'g.878.peg.726'",
    "'g.878.peg.870'": "'321955.3.peg.975'"
  },
  {
    "'g.878.peg.2033'": "'g.878.peg.122'",
    "'g.878.peg.870'": "'g.878.peg.519'"
  },
  {
    "'g.878.peg.2033'": "'321955.3.peg.2422'",
    "'g.878.peg.870'": "'321955.3.peg.2634'"
  },
  {
    "'g.878.peg.2033'": "'g.878.peg.1960'",
    "'g.878.peg.870'": "'g.878.peg.249'"
  },
  {
    "'g.878.peg.2033'": "'g.878.peg.1776'",
    "'g.878.peg.870'": "'g.878.peg.523'"
  },
  {
    "'g.878.peg.2033'": "'g.878.peg.1648'",
    "'g.878.peg.870'": "'g.878.peg.2054'"
  },
  {
    "'g.878.peg.2033'": "'g.878.peg.1722'",
    "'g.878.peg.870'": "'g.878.peg.2654'"
  },
  {
    "'g.878.peg.2033'": "'g.878.peg.1808'",
    "'g.878.peg.870'": "'g.878.peg.2852'"
  }
]