[
  {
    "'23DHMPO'": "'2AHBUTI'",
    "'EX_ile_L(e)'": "'EX_ile_L(e)'",
    "'KARA2'": "'KARA2'"
  },
  {
    "'23DHMPO'": "'3HAD100'",
    "'EX_ile_L(e)'": "'EX_ppi(e)'",
    "'KARA2'": "'PPA'"
  },
  {
    "'23DHMPO'": "'3HAD100'",
    "'EX_ile_L(e)'": "'PPA'",
    "'KARA2'": "'PPIt2e'"
  },
  {
    "'23DHMPO'": "'3HAD120'",
    "'EX_ile_L(e)'": "'EX_ppi(e)'",
    "'KARA2'": "'PPA'"
  },
  {
    "'23DHMPO'": "'3HAD120'",
    "'EX_ile_L(e)'": "'PPA'",
    "'KARA2'": "'PPIt2e'"
  },
  {
    "'23DHMPO'": "'3HAD140'",
    "'EX_ile_L(e)'": "'EX_ppi(e)'",
    "'KARA2'": "'PPA'"
  },
  {
    "'23DHMPO'": "'3HAD140'",
    "'EX_ile_L(e)'": "'PPA'",
    "'KARA2'": "'PPIt2e'"
  },
  {
    "'23DHMPO'": "'3HAD40'",
    "'EX_ile_L(e)'": "'EX_ppi(e)'",
    "'KARA2'": "'PPA'"
  },
  {
    "'23DHMPO'": "'3HAD40'",
    "'EX_ile_L(e)'": "'PPA'",
    "'KARA2'": "'PPIt2e'"
  },
  {
    "'23DHMPO'": "'3HAD60'",
    "'EX_ile_L(e)'": "'EX_ppi(e)'",
    "'KARA2'": "'PPA'"
  },
  {
    "'23DHMPO'": "'3HAD60'",
    "'EX_ile_L(e)'": "'PPA'",
    "'KARA2'": "'PPIt2e'"
  },
  {
    "'23DHMPO'": "'3HAD80'",
    "'EX_ile_L(e)'": "'EX_ppi(e)'",
    "'KARA2'": "'PPA'"
  },
  {
    "'23DHMPO'": "'3HAD80'",
    "'EX_ile_L(e)'": "'PPA'",
    "'KARA2'": "'PPIt2e'"
  },
  {
    "'23DHMPO'": "'3OAR100'",
    "'EX_ile_L(e)'": "'EX_ppi(e)'",
    "'KARA2'": "'PPA'"
  },
  {
    "'23DHMPO'": "'3OAR100'",
    "'EX_ile_L(e)'": "'PPA'",
    "'KARA2'": "'PPIt2e'"
  },
  {
    "'23DHMPO'": "'3OAR120'",
    "'EX_ile_L(e)'": "'EX_ppi(e)'",
    "'KARA2'": "'PPA'"
  },
  {
    "'23DHMPO'": "'3OAR120'",
    "'EX_ile_L(e)'": "'PPA'",
    "'KARA2'": "'PPIt2e'"
  },
  {
    "'23DHMPO'": "'3OAR140'",
    "'EX_ile_L(e)'": "'EX_ppi(e)'",
    "'KARA2'": "'PPA'"
  },
  {
    "'23DHMPO'": "'3OAR140'",
    "'EX_ile_L(e)'": "'PPA'",
    "'KARA2'": "'PPIt2e'"
  },
  {
    "'23DHMPO'": "'3OAR40'",
    "'EX_ile_L(e)'": "'EX_ppi(e)'",
    "'KARA2'": "'PPA'"
  },
  {
    "'23DHMPO'": "'3OAR40'",
    "'EX_ile_L(e)'": "'PPA'",
    "'KARA2'": "'PPIt2e'"
  },
  {
    "'23DHMPO'": "'3OAR60'",
    "'EX_ile_L(e)'": "'EX_ppi(e)'",
    "'KARA2'": "'PPA'"
  },
  {
    "'23DHMPO'": "'3OAR60'",
    "'EX_ile_L(e)'": "'PPA'",
    "'KARA2'": "'PPIt2e'"
  },
  {
    "'23DHMPO'": "'3OAR80'",
    "'EX_ile_L(e)'": "'EX_ppi(e)'",
    "'KARA2'": "'PPA'"
  },
  {
    "'23DHMPO'": "'3OAR80'",
    "'EX_ile_L(e)'": "'PPA'",
    "'KARA2'": "'PPIt2e'"
  },
  {
    "'23DHMPO'": "'3OAS100'",
    "'EX_ile_L(e)'": "'EX_ppi(e)'",
    "'KARA2'": "'PPA'"
  },
  {
    "'23DHMPO'": "'3OAS100'",
    "'EX_ile_L(e)'": "'PPA'",
    "'KARA2'": "'PPIt2e'"
  },
  {
    "'23DHMPO'": "'3OAS120'",
    "'EX_ile_L(e)'": "'EX_ppi(e)'",
    "'KARA2'": "'PPA'"
  },
  {
    "'23DHMPO'": "'3OAS120'",
    "'EX_ile_L(e)'": "'PPA'",
    "'KARA2'": "'PPIt2e'"
  },
  {
    "'23DHMPO'": "'3OAS140'",
    "'EX_ile_L(e)'": "'EX_ppi(e)'",
    "'KARA2'": "'PPA'"
  },
  {
    "'23DHMPO'": "'3OAS140'",
    "'EX_ile_L(e)'": "'PPA'",
    "'KARA2'": "'PPIt2e'"
  },
  {
    "'23DHMPO'": "'3OAS60'",
    "'EX_ile_L(e)'": "'EX_ppi(e)'",
    "'KARA2'": "'PPA'"
  },
  {
    "'23DHMPO'": "'3OAS60'",
    "'EX_ile_L(e)'": "'PPA'",
    "'KARA2'": "'PPIt2e'"
  },
  {
    "'23DHMPO'": "'3OAS80'",
    "'EX_ile_L(e)'": "'EX_ppi(e)'",
    "'KARA2'": "'PPA'"
  },
  {
    "'23DHMPO'": "'3OAS80'",
    "'EX_ile_L(e)'": "'PPA'",
    "'KARA2'": "'PPIt2e'"
  },
  {
    "'23DHMPO'": "'ACGK'",
    "'EX_ile_L(e)'": "'EX_arg_L(e)'",
    "'KARA2'": "'EX_orn(e)'"
  },
  {
    "'23DHMPO'": "'ACHBPL'",
    "'EX_ile_L(e)'": "'ILEabc'",
    "'KARA2'": "'ILEt2r'"
  },
  {
    "'23DHMPO'": "'ACLS_b'",
    "'EX_ile_L(e)'": "'VALabc'",
    "'KARA2'": "'VALt2r'"
  },
  {
    "'23DHMPO'": "'ACOATA'",
    "'EX_ile_L(e)'": "'EX_ppi(e)'",
    "'KARA2'": "'PPA'"
  },
  {
    "'23DHMPO'": "'ACOATA'",
    "'EX_ile_L(e)'": "'PPA'",
    "'KARA2'": "'PPIt2e'"
  },
  {
    "'23DHMPO'": "'ACOTA'",
    "'EX_ile_L(e)'": "'EX_arg_L(e)'",
    "'KARA2'": "'EX_orn(e)'"
  },
  {
    "'23DHMPO'": "'ADK5'",
    "'EX_ile_L(e)'": "'NDPK3'",
    "'KARA2'": "'UMPK'"
  },
  {
    "'23DHMPO'": "'ADK8'",
    "'EX_ile_L(e)'": "'NDPK7'",
    "'KARA2'": "'RNTR3'"
  },
  {
    "'23DHMPO'": "'ADK9'",
    "'EX_ile_L(e)'": "'NDPK5'",
    "'KARA2'": "'RNTR2'"
  },
  {
    "'23DHMPO'": "'ADNCNT3tc'",
    "'EX_ile_L(e)'": "'ADSL1r'",
    "'KARA2'": "'DADNt2r'"
  },
  {
    "'23DHMPO'": "'ADNCNT3tc'",
    "'EX_ile_L(e)'": "'ADSL1r'",
    "'KARA2'": "'EX_dad_2(e)'"
  },
  {
    "'23DHMPO'": "'ADNCNT3tc'",
    "'EX_ile_L(e)'": "'ADSL1r'",
    "'KARA2'": "'PUNP2'"
  },
  {
    "'23DHMPO'": "'ADNCNT3tc'",
    "'EX_ile_L(e)'": "'ADSS'",
    "'KARA2'": "'DADNt2r'"
  },
  {
    "'23DHMPO'": "'ADNCNT3tc'",
    "'EX_ile_L(e)'": "'ADSS'",
    "'KARA2'": "'EX_dad_2(e)'"
  },
  {
    "'23DHMPO'": "'ADNCNT3tc'",
    "'EX_ile_L(e)'": "'ADSS'",
    "'KARA2'": "'PUNP2'"
  },
  {
    "'23DHMPO'": "'ADSL1r'",
    "'EX_ile_L(e)'": "'DADNt2r'",
    "'KARA2'": "'EX_adn(e)'"
  },
  {
    "'23DHMPO'": "'ADSL1r'",
    "'EX_ile_L(e)'": "'EX_adn(e)'",
    "'KARA2'": "'EX_dad_2(e)'"
  },
  {
    "'23DHMPO'": "'ADSL1r'",
    "'EX_ile_L(e)'": "'EX_adn(e)'",
    "'KARA2'": "'PUNP2'"
  },
  {
    "'23DHMPO'": "'ADSS'",
    "'EX_ile_L(e)'": "'DADNt2r'",
    "'KARA2'": "'EX_adn(e)'"
  },
  {
    "'23DHMPO'": "'ADSS'",
    "'EX_ile_L(e)'": "'EX_adn(e)'",
    "'KARA2'": "'EX_dad_2(e)'"
  },
  {
    "'23DHMPO'": "'ADSS'",
    "'EX_ile_L(e)'": "'EX_adn(e)'",
    "'KARA2'": "'PUNP2'"
  },
  {
    "'23DHMPO'": "'AGPR'",
    "'EX_ile_L(e)'": "'EX_arg_L(e)'",
    "'KARA2'": "'EX_orn(e)'"
  },
  {
    "'23DHMPO'": "'AICART'",
    "'EX_ile_L(e)'": "'ALAHIS1c'",
    "'KARA2'": "'EX_his_L(e)'"
  },
  {
    "'23DHMPO'": "'AICART'",
    "'EX_ile_L(e)'": "'ALAHIS1c'",
    "'KARA2'": "'HISabc'"
  },
  {
    "'23DHMPO'": "'AICART'",
    "'EX_ile_L(e)'": "'ALAHISabc'",
    "'KARA2'": "'EX_his_L(e)'"
  },
  {
    "'23DHMPO'": "'AICART'",
    "'EX_ile_L(e)'": "'ALAHISabc'",
    "'KARA2'": "'HISabc'"
  },
  {
    "'23DHMPO'": "'AICART'",
    "'EX_ile_L(e)'": "'EX_alahis(e)'",
    "'KARA2'": "'EX_his_L(e)'"
  },
  {
    "'23DHMPO'": "'AICART'",
    "'EX_ile_L(e)'": "'EX_alahis(e)'",
    "'KARA2'": "'HISabc'"
  },
  {
    "'23DHMPO'": "'ALACI'",
    "'EX_ile_L(e)'": "'EX_val_L(e)'",
    "'KARA2'": "'KARA1'"
  },
  {
    "'23DHMPO'": "'ALAHIS1c'",
    "'EX_ile_L(e)'": "'ATPPRT'",
    "'KARA2'": "'EX_his_L(e)'"
  },
  {
    "'23DHMPO'": "'ALAHIS1c'",
    "'EX_ile_L(e)'": "'ATPPRT'",
    "'KARA2'": "'HISabc'"
  },
  {
    "'23DHMPO'": "'ALAHIS1c'",
    "'EX_ile_L(e)'": "'EX_his_L(e)'",
    "'KARA2'": "'HISTP'"
  },
  {
    "'23DHMPO'": "'ALAHIS1c'",
    "'EX_ile_L(e)'": "'EX_his_L(e)'",
    "'KARA2'": "'HSTPTr'"
  },
  {
    "'23DHMPO'": "'ALAHIS1c'",
    "'EX_ile_L(e)'": "'EX_his_L(e)'",
    "'KARA2'": "'IG3PS'"
  },
  {
    "'23DHMPO'": "'ALAHIS1c'",
    "'EX_ile_L(e)'": "'EX_his_L(e)'",
    "'KARA2'": "'IGPDH'"
  },
  {
    "'23DHMPO'": "'ALAHIS1c'",
    "'EX_ile_L(e)'": "'EX_his_L(e)'",
    "'KARA2'": "'IMPC'"
  },
  {
    "'23DHMPO'": "'ALAHIS1c'",
    "'EX_ile_L(e)'": "'EX_his_L(e)'",
    "'KARA2'": "'MTHFC'"
  },
  {
    "'23DHMPO'": "'ALAHIS1c'",
    "'EX_ile_L(e)'": "'EX_his_L(e)'",
    "'KARA2'": "'MTHFD'"
  },
  {
    "'23DHMPO'": "'ALAHIS1c'",
    "'EX_ile_L(e)'": "'EX_his_L(e)'",
    "'KARA2'": "'PRAMPC'"
  },
  {
    "'23DHMPO'": "'ALAHIS1c'",
    "'EX_ile_L(e)'": "'EX_his_L(e)'",
    "'KARA2'": "'PRATPP'"
  },
  {
    "'23DHMPO'": "'ALAHIS1c'",
    "'EX_ile_L(e)'": "'EX_his_L(e)'",
    "'KARA2'": "'PRMICI'"
  },
  {
    "'23DHMPO'": "'ALAHIS1c'",
    "'EX_ile_L(e)'": "'EX_his_L(e)'",
    "'KARA2'": "'PRPPS'"
  },
  {
    "'23DHMPO'": "'ALAHIS1c'",
    "'EX_ile_L(e)'": "'HISTP'",
    "'KARA2'": "'HISabc'"
  },
  {
    "'23DHMPO'": "'ALAHIS1c'",
    "'EX_ile_L(e)'": "'HISabc'",
    "'KARA2'": "'HSTPTr'"
  },
  {
    "'23DHMPO'": "'ALAHIS1c'",
    "'EX_ile_L(e)'": "'HISabc'",
    "'KARA2'": "'IG3PS'"
  },
  {
    "'23DHMPO'": "'ALAHIS1c'",
    "'EX_ile_L(e)'": "'HISabc'",
    "'KARA2'": "'IGPDH'"
  },
  {
    "'23DHMPO'": "'ALAHIS1c'",
    "'EX_ile_L(e)'": "'HISabc'",
    "'KARA2'": "'IMPC'"
  },
  {
    "'23DHMPO'": "'ALAHIS1c'",
    "'EX_ile_L(e)'": "'HISabc'",
    "'KARA2'": "'MTHFC'"
  },
  {
    "'23DHMPO'": "'ALAHIS1c'",
    "'EX_ile_L(e)'": "'HISabc'",
    "'KARA2'": "'MTHFD'"
  },
  {
    "'23DHMPO'": "'ALAHIS1c'",
    "'EX_ile_L(e)'": "'HISabc'",
    "'KARA2'": "'PRAMPC'"
  },
  {
    "'23DHMPO'": "'ALAHIS1c'",
    "'EX_ile_L(e)'": "'HISabc'",
    "'KARA2'": "'PRATPP'"
  },
  {
    "'23DHMPO'": "'ALAHIS1c'",
    "'EX_ile_L(e)'": "'HISabc'",
    "'KARA2'": "'PRMICI'"
  },
  {
    "'23DHMPO'": "'ALAHIS1c'",
    "'EX_ile_L(e)'": "'HISabc'",
    "'KARA2'": "'PRPPS'"
  },
  {
    "'23DHMPO'": "'ALAHISabc'",
    "'EX_ile_L(e)'": "'ATPPRT'",
    "'KARA2'": "'EX_his_L(e)'"
  },
  {
    "'23DHMPO'": "'ALAHISabc'",
    "'EX_ile_L(e)'": "'ATPPRT'",
    "'KARA2'": "'HISabc'"
  },
  {
    "'23DHMPO'": "'ALAHISabc'",
    "'EX_ile_L(e)'": "'EX_his_L(e)'",
    "'KARA2'": "'HISTP'"
  },
  {
    "'23DHMPO'": "'ALAHISabc'",
    "'EX_ile_L(e)'": "'EX_his_L(e)'",
    "'KARA2'": "'HSTPTr'"
  },
  {
    "'23DHMPO'": "'ALAHISabc'",
    "'EX_ile_L(e)'": "'EX_his_L(e)'",
    "'KARA2'": "'IG3PS'"
  },
  {
    "'23DHMPO'": "'ALAHISabc'",
    "'EX_ile_L(e)'": "'EX_his_L(e)'",
    "'KARA2'": "'IGPDH'"
  },
  {
    "'23DHMPO'": "'ALAHISabc'",
    "'EX_ile_L(e)'": "'EX_his_L(e)'",
    "'KARA2'": "'IMPC'"
  },
  {
    "'23DHMPO'": "'ALAHISabc'",
    "'EX_ile_L(e)'": "'EX_his_L(e)'",
    "'KARA2'": "'MTHFC'"
  },
  {
    "'23DHMPO'": "'ALAHISabc'",
    "'EX_ile_L(e)'": "'EX_his_L(e)'",
    "'KARA2'": "'MTHFD'"
  },
  {
    "'23DHMPO'": "'ALAHISabc'",
    "'EX_ile_L(e)'": "'EX_his_L(e)'",
    "'KARA2'": "'PRAMPC'"
  },
  {
    "'23DHMPO'": "'ALAHISabc'",
    "'EX_ile_L(e)'": "'EX_his_L(e)'",
    "'KARA2'": "'PRATPP'"
  },
  {
    "'23DHMPO'": "'ALAHISabc'",
    "'EX_ile_L(e)'": "'EX_his_L(e)'",
    "'KARA2'": "'PRMICI'"
  },
  {
    "'23DHMPO'": "'ALAHISabc'",
    "'EX_ile_L(e)'": "'EX_his_L(e)'",
    "'KARA2'": "'PRPPS'"
  },
  {
    "'23DHMPO'": "'ALAHISabc'",
    "'EX_ile_L(e)'": "'HISTP'",
    "'KARA2'": "'HISabc'"
  },
  {
    "'23DHMPO'": "'ALAHISabc'",
    "'EX_ile_L(e)'": "'HISabc'",
    "'KARA2'": "'HSTPTr'"
  },
  {
    "'23DHMPO'": "'ALAHISabc'",
    "'EX_ile_L(e)'": "'HISabc'",
    "'KARA2'": "'IG3PS'"
  },
  {
    "'23DHMPO'": "'ALAHISabc'",
    "'EX_ile_L(e)'": "'HISabc'",
    "'KARA2'": "'IGPDH'"
  },
  {
    "'23DHMPO'": "'ALAHISabc'",
    "'EX_ile_L(e)'": "'HISabc'",
    "'KARA2'": "'IMPC'"
  },
  {
    "'23DHMPO'": "'ALAHISabc'",
    "'EX_ile_L(e)'": "'HISabc'",
    "'KARA2'": "'MTHFC'"
  },
  {
    "'23DHMPO'": "'ALAHISabc'",
    "'EX_ile_L(e)'": "'HISabc'",
    "'KARA2'": "'MTHFD'"
  },
  {
    "'23DHMPO'": "'ALAHISabc'",
    "'EX_ile_L(e)'": "'HISabc'",
    "'KARA2'": "'PRAMPC'"
  },
  {
    "'23DHMPO'": "'ALAHISabc'",
    "'EX_ile_L(e)'": "'HISabc'",
    "'KARA2'": "'PRATPP'"
  },
  {
    "'23DHMPO'": "'ALAHISabc'",
    "'EX_ile_L(e)'": "'HISabc'",
    "'KARA2'": "'PRMICI'"
  },
  {
    "'23DHMPO'": "'ALAHISabc'",
    "'EX_ile_L(e)'": "'HISabc'",
    "'KARA2'": "'PRPPS'"
  },
  {
    "'23DHMPO'": "'ALATHR1c'",
    "'EX_ile_L(e)'": "'EX_thr_L(e)'",
    "'KARA2'": "'HSK'"
  },
  {
    "'23DHMPO'": "'ALATHR1c'",
    "'EX_ile_L(e)'": "'EX_thr_L(e)'",
    "'KARA2'": "'THRS'"
  },
  {
    "'23DHMPO'": "'ALATHR1c'",
    "'EX_ile_L(e)'": "'HSK'",
    "'KARA2'": "'THRt2r'"
  },
  {
    "'23DHMPO'": "'ALATHR1c'",
    "'EX_ile_L(e)'": "'THRS'",
    "'KARA2'": "'THRt2r'"
  },
  {
    "'23DHMPO'": "'ALATHRabc'",
    "'EX_ile_L(e)'": "'EX_thr_L(e)'",
    "'KARA2'": "'HSK'"
  },
  {
    "'23DHMPO'": "'ALATHRabc'",
    "'EX_ile_L(e)'": "'EX_thr_L(e)'",
    "'KARA2'": "'THRS'"
  },
  {
    "'23DHMPO'": "'ALATHRabc'",
    "'EX_ile_L(e)'": "'HSK'",
    "'KARA2'": "'THRt2r'"
  },
  {
    "'23DHMPO'": "'ALATHRabc'",
    "'EX_ile_L(e)'": "'THRS'",
    "'KARA2'": "'THRt2r'"
  },
  {
    "'23DHMPO'": "'ANPRT'",
    "'EX_ile_L(e)'": "'EX_indole(e)'",
    "'KARA2'": "'EX_trp_L(e)'"
  },
  {
    "'23DHMPO'": "'ANPRT'",
    "'EX_ile_L(e)'": "'EX_indole(e)'",
    "'KARA2'": "'TRPt2r'"
  },
  {
    "'23DHMPO'": "'ANPRT'",
    "'EX_ile_L(e)'": "'EX_trp_L(e)'",
    "'KARA2'": "'INDOLEt2r'"
  },
  {
    "'23DHMPO'": "'ANPRT'",
    "'EX_ile_L(e)'": "'EX_trp_L(e)'",
    "'KARA2'": "'TRPS2'"
  },
  {
    "'23DHMPO'": "'ANPRT'",
    "'EX_ile_L(e)'": "'INDOLEt2r'",
    "'KARA2'": "'TRPt2r'"
  },
  {
    "'23DHMPO'": "'ANPRT'",
    "'EX_ile_L(e)'": "'TRPS2'",
    "'KARA2'": "'TRPt2r'"
  },
  {
    "'23DHMPO'": "'ASP1DC'",
    "'EX_ile_L(e)'": "'MALNAt'",
    "'KARA2'": "'NAt3'"
  },
  {
    "'23DHMPO'": "'ATPPRT'",
    "'EX_ile_L(e)'": "'EX_alahis(e)'",
    "'KARA2'": "'EX_his_L(e)'"
  },
  {
    "'23DHMPO'": "'ATPPRT'",
    "'EX_ile_L(e)'": "'EX_alahis(e)'",
    "'KARA2'": "'HISabc'"
  },
  {
    "'23DHMPO'": "'CBMK'",
    "'EX_ile_L(e)'": "'CBPS'",
    "'KARA2'": "'EX_arg_L(e)'"
  },
  {
    "'23DHMPO'": "'CBMK'",
    "'EX_ile_L(e)'": "'EX_arg_L(e)'",
    "'KARA2'": "'H2CO3D'"
  },
  {
    "'23DHMPO'": "'CHORM'",
    "'EX_ile_L(e)'": "'EX_glytyr(e)'",
    "'KARA2'": "'EX_tyr_L(e)'"
  },
  {
    "'23DHMPO'": "'CHORM'",
    "'EX_ile_L(e)'": "'EX_glytyr(e)'",
    "'KARA2'": "'TYRt2r'"
  },
  {
    "'23DHMPO'": "'CHORM'",
    "'EX_ile_L(e)'": "'EX_tyr_L(e)'",
    "'KARA2'": "'GLYTYR1c'"
  },
  {
    "'23DHMPO'": "'CHORM'",
    "'EX_ile_L(e)'": "'EX_tyr_L(e)'",
    "'KARA2'": "'GLYTYRabc'"
  },
  {
    "'23DHMPO'": "'CHORM'",
    "'EX_ile_L(e)'": "'GLYTYR1c'",
    "'KARA2'": "'TYRt2r'"
  },
  {
    "'23DHMPO'": "'CHORM'",
    "'EX_ile_L(e)'": "'GLYTYRabc'",
    "'KARA2'": "'TYRt2r'"
  },
  {
    "'23DHMPO'": "'CHORS'",
    "'EX_ile_L(e)'": "'EX_glytyr(e)'",
    "'KARA2'": "'EX_tyr_L(e)'"
  },
  {
    "'23DHMPO'": "'CHORS'",
    "'EX_ile_L(e)'": "'EX_glytyr(e)'",
    "'KARA2'": "'TYRt2r'"
  },
  {
    "'23DHMPO'": "'CHORS'",
    "'EX_ile_L(e)'": "'EX_indole(e)'",
    "'KARA2'": "'EX_trp_L(e)'"
  },
  {
    "'23DHMPO'": "'CHORS'",
    "'EX_ile_L(e)'": "'EX_indole(e)'",
    "'KARA2'": "'TRPt2r'"
  },
  {
    "'23DHMPO'": "'CHORS'",
    "'EX_ile_L(e)'": "'EX_trp_L(e)'",
    "'KARA2'": "'INDOLEt2r'"
  },
  {
    "'23DHMPO'": "'CHORS'",
    "'EX_ile_L(e)'": "'EX_trp_L(e)'",
    "'KARA2'": "'TRPS2'"
  },
  {
    "'23DHMPO'": "'CHORS'",
    "'EX_ile_L(e)'": "'EX_tyr_L(e)'",
    "'KARA2'": "'GLYTYR1c'"
  },
  {
    "'23DHMPO'": "'CHORS'",
    "'EX_ile_L(e)'": "'EX_tyr_L(e)'",
    "'KARA2'": "'GLYTYRabc'"
  },
  {
    "'23DHMPO'": "'CHORS'",
    "'EX_ile_L(e)'": "'GLYTYR1c'",
    "'KARA2'": "'TYRt2r'"
  },
  {
    "'23DHMPO'": "'CHORS'",
    "'EX_ile_L(e)'": "'GLYTYRabc'",
    "'KARA2'": "'TYRt2r'"
  },
  {
    "'23DHMPO'": "'CHORS'",
    "'EX_ile_L(e)'": "'INDOLEt2r'",
    "'KARA2'": "'TRPt2r'"
  },
  {
    "'23DHMPO'": "'CHORS'",
    "'EX_ile_L(e)'": "'TRPS2'",
    "'KARA2'": "'TRPt2r'"
  },
  {
    "'23DHMPO'": "'CTPS1'",
    "'EX_ile_L(e)'": "'CTPS2'",
    "'KARA2'": "'CYTDt2r'"
  },
  {
    "'23DHMPO'": "'CTPS1'",
    "'EX_ile_L(e)'": "'CTPS2'",
    "'KARA2'": "'CYTK1'"
  },
  {
    "'23DHMPO'": "'CTPS1'",
    "'EX_ile_L(e)'": "'CTPS2'",
    "'KARA2'": "'EX_cytd(e)'"
  },
  {
    "'23DHMPO'": "'CYTD'",
    "'EX_ile_L(e)'": "'CYTDt2r'",
    "'KARA2'": "'CYTK1'"
  },
  {
    "'23DHMPO'": "'CYTD'",
    "'EX_ile_L(e)'": "'CYTK1'",
    "'KARA2'": "'EX_cytd(e)'"
  },
  {
    "'23DHMPO'": "'CYTDt2r'",
    "'EX_ile_L(e)'": "'NDPK2'",
    "'KARA2'": "'UTPATPT'"
  },
  {
    "'23DHMPO'": "'CYTK1'",
    "'EX_ile_L(e)'": "'NDPK2'",
    "'KARA2'": "'UTPATPT'"
  },
  {
    "'23DHMPO'": "'DAPDC'",
    "'EX_ile_L(e)'": "'LYSabc'",
    "'KARA2'": "'LYSt2r'"
  },
  {
    "'23DHMPO'": "'DCTPD2'",
    "'EX_ile_L(e)'": "'NDPK2'",
    "'KARA2'": "'UTPATPT'"
  },
  {
    "'23DHMPO'": "'DDPA'",
    "'EX_ile_L(e)'": "'EX_glytyr(e)'",
    "'KARA2'": "'EX_tyr_L(e)'"
  },
  {
    "'23DHMPO'": "'DDPA'",
    "'EX_ile_L(e)'": "'EX_glytyr(e)'",
    "'KARA2'": "'TYRt2r'"
  },
  {
    "'23DHMPO'": "'DDPA'",
    "'EX_ile_L(e)'": "'EX_indole(e)'",
    "'KARA2'": "'EX_trp_L(e)'"
  },
  {
    "'23DHMPO'": "'DDPA'",
    "'EX_ile_L(e)'": "'EX_indole(e)'",
    "'KARA2'": "'TRPt2r'"
  },
  {
    "'23DHMPO'": "'DDPA'",
    "'EX_ile_L(e)'": "'EX_trp_L(e)'",
    "'KARA2'": "'INDOLEt2r'"
  },
  {
    "'23DHMPO'": "'DDPA'",
    "'EX_ile_L(e)'": "'EX_trp_L(e)'",
    "'KARA2'": "'TRPS2'"
  },
  {
    "'23DHMPO'": "'DDPA'",
    "'EX_ile_L(e)'": "'EX_tyr_L(e)'",
    "'KARA2'": "'GLYTYR1c'"
  },
  {
    "'23DHMPO'": "'DDPA'",
    "'EX_ile_L(e)'": "'EX_tyr_L(e)'",
    "'KARA2'": "'GLYTYRabc'"
  },
  {
    "'23DHMPO'": "'DDPA'",
    "'EX_ile_L(e)'": "'GLYTYR1c'",
    "'KARA2'": "'TYRt2r'"
  },
  {
    "'23DHMPO'": "'DDPA'",
    "'EX_ile_L(e)'": "'GLYTYRabc'",
    "'KARA2'": "'TYRt2r'"
  },
  {
    "'23DHMPO'": "'DDPA'",
    "'EX_ile_L(e)'": "'INDOLEt2r'",
    "'KARA2'": "'TRPt2r'"
  },
  {
    "'23DHMPO'": "'DDPA'",
    "'EX_ile_L(e)'": "'TRPS2'",
    "'KARA2'": "'TRPt2r'"
  },
  {
    "'23DHMPO'": "'DGSNt2'",
    "'EX_ile_L(e)'": "'EX_gsn(e)'",
    "'KARA2'": "'GMPS2'"
  },
  {
    "'23DHMPO'": "'DGSNt2'",
    "'EX_ile_L(e)'": "'GMPS2'",
    "'KARA2'": "'GSNt2r'"
  },
  {
    "'23DHMPO'": "'DHAD1'",
    "'EX_ile_L(e)'": "'VALabc'",
    "'KARA2'": "'VALt2r'"
  },
  {
    "'23DHMPO'": "'DHAD2'",
    "'EX_ile_L(e)'": "'ILEabc'",
    "'KARA2'": "'ILEt2r'"
  },
  {
    "'23DHMPO'": "'DHFR'",
    "'EX_ile_L(e)'": "'EX_uri(e)'",
    "'KARA2'": "'UMPK'"
  },
  {
    "'23DHMPO'": "'DHFR'",
    "'EX_ile_L(e)'": "'UMPK'",
    "'KARA2'": "'URIt2r'"
  },
  {
    "'23DHMPO'": "'DHQS'",
    "'EX_ile_L(e)'": "'EX_glytyr(e)'",
    "'KARA2'": "'EX_tyr_L(e)'"
  },
  {
    "'23DHMPO'": "'DHQS'",
    "'EX_ile_L(e)'": "'EX_glytyr(e)'",
    "'KARA2'": "'TYRt2r'"
  },
  {
    "'23DHMPO'": "'DHQS'",
    "'EX_ile_L(e)'": "'EX_indole(e)'",
    "'KARA2'": "'EX_trp_L(e)'"
  },
  {
    "'23DHMPO'": "'DHQS'",
    "'EX_ile_L(e)'": "'EX_indole(e)'",
    "'KARA2'": "'TRPt2r'"
  },
  {
    "'23DHMPO'": "'DHQS'",
    "'EX_ile_L(e)'": "'EX_trp_L(e)'",
    "'KARA2'": "'INDOLEt2r'"
  },
  {
    "'23DHMPO'": "'DHQS'",
    "'EX_ile_L(e)'": "'EX_trp_L(e)'",
    "'KARA2'": "'TRPS2'"
  },
  {
    "'23DHMPO'": "'DHQS'",
    "'EX_ile_L(e)'": "'EX_tyr_L(e)'",
    "'KARA2'": "'GLYTYR1c'"
  },
  {
    "'23DHMPO'": "'DHQS'",
    "'EX_ile_L(e)'": "'EX_tyr_L(e)'",
    "'KARA2'": "'GLYTYRabc'"
  },
  {
    "'23DHMPO'": "'DHQS'",
    "'EX_ile_L(e)'": "'GLYTYR1c'",
    "'KARA2'": "'TYRt2r'"
  },
  {
    "'23DHMPO'": "'DHQS'",
    "'EX_ile_L(e)'": "'GLYTYRabc'",
    "'KARA2'": "'TYRt2r'"
  },
  {
    "'23DHMPO'": "'DHQS'",
    "'EX_ile_L(e)'": "'INDOLEt2r'",
    "'KARA2'": "'TRPt2r'"
  },
  {
    "'23DHMPO'": "'DHQS'",
    "'EX_ile_L(e)'": "'TRPS2'",
    "'KARA2'": "'TRPt2r'"
  },
  {
    "'23DHMPO'": "'DHQTi'",
    "'EX_ile_L(e)'": "'EX_glytyr(e)'",
    "'KARA2'": "'EX_tyr_L(e)'"
  },
  {
    "'23DHMPO'": "'DHQTi'",
    "'EX_ile_L(e)'": "'EX_glytyr(e)'",
    "'KARA2'": "'TYRt2r'"
  },
  {
    "'23DHMPO'": "'DHQTi'",
    "'EX_ile_L(e)'": "'EX_indole(e)'",
    "'KARA2'": "'EX_trp_L(e)'"
  },
  {
    "'23DHMPO'": "'DHQTi'",
    "'EX_ile_L(e)'": "'EX_indole(e)'",
    "'KARA2'": "'TRPt2r'"
  },
  {
    "'23DHMPO'": "'DHQTi'",
    "'EX_ile_L(e)'": "'EX_trp_L(e)'",
    "'KARA2'": "'INDOLEt2r'"
  },
  {
    "'23DHMPO'": "'DHQTi'",
    "'EX_ile_L(e)'": "'EX_trp_L(e)'",
    "'KARA2'": "'TRPS2'"
  },
  {
    "'23DHMPO'": "'DHQTi'",
    "'EX_ile_L(e)'": "'EX_tyr_L(e)'",
    "'KARA2'": "'GLYTYR1c'"
  },
  {
    "'23DHMPO'": "'DHQTi'",
    "'EX_ile_L(e)'": "'EX_tyr_L(e)'",
    "'KARA2'": "'GLYTYRabc'"
  },
  {
    "'23DHMPO'": "'DHQTi'",
    "'EX_ile_L(e)'": "'GLYTYR1c'",
    "'KARA2'": "'TYRt2r'"
  },
  {
    "'23DHMPO'": "'DHQTi'",
    "'EX_ile_L(e)'": "'GLYTYRabc'",
    "'KARA2'": "'TYRt2r'"
  },
  {
    "'23DHMPO'": "'DHQTi'",
    "'EX_ile_L(e)'": "'INDOLEt2r'",
    "'KARA2'": "'TRPt2r'"
  },
  {
    "'23DHMPO'": "'DHQTi'",
    "'EX_ile_L(e)'": "'TRPS2'",
    "'KARA2'": "'TRPt2r'"
  },
  {
    "'23DHMPO'": "'DMPPS'",
    "'EX_ile_L(e)'": "'DMPPS2r'",
    "'KARA2'": "'IPDDI'"
  },
  {
    "'23DHMPO'": "'DPRr'",
    "'EX_ile_L(e)'": "'MALNAt'",
    "'KARA2'": "'NAt3'"
  },
  {
    "'23DHMPO'": "'DURIK1'",
    "'EX_ile_L(e)'": "'EX_uri(e)'",
    "'KARA2'": "'UMPK'"
  },
  {
    "'23DHMPO'": "'DURIK1'",
    "'EX_ile_L(e)'": "'UMPK'",
    "'KARA2'": "'URIt2r'"
  },
  {
    "'23DHMPO'": "'DURIPP'",
    "'EX_ile_L(e)'": "'EX_uri(e)'",
    "'KARA2'": "'UMPK'"
  },
  {
    "'23DHMPO'": "'DURIPP'",
    "'EX_ile_L(e)'": "'UMPK'",
    "'KARA2'": "'URIt2r'"
  },
  {
    "'23DHMPO'": "'EAR100x'",
    "'EX_ile_L(e)'": "'EX_ppi(e)'",
    "'KARA2'": "'PPA'"
  },
  {
    "'23DHMPO'": "'EAR100x'",
    "'EX_ile_L(e)'": "'PPA'",
    "'KARA2'": "'PPIt2e'"
  },
  {
    "'23DHMPO'": "'EAR120x'",
    "'EX_ile_L(e)'": "'EX_ppi(e)'",
    "'KARA2'": "'PPA'"
  },
  {
    "'23DHMPO'": "'EAR120x'",
    "'EX_ile_L(e)'": "'PPA'",
    "'KARA2'": "'PPIt2e'"
  },
  {
    "'23DHMPO'": "'EAR140x'",
    "'EX_ile_L(e)'": "'EX_ppi(e)'",
    "'KARA2'": "'PPA'"
  },
  {
    "'23DHMPO'": "'EAR140x'",
    "'EX_ile_L(e)'": "'PPA'",
    "'KARA2'": "'PPIt2e'"
  },
  {
    "'23DHMPO'": "'EAR40x'",
    "'EX_ile_L(e)'": "'EX_ppi(e)'",
    "'KARA2'": "'PPA'"
  },
  {
    "'23DHMPO'": "'EAR40x'",
    "'EX_ile_L(e)'": "'PPA'",
    "'KARA2'": "'PPIt2e'"
  },
  {
    "'23DHMPO'": "'EAR60x'",
    "'EX_ile_L(e)'": "'EX_ppi(e)'",
    "'KARA2'": "'PPA'"
  },
  {
    "'23DHMPO'": "'EAR60x'",
    "'EX_ile_L(e)'": "'PPA'",
    "'KARA2'": "'PPIt2e'"
  },
  {
    "'23DHMPO'": "'EAR80x'",
    "'EX_ile_L(e)'": "'EX_ppi(e)'",
    "'KARA2'": "'PPA'"
  },
  {
    "'23DHMPO'": "'EAR80x'",
    "'EX_ile_L(e)'": "'PPA'",
    "'KARA2'": "'PPIt2e'"
  },
  {
    "'23DHMPO'": "'EX_alahis(e)'",
    "'EX_ile_L(e)'": "'EX_his_L(e)'",
    "'KARA2'": "'HISTP'"
  },
  {
    "'23DHMPO'": "'EX_alahis(e)'",
    "'EX_ile_L(e)'": "'EX_his_L(e)'",
    "'KARA2'": "'HSTPTr'"
  },
  {
    "'23DHMPO'": "'EX_alahis(e)'",
    "'EX_ile_L(e)'": "'EX_his_L(e)'",
    "'KARA2'": "'IG3PS'"
  },
  {
    "'23DHMPO'": "'EX_alahis(e)'",
    "'EX_ile_L(e)'": "'EX_his_L(e)'",
    "'KARA2'": "'IGPDH'"
  },
  {
    "'23DHMPO'": "'EX_alahis(e)'",
    "'EX_ile_L(e)'": "'EX_his_L(e)'",
    "'KARA2'": "'IMPC'"
  },
  {
    "'23DHMPO'": "'EX_alahis(e)'",
    "'EX_ile_L(e)'": "'EX_his_L(e)'",
    "'KARA2'": "'MTHFC'"
  },
  {
    "'23DHMPO'": "'EX_alahis(e)'",
    "'EX_ile_L(e)'": "'EX_his_L(e)'",
    "'KARA2'": "'MTHFD'"
  },
  {
    "'23DHMPO'": "'EX_alahis(e)'",
    "'EX_ile_L(e)'": "'EX_his_L(e)'",
    "'KARA2'": "'PRAMPC'"
  },
  {
    "'23DHMPO'": "'EX_alahis(e)'",
    "'EX_ile_L(e)'": "'EX_his_L(e)'",
    "'KARA2'": "'PRATPP'"
  },
  {
    "'23DHMPO'": "'EX_alahis(e)'",
    "'EX_ile_L(e)'": "'EX_his_L(e)'",
    "'KARA2'": "'PRMICI'"
  },
  {
    "'23DHMPO'": "'EX_alahis(e)'",
    "'EX_ile_L(e)'": "'EX_his_L(e)'",
    "'KARA2'": "'PRPPS'"
  },
  {
    "'23DHMPO'": "'EX_alahis(e)'",
    "'EX_ile_L(e)'": "'HISTP'",
    "'KARA2'": "'HISabc'"
  },
  {
    "'23DHMPO'": "'EX_alahis(e)'",
    "'EX_ile_L(e)'": "'HISabc'",
    "'KARA2'": "'HSTPTr'"
  },
  {
    "'23DHMPO'": "'EX_alahis(e)'",
    "'EX_ile_L(e)'": "'HISabc'",
    "'KARA2'": "'IG3PS'"
  },
  {
    "'23DHMPO'": "'EX_alahis(e)'",
    "'EX_ile_L(e)'": "'HISabc'",
    "'KARA2'": "'IGPDH'"
  },
  {
    "'23DHMPO'": "'EX_alahis(e)'",
    "'EX_ile_L(e)'": "'HISabc'",
    "'KARA2'": "'IMPC'"
  },
  {
    "'23DHMPO'": "'EX_alahis(e)'",
    "'EX_ile_L(e)'": "'HISabc'",
    "'KARA2'": "'MTHFC'"
  },
  {
    "'23DHMPO'": "'EX_alahis(e)'",
    "'EX_ile_L(e)'": "'HISabc'",
    "'KARA2'": "'MTHFD'"
  },
  {
    "'23DHMPO'": "'EX_alahis(e)'",
    "'EX_ile_L(e)'": "'HISabc'",
    "'KARA2'": "'PRAMPC'"
  },
  {
    "'23DHMPO'": "'EX_alahis(e)'",
    "'EX_ile_L(e)'": "'HISabc'",
    "'KARA2'": "'PRATPP'"
  },
  {
    "'23DHMPO'": "'EX_alahis(e)'",
    "'EX_ile_L(e)'": "'HISabc'",
    "'KARA2'": "'PRMICI'"
  },
  {
    "'23DHMPO'": "'EX_alahis(e)'",
    "'EX_ile_L(e)'": "'HISabc'",
    "'KARA2'": "'PRPPS'"
  },
  {
    "'23DHMPO'": "'EX_alathr(e)'",
    "'EX_ile_L(e)'": "'EX_thr_L(e)'",
    "'KARA2'": "'HSK'"
  },
  {
    "'23DHMPO'": "'EX_alathr(e)'",
    "'EX_ile_L(e)'": "'EX_thr_L(e)'",
    "'KARA2'": "'THRS'"
  },
  {
    "'23DHMPO'": "'EX_alathr(e)'",
    "'EX_ile_L(e)'": "'HSK'",
    "'KARA2'": "'THRt2r'"
  },
  {
    "'23DHMPO'": "'EX_alathr(e)'",
    "'EX_ile_L(e)'": "'THRS'",
    "'KARA2'": "'THRt2r'"
  },
  {
    "'23DHMPO'": "'EX_cytd(e)'",
    "'EX_ile_L(e)'": "'NDPK2'",
    "'KARA2'": "'UTPATPT'"
  },
  {
    "'23DHMPO'": "'EX_dgsn(e)'",
    "'EX_ile_L(e)'": "'EX_gsn(e)'",
    "'KARA2'": "'GMPS2'"
  },
  {
    "'23DHMPO'": "'EX_dgsn(e)'",
    "'EX_ile_L(e)'": "'GMPS2'",
    "'KARA2'": "'GSNt2r'"
  },
  {
    "'23DHMPO'": "'EX_glyphe(e)'",
    "'EX_ile_L(e)'": "'EX_phe_L(e)'",
    "'KARA2'": "'PHETA1'"
  },
  {
    "'23DHMPO'": "'EX_glyphe(e)'",
    "'EX_ile_L(e)'": "'EX_phe_L(e)'",
    "'KARA2'": "'PPNDH'"
  },
  {
    "'23DHMPO'": "'EX_glyphe(e)'",
    "'EX_ile_L(e)'": "'PHETA1'",
    "'KARA2'": "'PHEt2r'"
  },
  {
    "'23DHMPO'": "'EX_glyphe(e)'",
    "'EX_ile_L(e)'": "'PHEt2r'",
    "'KARA2'": "'PPNDH'"
  },
  {
    "'23DHMPO'": "'EX_glypro(e)'",
    "'EX_ile_L(e)'": "'EX_pro_L(e)'",
    "'KARA2'": "'G5SADs'"
  },
  {
    "'23DHMPO'": "'EX_glypro(e)'",
    "'EX_ile_L(e)'": "'EX_pro_L(e)'",
    "'KARA2'": "'G5SDr'"
  },
  {
    "'23DHMPO'": "'EX_glypro(e)'",
    "'EX_ile_L(e)'": "'EX_pro_L(e)'",
    "'KARA2'": "'GLU5K'"
  },
  {
    "'23DHMPO'": "'EX_glypro(e)'",
    "'EX_ile_L(e)'": "'EX_pro_L(e)'",
    "'KARA2'": "'P5CRyr'"
  },
  {
    "'23DHMPO'": "'EX_glytyr(e)'",
    "'EX_ile_L(e)'": "'EX_tyr_L(e)'",
    "'KARA2'": "'PSCVT'"
  },
  {
    "'23DHMPO'": "'EX_glytyr(e)'",
    "'EX_ile_L(e)'": "'EX_tyr_L(e)'",
    "'KARA2'": "'SHK3Dr'"
  },
  {
    "'23DHMPO'": "'EX_glytyr(e)'",
    "'EX_ile_L(e)'": "'EX_tyr_L(e)'",
    "'KARA2'": "'SHKK'"
  },
  {
    "'23DHMPO'": "'EX_glytyr(e)'",
    "'EX_ile_L(e)'": "'PSCVT'",
    "'KARA2'": "'TYRt2r'"
  },
  {
    "'23DHMPO'": "'EX_glytyr(e)'",
    "'EX_ile_L(e)'": "'SHK3Dr'",
    "'KARA2'": "'TYRt2r'"
  },
  {
    "'23DHMPO'": "'EX_glytyr(e)'",
    "'EX_ile_L(e)'": "'SHKK'",
    "'KARA2'": "'TYRt2r'"
  },
  {
    "'23DHMPO'": "'EX_gsn(e)'",
    "'EX_ile_L(e)'": "'GMPS2'",
    "'KARA2'": "'PUNP4'"
  },
  {
    "'23DHMPO'": "'EX_ile_L(e)'",
    "'EX_ile_L(e)'": "'HSST'",
    "'KARA2'": "'THRD_L'"
  },
  {
    "'23DHMPO'": "'EX_ile_L(e)'",
    "'EX_ile_L(e)'": "'SHSL4r'",
    "'KARA2'": "'THRD_L'"
  },
  {
    "'23DHMPO'": "'EX_indole(e)'",
    "'EX_ile_L(e)'": "'EX_trp_L(e)'",
    "'KARA2'": "'IGPS'"
  },
  {
    "'23DHMPO'": "'EX_indole(e)'",
    "'EX_ile_L(e)'": "'EX_trp_L(e)'",
    "'KARA2'": "'PRAI'"
  },
  {
    "'23DHMPO'": "'EX_indole(e)'",
    "'EX_ile_L(e)'": "'EX_trp_L(e)'",
    "'KARA2'": "'PRPPS'"
  },
  {
    "'23DHMPO'": "'EX_indole(e)'",
    "'EX_ile_L(e)'": "'EX_trp_L(e)'",
    "'KARA2'": "'PSCVT'"
  },
  {
    "'23DHMPO'": "'EX_indole(e)'",
    "'EX_ile_L(e)'": "'EX_trp_L(e)'",
    "'KARA2'": "'SHK3Dr'"
  },
  {
    "'23DHMPO'": "'EX_indole(e)'",
    "'EX_ile_L(e)'": "'EX_trp_L(e)'",
    "'KARA2'": "'SHKK'"
  },
  {
    "'23DHMPO'": "'EX_indole(e)'",
    "'EX_ile_L(e)'": "'IGPS'",
    "'KARA2'": "'TRPt2r'"
  },
  {
    "'23DHMPO'": "'EX_indole(e)'",
    "'EX_ile_L(e)'": "'PRAI'",
    "'KARA2'": "'TRPt2r'"
  },
  {
    "'23DHMPO'": "'EX_indole(e)'",
    "'EX_ile_L(e)'": "'PRPPS'",
    "'KARA2'": "'TRPt2r'"
  },
  {
    "'23DHMPO'": "'EX_indole(e)'",
    "'EX_ile_L(e)'": "'PSCVT'",
    "'KARA2'": "'TRPt2r'"
  },
  {
    "'23DHMPO'": "'EX_indole(e)'",
    "'EX_ile_L(e)'": "'SHK3Dr'",
    "'KARA2'": "'TRPt2r'"
  },
  {
    "'23DHMPO'": "'EX_indole(e)'",
    "'EX_ile_L(e)'": "'SHKK'",
    "'KARA2'": "'TRPt2r'"
  },
  {
    "'23DHMPO'": "'EX_nac(e)'",
    "'EX_ile_L(e)'": "'EX_nmn(e)'",
    "'KARA2'": "'NNDPR'"
  },
  {
    "'23DHMPO'": "'EX_nac(e)'",
    "'EX_ile_L(e)'": "'EX_nmn(e)'",
    "'KARA2'": "'QULNS'"
  },
  {
    "'23DHMPO'": "'EX_nac(e)'",
    "'EX_ile_L(e)'": "'NMNP'",
    "'KARA2'": "'NNDPR'"
  },
  {
    "'23DHMPO'": "'EX_nac(e)'",
    "'EX_ile_L(e)'": "'NMNP'",
    "'KARA2'": "'QULNS'"
  },
  {
    "'23DHMPO'": "'EX_nmn(e)'",
    "'EX_ile_L(e)'": "'NACt2r'",
    "'KARA2'": "'NNDPR'"
  },
  {
    "'23DHMPO'": "'EX_nmn(e)'",
    "'EX_ile_L(e)'": "'NACt2r'",
    "'KARA2'": "'QULNS'"
  },
  {
    "'23DHMPO'": "'EX_nmn(e)'",
    "'EX_ile_L(e)'": "'NADS1'",
    "'KARA2'": "'NADS2'"
  },
  {
    "'23DHMPO'": "'EX_nmn(e)'",
    "'EX_ile_L(e)'": "'NAPRT'",
    "'KARA2'": "'NNDPR'"
  },
  {
    "'23DHMPO'": "'EX_nmn(e)'",
    "'EX_ile_L(e)'": "'NAPRT'",
    "'KARA2'": "'QULNS'"
  },
  {
    "'23DHMPO'": "'EX_o2(e)'",
    "'EX_ile_L(e)'": "'EX_pydx(e)'",
    "'KARA2'": "'PDX5PO2'"
  },
  {
    "'23DHMPO'": "'EX_o2(e)'",
    "'EX_ile_L(e)'": "'FE3abc'",
    "'KARA2'": "'FE3t4'"
  },
  {
    "'23DHMPO'": "'EX_o2(e)'",
    "'EX_ile_L(e)'": "'PDX5PO2'",
    "'KARA2'": "'PYDXK'"
  },
  {
    "'23DHMPO'": "'EX_o2(e)'",
    "'EX_ile_L(e)'": "'PDX5PO2'",
    "'KARA2'": "'PYDXtr'"
  },
  {
    "'23DHMPO'": "'EX_phe_L(e)'",
    "'EX_ile_L(e)'": "'GLYPHEHYc'",
    "'KARA2'": "'PHETA1'"
  },
  {
    "'23DHMPO'": "'EX_phe_L(e)'",
    "'EX_ile_L(e)'": "'GLYPHEHYc'",
    "'KARA2'": "'PPNDH'"
  },
  {
    "'23DHMPO'": "'EX_phe_L(e)'",
    "'EX_ile_L(e)'": "'GLYPHEabc'",
    "'KARA2'": "'PHETA1'"
  },
  {
    "'23DHMPO'": "'EX_phe_L(e)'",
    "'EX_ile_L(e)'": "'GLYPHEabc'",
    "'KARA2'": "'PPNDH'"
  },
  {
    "'23DHMPO'": "'EX_pnto_R(e)'",
    "'EX_ile_L(e)'": "'GCCa'",
    "'KARA2'": "'GHMT2r'"
  },
  {
    "'23DHMPO'": "'EX_pnto_R(e)'",
    "'EX_ile_L(e)'": "'GCCb'",
    "'KARA2'": "'GHMT2r'"
  },
  {
    "'23DHMPO'": "'EX_pnto_R(e)'",
    "'EX_ile_L(e)'": "'GCCc'",
    "'KARA2'": "'GHMT2r'"
  },
  {
    "'23DHMPO'": "'EX_ppi(e)'",
    "'EX_ile_L(e)'": "'H2CO3D'",
    "'KARA2'": "'PPA'"
  },
  {
    "'23DHMPO'": "'EX_ppi(e)'",
    "'EX_ile_L(e)'": "'KAS14'",
    "'KARA2'": "'PPA'"
  },
  {
    "'23DHMPO'": "'EX_ppi(e)'",
    "'EX_ile_L(e)'": "'MCOATA'",
    "'KARA2'": "'PPA'"
  },
  {
    "'23DHMPO'": "'EX_pro_L(e)'",
    "'EX_ile_L(e)'": "'G5SADs'",
    "'KARA2'": "'GLYPROPRO1c'"
  },
  {
    "'23DHMPO'": "'EX_pro_L(e)'",
    "'EX_ile_L(e)'": "'G5SADs'",
    "'KARA2'": "'GLYPROabc'"
  },
  {
    "'23DHMPO'": "'EX_pro_L(e)'",
    "'EX_ile_L(e)'": "'G5SDr'",
    "'KARA2'": "'GLYPROPRO1c'"
  },
  {
    "'23DHMPO'": "'EX_pro_L(e)'",
    "'EX_ile_L(e)'": "'G5SDr'",
    "'KARA2'": "'GLYPROabc'"
  },
  {
    "'23DHMPO'": "'EX_pro_L(e)'",
    "'EX_ile_L(e)'": "'GLU5K'",
    "'KARA2'": "'GLYPROPRO1c'"
  },
  {
    "'23DHMPO'": "'EX_pro_L(e)'",
    "'EX_ile_L(e)'": "'GLU5K'",
    "'KARA2'": "'GLYPROabc'"
  },
  {
    "'23DHMPO'": "'EX_pro_L(e)'",
    "'EX_ile_L(e)'": "'GLYPROPRO1c'",
    "'KARA2'": "'P5CRyr'"
  },
  {
    "'23DHMPO'": "'EX_pro_L(e)'",
    "'EX_ile_L(e)'": "'GLYPROabc'",
    "'KARA2'": "'P5CRyr'"
  },
  {
    "'23DHMPO'": "'EX_pydx(e)'",
    "'EX_ile_L(e)'": "'O2t'",
    "'KARA2'": "'PDX5PO2'"
  },
  {
    "'23DHMPO'": "'EX_ser_L(e)'",
    "'EX_ile_L(e)'": "'GCCa'",
    "'KARA2'": "'PGCDr'"
  },
  {
    "'23DHMPO'": "'EX_ser_L(e)'",
    "'EX_ile_L(e)'": "'GCCa'",
    "'KARA2'": "'PSERT'"
  },
  {
    "'23DHMPO'": "'EX_ser_L(e)'",
    "'EX_ile_L(e)'": "'GCCa'",
    "'KARA2'": "'PSP_L'"
  },
  {
    "'23DHMPO'": "'EX_ser_L(e)'",
    "'EX_ile_L(e)'": "'GCCb'",
    "'KARA2'": "'PGCDr'"
  },
  {
    "'23DHMPO'": "'EX_ser_L(e)'",
    "'EX_ile_L(e)'": "'GCCb'",
    "'KARA2'": "'PSERT'"
  },
  {
    "'23DHMPO'": "'EX_ser_L(e)'",
    "'EX_ile_L(e)'": "'GCCb'",
    "'KARA2'": "'PSP_L'"
  },
  {
    "'23DHMPO'": "'EX_ser_L(e)'",
    "'EX_ile_L(e)'": "'GCCc'",
    "'KARA2'": "'PGCDr'"
  },
  {
    "'23DHMPO'": "'EX_ser_L(e)'",
    "'EX_ile_L(e)'": "'GCCc'",
    "'KARA2'": "'PSERT'"
  },
  {
    "'23DHMPO'": "'EX_ser_L(e)'",
    "'EX_ile_L(e)'": "'GCCc'",
    "'KARA2'": "'PSP_L'"
  },
  {
    "'23DHMPO'": "'EX_ser_L(e)'",
    "'EX_ile_L(e)'": "'GHMT2r'",
    "'KARA2'": "'PGCDr'"
  },
  {
    "'23DHMPO'": "'EX_ser_L(e)'",
    "'EX_ile_L(e)'": "'GHMT2r'",
    "'KARA2'": "'PSERT'"
  },
  {
    "'23DHMPO'": "'EX_ser_L(e)'",
    "'EX_ile_L(e)'": "'GHMT2r'",
    "'KARA2'": "'PSP_L'"
  },
  {
    "'23DHMPO'": "'EX_thymd(e)'",
    "'EX_ile_L(e)'": "'EX_uri(e)'",
    "'KARA2'": "'UMPK'"
  },
  {
    "'23DHMPO'": "'EX_thymd(e)'",
    "'EX_ile_L(e)'": "'GCCa'",
    "'KARA2'": "'GHMT2r'"
  },
  {
    "'23DHMPO'": "'EX_thymd(e)'",
    "'EX_ile_L(e)'": "'GCCb'",
    "'KARA2'": "'GHMT2r'"
  },
  {
    "'23DHMPO'": "'EX_thymd(e)'",
    "'EX_ile_L(e)'": "'GCCc'",
    "'KARA2'": "'GHMT2r'"
  },
  {
    "'23DHMPO'": "'EX_thymd(e)'",
    "'EX_ile_L(e)'": "'UMPK'",
    "'KARA2'": "'URIt2r'"
  },
  {
    "'23DHMPO'": "'EX_trp_L(e)'",
    "'EX_ile_L(e)'": "'IGPS'",
    "'KARA2'": "'INDOLEt2r'"
  },
  {
    "'23DHMPO'": "'EX_trp_L(e)'",
    "'EX_ile_L(e)'": "'IGPS'",
    "'KARA2'": "'TRPS2'"
  },
  {
    "'23DHMPO'": "'EX_trp_L(e)'",
    "'EX_ile_L(e)'": "'INDOLEt2r'",
    "'KARA2'": "'PRAI'"
  },
  {
    "'23DHMPO'": "'EX_trp_L(e)'",
    "'EX_ile_L(e)'": "'INDOLEt2r'",
    "'KARA2'": "'PRPPS'"
  },
  {
    "'23DHMPO'": "'EX_trp_L(e)'",
    "'EX_ile_L(e)'": "'INDOLEt2r'",
    "'KARA2'": "'PSCVT'"
  },
  {
    "'23DHMPO'": "'EX_trp_L(e)'",
    "'EX_ile_L(e)'": "'INDOLEt2r'",
    "'KARA2'": "'SHK3Dr'"
  },
  {
    "'23DHMPO'": "'EX_trp_L(e)'",
    "'EX_ile_L(e)'": "'INDOLEt2r'",
    "'KARA2'": "'SHKK'"
  },
  {
    "'23DHMPO'": "'EX_trp_L(e)'",
    "'EX_ile_L(e)'": "'PRAI'",
    "'KARA2'": "'TRPS2'"
  },
  {
    "'23DHMPO'": "'EX_trp_L(e)'",
    "'EX_ile_L(e)'": "'PRPPS'",
    "'KARA2'": "'TRPS2'"
  },
  {
    "'23DHMPO'": "'EX_trp_L(e)'",
    "'EX_ile_L(e)'": "'PSCVT'",
    "'KARA2'": "'TRPS2'"
  },
  {
    "'23DHMPO'": "'EX_trp_L(e)'",
    "'EX_ile_L(e)'": "'SHK3Dr'",
    "'KARA2'": "'TRPS2'"
  },
  {
    "'23DHMPO'": "'EX_trp_L(e)'",
    "'EX_ile_L(e)'": "'SHKK'",
    "'KARA2'": "'TRPS2'"
  },
  {
    "'23DHMPO'": "'EX_trp_L(e)'",
    "'EX_ile_L(e)'": "'TRPS1'",
    "'KARA2'": "'TRPS2'"
  },
  {
    "'23DHMPO'": "'EX_tyr_L(e)'",
    "'EX_ile_L(e)'": "'GLYTYR1c'",
    "'KARA2'": "'PSCVT'"
  },
  {
    "'23DHMPO'": "'EX_tyr_L(e)'",
    "'EX_ile_L(e)'": "'GLYTYR1c'",
    "'KARA2'": "'SHK3Dr'"
  },
  {
    "'23DHMPO'": "'EX_tyr_L(e)'",
    "'EX_ile_L(e)'": "'GLYTYR1c'",
    "'KARA2'": "'SHKK'"
  },
  {
    "'23DHMPO'": "'EX_tyr_L(e)'",
    "'EX_ile_L(e)'": "'GLYTYRabc'",
    "'KARA2'": "'PSCVT'"
  },
  {
    "'23DHMPO'": "'EX_tyr_L(e)'",
    "'EX_ile_L(e)'": "'GLYTYRabc'",
    "'KARA2'": "'SHK3Dr'"
  },
  {
    "'23DHMPO'": "'EX_tyr_L(e)'",
    "'EX_ile_L(e)'": "'GLYTYRabc'",
    "'KARA2'": "'SHKK'"
  },
  {
    "'23DHMPO'": "'EX_uri(e)'",
    "'EX_ile_L(e)'": "'NTD5'",
    "'KARA2'": "'UMPK'"
  },
  {
    "'23DHMPO'": "'EX_uri(e)'",
    "'EX_ile_L(e)'": "'PYNP2r'",
    "'KARA2'": "'UMPK'"
  },
  {
    "'23DHMPO'": "'EX_uri(e)'",
    "'EX_ile_L(e)'": "'THMDt2r'",
    "'KARA2'": "'UMPK'"
  },
  {
    "'23DHMPO'": "'EX_uri(e)'",
    "'EX_ile_L(e)'": "'TMDS'",
    "'KARA2'": "'UMPK'"
  },
  {
    "'23DHMPO'": "'EX_val_L(e)'",
    "'EX_ile_L(e)'": "'KARA1'",
    "'KARA2'": "'KARA3'"
  },
  {
    "'23DHMPO'": "'EX_val_L(e)'",
    "'EX_ile_L(e)'": "'VALTA'",
    "'KARA2'": "'VPAMTr'"
  },
  {
    "'23DHMPO'": "'FE3abc'",
    "'EX_ile_L(e)'": "'FE3t4'",
    "'KARA2'": "'FERO'"
  },
  {
    "'23DHMPO'": "'FE3abc'",
    "'EX_ile_L(e)'": "'FE3t4'",
    "'KARA2'": "'O2t'"
  },
  {
    "'23DHMPO'": "'GCCa'",
    "'EX_ile_L(e)'": "'GHMT2r'",
    "'KARA2'": "'PNTOt4'"
  },
  {
    "'23DHMPO'": "'GCCa'",
    "'EX_ile_L(e)'": "'GHMT2r'",
    "'KARA2'": "'THMDt2r'"
  },
  {
    "'23DHMPO'": "'GCCa'",
    "'EX_ile_L(e)'": "'GHMT2r'",
    "'KARA2'": "'TMDK1'"
  },
  {
    "'23DHMPO'": "'GCCa'",
    "'EX_ile_L(e)'": "'PGCDr'",
    "'KARA2'": "'SERt2r'"
  },
  {
    "'23DHMPO'": "'GCCa'",
    "'EX_ile_L(e)'": "'PSERT'",
    "'KARA2'": "'SERt2r'"
  },
  {
    "'23DHMPO'": "'GCCa'",
    "'EX_ile_L(e)'": "'PSP_L'",
    "'KARA2'": "'SERt2r'"
  },
  {
    "'23DHMPO'": "'GCCb'",
    "'EX_ile_L(e)'": "'GHMT2r'",
    "'KARA2'": "'PNTOt4'"
  },
  {
    "'23DHMPO'": "'GCCb'",
    "'EX_ile_L(e)'": "'GHMT2r'",
    "'KARA2'": "'THMDt2r'"
  },
  {
    "'23DHMPO'": "'GCCb'",
    "'EX_ile_L(e)'": "'GHMT2r'",
    "'KARA2'": "'TMDK1'"
  },
  {
    "'23DHMPO'": "'GCCb'",
    "'EX_ile_L(e)'": "'PGCDr'",
    "'KARA2'": "'SERt2r'"
  },
  {
    "'23DHMPO'": "'GCCb'",
    "'EX_ile_L(e)'": "'PSERT'",
    "'KARA2'": "'SERt2r'"
  },
  {
    "'23DHMPO'": "'GCCb'",
    "'EX_ile_L(e)'": "'PSP_L'",
    "'KARA2'": "'SERt2r'"
  },
  {
    "'23DHMPO'": "'GCCc'",
    "'EX_ile_L(e)'": "'GHMT2r'",
    "'KARA2'": "'PNTOt4'"
  },
  {
    "'23DHMPO'": "'GCCc'",
    "'EX_ile_L(e)'": "'GHMT2r'",
    "'KARA2'": "'THMDt2r'"
  },
  {
    "'23DHMPO'": "'GCCc'",
    "'EX_ile_L(e)'": "'GHMT2r'",
    "'KARA2'": "'TMDK1'"
  },
  {
    "'23DHMPO'": "'GCCc'",
    "'EX_ile_L(e)'": "'PGCDr'",
    "'KARA2'": "'SERt2r'"
  },
  {
    "'23DHMPO'": "'GCCc'",
    "'EX_ile_L(e)'": "'PSERT'",
    "'KARA2'": "'SERt2r'"
  },
  {
    "'23DHMPO'": "'GCCc'",
    "'EX_ile_L(e)'": "'PSP_L'",
    "'KARA2'": "'SERt2r'"
  },
  {
    "'23DHMPO'": "'GHMT2r'",
    "'EX_ile_L(e)'": "'PGCDr'",
    "'KARA2'": "'SERt2r'"
  },
  {
    "'23DHMPO'": "'GHMT2r'",
    "'EX_ile_L(e)'": "'PSERT'",
    "'KARA2'": "'SERt2r'"
  },
  {
    "'23DHMPO'": "'GHMT2r'",
    "'EX_ile_L(e)'": "'PSP_L'",
    "'KARA2'": "'SERt2r'"
  },
  {
    "'23DHMPO'": "'GLYPHEHYc'",
    "'EX_ile_L(e)'": "'PHETA1'",
    "'KARA2'": "'PHEt2r'"
  },
  {
    "'23DHMPO'": "'GLYPHEHYc'",
    "'EX_ile_L(e)'": "'PHEt2r'",
    "'KARA2'": "'PPNDH'"
  },
  {
    "'23DHMPO'": "'GLYPHEabc'",
    "'EX_ile_L(e)'": "'PHETA1'",
    "'KARA2'": "'PHEt2r'"
  },
  {
    "'23DHMPO'": "'GLYPHEabc'",
    "'EX_ile_L(e)'": "'PHEt2r'",
    "'KARA2'": "'PPNDH'"
  },
  {
    "'23DHMPO'": "'GLYTYR1c'",
    "'EX_ile_L(e)'": "'PSCVT'",
    "'KARA2'": "'TYRt2r'"
  },
  {
    "'23DHMPO'": "'GLYTYR1c'",
    "'EX_ile_L(e)'": "'SHK3Dr'",
    "'KARA2'": "'TYRt2r'"
  },
  {
    "'23DHMPO'": "'GLYTYR1c'",
    "'EX_ile_L(e)'": "'SHKK'",
    "'KARA2'": "'TYRt2r'"
  },
  {
    "'23DHMPO'": "'GLYTYRabc'",
    "'EX_ile_L(e)'": "'PSCVT'",
    "'KARA2'": "'TYRt2r'"
  },
  {
    "'23DHMPO'": "'GLYTYRabc'",
    "'EX_ile_L(e)'": "'SHK3Dr'",
    "'KARA2'": "'TYRt2r'"
  },
  {
    "'23DHMPO'": "'GLYTYRabc'",
    "'EX_ile_L(e)'": "'SHKK'",
    "'KARA2'": "'TYRt2r'"
  },
  {
    "'23DHMPO'": "'GMPR'",
    "'EX_ile_L(e)'": "'INSK'",
    "'KARA2'": "'PRPPS'"
  },
  {
    "'23DHMPO'": "'GMPS2'",
    "'EX_ile_L(e)'": "'GSNK'",
    "'KARA2'": "'GUAPRT'"
  },
  {
    "'23DHMPO'": "'GMPS2'",
    "'EX_ile_L(e)'": "'GSNK'",
    "'KARA2'": "'PRPPS'"
  },
  {
    "'23DHMPO'": "'GMPS2'",
    "'EX_ile_L(e)'": "'GSNt2r'",
    "'KARA2'": "'PUNP4'"
  },
  {
    "'23DHMPO'": "'GND'",
    "'EX_ile_L(e)'": "'RPE'",
    "'KARA2'": "'RPI'"
  },
  {
    "'23DHMPO'": "'GSNK'",
    "'EX_ile_L(e)'": "'IMPD'",
    "'KARA2'": "'PRPPS'"
  },
  {
    "'23DHMPO'": "'GSNK'",
    "'EX_ile_L(e)'": "'INSK'",
    "'KARA2'": "'PRPPS'"
  },
  {
    "'23DHMPO'": "'H2CO3D'",
    "'EX_ile_L(e)'": "'PPA'",
    "'KARA2'": "'PPIt2e'"
  },
  {
    "'23DHMPO'": "'IGPS'",
    "'EX_ile_L(e)'": "'INDOLEt2r'",
    "'KARA2'": "'TRPt2r'"
  },
  {
    "'23DHMPO'": "'IGPS'",
    "'EX_ile_L(e)'": "'TRPS2'",
    "'KARA2'": "'TRPt2r'"
  },
  {
    "'23DHMPO'": "'ILETA'",
    "'EX_ile_L(e)'": "'ILEabc'",
    "'KARA2'": "'ILEt2r'"
  },
  {
    "'23DHMPO'": "'INDOLEt2r'",
    "'EX_ile_L(e)'": "'PRAI'",
    "'KARA2'": "'TRPt2r'"
  },
  {
    "'23DHMPO'": "'INDOLEt2r'",
    "'EX_ile_L(e)'": "'PRPPS'",
    "'KARA2'": "'TRPt2r'"
  },
  {
    "'23DHMPO'": "'INDOLEt2r'",
    "'EX_ile_L(e)'": "'PSCVT'",
    "'KARA2'": "'TRPt2r'"
  },
  {
    "'23DHMPO'": "'INDOLEt2r'",
    "'EX_ile_L(e)'": "'SHK3Dr'",
    "'KARA2'": "'TRPt2r'"
  },
  {
    "'23DHMPO'": "'INDOLEt2r'",
    "'EX_ile_L(e)'": "'SHKK'",
    "'KARA2'": "'TRPt2r'"
  },
  {
    "'23DHMPO'": "'IPDDI'",
    "'EX_ile_L(e)'": "'IPDPS'",
    "'KARA2'": "'IPDPS2'"
  },
  {
    "'23DHMPO'": "'KAS14'",
    "'EX_ile_L(e)'": "'PPA'",
    "'KARA2'": "'PPIt2e'"
  },
  {
    "'23DHMPO'": "'MALNAt'",
    "'EX_ile_L(e)'": "'MOHMT'",
    "'KARA2'": "'NAt3'"
  },
  {
    "'23DHMPO'": "'MALNAt'",
    "'EX_ile_L(e)'": "'NAt3'",
    "'KARA2'": "'PANTS'"
  },
  {
    "'23DHMPO'": "'MCOATA'",
    "'EX_ile_L(e)'": "'PPA'",
    "'KARA2'": "'PPIt2e'"
  },
  {
    "'23DHMPO'": "'NACt2r'",
    "'EX_ile_L(e)'": "'NMNP'",
    "'KARA2'": "'NNDPR'"
  },
  {
    "'23DHMPO'": "'NACt2r'",
    "'EX_ile_L(e)'": "'NMNP'",
    "'KARA2'": "'QULNS'"
  },
  {
    "'23DHMPO'": "'NADS1'",
    "'EX_ile_L(e)'": "'NADS2'",
    "'KARA2'": "'NMNAT'"
  },
  {
    "'23DHMPO'": "'NADS1'",
    "'EX_ile_L(e)'": "'NADS2'",
    "'KARA2'": "'NMNP'"
  },
  {
    "'23DHMPO'": "'NAPRT'",
    "'EX_ile_L(e)'": "'NMNAT'",
    "'KARA2'": "'NNDPR'"
  },
  {
    "'23DHMPO'": "'NAPRT'",
    "'EX_ile_L(e)'": "'NMNAT'",
    "'KARA2'": "'QULNS'"
  },
  {
    "'23DHMPO'": "'NAPRT'",
    "'EX_ile_L(e)'": "'NMNP'",
    "'KARA2'": "'NNDPR'"
  },
  {
    "'23DHMPO'": "'NAPRT'",
    "'EX_ile_L(e)'": "'NMNP'",
    "'KARA2'": "'QULNS'"
  },
  {
    "'23DHMPO'": "'NTD5'",
    "'EX_ile_L(e)'": "'UMPK'",
    "'KARA2'": "'URIt2r'"
  },
  {
    "'23DHMPO'": "'O2t'",
    "'EX_ile_L(e)'": "'PDX5PO2'",
    "'KARA2'": "'PYDXK'"
  },
  {
    "'23DHMPO'": "'O2t'",
    "'EX_ile_L(e)'": "'PDX5PO2'",
    "'KARA2'": "'PYDXtr'"
  },
  {
    "'23DHMPO'": "'PRAI'",
    "'EX_ile_L(e)'": "'TRPS2'",
    "'KARA2'": "'TRPt2r'"
  },
  {
    "'23DHMPO'": "'PRPPS'",
    "'EX_ile_L(e)'": "'TRPS2'",
    "'KARA2'": "'TRPt2r'"
  },
  {
    "'23DHMPO'": "'PSCVT'",
    "'EX_ile_L(e)'": "'TRPS2'",
    "'KARA2'": "'TRPt2r'"
  },
  {
    "'23DHMPO'": "'PYNP2r'",
    "'EX_ile_L(e)'": "'UMPK'",
    "'KARA2'": "'URIt2r'"
  },
  {
    "'23DHMPO'": "'SHK3Dr'",
    "'EX_ile_L(e)'": "'TRPS2'",
    "'KARA2'": "'TRPt2r'"
  },
  {
    "'23DHMPO'": "'SHKK'",
    "'EX_ile_L(e)'": "'TRPS2'",
    "'KARA2'": "'TRPt2r'"
  },
  {
    "'23DHMPO'": "'THMDt2r'",
    "'EX_ile_L(e)'": "'UMPK'",
    "'KARA2'": "'URIt2r'"
  },
  {
    "'23DHMPO'": "'TMDS'",
    "'EX_ile_L(e)'": "'UMPK'",
    "'KARA2'": "'URIt2r'"
  },
  {
    "'23DHMPO'": "'TRPS1'",
    "'EX_ile_L(e)'": "'TRPS2'",
    "'KARA2'": "'TRPt2r'"
  }
]