[
  {
    "'500640.5.peg.403'": "'500640.5.peg.2827'"
  },
  {
    "'500640.5.peg.403'": "'500640.5.peg.2943'"
  },
  {
    "'500640.5.peg.403'": "'500640.5.peg.572'"
  },
  {
    "'500640.5.peg.403'": "'500640.5.peg.1844'"
  },
  {
    "'500640.5.peg.403'": "'500640.5.peg.1855'"
  },
  {
    "'500640.5.peg.403'": "'500640.5.peg.4544'"
  },
  {
    "'500640.5.peg.403'": "'500640.5.peg.4538'"
  },
  {
    "'500640.5.peg.403'": "'500640.5.peg.3705'"
  },
  {
    "'500640.5.peg.403'": "'500640.5.peg.832'"
  },
  {
    "'500640.5.peg.403'": "'500640.5.peg.828'"
  },
  {
    "'500640.5.peg.403'": "'500640.5.peg.903'"
  },
  {
    "'500640.5.peg.403'": "'500640.5.peg.1108'"
  },
  {
    "'500640.5.peg.403'": "'500640.5.peg.973'"
  },
  {
    "'500640.5.peg.403'": "'500640.5.peg.2949'"
  },
  {
    "'500640.5.peg.403'": "'500640.5.peg.366'"
  },
  {
    "'500640.5.peg.403'": "'500640.5.peg.824'"
  },
  {
    "'500640.5.peg.403'": "'500640.5.peg.4585'"
  },
  {
    "'500640.5.peg.403'": "'500640.5.peg.2512'"
  },
  {
    "'500640.5.peg.403'": "'500640.5.peg.4145'"
  },
  {
    "'500640.5.peg.403'": "'500640.5.peg.4146'"
  },
  {
    "'500640.5.peg.403'": "'500640.5.peg.4341'"
  },
  {
    "'500640.5.peg.403'": "'500640.5.peg.3959'"
  },
  {
    "'500640.5.peg.403'": "'500640.5.peg.888'"
  },
  {
    "'500640.5.peg.403'": "'500640.5.peg.3517'"
  },
  {
    "'500640.5.peg.403'": "'500640.5.peg.160'"
  },
  {
    "'500640.5.peg.403'": "'500640.5.peg.165'"
  },
  {
    "'500640.5.peg.403'": "'500640.5.peg.2944'"
  },
  {
    "'500640.5.peg.403'": "'500640.5.peg.1433'"
  },
  {
    "'500640.5.peg.403'": "'500640.5.peg.2723'"
  },
  {
    "'500640.5.peg.403'": "'500640.5.peg.3224'"
  },
  {
    "'500640.5.peg.403'": "'500640.5.peg.3225'"
  },
  {
    "'500640.5.peg.403'": "'500640.5.peg.966'"
  },
  {
    "'500640.5.peg.403'": "'500640.5.peg.3391'"
  },
  {
    "'500640.5.peg.403'": "'500640.5.peg.886'"
  },
  {
    "'500640.5.peg.403'": "'500640.5.peg.3861'"
  },
  {
    "'500640.5.peg.403'": "'500640.5.peg.891'"
  },
  {
    "'500640.5.peg.403'": "'500640.5.peg.889'"
  },
  {
    "'500640.5.peg.403'": "'500640.5.peg.892'"
  },
  {
    "'500640.5.peg.403'": "'500640.5.peg.3515'"
  },
  {
    "'500640.5.peg.403'": "'500640.5.peg.3715'"
  },
  {
    "'500640.5.peg.403'": "'500640.5.peg.887'"
  },
  {
    "'500640.5.peg.403'": "'500640.5.peg.1964'"
  },
  {
    "'500640.5.peg.403'": "'500640.5.peg.1965'"
  },
  {
    "'500640.5.peg.403'": "'500640.5.peg.1966'"
  },
  {
    "'500640.5.peg.403'": "'500640.5.peg.1109'"
  },
  {
    "'500640.5.peg.403'": "'500640.5.peg.126'"
  },
  {
    "'500640.5.peg.403'": "'500640.5.peg.1792'"
  },
  {
    "'500640.5.peg.403'": "'500640.5.peg.2382'"
  },
  {
    "'500640.5.peg.403'": "'500640.5.peg.2674'"
  },
  {
    "'500640.5.peg.403'": "'500640.5.peg.3007'"
  },
  {
    "'500640.5.peg.403'": "'500640.5.peg.3158'"
  },
  {
    "'500640.5.peg.403'": "'500640.5.peg.3684'"
  },
  {
    "'500640.5.peg.403'": "'500640.5.peg.3694'"
  },
  {
    "'500640.5.peg.403'": "'500640.5.peg.4426'"
  },
  {
    "'500640.5.peg.403'": "'500640.5.peg.4542'"
  },
  {
    "'500640.5.peg.403'": "'500640.5.peg.46'"
  },
  {
    "'500640.5.peg.403'": "'500640.5.peg.4613'"
  },
  {
    "'500640.5.peg.403'": "'500640.5.peg.47'"
  },
  {
    "'500640.5.peg.403'": "'500640.5.peg.50'"
  },
  {
    "'500640.5.peg.403'": "'500640.5.peg.984'"
  },
  {
    "'500640.5.peg.403'": "'500640.5.peg.1099'"
  },
  {
    "'500640.5.peg.403'": "'500640.5.peg.1319'"
  },
  {
    "'500640.5.peg.403'": "'500640.5.peg.1321'"
  },
  {
    "'500640.5.peg.403'": "'500640.5.peg.1322'"
  },
  {
    "'500640.5.peg.403'": "'500640.5.peg.1323'"
  },
  {
    "'500640.5.peg.403'": "'500640.5.peg.1324'"
  },
  {
    "'500640.5.peg.403'": "'500640.5.peg.1458'"
  },
  {
    "'500640.5.peg.403'": "'500640.5.peg.162'"
  },
  {
    "'500640.5.peg.403'": "'500640.5.peg.163'"
  },
  {
    "'500640.5.peg.403'": "'500640.5.peg.1972'"
  },
  {
    "'500640.5.peg.403'": "'500640.5.peg.1980'"
  },
  {
    "'500640.5.peg.403'": "'500640.5.peg.2256'"
  },
  {
    "'500640.5.peg.403'": "'500640.5.peg.236'"
  },
  {
    "'500640.5.peg.403'": "'500640.5.peg.237'"
  },
  {
    "'500640.5.peg.403'": "'500640.5.peg.2767'"
  },
  {
    "'500640.5.peg.403'": "'500640.5.peg.3043'"
  },
  {
    "'500640.5.peg.403'": "'500640.5.peg.3160'"
  },
  {
    "'500640.5.peg.403'": "'500640.5.peg.3397'"
  },
  {
    "'500640.5.peg.403'": "'500640.5.peg.3432'"
  },
  {
    "'500640.5.peg.403'": "'500640.5.peg.3522'"
  },
  {
    "'500640.5.peg.403'": "'500640.5.peg.3523'"
  },
  {
    "'500640.5.peg.403'": "'500640.5.peg.3524'"
  },
  {
    "'500640.5.peg.403'": "'500640.5.peg.3730'"
  },
  {
    "'500640.5.peg.403'": "'500640.5.peg.3838'"
  },
  {
    "'500640.5.peg.403'": "'500640.5.peg.3858'"
  },
  {
    "'500640.5.peg.403'": "'500640.5.peg.3904'"
  },
  {
    "'500640.5.peg.403'": "'500640.5.peg.3905'"
  },
  {
    "'500640.5.peg.403'": "'500640.5.peg.3950'"
  },
  {
    "'500640.5.peg.403'": "'500640.5.peg.3954'"
  },
  {
    "'500640.5.peg.403'": "'500640.5.peg.4059'"
  },
  {
    "'500640.5.peg.403'": "'500640.5.peg.424'"
  },
  {
    "'500640.5.peg.403'": "'500640.5.peg.425'"
  },
  {
    "'500640.5.peg.403'": "'500640.5.peg.4287'"
  },
  {
    "'500640.5.peg.403'": "'500640.5.peg.431'"
  },
  {
    "'500640.5.peg.403'": "'500640.5.peg.432'"
  },
  {
    "'500640.5.peg.403'": "'500640.5.peg.433'"
  },
  {
    "'500640.5.peg.403'": "'500640.5.peg.434'"
  },
  {
    "'500640.5.peg.403'": "'500640.5.peg.435'"
  },
  {
    "'500640.5.peg.403'": "'500640.5.peg.436'"
  },
  {
    "'500640.5.peg.403'": "'500640.5.peg.437'"
  },
  {
    "'500640.5.peg.403'": "'500640.5.peg.438'"
  },
  {
    "'500640.5.peg.403'": "'500640.5.peg.439'"
  },
  {
    "'500640.5.peg.403'": "'500640.5.peg.440'"
  },
  {
    "'500640.5.peg.403'": "'500640.5.peg.441'"
  },
  {
    "'500640.5.peg.403'": "'500640.5.peg.442'"
  },
  {
    "'500640.5.peg.403'": "'500640.5.peg.443'"
  },
  {
    "'500640.5.peg.403'": "'500640.5.peg.444'"
  },
  {
    "'500640.5.peg.403'": "'500640.5.peg.445'"
  },
  {
    "'500640.5.peg.403'": "'500640.5.peg.446'"
  },
  {
    "'500640.5.peg.403'": "'500640.5.peg.447'"
  },
  {
    "'500640.5.peg.403'": "'500640.5.peg.448'"
  },
  {
    "'500640.5.peg.403'": "'500640.5.peg.449'"
  },
  {
    "'500640.5.peg.403'": "'500640.5.peg.45'"
  },
  {
    "'500640.5.peg.403'": "'500640.5.peg.450'"
  },
  {
    "'500640.5.peg.403'": "'500640.5.peg.451'"
  },
  {
    "'500640.5.peg.403'": "'500640.5.peg.453'"
  },
  {
    "'500640.5.peg.403'": "'500640.5.peg.454'"
  },
  {
    "'500640.5.peg.403'": "'500640.5.peg.455'"
  },
  {
    "'500640.5.peg.403'": "'500640.5.peg.456'"
  },
  {
    "'500640.5.peg.403'": "'500640.5.peg.458'"
  },
  {
    "'500640.5.peg.403'": "'500640.5.peg.4612'"
  },
  {
    "'500640.5.peg.403'": "'500640.5.peg.465'"
  },
  {
    "'500640.5.peg.403'": "'500640.5.peg.557'"
  },
  {
    "'500640.5.peg.403'": "'500640.5.peg.559'"
  },
  {
    "'500640.5.peg.403'": "'500640.5.peg.560'"
  },
  {
    "'500640.5.peg.403'": "'500640.5.peg.630'"
  },
  {
    "'500640.5.peg.403'": "'500640.5.peg.823'"
  },
  {
    "'500640.5.peg.403'": "'500640.5.peg.825'"
  },
  {
    "'500640.5.peg.403'": "'500640.5.peg.969'"
  },
  {
    "'500640.5.peg.403'": "'500640.5.peg.988'"
  },
  {
    "'500640.5.peg.403'": "'500640.5.peg.994'"
  },
  {
    "'500640.5.peg.403'": "'500640.5.peg.2504'"
  },
  {
    "'500640.5.peg.403'": "'500640.5.peg.189'"
  },
  {
    "'500640.5.peg.403'": "'500640.5.peg.2469'"
  },
  {
    "'500640.5.peg.403'": "'500640.5.peg.2831'"
  },
  {
    "'500640.5.peg.403'": "'500640.5.peg.3525'"
  },
  {
    "'500640.5.peg.403'": "'500640.5.peg.3527'"
  },
  {
    "'500640.5.peg.403'": "'500640.5.peg.3714'"
  },
  {
    "'500640.5.peg.403'": "'500640.5.peg.3732'"
  },
  {
    "'500640.5.peg.403'": "'500640.5.peg.3842'"
  },
  {
    "'500640.5.peg.403'": "'500640.5.peg.3951'"
  },
  {
    "'500640.5.peg.403'": "'500640.5.peg.3952'"
  },
  {
    "'500640.5.peg.403'": "'500640.5.peg.44'"
  },
  {
    "'500640.5.peg.403'": "'500640.5.peg.457'"
  }
]