'3MOPt2r','ACHBPL'
'3MOPt2r','DHAD2'
'AACPS6','FACOAL180'
'AACPS6','STCOATA'
'ACACT1r','CDPMEK'
'ACACT1r','DMPPS'
'ACACT1r','DXPRIi'
'ACACT1r','DXPS'
'ACACT1r','IPDDI'
'ACACT1r','MECDPDH2'
'ACACT1r','MECDPS'
'ACACT1r','MEPCT'
'ACCOACL','MALCOAPYRCT'
'ACHBPL','EX_3mop(e)'
'ACKr','ACtr'
'ACKr','EX_ac(e)'
'ACLS_b','EX_val_L(e)'
'ACLS_b','VALTA'
'ACLS_b','VALt2r'
'ACOAAGPAT180','AGPAT180'
'ACtr','PTAr'
'ADAD','RNDR3'
'ADK10','NDPK4'
'ADK2','GLKKpppi'
'ADK3','NDPK1'
'ADK8','NDPK7'
'ADK9','NDPK5'
'ADOCBIK','ADOCBIK2'
'ADSL1r','AMPt2'
'ADSL1r','EX_amp(e)'
'ADSS','AMPt2'
'ADSS','EX_amp(e)'
'AMPt2','RPI'
'ANPRT','EX_trp_L(e)'
'ANPRT','TRPt2r'
'ARGSL','ARGt2r'
'ARGSL','EX_arg_L(e)'
'ARGSS','ARGt2r'
'ARGSS','EX_arg_L(e)'
'ARGt2r','CBPS'
'ARGt2r','H2CO3D'
'BTNCLi','MALCOAPYRCT'
'CBPS','EX_arg_L(e)'
'CDPMEK','DPMVDc'
'CDPMEK','HMGCOARxi'
'CDPMEK','HMGCOAS'
'CDPMEK','IPDDI'
'CDPMEK','MEVK1c'
'CDPMEK','PMEVKc'
'CGLYabc','EX_gthrd(e)'
'CGLYabc','GTHRDt2'
'CHORS','EX_trp_L(e)'
'CHORS','TRPt2r'
'CO2t','H2CO3D'
'CPPPGO','EX_pheme(e)'
'CPPPGO','HEMEti'
'CYTDK3','UMPK'
'CYTDt2r','UMPK'
'CYTK1','NTD4'
'CYTK1','UMPK'
'CYTK2','RNDR3'
'DAPDC','EX_lys_L(e)'
'DAPDC','LYSt2r'
'DCTPD2','UMPK'
'DCYTt2r','RNDR3'
'DDPA','EX_trp_L(e)'
'DDPA','TRPt2r'
'DHAD1','EX_val_L(e)'
'DHAD1','VALTA'
'DHAD1','VALt2r'
'DHAD2','EX_3mop(e)'
'DHPPDA','DHPPDA2'
'DHPPDA','GTPCII2'
'DHPPDA2','GTPCII'
'DHQS','EX_trp_L(e)'
'DHQS','TRPt2r'
'DHQTi','EX_trp_L(e)'
'DHQTi','TRPt2r'
'DMPPS','DPMVDc'
'DMPPS','HMGCOARxi'
'DMPPS','HMGCOAS'
'DMPPS','IPDDI'
'DMPPS','MEVK1c'
'DMPPS','PMEVKc'
'DPMVDc','DXPRIi'
'DPMVDc','DXPS'
'DPMVDc','IPDDI'
'DPMVDc','MECDPDH2'
'DPMVDc','MECDPS'
'DPMVDc','MEPCT'
'DXPRIi','HMGCOARxi'
'DXPRIi','HMGCOAS'
'DXPRIi','IPDDI'
'DXPRIi','MEVK1c'
'DXPRIi','PMEVKc'
'DXPS','HMGCOARxi'
'DXPS','HMGCOAS'
'DXPS','IPDDI'
'DXPS','MEVK1c'
'DXPS','PMEVKc'
'EX_ac(e)','PTAr'
'EX_amp(e)','RPI'
'EX_arg_L(e)','H2CO3D'
'EX_cgly(e)','EX_gthrd(e)'
'EX_cgly(e)','GTHRDt2'
'EX_co2(e)','H2CO3D'
'EX_cytd(e)','UMPK'
'EX_dcyt(e)','RNDR3'
'EX_fe2(e)','EX_fe3(e)'
'EX_fe2(e)','FE2DH'
'EX_fe3(e)','FE2abc'
'EX_glyc(e)','GLYK'
'EX_gthrd(e)','GGTA'
'EX_gua(e)','GMPS2'
'EX_gua(e)','IMPD'
'EX_gua(e)','RPI'
'EX_o2(e)','EX_pheme(e)'
'EX_o2(e)','HEMEti'
'EX_pheme(e)','FCLTc'
'EX_pheme(e)','G1SAT'
'EX_pheme(e)','GLUTRR'
'EX_pheme(e)','GLUTRS'
'EX_pheme(e)','HMBS'
'EX_pheme(e)','O2t'
'EX_pheme(e)','PPBNGS'
'EX_pheme(e)','PPPH'
'EX_pheme(e)','UPP3S'
'EX_pheme(e)','UPPDC1'
'EX_ppi(e)','PPA'
'EX_pydx(e)','PLPS'
'EX_thymd(e)','TMDS'
'EX_trp_L(e)','IGPS'
'EX_trp_L(e)','PRAI'
'EX_trp_L(e)','PSCVT'
'EX_trp_L(e)','SHK3Dr'
'EX_trp_L(e)','SHKK'
'EX_uri(e)','UMPK'
'EX_val_L(e)','VALTA'
'FCLTc','HEMEti'
'FE2DH','FE2abc'
'FTHFL','MTHFC'
'G1SAT','HEMEti'
'GGTA','GTHRDt2'
'GK1','GK2'
'GLUTRR','HEMEti'
'GLUTRS','HEMEti'
'GLYCt','GLYK'
'GMPS2','GUAPRT'
'GMPS2','RPI'
'GTPCII','GTPCII2'
'GUAt','RPI'
'H2CO3D','MALCOAPYRCT'
'HEMEti','HMBS'
'HEMEti','O2t'
'HEMEti','PPBNGS'
'HEMEti','PPPH'
'HEMEti','UPP3S'
'HEMEti','UPPDC1'
'HMGCOARxi','IPDDI'
'HMGCOARxi','MECDPDH2'
'HMGCOARxi','MECDPS'
'HMGCOARxi','MEPCT'
'HMGCOAS','IPDDI'
'HMGCOAS','MECDPDH2'
'HMGCOAS','MECDPS'
'HMGCOAS','MEPCT'
'HXPRT','RPI'
'IGPS','TRPt2r'
'IMPD','RPI'
'IPDDI','MECDPDH2'
'IPDDI','MECDPS'
'IPDDI','MEPCT'
'IPDDI','MEVK1c'
'IPDDI','PMEVKc'
'Kt3r','ZN2t4'
'Kt3r','ZNabc'
'MECDPDH2','MEVK1c'
'MECDPDH2','PMEVKc'
'MECDPS','MEVK1c'
'MECDPS','PMEVKc'
'MEPCT','MEVK1c'
'MEPCT','PMEVKc'
'METFR','r0792'
'MG2abc','MGt5'
'MNabc','MNt2'
'NADK','NADK2'
'NADS1','NADS2'
'NDPK9','UMPK'
'NTD2','UMPK'
'NTD7','RPI'
'PLPS','PYDXK'
'PLPS','PYDXabc'
'PPA','PPIt2e'
'PPNCL3','r0671'
'PRAI','TRPt2r'
'PSCVT','TRPt2r'
'RPE','TKT1'
'RPE','TKT2'
'RPI','TKT1'
'SHK3Dr','TRPt2r'
'SHKK','TRPt2r'
'SO4t2','SULabc'
'TALA','TKT1'
'THMDt2r','TMDS'
'TKT1','TKT2'
'UMPK','URIt2r'
'VALTA','VALt2r'
'ZN2t4','ZNabc'
