'23DHMPO','3MOPt2r','KARA2'
'23DHMPO','EX_3mop(e)','KARA2'
'2AHBUTI','3MOPt2r','KARA2'
'2AHBUTI','EX_3mop(e)','KARA2'
'ACGApts','EX_gam(e)','GF6PTA'
'ACGApts','GAMpts','GF6PTA'
'ACGK','ARGDA','EX_orn(e)'
'ACGK','ARGDA','ORNt2r'
'ACGK','ARGt2r','EX_orn(e)'
'ACGK','ARGt2r','ORNt2r'
'ACGK','ASPCT','EX_orn(e)'
'ACGK','ASPCT','ORNt2r'
'ACGK','DHORTS','EX_orn(e)'
'ACGK','DHORTS','ORNt2r'
'ACGK','EX_arg_L(e)','EX_orn(e)'
'ACGK','EX_arg_L(e)','ORNt2r'
'ACGK','EX_orn(e)','OCBT'
'ACGK','EX_orn(e)','OMPDC'
'ACGK','EX_orn(e)','OROTPT'
'ACGK','OCBT','ORNt2r'
'ACGK','OMPDC','ORNt2r'
'ACGK','ORNt2r','OROTPT'
'ACOTA','ARGDA','EX_orn(e)'
'ACOTA','ARGDA','ORNt2r'
'ACOTA','ARGt2r','EX_orn(e)'
'ACOTA','ARGt2r','ORNt2r'
'ACOTA','ASPCT','EX_orn(e)'
'ACOTA','ASPCT','ORNt2r'
'ACOTA','DHORTS','EX_orn(e)'
'ACOTA','DHORTS','ORNt2r'
'ACOTA','EX_arg_L(e)','EX_orn(e)'
'ACOTA','EX_arg_L(e)','ORNt2r'
'ACOTA','EX_orn(e)','OCBT'
'ACOTA','EX_orn(e)','OMPDC'
'ACOTA','EX_orn(e)','OROTPT'
'ACOTA','OCBT','ORNt2r'
'ACOTA','OMPDC','ORNt2r'
'ACOTA','ORNt2r','OROTPT'
'ADA','DADA','RPI'
'ADA','PUNP2','RPI'
'ADA','PUNP6','RPI'
'ADK5','NDPK3','UMPK'
'ADK7','GK1','NDPK8'
'ADK7','GK2','NDPK8'
'ADSL2r','AMPt2','EX_hxan(e)'
'ADSL2r','AMPt2','HXPRT'
'ADSL2r','AMPt2','HYXNti'
'ADSL2r','EX_amp(e)','EX_hxan(e)'
'ADSL2r','EX_amp(e)','HXPRT'
'ADSL2r','EX_amp(e)','HYXNti'
'ADSL2r','EX_for(e)','FTHFL'
'ADSL2r','FORt','FTHFL'
'AGDC','EX_gam(e)','GF6PTA'
'AGDC','GAMpts','GF6PTA'
'AGPAT180','FACOAL180','STCOATA'
'AGPR','ARGDA','EX_orn(e)'
'AGPR','ARGDA','ORNt2r'
'AGPR','ARGt2r','EX_orn(e)'
'AGPR','ARGt2r','ORNt2r'
'AGPR','ASPCT','EX_orn(e)'
'AGPR','ASPCT','ORNt2r'
'AGPR','DHORTS','EX_orn(e)'
'AGPR','DHORTS','ORNt2r'
'AGPR','EX_arg_L(e)','EX_orn(e)'
'AGPR','EX_arg_L(e)','ORNt2r'
'AGPR','EX_orn(e)','OCBT'
'AGPR','EX_orn(e)','OMPDC'
'AGPR','EX_orn(e)','OROTPT'
'AGPR','OCBT','ORNt2r'
'AGPR','OMPDC','ORNt2r'
'AGPR','ORNt2r','OROTPT'
'AICART','ALAHIS1c','EX_his_L(e)'
'AICART','ALAHIS1c','HISt2r'
'AICART','ALAHISabc','EX_his_L(e)'
'AICART','ALAHISabc','HISt2r'
'AICART','AMPt2','EX_hxan(e)'
'AICART','AMPt2','HXPRT'
'AICART','AMPt2','HYXNti'
'AICART','EX_alahis(e)','EX_his_L(e)'
'AICART','EX_alahis(e)','HISt2r'
'AICART','EX_amp(e)','EX_hxan(e)'
'AICART','EX_amp(e)','HXPRT'
'AICART','EX_amp(e)','HYXNti'
'AICART','EX_for(e)','FTHFL'
'AICART','EX_for(e)','MTHFC'
'AICART','EX_gua(e)','HXPRT'
'AICART','FORt','FTHFL'
'AICART','FORt','MTHFC'
'AIRC4','AMPt2','EX_hxan(e)'
'AIRC4','AMPt2','HXPRT'
'AIRC4','AMPt2','HYXNti'
'AIRC4','EX_amp(e)','EX_hxan(e)'
'AIRC4','EX_amp(e)','HXPRT'
'AIRC4','EX_amp(e)','HYXNti'
'AIRC4','EX_for(e)','FTHFL'
'AIRC4','FORt','FTHFL'
'ALACI','EX_val_L(e)','KARA1'
'ALACI','KARA1','VALTA'
'ALACI','KARA1','VALt2r'
'ALAHIS1c','ATPPRT','EX_his_L(e)'
'ALAHIS1c','ATPPRT','HISt2r'
'ALAHIS1c','EX_his_L(e)','HISTP'
'ALAHIS1c','EX_his_L(e)','HSTPTr'
'ALAHIS1c','EX_his_L(e)','IG3PS'
'ALAHIS1c','EX_his_L(e)','IGPDH'
'ALAHIS1c','EX_his_L(e)','IMPC'
'ALAHIS1c','EX_his_L(e)','PRAMPC'
'ALAHIS1c','EX_his_L(e)','PRATPP'
'ALAHIS1c','EX_his_L(e)','PRMICI'
'ALAHIS1c','HISTP','HISt2r'
'ALAHIS1c','HISt2r','HSTPTr'
'ALAHIS1c','HISt2r','IG3PS'
'ALAHIS1c','HISt2r','IGPDH'
'ALAHIS1c','HISt2r','IMPC'
'ALAHIS1c','HISt2r','PRAMPC'
'ALAHIS1c','HISt2r','PRATPP'
'ALAHIS1c','HISt2r','PRMICI'
'ALAHISabc','ATPPRT','EX_his_L(e)'
'ALAHISabc','ATPPRT','HISt2r'
'ALAHISabc','EX_his_L(e)','HISTP'
'ALAHISabc','EX_his_L(e)','HSTPTr'
'ALAHISabc','EX_his_L(e)','IG3PS'
'ALAHISabc','EX_his_L(e)','IGPDH'
'ALAHISabc','EX_his_L(e)','IMPC'
'ALAHISabc','EX_his_L(e)','PRAMPC'
'ALAHISabc','EX_his_L(e)','PRATPP'
'ALAHISabc','EX_his_L(e)','PRMICI'
'ALAHISabc','HISTP','HISt2r'
'ALAHISabc','HISt2r','HSTPTr'
'ALAHISabc','HISt2r','IG3PS'
'ALAHISabc','HISt2r','IGPDH'
'ALAHISabc','HISt2r','IMPC'
'ALAHISabc','HISt2r','PRAMPC'
'ALAHISabc','HISt2r','PRATPP'
'ALAHISabc','HISt2r','PRMICI'
'ALATHR1c','ASAD','EX_thr_L(e)'
'ALATHR1c','ASAD','THRt2r'
'ALATHR1c','ASPKi','EX_thr_L(e)'
'ALATHR1c','ASPKi','THRt2r'
'ALATHR1c','EX_thr_L(e)','HSK'
'ALATHR1c','EX_thr_L(e)','THRS'
'ALATHR1c','HSK','THRt2r'
'ALATHR1c','THRS','THRt2r'
'ALATHRabc','ASAD','EX_thr_L(e)'
'ALATHRabc','ASAD','THRt2r'
'ALATHRabc','ASPKi','EX_thr_L(e)'
'ALATHRabc','ASPKi','THRt2r'
'ALATHRabc','EX_thr_L(e)','HSK'
'ALATHRabc','EX_thr_L(e)','THRS'
'ALATHRabc','HSK','THRt2r'
'ALATHRabc','THRS','THRt2r'
'AMPt2','EX_hxan(e)','GLUPRT'
'AMPt2','EX_hxan(e)','H2CO3D'
'AMPt2','EX_hxan(e)','IMPC'
'AMPt2','EX_hxan(e)','PRAGS'
'AMPt2','EX_hxan(e)','PRAIS'
'AMPt2','EX_hxan(e)','PRASCSi'
'AMPt2','EX_hxan(e)','PRFGS'
'AMPt2','EX_succ(e)','FUM'
'AMPt2','FUM','SUCCt2r'
'AMPt2','GLUPRT','HXPRT'
'AMPt2','GLUPRT','HYXNti'
'AMPt2','H2CO3D','HXPRT'
'AMPt2','H2CO3D','HYXNti'
'AMPt2','HXPRT','IMPC'
'AMPt2','HXPRT','PRAGS'
'AMPt2','HXPRT','PRAIS'
'AMPt2','HXPRT','PRASCSi'
'AMPt2','HXPRT','PRFGS'
'AMPt2','HYXNti','IMPC'
'AMPt2','HYXNti','PRAGS'
'AMPt2','HYXNti','PRAIS'
'AMPt2','HYXNti','PRASCSi'
'AMPt2','HYXNti','PRFGS'
'AMPt2','PGL','RPE'
'AMPt2','PGL','TKT2'
'ANS','ANS2','EX_trp_L(e)'
'ANS','ANS2','TRPt2r'
'ARGt2r','EX_succ(e)','FUM'
'ARGt2r','FUM','SUCCt2r'
'ARGt2r','HYPSUCORNS','OCBT'
'ARGt2r','OCBT','SUCCITRDSs'
'ARGt2r','OCBT','SUCORNTC'
'ASAD','EX_alathr(e)','EX_thr_L(e)'
'ASAD','EX_alathr(e)','THRt2r'
'ASNS1','ASNt2r','EX_glyasn(e)'
'ASNS1','ASNt2r','GLYASN1c'
'ASNS1','ASNt2r','GLYASNabc'
'ASNS1','EX_asn_L(e)','EX_glyasn(e)'
'ASNS1','EX_asn_L(e)','GLYASN1c'
'ASNS1','EX_asn_L(e)','GLYASNabc'
'ASPKi','EX_alathr(e)','EX_thr_L(e)'
'ASPKi','EX_alathr(e)','THRt2r'
'ATPPRT','EX_alahis(e)','EX_his_L(e)'
'ATPPRT','EX_alahis(e)','HISt2r'
'CHORM','EX_glytyr(e)','EX_tyr_L(e)'
'CHORM','EX_glytyr(e)','TYRt2r'
'CHORM','EX_tyr_L(e)','GLYTYR1c'
'CHORM','EX_tyr_L(e)','GLYTYRabc'
'CHORM','GLYTYR1c','TYRt2r'
'CHORM','GLYTYRabc','TYRt2r'
'CHORS','EX_glytyr(e)','EX_tyr_L(e)'
'CHORS','EX_glytyr(e)','TYRt2r'
'CHORS','EX_tyr_L(e)','GLYTYR1c'
'CHORS','EX_tyr_L(e)','GLYTYRabc'
'CHORS','GLYTYR1c','TYRt2r'
'CHORS','GLYTYRabc','TYRt2r'
'CHORS','RPE','TALA'
'CTPS1','CTPS2','CYTDK3'
'CTPS1','CTPS2','CYTDt2r'
'CTPS1','CTPS2','CYTK1'
'CTPS1','CTPS2','EX_cytd(e)'
'CTPS1','CTPS2','NDPK9'
'CYTD','CYTDt2r','CYTK1'
'CYTD','CYTK1','EX_cytd(e)'
'CYTDK3','NDPK2','UTPATPT'
'CYTDt2r','NDPK2','UTPATPT'
'CYTK1','NDPK2','UTPATPT'
'DADNt2r','NTD9','RPI'
'DCTPD2','NDPK2','UTPATPT'
'DDPA','EX_glytyr(e)','EX_tyr_L(e)'
'DDPA','EX_glytyr(e)','TYRt2r'
'DDPA','EX_tyr_L(e)','GLYTYR1c'
'DDPA','EX_tyr_L(e)','GLYTYRabc'
'DDPA','GLYTYR1c','TYRt2r'
'DDPA','GLYTYRabc','TYRt2r'
'DDPA','RPE','TALA'
'DGK1','NTD9','RPI'
'DHQS','EX_glytyr(e)','EX_tyr_L(e)'
'DHQS','EX_glytyr(e)','TYRt2r'
'DHQS','EX_tyr_L(e)','GLYTYR1c'
'DHQS','EX_tyr_L(e)','GLYTYRabc'
'DHQS','GLYTYR1c','TYRt2r'
'DHQS','GLYTYRabc','TYRt2r'
'DHQS','RPE','TALA'
'DHQTi','EX_glytyr(e)','EX_tyr_L(e)'
'DHQTi','EX_glytyr(e)','TYRt2r'
'DHQTi','EX_tyr_L(e)','GLYTYR1c'
'DHQTi','EX_tyr_L(e)','GLYTYRabc'
'DHQTi','GLYTYR1c','TYRt2r'
'DHQTi','GLYTYRabc','TYRt2r'
'DHQTi','RPE','TALA'
'ENO','NDPK9','PEPCK'
'ENO','OAACLi','PEPCK'
'EX_acgam(e)','EX_gam(e)','GF6PTA'
'EX_acgam(e)','GAMpts','GF6PTA'
'EX_alahis(e)','EX_his_L(e)','HISTP'
'EX_alahis(e)','EX_his_L(e)','HSTPTr'
'EX_alahis(e)','EX_his_L(e)','IG3PS'
'EX_alahis(e)','EX_his_L(e)','IGPDH'
'EX_alahis(e)','EX_his_L(e)','IMPC'
'EX_alahis(e)','EX_his_L(e)','PRAMPC'
'EX_alahis(e)','EX_his_L(e)','PRATPP'
'EX_alahis(e)','EX_his_L(e)','PRMICI'
'EX_alahis(e)','HISTP','HISt2r'
'EX_alahis(e)','HISt2r','HSTPTr'
'EX_alahis(e)','HISt2r','IG3PS'
'EX_alahis(e)','HISt2r','IGPDH'
'EX_alahis(e)','HISt2r','IMPC'
'EX_alahis(e)','HISt2r','PRAMPC'
'EX_alahis(e)','HISt2r','PRATPP'
'EX_alahis(e)','HISt2r','PRMICI'
'EX_alathr(e)','EX_thr_L(e)','HSK'
'EX_alathr(e)','EX_thr_L(e)','THRS'
'EX_alathr(e)','HSK','THRt2r'
'EX_alathr(e)','THRS','THRt2r'
'EX_amp(e)','EX_hxan(e)','GLUPRT'
'EX_amp(e)','EX_hxan(e)','H2CO3D'
'EX_amp(e)','EX_hxan(e)','IMPC'
'EX_amp(e)','EX_hxan(e)','PRAGS'
'EX_amp(e)','EX_hxan(e)','PRAIS'
'EX_amp(e)','EX_hxan(e)','PRASCSi'
'EX_amp(e)','EX_hxan(e)','PRFGS'
'EX_amp(e)','EX_succ(e)','FUM'
'EX_amp(e)','FUM','SUCCt2r'
'EX_amp(e)','GLUPRT','HXPRT'
'EX_amp(e)','GLUPRT','HYXNti'
'EX_amp(e)','H2CO3D','HXPRT'
'EX_amp(e)','H2CO3D','HYXNti'
'EX_amp(e)','HXPRT','IMPC'
'EX_amp(e)','HXPRT','PRAGS'
'EX_amp(e)','HXPRT','PRAIS'
'EX_amp(e)','HXPRT','PRASCSi'
'EX_amp(e)','HXPRT','PRFGS'
'EX_amp(e)','HYXNti','IMPC'
'EX_amp(e)','HYXNti','PRAGS'
'EX_amp(e)','HYXNti','PRAIS'
'EX_amp(e)','HYXNti','PRASCSi'
'EX_amp(e)','HYXNti','PRFGS'
'EX_amp(e)','PGL','RPE'
'EX_amp(e)','PGL','TKT2'
'EX_arg_L(e)','EX_succ(e)','FUM'
'EX_arg_L(e)','FUM','SUCCt2r'
'EX_arg_L(e)','HYPSUCORNS','OCBT'
'EX_arg_L(e)','OCBT','SUCCITRDSs'
'EX_arg_L(e)','OCBT','SUCORNTC'
'EX_cytd(e)','NDPK2','UTPATPT'
'EX_dad_2(e)','NTD9','RPI'
'EX_fe3(e)','EX_o2(e)','FE2DH'
'EX_fe3(e)','FE2DH','FERO'
'EX_fe3(e)','FE2DH','O2t'
'EX_for(e)','FTHFL','GART'
'EX_for(e)','FTHFL','GLUPRT'
'EX_for(e)','FTHFL','H2CO3D'
'EX_for(e)','FTHFL','IMPC'
'EX_for(e)','FTHFL','PRAGS'
'EX_for(e)','FTHFL','PRAIS'
'EX_for(e)','FTHFL','PRASCSi'
'EX_for(e)','FTHFL','PRFGS'
'EX_for(e)','IMPC','MTHFC'
'EX_glyphe(e)','EX_phe_L(e)','PHETA1'
'EX_glyphe(e)','EX_phe_L(e)','PPNDH'
'EX_glyphe(e)','PHETA1','PHEt2r'
'EX_glyphe(e)','PHEt2r','PPNDH'
'EX_glypro(e)','EX_pro_L(e)','G5SADs'
'EX_glypro(e)','EX_pro_L(e)','G5SDr'
'EX_glypro(e)','EX_pro_L(e)','GLU5K'
'EX_glypro(e)','EX_pro_L(e)','P5CRyr'
'EX_glytyr(e)','EX_tyr_L(e)','LARGNAT'
'EX_glytyr(e)','EX_tyr_L(e)','PSCVT'
'EX_glytyr(e)','EX_tyr_L(e)','SHK3Dr'
'EX_glytyr(e)','EX_tyr_L(e)','SHKK'
'EX_glytyr(e)','LARGNAT','TYRt2r'
'EX_glytyr(e)','PSCVT','TYRt2r'
'EX_glytyr(e)','SHK3Dr','TYRt2r'
'EX_glytyr(e)','SHKK','TYRt2r'
'EX_gua(e)','HXPRT','IMPC'
'EX_gua(e)','PGL','RPE'
'EX_gua(e)','PGL','TKT2'
'EX_phe_L(e)','GLYPHEHYc','PHETA1'
'EX_phe_L(e)','GLYPHEHYc','PPNDH'
'EX_phe_L(e)','GLYPHEabc','PHETA1'
'EX_phe_L(e)','GLYPHEabc','PPNDH'
'EX_pro_L(e)','G5SADs','GLYPROPRO1c'
'EX_pro_L(e)','G5SADs','GLYPROabc'
'EX_pro_L(e)','G5SDr','GLYPROPRO1c'
'EX_pro_L(e)','G5SDr','GLYPROabc'
'EX_pro_L(e)','GLU5K','GLYPROPRO1c'
'EX_pro_L(e)','GLU5K','GLYPROabc'
'EX_pro_L(e)','GLYPROPRO1c','P5CRyr'
'EX_pro_L(e)','GLYPROabc','P5CRyr'
'EX_ser_L(e)','GHMT2r','PGCDr'
'EX_ser_L(e)','GHMT2r','PSERT'
'EX_ser_L(e)','GHMT2r','PSP_L'
'EX_trp_L(e)','TRPS1','TRPS2'
'EX_trp_L(e)','TRPS1','TRPS3'
'EX_tyr_L(e)','GLYTYR1c','LARGNAT'
'EX_tyr_L(e)','GLYTYR1c','PSCVT'
'EX_tyr_L(e)','GLYTYR1c','SHK3Dr'
'EX_tyr_L(e)','GLYTYR1c','SHKK'
'EX_tyr_L(e)','GLYTYRabc','LARGNAT'
'EX_tyr_L(e)','GLYTYRabc','PSCVT'
'EX_tyr_L(e)','GLYTYRabc','SHK3Dr'
'EX_tyr_L(e)','GLYTYRabc','SHKK'
'EX_val_L(e)','KARA1','KARA3'
'FORt','FTHFL','GART'
'FORt','FTHFL','GLUPRT'
'FORt','FTHFL','H2CO3D'
'FORt','FTHFL','IMPC'
'FORt','FTHFL','PRAGS'
'FORt','FTHFL','PRAIS'
'FORt','FTHFL','PRASCSi'
'FORt','FTHFL','PRFGS'
'FORt','IMPC','MTHFC'
'FTHFL','MTHFD','MTHFD2'
'GHMT2r','PGCDr','SERt2r'
'GHMT2r','PSERT','SERt2r'
'GHMT2r','PSP_L','SERt2r'
'GLYPHEHYc','PHETA1','PHEt2r'
'GLYPHEHYc','PHEt2r','PPNDH'
'GLYPHEabc','PHETA1','PHEt2r'
'GLYPHEabc','PHEt2r','PPNDH'
'GLYTYR1c','LARGNAT','TYRt2r'
'GLYTYR1c','PSCVT','TYRt2r'
'GLYTYR1c','SHK3Dr','TYRt2r'
'GLYTYR1c','SHKK','TYRt2r'
'GLYTYRabc','LARGNAT','TYRt2r'
'GLYTYRabc','PSCVT','TYRt2r'
'GLYTYRabc','SHK3Dr','TYRt2r'
'GLYTYRabc','SHKK','TYRt2r'
'GMPS2','GUAt','GUAt2'
'GMPS2','PGL','RPE'
'GMPS2','PGL','TKT2'
'GUAD','GUAPRT','IMPD'
'GUAPRT','IMPD','XPPTr'
'GUAt','GUAt2','IMPD'
'GUAt','PGL','RPE'
'GUAt','PGL','TKT2'
'HXPRT','PGL','RPE'
'HXPRT','PGL','TKT2'
'IMPD','PGL','RPE'
'IMPD','PGL','TKT2'
'KARA1','KARA3','VALTA'
'KARA1','KARA3','VALt2r'
'NDPK2','NDPK9','UTPATPT'
'NDPK9','PEPCK','PGM'
'NTD7','PGL','RPE'
'NTD7','PGL','TKT2'
'NTD8','NTD9','RPI'
'NTD9','PUNP2','RPI'
'NTD9','PUNP4','RPI'
'OAACLi','PEPCK','PGM'
'PGL','RPE','RPI'
'PGL','RPI','TKT2'
'PPM','RBK','RPI'
'PSCVT','RPE','TALA'
'RPE','SHK3Dr','TALA'
'RPE','SHKK','TALA'
'TMDK1','TMDK2','TMDS'
'TRPS1','TRPS2','TRPt2r'
'TRPS1','TRPS3','TRPt2r'
